<?xml version="1.0" encoding="UTF-8"?>
<!DOCTYPE questestinterop SYSTEM "ims_qtiasiv1p2p1.dtd">

<questestinterop>
<assessment ident="ET_052_965710462" title="ET_052">

<qtimetadata>
<qtimetadatafield>
<fieldlabel>cc_maxattempts</fieldlabel>
<fieldentry>3</fieldentry>
</qtimetadatafield>
<qtimetadatafield>
<fieldlabel>qmd_assessmenttype</fieldlabel>
<fieldentry>Assessment</fieldentry>
</qtimetadatafield>
</qtimetadata>
<objectives>
<material>
<mattext><![CDATA[Please solve the following exercises.]]></mattext>
</material>
</objectives>
<assessmentcontrol feedbackswitch="No" hintswitch="No" solutionswitch="Yes"/>
<outcomes_processing scoremodel="SumOfScores">
<outcomes>
<decvar varname="SCORE" vartype="Decimal" cutvalue="0"/>
</outcomes>
</outcomes_processing>
<assessfeedback title="AssessmentFeedback" ident="AssessmentFeedback">
<flow_mat>
<material>
<mattext>##AssessmentFeedback##</mattext>
</material>
</flow_mat>
</assessfeedback>

<section ident="ET_052_965710462_section_1" title="Exercise">

<objectives>
<material>
<mattext><![CDATA[Please answer the following question.]]></mattext>
</material>
</objectives>
<selection_ordering>
<selection>
<selection_number>1</selection_number>
<selection_extension>
<points_per_item>1</points_per_item>
</selection_extension>
</selection>
<order order_type="Random"/>
</selection_ordering>

<item ident="ET_052_965710462_section_1_item_01_schoice" title="Question" maxattempts="3">
<itemcontrol feedbackswitch="No" hintswitch="No" solutionswitch="Yes"/>
<itemmetadata>
<qtimetadata>
<qtimetadatafield>
<fieldlabel>question_type</fieldlabel>
<fieldentry>multiple_choice_question</fieldentry>
</qtimetadatafield>
</qtimetadata>
</itemmetadata>
<presentation>
<flow>
<material>
<matbreak/>
<mattext texttype="text/html" charset="utf-8"><![CDATA[
<p>Question ID: 14_110</p>
<p><img src="data/supplements1/xx.png" /></p>
]]></mattext>
<matbreak/>
</material>
<response_lid ident="ET_052_965710462_section_1_item_01_schoice_RESPONSE_5442697" rcardinality="Single" rtiming="No">
<render_choice shuffle="No">
<flow_label class="List">
<response_label ident="ET_052_965710462_section_1_item_01_schoice_1715787923" rshuffle="No">
<material>
<mattext texttype="text/html" charset="utf-8"><![CDATA[
 A
]]></mattext>
</material>
</response_label>
</flow_label>
<flow_label class="List">
<response_label ident="ET_052_965710462_section_1_item_01_schoice_1858874654" rshuffle="No">
<material>
<mattext texttype="text/html" charset="utf-8"><![CDATA[
 B
]]></mattext>
</material>
</response_label>
</flow_label>
<flow_label class="List">
<response_label ident="ET_052_965710462_section_1_item_01_schoice_3091101698" rshuffle="No">
<material>
<mattext texttype="text/html" charset="utf-8"><![CDATA[
 C
]]></mattext>
</material>
</response_label>
</flow_label>
<flow_label class="List">
<response_label ident="ET_052_965710462_section_1_item_01_schoice_7508867924" rshuffle="No">
<material>
<mattext texttype="text/html" charset="utf-8"><![CDATA[
 D
]]></mattext>
</material>
</response_label>
</flow_label>
</render_choice>
</response_lid>
</flow>
</presentation>
<resprocessing>
<outcomes>
<decvar varname="SCORE" vartype="Decimal" defaultval="0" minvalue="0" maxvalue="1" cutvalue="1"/>
</outcomes>
<respcondition title="Mastery" continue="No">
<conditionvar>
<and>
<varequal respident="ET_052_965710462_section_1_item_01_schoice_RESPONSE_5442697" case="Yes">ET_052_965710462_section_1_item_01_schoice_7508867924</varequal>
<not> <varequal respident="ET_052_965710462_section_1_item_01_schoice_RESPONSE_5442697" case="Yes">ET_052_965710462_section_1_item_01_schoice_1715787923</varequal> </not>
<not> <varequal respident="ET_052_965710462_section_1_item_01_schoice_RESPONSE_5442697" case="Yes">ET_052_965710462_section_1_item_01_schoice_1858874654</varequal> </not>
<not> <varequal respident="ET_052_965710462_section_1_item_01_schoice_RESPONSE_5442697" case="Yes">ET_052_965710462_section_1_item_01_schoice_3091101698</varequal> </not>
</and>
</conditionvar>
<setvar varname="SCORE" action="Set">1</setvar>
<displayfeedback feedbacktype="Response" linkrefid="correct_fb"/>
</respcondition>
<respcondition continue="Yes">
<conditionvar>
<other/>
</conditionvar>
<displayfeedback feedbacktype="Response" linkrefid="general_incorrect_fb"/>
</respcondition>
</resprocessing>
<itemfeedback ident="correct_fb" view="All">
<flow_mat>
<material>
<mattext texttype="text/html"><![CDATA[
<p>The correct answer is D</p>
]]></mattext>
</material>
</flow_mat>
</itemfeedback>
<itemfeedback ident="general_incorrect_fb" view="All">
<flow_mat>
<material>
<mattext texttype="text/html"><![CDATA[
<p>The correct answer is D</p>
]]></mattext>
</material>
</flow_mat>
</itemfeedback>
</item>

<item ident="ET_052_965710462_section_1_item_02_schoice" title="Question" maxattempts="3">
<itemcontrol feedbackswitch="No" hintswitch="No" solutionswitch="Yes"/>
<itemmetadata>
<qtimetadata>
<qtimetadatafield>
<fieldlabel>question_type</fieldlabel>
<fieldentry>multiple_choice_question</fieldentry>
</qtimetadatafield>
</qtimetadata>
</itemmetadata>
<presentation>
<flow>
<material>
<matbreak/>
<mattext texttype="text/html" charset="utf-8"><![CDATA[
<p>Question ID: 03_413</p>
<p><img src="data/supplements2/xx.png" /></p>
]]></mattext>
<matbreak/>
</material>
<response_lid ident="ET_052_965710462_section_1_item_02_schoice_RESPONSE_2882312" rcardinality="Single" rtiming="No">
<render_choice shuffle="No">
<flow_label class="List">
<response_label ident="ET_052_965710462_section_1_item_02_schoice_8175676306" rshuffle="No">
<material>
<mattext texttype="text/html" charset="utf-8"><![CDATA[
 A
]]></mattext>
</material>
</response_label>
</flow_label>
<flow_label class="List">
<response_label ident="ET_052_965710462_section_1_item_02_schoice_1905056739" rshuffle="No">
<material>
<mattext texttype="text/html" charset="utf-8"><![CDATA[
 B
]]></mattext>
</material>
</response_label>
</flow_label>
<flow_label class="List">
<response_label ident="ET_052_965710462_section_1_item_02_schoice_1817746779" rshuffle="No">
<material>
<mattext texttype="text/html" charset="utf-8"><![CDATA[
 C
]]></mattext>
</material>
</response_label>
</flow_label>
<flow_label class="List">
<response_label ident="ET_052_965710462_section_1_item_02_schoice_3975411921" rshuffle="No">
<material>
<mattext texttype="text/html" charset="utf-8"><![CDATA[
 D
]]></mattext>
</material>
</response_label>
</flow_label>
</render_choice>
</response_lid>
</flow>
</presentation>
<resprocessing>
<outcomes>
<decvar varname="SCORE" vartype="Decimal" defaultval="0" minvalue="0" maxvalue="1" cutvalue="1"/>
</outcomes>
<respcondition title="Mastery" continue="No">
<conditionvar>
<and>
<varequal respident="ET_052_965710462_section_1_item_02_schoice_RESPONSE_2882312" case="Yes">ET_052_965710462_section_1_item_02_schoice_3975411921</varequal>
<not> <varequal respident="ET_052_965710462_section_1_item_02_schoice_RESPONSE_2882312" case="Yes">ET_052_965710462_section_1_item_02_schoice_8175676306</varequal> </not>
<not> <varequal respident="ET_052_965710462_section_1_item_02_schoice_RESPONSE_2882312" case="Yes">ET_052_965710462_section_1_item_02_schoice_1905056739</varequal> </not>
<not> <varequal respident="ET_052_965710462_section_1_item_02_schoice_RESPONSE_2882312" case="Yes">ET_052_965710462_section_1_item_02_schoice_1817746779</varequal> </not>
</and>
</conditionvar>
<setvar varname="SCORE" action="Set">1</setvar>
<displayfeedback feedbacktype="Response" linkrefid="correct_fb"/>
</respcondition>
<respcondition continue="Yes">
<conditionvar>
<other/>
</conditionvar>
<displayfeedback feedbacktype="Response" linkrefid="general_incorrect_fb"/>
</respcondition>
</resprocessing>
<itemfeedback ident="correct_fb" view="All">
<flow_mat>
<material>
<mattext texttype="text/html"><![CDATA[
<p>The correct answer is D</p>
]]></mattext>
</material>
</flow_mat>
</itemfeedback>
<itemfeedback ident="general_incorrect_fb" view="All">
<flow_mat>
<material>
<mattext texttype="text/html"><![CDATA[
<p>The correct answer is D</p>
]]></mattext>
</material>
</flow_mat>
</itemfeedback>
</item>

<item ident="ET_052_965710462_section_1_item_03_schoice" title="Question" maxattempts="3">
<itemcontrol feedbackswitch="No" hintswitch="No" solutionswitch="Yes"/>
<itemmetadata>
<qtimetadata>
<qtimetadatafield>
<fieldlabel>question_type</fieldlabel>
<fieldentry>multiple_choice_question</fieldentry>
</qtimetadatafield>
</qtimetadata>
</itemmetadata>
<presentation>
<flow>
<material>
<matbreak/>
<mattext texttype="text/html" charset="utf-8"><![CDATA[
<p>Question ID: 06_426</p>
<p><img src="data/supplements3/xx.png" /></p>
]]></mattext>
<matbreak/>
</material>
<response_lid ident="ET_052_965710462_section_1_item_03_schoice_RESPONSE_1584699" rcardinality="Single" rtiming="No">
<render_choice shuffle="No">
<flow_label class="List">
<response_label ident="ET_052_965710462_section_1_item_03_schoice_4430055084" rshuffle="No">
<material>
<mattext texttype="text/html" charset="utf-8"><![CDATA[
 A
]]></mattext>
</material>
</response_label>
</flow_label>
<flow_label class="List">
<response_label ident="ET_052_965710462_section_1_item_03_schoice_4600491803" rshuffle="No">
<material>
<mattext texttype="text/html" charset="utf-8"><![CDATA[
 B
]]></mattext>
</material>
</response_label>
</flow_label>
<flow_label class="List">
<response_label ident="ET_052_965710462_section_1_item_03_schoice_6828953727" rshuffle="No">
<material>
<mattext texttype="text/html" charset="utf-8"><![CDATA[
 C
]]></mattext>
</material>
</response_label>
</flow_label>
<flow_label class="List">
<response_label ident="ET_052_965710462_section_1_item_03_schoice_1681329357" rshuffle="No">
<material>
<mattext texttype="text/html" charset="utf-8"><![CDATA[
 D
]]></mattext>
</material>
</response_label>
</flow_label>
</render_choice>
</response_lid>
</flow>
</presentation>
<resprocessing>
<outcomes>
<decvar varname="SCORE" vartype="Decimal" defaultval="0" minvalue="0" maxvalue="1" cutvalue="1"/>
</outcomes>
<respcondition title="Mastery" continue="No">
<conditionvar>
<and>
<varequal respident="ET_052_965710462_section_1_item_03_schoice_RESPONSE_1584699" case="Yes">ET_052_965710462_section_1_item_03_schoice_6828953727</varequal>
<not> <varequal respident="ET_052_965710462_section_1_item_03_schoice_RESPONSE_1584699" case="Yes">ET_052_965710462_section_1_item_03_schoice_4430055084</varequal> </not>
<not> <varequal respident="ET_052_965710462_section_1_item_03_schoice_RESPONSE_1584699" case="Yes">ET_052_965710462_section_1_item_03_schoice_4600491803</varequal> </not>
<not> <varequal respident="ET_052_965710462_section_1_item_03_schoice_RESPONSE_1584699" case="Yes">ET_052_965710462_section_1_item_03_schoice_1681329357</varequal> </not>
</and>
</conditionvar>
<setvar varname="SCORE" action="Set">1</setvar>
<displayfeedback feedbacktype="Response" linkrefid="correct_fb"/>
</respcondition>
<respcondition continue="Yes">
<conditionvar>
<other/>
</conditionvar>
<displayfeedback feedbacktype="Response" linkrefid="general_incorrect_fb"/>
</respcondition>
</resprocessing>
<itemfeedback ident="correct_fb" view="All">
<flow_mat>
<material>
<mattext texttype="text/html"><![CDATA[
<p>The correct answer is C</p>
]]></mattext>
</material>
</flow_mat>
</itemfeedback>
<itemfeedback ident="general_incorrect_fb" view="All">
<flow_mat>
<material>
<mattext texttype="text/html"><![CDATA[
<p>The correct answer is C</p>
]]></mattext>
</material>
</flow_mat>
</itemfeedback>
</item>

<item ident="ET_052_965710462_section_1_item_04_schoice" title="Question" maxattempts="3">
<itemcontrol feedbackswitch="No" hintswitch="No" solutionswitch="Yes"/>
<itemmetadata>
<qtimetadata>
<qtimetadatafield>
<fieldlabel>question_type</fieldlabel>
<fieldentry>multiple_choice_question</fieldentry>
</qtimetadatafield>
</qtimetadata>
</itemmetadata>
<presentation>
<flow>
<material>
<matbreak/>
<mattext texttype="text/html" charset="utf-8"><![CDATA[
<p>Question ID: 14_224</p>
<p><img src="data/supplements4/xx.png" /></p>
]]></mattext>
<matbreak/>
</material>
<response_lid ident="ET_052_965710462_section_1_item_04_schoice_RESPONSE_1059827" rcardinality="Single" rtiming="No">
<render_choice shuffle="No">
<flow_label class="List">
<response_label ident="ET_052_965710462_section_1_item_04_schoice_9762800054" rshuffle="No">
<material>
<mattext texttype="text/html" charset="utf-8"><![CDATA[
 A
]]></mattext>
</material>
</response_label>
</flow_label>
<flow_label class="List">
<response_label ident="ET_052_965710462_section_1_item_04_schoice_5911533635" rshuffle="No">
<material>
<mattext texttype="text/html" charset="utf-8"><![CDATA[
 B
]]></mattext>
</material>
</response_label>
</flow_label>
<flow_label class="List">
<response_label ident="ET_052_965710462_section_1_item_04_schoice_3517531620" rshuffle="No">
<material>
<mattext texttype="text/html" charset="utf-8"><![CDATA[
 C
]]></mattext>
</material>
</response_label>
</flow_label>
<flow_label class="List">
<response_label ident="ET_052_965710462_section_1_item_04_schoice_5781485477" rshuffle="No">
<material>
<mattext texttype="text/html" charset="utf-8"><![CDATA[
 D
]]></mattext>
</material>
</response_label>
</flow_label>
</render_choice>
</response_lid>
</flow>
</presentation>
<resprocessing>
<outcomes>
<decvar varname="SCORE" vartype="Decimal" defaultval="0" minvalue="0" maxvalue="1" cutvalue="1"/>
</outcomes>
<respcondition title="Mastery" continue="No">
<conditionvar>
<and>
<varequal respident="ET_052_965710462_section_1_item_04_schoice_RESPONSE_1059827" case="Yes">ET_052_965710462_section_1_item_04_schoice_3517531620</varequal>
<not> <varequal respident="ET_052_965710462_section_1_item_04_schoice_RESPONSE_1059827" case="Yes">ET_052_965710462_section_1_item_04_schoice_9762800054</varequal> </not>
<not> <varequal respident="ET_052_965710462_section_1_item_04_schoice_RESPONSE_1059827" case="Yes">ET_052_965710462_section_1_item_04_schoice_5911533635</varequal> </not>
<not> <varequal respident="ET_052_965710462_section_1_item_04_schoice_RESPONSE_1059827" case="Yes">ET_052_965710462_section_1_item_04_schoice_5781485477</varequal> </not>
</and>
</conditionvar>
<setvar varname="SCORE" action="Set">1</setvar>
<displayfeedback feedbacktype="Response" linkrefid="correct_fb"/>
</respcondition>
<respcondition continue="Yes">
<conditionvar>
<other/>
</conditionvar>
<displayfeedback feedbacktype="Response" linkrefid="general_incorrect_fb"/>
</respcondition>
</resprocessing>
<itemfeedback ident="correct_fb" view="All">
<flow_mat>
<material>
<mattext texttype="text/html"><![CDATA[
<p>The correct answer is C</p>
]]></mattext>
</material>
</flow_mat>
</itemfeedback>
<itemfeedback ident="general_incorrect_fb" view="All">
<flow_mat>
<material>
<mattext texttype="text/html"><![CDATA[
<p>The correct answer is C</p>
]]></mattext>
</material>
</flow_mat>
</itemfeedback>
</item>

<item ident="ET_052_965710462_section_1_item_05_num" title="Question" maxattempts="3">
<itemcontrol feedbackswitch="No" hintswitch="No" solutionswitch="Yes"/>
<itemmetadata>
<qtimetadata>
<qtimetadatafield>
<fieldlabel>question_type</fieldlabel>
<fieldentry>numerical_question</fieldentry>
</qtimetadatafield>
</qtimetadata>
</itemmetadata>
<presentation>
<flow>
<material>
<matbreak/>
<mattext texttype="text/html" charset="utf-8"><![CDATA[
<p>Question ID: 03_431</p>
<p><img src="data/supplements5/xx.png" /></p>
]]></mattext>
<matbreak/>
</material>
<response_num ident="ET_052_965710462_section_1_item_05_num_RESPONSE_6577720" rcardinality="Single" numtype="Decimal">
<render_fib fibtype="Decimal" maxchars="12">
<flow_label class="Block">
<response_label ident="ET_052_965710462_section_1_item_05_num_RESPONSE_6577720" rshuffle="No"/>
</flow_label>
</render_fib>
</response_num>
<material>
<matbreak/>
</material>
</flow>
</presentation>
<resprocessing>
<outcomes>
<decvar varname="SCORE" vartype="Decimal" defaultval="0" minvalue="0" maxvalue="1" cutvalue="1"/>
</outcomes>
<respcondition title="Mastery" continue="No">
<conditionvar>

<or>
<varequal respident="ET_052_965710462_section_1_item_05_num_RESPONSE_6577720" case="No"><![CDATA[4.5]]></varequal>
<and>
<vargte respident="ET_052_965710462_section_1_item_05_num_RESPONSE_6577720"><![CDATA[3.99999]]></vargte>
<varlte respident="ET_052_965710462_section_1_item_05_num_RESPONSE_6577720"><![CDATA[5.00001]]></varlte>
</and>
</or>
</conditionvar>
<setvar varname="SCORE" action="Set">1</setvar>
<displayfeedback feedbacktype="Response" linkrefid="correct_fb"/>
</respcondition>
<respcondition continue="Yes">
<conditionvar>
<other/>
</conditionvar>
<displayfeedback feedbacktype="Response" linkrefid="general_incorrect_fb"/>
</respcondition>
</resprocessing>
<itemfeedback ident="correct_fb" view="All">
<flow_mat>
<material>
<mattext texttype="text/html"><![CDATA[
<p>Technically, only the following are correct: 4, 5
But, you may have gotten credit for an incorrect answer if it was between 4 and5.</p>
]]></mattext>
</material>
</flow_mat>
</itemfeedback>
<itemfeedback ident="general_incorrect_fb" view="All">
<flow_mat>
<material>
<mattext texttype="text/html"><![CDATA[
<p>Technically, only the following are correct: 4, 5
But, you may have gotten credit for an incorrect answer if it was between 4 and5.</p>
]]></mattext>
</material>
</flow_mat>
</itemfeedback>
</item>

<item ident="ET_052_965710462_section_1_item_06_schoice" title="Question" maxattempts="3">
<itemcontrol feedbackswitch="No" hintswitch="No" solutionswitch="Yes"/>
<itemmetadata>
<qtimetadata>
<qtimetadatafield>
<fieldlabel>question_type</fieldlabel>
<fieldentry>multiple_choice_question</fieldentry>
</qtimetadatafield>
</qtimetadata>
</itemmetadata>
<presentation>
<flow>
<material>
<matbreak/>
<mattext texttype="text/html" charset="utf-8"><![CDATA[
<p>Question ID: 14_201</p>
<p><img src="data/supplements6/xx.png" /></p>
]]></mattext>
<matbreak/>
</material>
<response_lid ident="ET_052_965710462_section_1_item_06_schoice_RESPONSE_7516376" rcardinality="Single" rtiming="No">
<render_choice shuffle="No">
<flow_label class="List">
<response_label ident="ET_052_965710462_section_1_item_06_schoice_4888166972" rshuffle="No">
<material>
<mattext texttype="text/html" charset="utf-8"><![CDATA[
 A
]]></mattext>
</material>
</response_label>
</flow_label>
<flow_label class="List">
<response_label ident="ET_052_965710462_section_1_item_06_schoice_5940614429" rshuffle="No">
<material>
<mattext texttype="text/html" charset="utf-8"><![CDATA[
 B
]]></mattext>
</material>
</response_label>
</flow_label>
<flow_label class="List">
<response_label ident="ET_052_965710462_section_1_item_06_schoice_1496483708" rshuffle="No">
<material>
<mattext texttype="text/html" charset="utf-8"><![CDATA[
 C
]]></mattext>
</material>
</response_label>
</flow_label>
<flow_label class="List">
<response_label ident="ET_052_965710462_section_1_item_06_schoice_5363785329" rshuffle="No">
<material>
<mattext texttype="text/html" charset="utf-8"><![CDATA[
 D
]]></mattext>
</material>
</response_label>
</flow_label>
</render_choice>
</response_lid>
</flow>
</presentation>
<resprocessing>
<outcomes>
<decvar varname="SCORE" vartype="Decimal" defaultval="0" minvalue="0" maxvalue="1" cutvalue="1"/>
</outcomes>
<respcondition title="Mastery" continue="No">
<conditionvar>
<and>
<varequal respident="ET_052_965710462_section_1_item_06_schoice_RESPONSE_7516376" case="Yes">ET_052_965710462_section_1_item_06_schoice_5940614429</varequal>
<not> <varequal respident="ET_052_965710462_section_1_item_06_schoice_RESPONSE_7516376" case="Yes">ET_052_965710462_section_1_item_06_schoice_4888166972</varequal> </not>
<not> <varequal respident="ET_052_965710462_section_1_item_06_schoice_RESPONSE_7516376" case="Yes">ET_052_965710462_section_1_item_06_schoice_1496483708</varequal> </not>
<not> <varequal respident="ET_052_965710462_section_1_item_06_schoice_RESPONSE_7516376" case="Yes">ET_052_965710462_section_1_item_06_schoice_5363785329</varequal> </not>
</and>
</conditionvar>
<setvar varname="SCORE" action="Set">1</setvar>
<displayfeedback feedbacktype="Response" linkrefid="correct_fb"/>
</respcondition>
<respcondition continue="Yes">
<conditionvar>
<other/>
</conditionvar>
<displayfeedback feedbacktype="Response" linkrefid="general_incorrect_fb"/>
</respcondition>
</resprocessing>
<itemfeedback ident="correct_fb" view="All">
<flow_mat>
<material>
<mattext texttype="text/html"><![CDATA[
<p>The correct answer is B</p>
]]></mattext>
</material>
</flow_mat>
</itemfeedback>
<itemfeedback ident="general_incorrect_fb" view="All">
<flow_mat>
<material>
<mattext texttype="text/html"><![CDATA[
<p>The correct answer is B</p>
]]></mattext>
</material>
</flow_mat>
</itemfeedback>
</item>

<item ident="ET_052_965710462_section_1_item_07_schoice" title="Question" maxattempts="3">
<itemcontrol feedbackswitch="No" hintswitch="No" solutionswitch="Yes"/>
<itemmetadata>
<qtimetadata>
<qtimetadatafield>
<fieldlabel>question_type</fieldlabel>
<fieldentry>multiple_choice_question</fieldentry>
</qtimetadatafield>
</qtimetadata>
</itemmetadata>
<presentation>
<flow>
<material>
<matbreak/>
<mattext texttype="text/html" charset="utf-8"><![CDATA[
<p>Question ID: 02_314</p>
<p><img src="data/supplements7/xx.png" /></p>
]]></mattext>
<matbreak/>
</material>
<response_lid ident="ET_052_965710462_section_1_item_07_schoice_RESPONSE_1495084" rcardinality="Single" rtiming="No">
<render_choice shuffle="No">
<flow_label class="List">
<response_label ident="ET_052_965710462_section_1_item_07_schoice_3716059755" rshuffle="No">
<material>
<mattext texttype="text/html" charset="utf-8"><![CDATA[
 A
]]></mattext>
</material>
</response_label>
</flow_label>
<flow_label class="List">
<response_label ident="ET_052_965710462_section_1_item_07_schoice_1897800757" rshuffle="No">
<material>
<mattext texttype="text/html" charset="utf-8"><![CDATA[
 B
]]></mattext>
</material>
</response_label>
</flow_label>
<flow_label class="List">
<response_label ident="ET_052_965710462_section_1_item_07_schoice_2789904998" rshuffle="No">
<material>
<mattext texttype="text/html" charset="utf-8"><![CDATA[
 C
]]></mattext>
</material>
</response_label>
</flow_label>
<flow_label class="List">
<response_label ident="ET_052_965710462_section_1_item_07_schoice_1416021961" rshuffle="No">
<material>
<mattext texttype="text/html" charset="utf-8"><![CDATA[
 D
]]></mattext>
</material>
</response_label>
</flow_label>
</render_choice>
</response_lid>
</flow>
</presentation>
<resprocessing>
<outcomes>
<decvar varname="SCORE" vartype="Decimal" defaultval="0" minvalue="0" maxvalue="1" cutvalue="1"/>
</outcomes>
<respcondition title="Mastery" continue="No">
<conditionvar>
<and>
<varequal respident="ET_052_965710462_section_1_item_07_schoice_RESPONSE_1495084" case="Yes">ET_052_965710462_section_1_item_07_schoice_3716059755</varequal>
<not> <varequal respident="ET_052_965710462_section_1_item_07_schoice_RESPONSE_1495084" case="Yes">ET_052_965710462_section_1_item_07_schoice_1897800757</varequal> </not>
<not> <varequal respident="ET_052_965710462_section_1_item_07_schoice_RESPONSE_1495084" case="Yes">ET_052_965710462_section_1_item_07_schoice_2789904998</varequal> </not>
<not> <varequal respident="ET_052_965710462_section_1_item_07_schoice_RESPONSE_1495084" case="Yes">ET_052_965710462_section_1_item_07_schoice_1416021961</varequal> </not>
</and>
</conditionvar>
<setvar varname="SCORE" action="Set">1</setvar>
<displayfeedback feedbacktype="Response" linkrefid="correct_fb"/>
</respcondition>
<respcondition continue="Yes">
<conditionvar>
<other/>
</conditionvar>
<displayfeedback feedbacktype="Response" linkrefid="general_incorrect_fb"/>
</respcondition>
</resprocessing>
<itemfeedback ident="correct_fb" view="All">
<flow_mat>
<material>
<mattext texttype="text/html"><![CDATA[
<p>The correct answer is A</p>
]]></mattext>
</material>
</flow_mat>
</itemfeedback>
<itemfeedback ident="general_incorrect_fb" view="All">
<flow_mat>
<material>
<mattext texttype="text/html"><![CDATA[
<p>The correct answer is A</p>
]]></mattext>
</material>
</flow_mat>
</itemfeedback>
</item>

<item ident="ET_052_965710462_section_1_item_08_schoice" title="Question" maxattempts="3">
<itemcontrol feedbackswitch="No" hintswitch="No" solutionswitch="Yes"/>
<itemmetadata>
<qtimetadata>
<qtimetadatafield>
<fieldlabel>question_type</fieldlabel>
<fieldentry>multiple_choice_question</fieldentry>
</qtimetadatafield>
</qtimetadata>
</itemmetadata>
<presentation>
<flow>
<material>
<matbreak/>
<mattext texttype="text/html" charset="utf-8"><![CDATA[
<p>Question ID: 07_315</p>
<p><img src="data/supplements8/xx.png" /></p>
]]></mattext>
<matbreak/>
</material>
<response_lid ident="ET_052_965710462_section_1_item_08_schoice_RESPONSE_7909266" rcardinality="Single" rtiming="No">
<render_choice shuffle="No">
<flow_label class="List">
<response_label ident="ET_052_965710462_section_1_item_08_schoice_1235026070" rshuffle="No">
<material>
<mattext texttype="text/html" charset="utf-8"><![CDATA[
 A
]]></mattext>
</material>
</response_label>
</flow_label>
<flow_label class="List">
<response_label ident="ET_052_965710462_section_1_item_08_schoice_4562971630" rshuffle="No">
<material>
<mattext texttype="text/html" charset="utf-8"><![CDATA[
 B
]]></mattext>
</material>
</response_label>
</flow_label>
<flow_label class="List">
<response_label ident="ET_052_965710462_section_1_item_08_schoice_5419474099" rshuffle="No">
<material>
<mattext texttype="text/html" charset="utf-8"><![CDATA[
 C
]]></mattext>
</material>
</response_label>
</flow_label>
<flow_label class="List">
<response_label ident="ET_052_965710462_section_1_item_08_schoice_1616726809" rshuffle="No">
<material>
<mattext texttype="text/html" charset="utf-8"><![CDATA[
 D
]]></mattext>
</material>
</response_label>
</flow_label>
</render_choice>
</response_lid>
</flow>
</presentation>
<resprocessing>
<outcomes>
<decvar varname="SCORE" vartype="Decimal" defaultval="0" minvalue="0" maxvalue="1" cutvalue="1"/>
</outcomes>
<respcondition title="Mastery" continue="No">
<conditionvar>
<and>
<varequal respident="ET_052_965710462_section_1_item_08_schoice_RESPONSE_7909266" case="Yes">ET_052_965710462_section_1_item_08_schoice_1616726809</varequal>
<not> <varequal respident="ET_052_965710462_section_1_item_08_schoice_RESPONSE_7909266" case="Yes">ET_052_965710462_section_1_item_08_schoice_1235026070</varequal> </not>
<not> <varequal respident="ET_052_965710462_section_1_item_08_schoice_RESPONSE_7909266" case="Yes">ET_052_965710462_section_1_item_08_schoice_4562971630</varequal> </not>
<not> <varequal respident="ET_052_965710462_section_1_item_08_schoice_RESPONSE_7909266" case="Yes">ET_052_965710462_section_1_item_08_schoice_5419474099</varequal> </not>
</and>
</conditionvar>
<setvar varname="SCORE" action="Set">1</setvar>
<displayfeedback feedbacktype="Response" linkrefid="correct_fb"/>
</respcondition>
<respcondition continue="Yes">
<conditionvar>
<other/>
</conditionvar>
<displayfeedback feedbacktype="Response" linkrefid="general_incorrect_fb"/>
</respcondition>
</resprocessing>
<itemfeedback ident="correct_fb" view="All">
<flow_mat>
<material>
<mattext texttype="text/html"><![CDATA[
<p>The correct answer is D</p>
]]></mattext>
</material>
</flow_mat>
</itemfeedback>
<itemfeedback ident="general_incorrect_fb" view="All">
<flow_mat>
<material>
<mattext texttype="text/html"><![CDATA[
<p>The correct answer is D</p>
]]></mattext>
</material>
</flow_mat>
</itemfeedback>
</item>

<item ident="ET_052_965710462_section_1_item_09_schoice" title="Question" maxattempts="3">
<itemcontrol feedbackswitch="No" hintswitch="No" solutionswitch="Yes"/>
<itemmetadata>
<qtimetadata>
<qtimetadatafield>
<fieldlabel>question_type</fieldlabel>
<fieldentry>multiple_choice_question</fieldentry>
</qtimetadatafield>
</qtimetadata>
</itemmetadata>
<presentation>
<flow>
<material>
<matbreak/>
<mattext texttype="text/html" charset="utf-8"><![CDATA[
<p>Question ID: 05_423</p>
<p><img src="data/supplements9/xx.png" /></p>
]]></mattext>
<matbreak/>
</material>
<response_lid ident="ET_052_965710462_section_1_item_09_schoice_RESPONSE_6892638" rcardinality="Single" rtiming="No">
<render_choice shuffle="No">
<flow_label class="List">
<response_label ident="ET_052_965710462_section_1_item_09_schoice_4775572422" rshuffle="No">
<material>
<mattext texttype="text/html" charset="utf-8"><![CDATA[
 A
]]></mattext>
</material>
</response_label>
</flow_label>
<flow_label class="List">
<response_label ident="ET_052_965710462_section_1_item_09_schoice_8806238808" rshuffle="No">
<material>
<mattext texttype="text/html" charset="utf-8"><![CDATA[
 B
]]></mattext>
</material>
</response_label>
</flow_label>
<flow_label class="List">
<response_label ident="ET_052_965710462_section_1_item_09_schoice_5490829069" rshuffle="No">
<material>
<mattext texttype="text/html" charset="utf-8"><![CDATA[
 C
]]></mattext>
</material>
</response_label>
</flow_label>
<flow_label class="List">
<response_label ident="ET_052_965710462_section_1_item_09_schoice_9501774401" rshuffle="No">
<material>
<mattext texttype="text/html" charset="utf-8"><![CDATA[
 D
]]></mattext>
</material>
</response_label>
</flow_label>
</render_choice>
</response_lid>
</flow>
</presentation>
<resprocessing>
<outcomes>
<decvar varname="SCORE" vartype="Decimal" defaultval="0" minvalue="0" maxvalue="1" cutvalue="1"/>
</outcomes>
<respcondition title="Mastery" continue="No">
<conditionvar>
<and>
<varequal respident="ET_052_965710462_section_1_item_09_schoice_RESPONSE_6892638" case="Yes">ET_052_965710462_section_1_item_09_schoice_9501774401</varequal>
<not> <varequal respident="ET_052_965710462_section_1_item_09_schoice_RESPONSE_6892638" case="Yes">ET_052_965710462_section_1_item_09_schoice_4775572422</varequal> </not>
<not> <varequal respident="ET_052_965710462_section_1_item_09_schoice_RESPONSE_6892638" case="Yes">ET_052_965710462_section_1_item_09_schoice_8806238808</varequal> </not>
<not> <varequal respident="ET_052_965710462_section_1_item_09_schoice_RESPONSE_6892638" case="Yes">ET_052_965710462_section_1_item_09_schoice_5490829069</varequal> </not>
</and>
</conditionvar>
<setvar varname="SCORE" action="Set">1</setvar>
<displayfeedback feedbacktype="Response" linkrefid="correct_fb"/>
</respcondition>
<respcondition continue="Yes">
<conditionvar>
<other/>
</conditionvar>
<displayfeedback feedbacktype="Response" linkrefid="general_incorrect_fb"/>
</respcondition>
</resprocessing>
<itemfeedback ident="correct_fb" view="All">
<flow_mat>
<material>
<mattext texttype="text/html"><![CDATA[
<p>The correct answer is D</p>
]]></mattext>
</material>
</flow_mat>
</itemfeedback>
<itemfeedback ident="general_incorrect_fb" view="All">
<flow_mat>
<material>
<mattext texttype="text/html"><![CDATA[
<p>The correct answer is D</p>
]]></mattext>
</material>
</flow_mat>
</itemfeedback>
</item>

<item ident="ET_052_965710462_section_1_item_10_schoice" title="Question" maxattempts="3">
<itemcontrol feedbackswitch="No" hintswitch="No" solutionswitch="Yes"/>
<itemmetadata>
<qtimetadata>
<qtimetadatafield>
<fieldlabel>question_type</fieldlabel>
<fieldentry>multiple_choice_question</fieldentry>
</qtimetadatafield>
</qtimetadata>
</itemmetadata>
<presentation>
<flow>
<material>
<matbreak/>
<mattext texttype="text/html" charset="utf-8"><![CDATA[
<p>Question ID: 02_409</p>
<p><img src="data/supplements10/xx.png" /></p>
]]></mattext>
<matbreak/>
</material>
<response_lid ident="ET_052_965710462_section_1_item_10_schoice_RESPONSE_5898191" rcardinality="Single" rtiming="No">
<render_choice shuffle="No">
<flow_label class="List">
<response_label ident="ET_052_965710462_section_1_item_10_schoice_7962367725" rshuffle="No">
<material>
<mattext texttype="text/html" charset="utf-8"><![CDATA[
 A
]]></mattext>
</material>
</response_label>
</flow_label>
<flow_label class="List">
<response_label ident="ET_052_965710462_section_1_item_10_schoice_9290477597" rshuffle="No">
<material>
<mattext texttype="text/html" charset="utf-8"><![CDATA[
 B
]]></mattext>
</material>
</response_label>
</flow_label>
<flow_label class="List">
<response_label ident="ET_052_965710462_section_1_item_10_schoice_5411670768" rshuffle="No">
<material>
<mattext texttype="text/html" charset="utf-8"><![CDATA[
 C
]]></mattext>
</material>
</response_label>
</flow_label>
<flow_label class="List">
<response_label ident="ET_052_965710462_section_1_item_10_schoice_7112874693" rshuffle="No">
<material>
<mattext texttype="text/html" charset="utf-8"><![CDATA[
 D
]]></mattext>
</material>
</response_label>
</flow_label>
</render_choice>
</response_lid>
</flow>
</presentation>
<resprocessing>
<outcomes>
<decvar varname="SCORE" vartype="Decimal" defaultval="0" minvalue="0" maxvalue="1" cutvalue="1"/>
</outcomes>
<respcondition title="Mastery" continue="No">
<conditionvar>
<and>
<varequal respident="ET_052_965710462_section_1_item_10_schoice_RESPONSE_5898191" case="Yes">ET_052_965710462_section_1_item_10_schoice_7962367725</varequal>
<not> <varequal respident="ET_052_965710462_section_1_item_10_schoice_RESPONSE_5898191" case="Yes">ET_052_965710462_section_1_item_10_schoice_9290477597</varequal> </not>
<not> <varequal respident="ET_052_965710462_section_1_item_10_schoice_RESPONSE_5898191" case="Yes">ET_052_965710462_section_1_item_10_schoice_5411670768</varequal> </not>
<not> <varequal respident="ET_052_965710462_section_1_item_10_schoice_RESPONSE_5898191" case="Yes">ET_052_965710462_section_1_item_10_schoice_7112874693</varequal> </not>
</and>
</conditionvar>
<setvar varname="SCORE" action="Set">1</setvar>
<displayfeedback feedbacktype="Response" linkrefid="correct_fb"/>
</respcondition>
<respcondition continue="Yes">
<conditionvar>
<other/>
</conditionvar>
<displayfeedback feedbacktype="Response" linkrefid="general_incorrect_fb"/>
</respcondition>
</resprocessing>
<itemfeedback ident="correct_fb" view="All">
<flow_mat>
<material>
<mattext texttype="text/html"><![CDATA[
<p>The correct answer is A</p>
]]></mattext>
</material>
</flow_mat>
</itemfeedback>
<itemfeedback ident="general_incorrect_fb" view="All">
<flow_mat>
<material>
<mattext texttype="text/html"><![CDATA[
<p>The correct answer is A</p>
]]></mattext>
</material>
</flow_mat>
</itemfeedback>
</item>

<item ident="ET_052_965710462_section_1_item_11_schoice" title="Question" maxattempts="3">
<itemcontrol feedbackswitch="No" hintswitch="No" solutionswitch="Yes"/>
<itemmetadata>
<qtimetadata>
<qtimetadatafield>
<fieldlabel>question_type</fieldlabel>
<fieldentry>multiple_choice_question</fieldentry>
</qtimetadatafield>
</qtimetadata>
</itemmetadata>
<presentation>
<flow>
<material>
<matbreak/>
<mattext texttype="text/html" charset="utf-8"><![CDATA[
<p>Question ID: 02_309</p>
<p><img src="data/supplements11/xx.png" /></p>
]]></mattext>
<matbreak/>
</material>
<response_lid ident="ET_052_965710462_section_1_item_11_schoice_RESPONSE_6181904" rcardinality="Single" rtiming="No">
<render_choice shuffle="No">
<flow_label class="List">
<response_label ident="ET_052_965710462_section_1_item_11_schoice_7713254723" rshuffle="No">
<material>
<mattext texttype="text/html" charset="utf-8"><![CDATA[
 A
]]></mattext>
</material>
</response_label>
</flow_label>
<flow_label class="List">
<response_label ident="ET_052_965710462_section_1_item_11_schoice_4520766440" rshuffle="No">
<material>
<mattext texttype="text/html" charset="utf-8"><![CDATA[
 B
]]></mattext>
</material>
</response_label>
</flow_label>
<flow_label class="List">
<response_label ident="ET_052_965710462_section_1_item_11_schoice_8989365256" rshuffle="No">
<material>
<mattext texttype="text/html" charset="utf-8"><![CDATA[
 C
]]></mattext>
</material>
</response_label>
</flow_label>
<flow_label class="List">
<response_label ident="ET_052_965710462_section_1_item_11_schoice_7915332596" rshuffle="No">
<material>
<mattext texttype="text/html" charset="utf-8"><![CDATA[
 D
]]></mattext>
</material>
</response_label>
</flow_label>
</render_choice>
</response_lid>
</flow>
</presentation>
<resprocessing>
<outcomes>
<decvar varname="SCORE" vartype="Decimal" defaultval="0" minvalue="0" maxvalue="1" cutvalue="1"/>
</outcomes>
<respcondition title="Mastery" continue="No">
<conditionvar>
<and>
<varequal respident="ET_052_965710462_section_1_item_11_schoice_RESPONSE_6181904" case="Yes">ET_052_965710462_section_1_item_11_schoice_4520766440</varequal>
<not> <varequal respident="ET_052_965710462_section_1_item_11_schoice_RESPONSE_6181904" case="Yes">ET_052_965710462_section_1_item_11_schoice_7713254723</varequal> </not>
<not> <varequal respident="ET_052_965710462_section_1_item_11_schoice_RESPONSE_6181904" case="Yes">ET_052_965710462_section_1_item_11_schoice_8989365256</varequal> </not>
<not> <varequal respident="ET_052_965710462_section_1_item_11_schoice_RESPONSE_6181904" case="Yes">ET_052_965710462_section_1_item_11_schoice_7915332596</varequal> </not>
</and>
</conditionvar>
<setvar varname="SCORE" action="Set">1</setvar>
<displayfeedback feedbacktype="Response" linkrefid="correct_fb"/>
</respcondition>
<respcondition continue="Yes">
<conditionvar>
<other/>
</conditionvar>
<displayfeedback feedbacktype="Response" linkrefid="general_incorrect_fb"/>
</respcondition>
</resprocessing>
<itemfeedback ident="correct_fb" view="All">
<flow_mat>
<material>
<mattext texttype="text/html"><![CDATA[
<p>The correct answer is B</p>
]]></mattext>
</material>
</flow_mat>
</itemfeedback>
<itemfeedback ident="general_incorrect_fb" view="All">
<flow_mat>
<material>
<mattext texttype="text/html"><![CDATA[
<p>The correct answer is B</p>
]]></mattext>
</material>
</flow_mat>
</itemfeedback>
</item>

<item ident="ET_052_965710462_section_1_item_12_schoice" title="Question" maxattempts="3">
<itemcontrol feedbackswitch="No" hintswitch="No" solutionswitch="Yes"/>
<itemmetadata>
<qtimetadata>
<qtimetadatafield>
<fieldlabel>question_type</fieldlabel>
<fieldentry>multiple_choice_question</fieldentry>
</qtimetadatafield>
</qtimetadata>
</itemmetadata>
<presentation>
<flow>
<material>
<matbreak/>
<mattext texttype="text/html" charset="utf-8"><![CDATA[
<p>Question ID: 11_226</p>
<p><img src="data/supplements12/xx.png" /></p>
]]></mattext>
<matbreak/>
</material>
<response_lid ident="ET_052_965710462_section_1_item_12_schoice_RESPONSE_7502010" rcardinality="Single" rtiming="No">
<render_choice shuffle="No">
<flow_label class="List">
<response_label ident="ET_052_965710462_section_1_item_12_schoice_6833591772" rshuffle="No">
<material>
<mattext texttype="text/html" charset="utf-8"><![CDATA[
 A
]]></mattext>
</material>
</response_label>
</flow_label>
<flow_label class="List">
<response_label ident="ET_052_965710462_section_1_item_12_schoice_4283855753" rshuffle="No">
<material>
<mattext texttype="text/html" charset="utf-8"><![CDATA[
 B
]]></mattext>
</material>
</response_label>
</flow_label>
<flow_label class="List">
<response_label ident="ET_052_965710462_section_1_item_12_schoice_1685975510" rshuffle="No">
<material>
<mattext texttype="text/html" charset="utf-8"><![CDATA[
 C
]]></mattext>
</material>
</response_label>
</flow_label>
<flow_label class="List">
<response_label ident="ET_052_965710462_section_1_item_12_schoice_8603675556" rshuffle="No">
<material>
<mattext texttype="text/html" charset="utf-8"><![CDATA[
 D
]]></mattext>
</material>
</response_label>
</flow_label>
</render_choice>
</response_lid>
</flow>
</presentation>
<resprocessing>
<outcomes>
<decvar varname="SCORE" vartype="Decimal" defaultval="0" minvalue="0" maxvalue="1" cutvalue="1"/>
</outcomes>
<respcondition title="Mastery" continue="No">
<conditionvar>
<and>
<varequal respident="ET_052_965710462_section_1_item_12_schoice_RESPONSE_7502010" case="Yes">ET_052_965710462_section_1_item_12_schoice_4283855753</varequal>
<not> <varequal respident="ET_052_965710462_section_1_item_12_schoice_RESPONSE_7502010" case="Yes">ET_052_965710462_section_1_item_12_schoice_6833591772</varequal> </not>
<not> <varequal respident="ET_052_965710462_section_1_item_12_schoice_RESPONSE_7502010" case="Yes">ET_052_965710462_section_1_item_12_schoice_1685975510</varequal> </not>
<not> <varequal respident="ET_052_965710462_section_1_item_12_schoice_RESPONSE_7502010" case="Yes">ET_052_965710462_section_1_item_12_schoice_8603675556</varequal> </not>
</and>
</conditionvar>
<setvar varname="SCORE" action="Set">1</setvar>
<displayfeedback feedbacktype="Response" linkrefid="correct_fb"/>
</respcondition>
<respcondition continue="Yes">
<conditionvar>
<other/>
</conditionvar>
<displayfeedback feedbacktype="Response" linkrefid="general_incorrect_fb"/>
</respcondition>
</resprocessing>
<itemfeedback ident="correct_fb" view="All">
<flow_mat>
<material>
<mattext texttype="text/html"><![CDATA[
<p>The correct answer is B</p>
]]></mattext>
</material>
</flow_mat>
</itemfeedback>
<itemfeedback ident="general_incorrect_fb" view="All">
<flow_mat>
<material>
<mattext texttype="text/html"><![CDATA[
<p>The correct answer is B</p>
]]></mattext>
</material>
</flow_mat>
</itemfeedback>
</item>

<item ident="ET_052_965710462_section_1_item_13_schoice" title="Question" maxattempts="3">
<itemcontrol feedbackswitch="No" hintswitch="No" solutionswitch="Yes"/>
<itemmetadata>
<qtimetadata>
<qtimetadatafield>
<fieldlabel>question_type</fieldlabel>
<fieldentry>multiple_choice_question</fieldentry>
</qtimetadatafield>
</qtimetadata>
</itemmetadata>
<presentation>
<flow>
<material>
<matbreak/>
<mattext texttype="text/html" charset="utf-8"><![CDATA[
<p>Question ID: 07_404</p>
<p><img src="data/supplements13/xx.png" /></p>
]]></mattext>
<matbreak/>
</material>
<response_lid ident="ET_052_965710462_section_1_item_13_schoice_RESPONSE_2956033" rcardinality="Single" rtiming="No">
<render_choice shuffle="No">
<flow_label class="List">
<response_label ident="ET_052_965710462_section_1_item_13_schoice_1798477602" rshuffle="No">
<material>
<mattext texttype="text/html" charset="utf-8"><![CDATA[
 A
]]></mattext>
</material>
</response_label>
</flow_label>
<flow_label class="List">
<response_label ident="ET_052_965710462_section_1_item_13_schoice_1412179294" rshuffle="No">
<material>
<mattext texttype="text/html" charset="utf-8"><![CDATA[
 B
]]></mattext>
</material>
</response_label>
</flow_label>
<flow_label class="List">
<response_label ident="ET_052_965710462_section_1_item_13_schoice_8898404840" rshuffle="No">
<material>
<mattext texttype="text/html" charset="utf-8"><![CDATA[
 C
]]></mattext>
</material>
</response_label>
</flow_label>
<flow_label class="List">
<response_label ident="ET_052_965710462_section_1_item_13_schoice_3755197236" rshuffle="No">
<material>
<mattext texttype="text/html" charset="utf-8"><![CDATA[
 D
]]></mattext>
</material>
</response_label>
</flow_label>
</render_choice>
</response_lid>
</flow>
</presentation>
<resprocessing>
<outcomes>
<decvar varname="SCORE" vartype="Decimal" defaultval="0" minvalue="0" maxvalue="1" cutvalue="1"/>
</outcomes>
<respcondition title="Mastery" continue="No">
<conditionvar>
<and>
<varequal respident="ET_052_965710462_section_1_item_13_schoice_RESPONSE_2956033" case="Yes">ET_052_965710462_section_1_item_13_schoice_3755197236</varequal>
<not> <varequal respident="ET_052_965710462_section_1_item_13_schoice_RESPONSE_2956033" case="Yes">ET_052_965710462_section_1_item_13_schoice_1798477602</varequal> </not>
<not> <varequal respident="ET_052_965710462_section_1_item_13_schoice_RESPONSE_2956033" case="Yes">ET_052_965710462_section_1_item_13_schoice_1412179294</varequal> </not>
<not> <varequal respident="ET_052_965710462_section_1_item_13_schoice_RESPONSE_2956033" case="Yes">ET_052_965710462_section_1_item_13_schoice_8898404840</varequal> </not>
</and>
</conditionvar>
<setvar varname="SCORE" action="Set">1</setvar>
<displayfeedback feedbacktype="Response" linkrefid="correct_fb"/>
</respcondition>
<respcondition continue="Yes">
<conditionvar>
<other/>
</conditionvar>
<displayfeedback feedbacktype="Response" linkrefid="general_incorrect_fb"/>
</respcondition>
</resprocessing>
<itemfeedback ident="correct_fb" view="All">
<flow_mat>
<material>
<mattext texttype="text/html"><![CDATA[
<p>The correct answer is D</p>
]]></mattext>
</material>
</flow_mat>
</itemfeedback>
<itemfeedback ident="general_incorrect_fb" view="All">
<flow_mat>
<material>
<mattext texttype="text/html"><![CDATA[
<p>The correct answer is D</p>
]]></mattext>
</material>
</flow_mat>
</itemfeedback>
</item>

<item ident="ET_052_965710462_section_1_item_14_schoice" title="Question" maxattempts="3">
<itemcontrol feedbackswitch="No" hintswitch="No" solutionswitch="Yes"/>
<itemmetadata>
<qtimetadata>
<qtimetadatafield>
<fieldlabel>question_type</fieldlabel>
<fieldentry>multiple_choice_question</fieldentry>
</qtimetadatafield>
</qtimetadata>
</itemmetadata>
<presentation>
<flow>
<material>
<matbreak/>
<mattext texttype="text/html" charset="utf-8"><![CDATA[
<p>Question ID: 03_307</p>
<p><img src="data/supplements14/xx.png" /></p>
]]></mattext>
<matbreak/>
</material>
<response_lid ident="ET_052_965710462_section_1_item_14_schoice_RESPONSE_7333415" rcardinality="Single" rtiming="No">
<render_choice shuffle="No">
<flow_label class="List">
<response_label ident="ET_052_965710462_section_1_item_14_schoice_9646322073" rshuffle="No">
<material>
<mattext texttype="text/html" charset="utf-8"><![CDATA[
 A
]]></mattext>
</material>
</response_label>
</flow_label>
<flow_label class="List">
<response_label ident="ET_052_965710462_section_1_item_14_schoice_3964655861" rshuffle="No">
<material>
<mattext texttype="text/html" charset="utf-8"><![CDATA[
 B
]]></mattext>
</material>
</response_label>
</flow_label>
<flow_label class="List">
<response_label ident="ET_052_965710462_section_1_item_14_schoice_8722149915" rshuffle="No">
<material>
<mattext texttype="text/html" charset="utf-8"><![CDATA[
 C
]]></mattext>
</material>
</response_label>
</flow_label>
<flow_label class="List">
<response_label ident="ET_052_965710462_section_1_item_14_schoice_9113703720" rshuffle="No">
<material>
<mattext texttype="text/html" charset="utf-8"><![CDATA[
 D
]]></mattext>
</material>
</response_label>
</flow_label>
</render_choice>
</response_lid>
</flow>
</presentation>
<resprocessing>
<outcomes>
<decvar varname="SCORE" vartype="Decimal" defaultval="0" minvalue="0" maxvalue="1" cutvalue="1"/>
</outcomes>
<respcondition title="Mastery" continue="No">
<conditionvar>
<and>
<varequal respident="ET_052_965710462_section_1_item_14_schoice_RESPONSE_7333415" case="Yes">ET_052_965710462_section_1_item_14_schoice_8722149915</varequal>
<not> <varequal respident="ET_052_965710462_section_1_item_14_schoice_RESPONSE_7333415" case="Yes">ET_052_965710462_section_1_item_14_schoice_9646322073</varequal> </not>
<not> <varequal respident="ET_052_965710462_section_1_item_14_schoice_RESPONSE_7333415" case="Yes">ET_052_965710462_section_1_item_14_schoice_3964655861</varequal> </not>
<not> <varequal respident="ET_052_965710462_section_1_item_14_schoice_RESPONSE_7333415" case="Yes">ET_052_965710462_section_1_item_14_schoice_9113703720</varequal> </not>
</and>
</conditionvar>
<setvar varname="SCORE" action="Set">1</setvar>
<displayfeedback feedbacktype="Response" linkrefid="correct_fb"/>
</respcondition>
<respcondition continue="Yes">
<conditionvar>
<other/>
</conditionvar>
<displayfeedback feedbacktype="Response" linkrefid="general_incorrect_fb"/>
</respcondition>
</resprocessing>
<itemfeedback ident="correct_fb" view="All">
<flow_mat>
<material>
<mattext texttype="text/html"><![CDATA[
<p>The correct answer is C</p>
]]></mattext>
</material>
</flow_mat>
</itemfeedback>
<itemfeedback ident="general_incorrect_fb" view="All">
<flow_mat>
<material>
<mattext texttype="text/html"><![CDATA[
<p>The correct answer is C</p>
]]></mattext>
</material>
</flow_mat>
</itemfeedback>
</item>

<item ident="ET_052_965710462_section_1_item_15_schoice" title="Question" maxattempts="3">
<itemcontrol feedbackswitch="No" hintswitch="No" solutionswitch="Yes"/>
<itemmetadata>
<qtimetadata>
<qtimetadatafield>
<fieldlabel>question_type</fieldlabel>
<fieldentry>multiple_choice_question</fieldentry>
</qtimetadatafield>
</qtimetadata>
</itemmetadata>
<presentation>
<flow>
<material>
<matbreak/>
<mattext texttype="text/html" charset="utf-8"><![CDATA[
<p>Question ID: 09_426</p>
<p><img src="data/supplements15/xx.png" /></p>
]]></mattext>
<matbreak/>
</material>
<response_lid ident="ET_052_965710462_section_1_item_15_schoice_RESPONSE_6421862" rcardinality="Single" rtiming="No">
<render_choice shuffle="No">
<flow_label class="List">
<response_label ident="ET_052_965710462_section_1_item_15_schoice_6061956656" rshuffle="No">
<material>
<mattext texttype="text/html" charset="utf-8"><![CDATA[
 A
]]></mattext>
</material>
</response_label>
</flow_label>
<flow_label class="List">
<response_label ident="ET_052_965710462_section_1_item_15_schoice_3131228245" rshuffle="No">
<material>
<mattext texttype="text/html" charset="utf-8"><![CDATA[
 B
]]></mattext>
</material>
</response_label>
</flow_label>
<flow_label class="List">
<response_label ident="ET_052_965710462_section_1_item_15_schoice_6418762603" rshuffle="No">
<material>
<mattext texttype="text/html" charset="utf-8"><![CDATA[
 C
]]></mattext>
</material>
</response_label>
</flow_label>
<flow_label class="List">
<response_label ident="ET_052_965710462_section_1_item_15_schoice_6330425878" rshuffle="No">
<material>
<mattext texttype="text/html" charset="utf-8"><![CDATA[
 D
]]></mattext>
</material>
</response_label>
</flow_label>
</render_choice>
</response_lid>
</flow>
</presentation>
<resprocessing>
<outcomes>
<decvar varname="SCORE" vartype="Decimal" defaultval="0" minvalue="0" maxvalue="1" cutvalue="1"/>
</outcomes>
<respcondition title="Mastery" continue="No">
<conditionvar>
<and>
<varequal respident="ET_052_965710462_section_1_item_15_schoice_RESPONSE_6421862" case="Yes">ET_052_965710462_section_1_item_15_schoice_6330425878</varequal>
<not> <varequal respident="ET_052_965710462_section_1_item_15_schoice_RESPONSE_6421862" case="Yes">ET_052_965710462_section_1_item_15_schoice_6061956656</varequal> </not>
<not> <varequal respident="ET_052_965710462_section_1_item_15_schoice_RESPONSE_6421862" case="Yes">ET_052_965710462_section_1_item_15_schoice_3131228245</varequal> </not>
<not> <varequal respident="ET_052_965710462_section_1_item_15_schoice_RESPONSE_6421862" case="Yes">ET_052_965710462_section_1_item_15_schoice_6418762603</varequal> </not>
</and>
</conditionvar>
<setvar varname="SCORE" action="Set">1</setvar>
<displayfeedback feedbacktype="Response" linkrefid="correct_fb"/>
</respcondition>
<respcondition continue="Yes">
<conditionvar>
<other/>
</conditionvar>
<displayfeedback feedbacktype="Response" linkrefid="general_incorrect_fb"/>
</respcondition>
</resprocessing>
<itemfeedback ident="correct_fb" view="All">
<flow_mat>
<material>
<mattext texttype="text/html"><![CDATA[
<p>The correct answer is D</p>
]]></mattext>
</material>
</flow_mat>
</itemfeedback>
<itemfeedback ident="general_incorrect_fb" view="All">
<flow_mat>
<material>
<mattext texttype="text/html"><![CDATA[
<p>The correct answer is D</p>
]]></mattext>
</material>
</flow_mat>
</itemfeedback>
</item>


</section>
<section ident="ET_052_965710462_section_2" title="Exercise">

<objectives>
<material>
<mattext><![CDATA[Please answer the following question.]]></mattext>
</material>
</objectives>
<selection_ordering>
<selection>
<selection_number>1</selection_number>
<selection_extension>
<points_per_item>1</points_per_item>
</selection_extension>
</selection>
<order order_type="Random"/>
</selection_ordering>

<item ident="ET_052_965710462_section_2_item_01_schoice" title="Question" maxattempts="3">
<itemcontrol feedbackswitch="No" hintswitch="No" solutionswitch="Yes"/>
<itemmetadata>
<qtimetadata>
<qtimetadatafield>
<fieldlabel>question_type</fieldlabel>
<fieldentry>multiple_choice_question</fieldentry>
</qtimetadatafield>
</qtimetadata>
</itemmetadata>
<presentation>
<flow>
<material>
<matbreak/>
<mattext texttype="text/html" charset="utf-8"><![CDATA[
<p>Question ID: 02_412</p>
<p><img src="data/supplements16/xx.png" /></p>
]]></mattext>
<matbreak/>
</material>
<response_lid ident="ET_052_965710462_section_2_item_01_schoice_RESPONSE_1850728" rcardinality="Single" rtiming="No">
<render_choice shuffle="No">
<flow_label class="List">
<response_label ident="ET_052_965710462_section_2_item_01_schoice_3363166103" rshuffle="No">
<material>
<mattext texttype="text/html" charset="utf-8"><![CDATA[
 A
]]></mattext>
</material>
</response_label>
</flow_label>
<flow_label class="List">
<response_label ident="ET_052_965710462_section_2_item_01_schoice_1626149062" rshuffle="No">
<material>
<mattext texttype="text/html" charset="utf-8"><![CDATA[
 B
]]></mattext>
</material>
</response_label>
</flow_label>
<flow_label class="List">
<response_label ident="ET_052_965710462_section_2_item_01_schoice_1140196266" rshuffle="No">
<material>
<mattext texttype="text/html" charset="utf-8"><![CDATA[
 C
]]></mattext>
</material>
</response_label>
</flow_label>
<flow_label class="List">
<response_label ident="ET_052_965710462_section_2_item_01_schoice_6861209315" rshuffle="No">
<material>
<mattext texttype="text/html" charset="utf-8"><![CDATA[
 D
]]></mattext>
</material>
</response_label>
</flow_label>
</render_choice>
</response_lid>
</flow>
</presentation>
<resprocessing>
<outcomes>
<decvar varname="SCORE" vartype="Decimal" defaultval="0" minvalue="0" maxvalue="1" cutvalue="1"/>
</outcomes>
<respcondition title="Mastery" continue="No">
<conditionvar>
<and>
<varequal respident="ET_052_965710462_section_2_item_01_schoice_RESPONSE_1850728" case="Yes">ET_052_965710462_section_2_item_01_schoice_6861209315</varequal>
<not> <varequal respident="ET_052_965710462_section_2_item_01_schoice_RESPONSE_1850728" case="Yes">ET_052_965710462_section_2_item_01_schoice_3363166103</varequal> </not>
<not> <varequal respident="ET_052_965710462_section_2_item_01_schoice_RESPONSE_1850728" case="Yes">ET_052_965710462_section_2_item_01_schoice_1626149062</varequal> </not>
<not> <varequal respident="ET_052_965710462_section_2_item_01_schoice_RESPONSE_1850728" case="Yes">ET_052_965710462_section_2_item_01_schoice_1140196266</varequal> </not>
</and>
</conditionvar>
<setvar varname="SCORE" action="Set">1</setvar>
<displayfeedback feedbacktype="Response" linkrefid="correct_fb"/>
</respcondition>
<respcondition continue="Yes">
<conditionvar>
<other/>
</conditionvar>
<displayfeedback feedbacktype="Response" linkrefid="general_incorrect_fb"/>
</respcondition>
</resprocessing>
<itemfeedback ident="correct_fb" view="All">
<flow_mat>
<material>
<mattext texttype="text/html"><![CDATA[
<p>The correct answer is D</p>
]]></mattext>
</material>
</flow_mat>
</itemfeedback>
<itemfeedback ident="general_incorrect_fb" view="All">
<flow_mat>
<material>
<mattext texttype="text/html"><![CDATA[
<p>The correct answer is D</p>
]]></mattext>
</material>
</flow_mat>
</itemfeedback>
</item>

<item ident="ET_052_965710462_section_2_item_02_num" title="Question" maxattempts="3">
<itemcontrol feedbackswitch="No" hintswitch="No" solutionswitch="Yes"/>
<itemmetadata>
<qtimetadata>
<qtimetadatafield>
<fieldlabel>question_type</fieldlabel>
<fieldentry>numerical_question</fieldentry>
</qtimetadatafield>
</qtimetadata>
</itemmetadata>
<presentation>
<flow>
<material>
<matbreak/>
<mattext texttype="text/html" charset="utf-8"><![CDATA[
<p>Question ID: 10_320</p>
<p><img src="data/supplements17/xx.png" /></p>
]]></mattext>
<matbreak/>
</material>
<response_num ident="ET_052_965710462_section_2_item_02_num_RESPONSE_7100598" rcardinality="Single" numtype="Decimal">
<render_fib fibtype="Decimal" maxchars="12">
<flow_label class="Block">
<response_label ident="ET_052_965710462_section_2_item_02_num_RESPONSE_7100598" rshuffle="No"/>
</flow_label>
</render_fib>
</response_num>
<material>
<matbreak/>
</material>
</flow>
</presentation>
<resprocessing>
<outcomes>
<decvar varname="SCORE" vartype="Decimal" defaultval="0" minvalue="0" maxvalue="1" cutvalue="1"/>
</outcomes>
<respcondition title="Mastery" continue="No">
<conditionvar>

<or>
<varequal respident="ET_052_965710462_section_2_item_02_num_RESPONSE_7100598" case="No"><![CDATA[20]]></varequal>
<and>
<vargte respident="ET_052_965710462_section_2_item_02_num_RESPONSE_7100598"><![CDATA[19.99999]]></vargte>
<varlte respident="ET_052_965710462_section_2_item_02_num_RESPONSE_7100598"><![CDATA[20.00001]]></varlte>
</and>
</or>
</conditionvar>
<setvar varname="SCORE" action="Set">1</setvar>
<displayfeedback feedbacktype="Response" linkrefid="correct_fb"/>
</respcondition>
<respcondition continue="Yes">
<conditionvar>
<other/>
</conditionvar>
<displayfeedback feedbacktype="Response" linkrefid="general_incorrect_fb"/>
</respcondition>
</resprocessing>
<itemfeedback ident="correct_fb" view="All">
<flow_mat>
<material>
<mattext texttype="text/html"><![CDATA[
<p>The correct answer is 20.</p>
]]></mattext>
</material>
</flow_mat>
</itemfeedback>
<itemfeedback ident="general_incorrect_fb" view="All">
<flow_mat>
<material>
<mattext texttype="text/html"><![CDATA[
<p>The correct answer is 20.</p>
]]></mattext>
</material>
</flow_mat>
</itemfeedback>
</item>

<item ident="ET_052_965710462_section_2_item_03_num" title="Question" maxattempts="3">
<itemcontrol feedbackswitch="No" hintswitch="No" solutionswitch="Yes"/>
<itemmetadata>
<qtimetadata>
<qtimetadatafield>
<fieldlabel>question_type</fieldlabel>
<fieldentry>numerical_question</fieldentry>
</qtimetadatafield>
</qtimetadata>
</itemmetadata>
<presentation>
<flow>
<material>
<matbreak/>
<mattext texttype="text/html" charset="utf-8"><![CDATA[
<p>Question ID: 14_220</p>
<p><img src="data/supplements18/xx.png" /></p>
]]></mattext>
<matbreak/>
</material>
<response_num ident="ET_052_965710462_section_2_item_03_num_RESPONSE_8720080" rcardinality="Single" numtype="Decimal">
<render_fib fibtype="Decimal" maxchars="12">
<flow_label class="Block">
<response_label ident="ET_052_965710462_section_2_item_03_num_RESPONSE_8720080" rshuffle="No"/>
</flow_label>
</render_fib>
</response_num>
<material>
<matbreak/>
</material>
</flow>
</presentation>
<resprocessing>
<outcomes>
<decvar varname="SCORE" vartype="Decimal" defaultval="0" minvalue="0" maxvalue="1" cutvalue="1"/>
</outcomes>
<respcondition title="Mastery" continue="No">
<conditionvar>

<or>
<varequal respident="ET_052_965710462_section_2_item_03_num_RESPONSE_8720080" case="No"><![CDATA[0.885]]></varequal>
<and>
<vargte respident="ET_052_965710462_section_2_item_03_num_RESPONSE_8720080"><![CDATA[0.87999]]></vargte>
<varlte respident="ET_052_965710462_section_2_item_03_num_RESPONSE_8720080"><![CDATA[0.89001]]></varlte>
</and>
</or>
</conditionvar>
<setvar varname="SCORE" action="Set">1</setvar>
<displayfeedback feedbacktype="Response" linkrefid="correct_fb"/>
</respcondition>
<respcondition continue="Yes">
<conditionvar>
<other/>
</conditionvar>
<displayfeedback feedbacktype="Response" linkrefid="general_incorrect_fb"/>
</respcondition>
</resprocessing>
<itemfeedback ident="correct_fb" view="All">
<flow_mat>
<material>
<mattext texttype="text/html"><![CDATA[
<p>Anything between 0.88 and 0.89 should be marked correct.</p>
]]></mattext>
</material>
</flow_mat>
</itemfeedback>
<itemfeedback ident="general_incorrect_fb" view="All">
<flow_mat>
<material>
<mattext texttype="text/html"><![CDATA[
<p>Anything between 0.88 and 0.89 should be marked correct.</p>
]]></mattext>
</material>
</flow_mat>
</itemfeedback>
</item>

<item ident="ET_052_965710462_section_2_item_04_schoice" title="Question" maxattempts="3">
<itemcontrol feedbackswitch="No" hintswitch="No" solutionswitch="Yes"/>
<itemmetadata>
<qtimetadata>
<qtimetadatafield>
<fieldlabel>question_type</fieldlabel>
<fieldentry>multiple_choice_question</fieldentry>
</qtimetadatafield>
</qtimetadata>
</itemmetadata>
<presentation>
<flow>
<material>
<matbreak/>
<mattext texttype="text/html" charset="utf-8"><![CDATA[
<p>Question ID: 11_219</p>
<p><img src="data/supplements19/xx.png" /></p>
]]></mattext>
<matbreak/>
</material>
<response_lid ident="ET_052_965710462_section_2_item_04_schoice_RESPONSE_3326438" rcardinality="Single" rtiming="No">
<render_choice shuffle="No">
<flow_label class="List">
<response_label ident="ET_052_965710462_section_2_item_04_schoice_8688996703" rshuffle="No">
<material>
<mattext texttype="text/html" charset="utf-8"><![CDATA[
 A
]]></mattext>
</material>
</response_label>
</flow_label>
<flow_label class="List">
<response_label ident="ET_052_965710462_section_2_item_04_schoice_1841798936" rshuffle="No">
<material>
<mattext texttype="text/html" charset="utf-8"><![CDATA[
 B
]]></mattext>
</material>
</response_label>
</flow_label>
<flow_label class="List">
<response_label ident="ET_052_965710462_section_2_item_04_schoice_3687713205" rshuffle="No">
<material>
<mattext texttype="text/html" charset="utf-8"><![CDATA[
 C
]]></mattext>
</material>
</response_label>
</flow_label>
<flow_label class="List">
<response_label ident="ET_052_965710462_section_2_item_04_schoice_4342217426" rshuffle="No">
<material>
<mattext texttype="text/html" charset="utf-8"><![CDATA[
 D
]]></mattext>
</material>
</response_label>
</flow_label>
</render_choice>
</response_lid>
</flow>
</presentation>
<resprocessing>
<outcomes>
<decvar varname="SCORE" vartype="Decimal" defaultval="0" minvalue="0" maxvalue="1" cutvalue="1"/>
</outcomes>
<respcondition title="Mastery" continue="No">
<conditionvar>
<and>
<varequal respident="ET_052_965710462_section_2_item_04_schoice_RESPONSE_3326438" case="Yes">ET_052_965710462_section_2_item_04_schoice_1841798936</varequal>
<not> <varequal respident="ET_052_965710462_section_2_item_04_schoice_RESPONSE_3326438" case="Yes">ET_052_965710462_section_2_item_04_schoice_8688996703</varequal> </not>
<not> <varequal respident="ET_052_965710462_section_2_item_04_schoice_RESPONSE_3326438" case="Yes">ET_052_965710462_section_2_item_04_schoice_3687713205</varequal> </not>
<not> <varequal respident="ET_052_965710462_section_2_item_04_schoice_RESPONSE_3326438" case="Yes">ET_052_965710462_section_2_item_04_schoice_4342217426</varequal> </not>
</and>
</conditionvar>
<setvar varname="SCORE" action="Set">1</setvar>
<displayfeedback feedbacktype="Response" linkrefid="correct_fb"/>
</respcondition>
<respcondition continue="Yes">
<conditionvar>
<other/>
</conditionvar>
<displayfeedback feedbacktype="Response" linkrefid="general_incorrect_fb"/>
</respcondition>
</resprocessing>
<itemfeedback ident="correct_fb" view="All">
<flow_mat>
<material>
<mattext texttype="text/html"><![CDATA[
<p>The correct answer is B</p>
]]></mattext>
</material>
</flow_mat>
</itemfeedback>
<itemfeedback ident="general_incorrect_fb" view="All">
<flow_mat>
<material>
<mattext texttype="text/html"><![CDATA[
<p>The correct answer is B</p>
]]></mattext>
</material>
</flow_mat>
</itemfeedback>
</item>

<item ident="ET_052_965710462_section_2_item_05_schoice" title="Question" maxattempts="3">
<itemcontrol feedbackswitch="No" hintswitch="No" solutionswitch="Yes"/>
<itemmetadata>
<qtimetadata>
<qtimetadatafield>
<fieldlabel>question_type</fieldlabel>
<fieldentry>multiple_choice_question</fieldentry>
</qtimetadatafield>
</qtimetadata>
</itemmetadata>
<presentation>
<flow>
<material>
<matbreak/>
<mattext texttype="text/html" charset="utf-8"><![CDATA[
<p>Question ID: 01_429</p>
<p><img src="data/supplements20/xx.png" /></p>
]]></mattext>
<matbreak/>
</material>
<response_lid ident="ET_052_965710462_section_2_item_05_schoice_RESPONSE_4189527" rcardinality="Single" rtiming="No">
<render_choice shuffle="No">
<flow_label class="List">
<response_label ident="ET_052_965710462_section_2_item_05_schoice_1355283939" rshuffle="No">
<material>
<mattext texttype="text/html" charset="utf-8"><![CDATA[
 A
]]></mattext>
</material>
</response_label>
</flow_label>
<flow_label class="List">
<response_label ident="ET_052_965710462_section_2_item_05_schoice_8911419421" rshuffle="No">
<material>
<mattext texttype="text/html" charset="utf-8"><![CDATA[
 B
]]></mattext>
</material>
</response_label>
</flow_label>
<flow_label class="List">
<response_label ident="ET_052_965710462_section_2_item_05_schoice_3090633514" rshuffle="No">
<material>
<mattext texttype="text/html" charset="utf-8"><![CDATA[
 C
]]></mattext>
</material>
</response_label>
</flow_label>
<flow_label class="List">
<response_label ident="ET_052_965710462_section_2_item_05_schoice_3614689781" rshuffle="No">
<material>
<mattext texttype="text/html" charset="utf-8"><![CDATA[
 D
]]></mattext>
</material>
</response_label>
</flow_label>
</render_choice>
</response_lid>
</flow>
</presentation>
<resprocessing>
<outcomes>
<decvar varname="SCORE" vartype="Decimal" defaultval="0" minvalue="0" maxvalue="1" cutvalue="1"/>
</outcomes>
<respcondition title="Mastery" continue="No">
<conditionvar>
<and>
<varequal respident="ET_052_965710462_section_2_item_05_schoice_RESPONSE_4189527" case="Yes">ET_052_965710462_section_2_item_05_schoice_3614689781</varequal>
<not> <varequal respident="ET_052_965710462_section_2_item_05_schoice_RESPONSE_4189527" case="Yes">ET_052_965710462_section_2_item_05_schoice_1355283939</varequal> </not>
<not> <varequal respident="ET_052_965710462_section_2_item_05_schoice_RESPONSE_4189527" case="Yes">ET_052_965710462_section_2_item_05_schoice_8911419421</varequal> </not>
<not> <varequal respident="ET_052_965710462_section_2_item_05_schoice_RESPONSE_4189527" case="Yes">ET_052_965710462_section_2_item_05_schoice_3090633514</varequal> </not>
</and>
</conditionvar>
<setvar varname="SCORE" action="Set">1</setvar>
<displayfeedback feedbacktype="Response" linkrefid="correct_fb"/>
</respcondition>
<respcondition continue="Yes">
<conditionvar>
<other/>
</conditionvar>
<displayfeedback feedbacktype="Response" linkrefid="general_incorrect_fb"/>
</respcondition>
</resprocessing>
<itemfeedback ident="correct_fb" view="All">
<flow_mat>
<material>
<mattext texttype="text/html"><![CDATA[
<p>The correct answer is D</p>
]]></mattext>
</material>
</flow_mat>
</itemfeedback>
<itemfeedback ident="general_incorrect_fb" view="All">
<flow_mat>
<material>
<mattext texttype="text/html"><![CDATA[
<p>The correct answer is D</p>
]]></mattext>
</material>
</flow_mat>
</itemfeedback>
</item>

<item ident="ET_052_965710462_section_2_item_06_schoice" title="Question" maxattempts="3">
<itemcontrol feedbackswitch="No" hintswitch="No" solutionswitch="Yes"/>
<itemmetadata>
<qtimetadata>
<qtimetadatafield>
<fieldlabel>question_type</fieldlabel>
<fieldentry>multiple_choice_question</fieldentry>
</qtimetadatafield>
</qtimetadata>
</itemmetadata>
<presentation>
<flow>
<material>
<matbreak/>
<mattext texttype="text/html" charset="utf-8"><![CDATA[
<p>Question ID: 13_218</p>
<p><img src="data/supplements21/xx.png" /></p>
]]></mattext>
<matbreak/>
</material>
<response_lid ident="ET_052_965710462_section_2_item_06_schoice_RESPONSE_9348029" rcardinality="Single" rtiming="No">
<render_choice shuffle="No">
<flow_label class="List">
<response_label ident="ET_052_965710462_section_2_item_06_schoice_7201115744" rshuffle="No">
<material>
<mattext texttype="text/html" charset="utf-8"><![CDATA[
 A
]]></mattext>
</material>
</response_label>
</flow_label>
<flow_label class="List">
<response_label ident="ET_052_965710462_section_2_item_06_schoice_1811361029" rshuffle="No">
<material>
<mattext texttype="text/html" charset="utf-8"><![CDATA[
 B
]]></mattext>
</material>
</response_label>
</flow_label>
<flow_label class="List">
<response_label ident="ET_052_965710462_section_2_item_06_schoice_4999859660" rshuffle="No">
<material>
<mattext texttype="text/html" charset="utf-8"><![CDATA[
 C
]]></mattext>
</material>
</response_label>
</flow_label>
<flow_label class="List">
<response_label ident="ET_052_965710462_section_2_item_06_schoice_4091201252" rshuffle="No">
<material>
<mattext texttype="text/html" charset="utf-8"><![CDATA[
 D
]]></mattext>
</material>
</response_label>
</flow_label>
</render_choice>
</response_lid>
</flow>
</presentation>
<resprocessing>
<outcomes>
<decvar varname="SCORE" vartype="Decimal" defaultval="0" minvalue="0" maxvalue="1" cutvalue="1"/>
</outcomes>
<respcondition title="Mastery" continue="No">
<conditionvar>
<and>
<varequal respident="ET_052_965710462_section_2_item_06_schoice_RESPONSE_9348029" case="Yes">ET_052_965710462_section_2_item_06_schoice_7201115744</varequal>
<not> <varequal respident="ET_052_965710462_section_2_item_06_schoice_RESPONSE_9348029" case="Yes">ET_052_965710462_section_2_item_06_schoice_1811361029</varequal> </not>
<not> <varequal respident="ET_052_965710462_section_2_item_06_schoice_RESPONSE_9348029" case="Yes">ET_052_965710462_section_2_item_06_schoice_4999859660</varequal> </not>
<not> <varequal respident="ET_052_965710462_section_2_item_06_schoice_RESPONSE_9348029" case="Yes">ET_052_965710462_section_2_item_06_schoice_4091201252</varequal> </not>
</and>
</conditionvar>
<setvar varname="SCORE" action="Set">1</setvar>
<displayfeedback feedbacktype="Response" linkrefid="correct_fb"/>
</respcondition>
<respcondition continue="Yes">
<conditionvar>
<other/>
</conditionvar>
<displayfeedback feedbacktype="Response" linkrefid="general_incorrect_fb"/>
</respcondition>
</resprocessing>
<itemfeedback ident="correct_fb" view="All">
<flow_mat>
<material>
<mattext texttype="text/html"><![CDATA[
<p>The correct answer is A</p>
]]></mattext>
</material>
</flow_mat>
</itemfeedback>
<itemfeedback ident="general_incorrect_fb" view="All">
<flow_mat>
<material>
<mattext texttype="text/html"><![CDATA[
<p>The correct answer is A</p>
]]></mattext>
</material>
</flow_mat>
</itemfeedback>
</item>

<item ident="ET_052_965710462_section_2_item_07_schoice" title="Question" maxattempts="3">
<itemcontrol feedbackswitch="No" hintswitch="No" solutionswitch="Yes"/>
<itemmetadata>
<qtimetadata>
<qtimetadatafield>
<fieldlabel>question_type</fieldlabel>
<fieldentry>multiple_choice_question</fieldentry>
</qtimetadatafield>
</qtimetadata>
</itemmetadata>
<presentation>
<flow>
<material>
<matbreak/>
<mattext texttype="text/html" charset="utf-8"><![CDATA[
<p>Question ID: 13_211</p>
<p><img src="data/supplements22/xx.png" /></p>
]]></mattext>
<matbreak/>
</material>
<response_lid ident="ET_052_965710462_section_2_item_07_schoice_RESPONSE_2827895" rcardinality="Single" rtiming="No">
<render_choice shuffle="No">
<flow_label class="List">
<response_label ident="ET_052_965710462_section_2_item_07_schoice_1793698556" rshuffle="No">
<material>
<mattext texttype="text/html" charset="utf-8"><![CDATA[
 A
]]></mattext>
</material>
</response_label>
</flow_label>
<flow_label class="List">
<response_label ident="ET_052_965710462_section_2_item_07_schoice_4721415450" rshuffle="No">
<material>
<mattext texttype="text/html" charset="utf-8"><![CDATA[
 B
]]></mattext>
</material>
</response_label>
</flow_label>
<flow_label class="List">
<response_label ident="ET_052_965710462_section_2_item_07_schoice_6009146230" rshuffle="No">
<material>
<mattext texttype="text/html" charset="utf-8"><![CDATA[
 C
]]></mattext>
</material>
</response_label>
</flow_label>
<flow_label class="List">
<response_label ident="ET_052_965710462_section_2_item_07_schoice_5102643783" rshuffle="No">
<material>
<mattext texttype="text/html" charset="utf-8"><![CDATA[
 D
]]></mattext>
</material>
</response_label>
</flow_label>
</render_choice>
</response_lid>
</flow>
</presentation>
<resprocessing>
<outcomes>
<decvar varname="SCORE" vartype="Decimal" defaultval="0" minvalue="0" maxvalue="1" cutvalue="1"/>
</outcomes>
<respcondition title="Mastery" continue="No">
<conditionvar>
<and>
<varequal respident="ET_052_965710462_section_2_item_07_schoice_RESPONSE_2827895" case="Yes">ET_052_965710462_section_2_item_07_schoice_4721415450</varequal>
<not> <varequal respident="ET_052_965710462_section_2_item_07_schoice_RESPONSE_2827895" case="Yes">ET_052_965710462_section_2_item_07_schoice_1793698556</varequal> </not>
<not> <varequal respident="ET_052_965710462_section_2_item_07_schoice_RESPONSE_2827895" case="Yes">ET_052_965710462_section_2_item_07_schoice_6009146230</varequal> </not>
<not> <varequal respident="ET_052_965710462_section_2_item_07_schoice_RESPONSE_2827895" case="Yes">ET_052_965710462_section_2_item_07_schoice_5102643783</varequal> </not>
</and>
</conditionvar>
<setvar varname="SCORE" action="Set">1</setvar>
<displayfeedback feedbacktype="Response" linkrefid="correct_fb"/>
</respcondition>
<respcondition continue="Yes">
<conditionvar>
<other/>
</conditionvar>
<displayfeedback feedbacktype="Response" linkrefid="general_incorrect_fb"/>
</respcondition>
</resprocessing>
<itemfeedback ident="correct_fb" view="All">
<flow_mat>
<material>
<mattext texttype="text/html"><![CDATA[
<p>The correct answer is B</p>
]]></mattext>
</material>
</flow_mat>
</itemfeedback>
<itemfeedback ident="general_incorrect_fb" view="All">
<flow_mat>
<material>
<mattext texttype="text/html"><![CDATA[
<p>The correct answer is B</p>
]]></mattext>
</material>
</flow_mat>
</itemfeedback>
</item>

<item ident="ET_052_965710462_section_2_item_08_schoice" title="Question" maxattempts="3">
<itemcontrol feedbackswitch="No" hintswitch="No" solutionswitch="Yes"/>
<itemmetadata>
<qtimetadata>
<qtimetadatafield>
<fieldlabel>question_type</fieldlabel>
<fieldentry>multiple_choice_question</fieldentry>
</qtimetadatafield>
</qtimetadata>
</itemmetadata>
<presentation>
<flow>
<material>
<matbreak/>
<mattext texttype="text/html" charset="utf-8"><![CDATA[
<p>Question ID: 02_308</p>
<p><img src="data/supplements23/xx.png" /></p>
]]></mattext>
<matbreak/>
</material>
<response_lid ident="ET_052_965710462_section_2_item_08_schoice_RESPONSE_2750501" rcardinality="Single" rtiming="No">
<render_choice shuffle="No">
<flow_label class="List">
<response_label ident="ET_052_965710462_section_2_item_08_schoice_3727617202" rshuffle="No">
<material>
<mattext texttype="text/html" charset="utf-8"><![CDATA[
 A
]]></mattext>
</material>
</response_label>
</flow_label>
<flow_label class="List">
<response_label ident="ET_052_965710462_section_2_item_08_schoice_7654280897" rshuffle="No">
<material>
<mattext texttype="text/html" charset="utf-8"><![CDATA[
 B
]]></mattext>
</material>
</response_label>
</flow_label>
<flow_label class="List">
<response_label ident="ET_052_965710462_section_2_item_08_schoice_1471005283" rshuffle="No">
<material>
<mattext texttype="text/html" charset="utf-8"><![CDATA[
 C
]]></mattext>
</material>
</response_label>
</flow_label>
<flow_label class="List">
<response_label ident="ET_052_965710462_section_2_item_08_schoice_1457429151" rshuffle="No">
<material>
<mattext texttype="text/html" charset="utf-8"><![CDATA[
 D
]]></mattext>
</material>
</response_label>
</flow_label>
</render_choice>
</response_lid>
</flow>
</presentation>
<resprocessing>
<outcomes>
<decvar varname="SCORE" vartype="Decimal" defaultval="0" minvalue="0" maxvalue="1" cutvalue="1"/>
</outcomes>
<respcondition title="Mastery" continue="No">
<conditionvar>
<and>
<varequal respident="ET_052_965710462_section_2_item_08_schoice_RESPONSE_2750501" case="Yes">ET_052_965710462_section_2_item_08_schoice_1471005283</varequal>
<not> <varequal respident="ET_052_965710462_section_2_item_08_schoice_RESPONSE_2750501" case="Yes">ET_052_965710462_section_2_item_08_schoice_3727617202</varequal> </not>
<not> <varequal respident="ET_052_965710462_section_2_item_08_schoice_RESPONSE_2750501" case="Yes">ET_052_965710462_section_2_item_08_schoice_7654280897</varequal> </not>
<not> <varequal respident="ET_052_965710462_section_2_item_08_schoice_RESPONSE_2750501" case="Yes">ET_052_965710462_section_2_item_08_schoice_1457429151</varequal> </not>
</and>
</conditionvar>
<setvar varname="SCORE" action="Set">1</setvar>
<displayfeedback feedbacktype="Response" linkrefid="correct_fb"/>
</respcondition>
<respcondition continue="Yes">
<conditionvar>
<other/>
</conditionvar>
<displayfeedback feedbacktype="Response" linkrefid="general_incorrect_fb"/>
</respcondition>
</resprocessing>
<itemfeedback ident="correct_fb" view="All">
<flow_mat>
<material>
<mattext texttype="text/html"><![CDATA[
<p>The correct answer is C</p>
]]></mattext>
</material>
</flow_mat>
</itemfeedback>
<itemfeedback ident="general_incorrect_fb" view="All">
<flow_mat>
<material>
<mattext texttype="text/html"><![CDATA[
<p>The correct answer is C</p>
]]></mattext>
</material>
</flow_mat>
</itemfeedback>
</item>

<item ident="ET_052_965710462_section_2_item_09_schoice" title="Question" maxattempts="3">
<itemcontrol feedbackswitch="No" hintswitch="No" solutionswitch="Yes"/>
<itemmetadata>
<qtimetadata>
<qtimetadatafield>
<fieldlabel>question_type</fieldlabel>
<fieldentry>multiple_choice_question</fieldentry>
</qtimetadatafield>
</qtimetadata>
</itemmetadata>
<presentation>
<flow>
<material>
<matbreak/>
<mattext texttype="text/html" charset="utf-8"><![CDATA[
<p>Question ID: 14_209</p>
<p><img src="data/supplements24/xx.png" /></p>
]]></mattext>
<matbreak/>
</material>
<response_lid ident="ET_052_965710462_section_2_item_09_schoice_RESPONSE_1418631" rcardinality="Single" rtiming="No">
<render_choice shuffle="No">
<flow_label class="List">
<response_label ident="ET_052_965710462_section_2_item_09_schoice_6095516691" rshuffle="No">
<material>
<mattext texttype="text/html" charset="utf-8"><![CDATA[
 A
]]></mattext>
</material>
</response_label>
</flow_label>
<flow_label class="List">
<response_label ident="ET_052_965710462_section_2_item_09_schoice_8844731387" rshuffle="No">
<material>
<mattext texttype="text/html" charset="utf-8"><![CDATA[
 B
]]></mattext>
</material>
</response_label>
</flow_label>
<flow_label class="List">
<response_label ident="ET_052_965710462_section_2_item_09_schoice_8945343902" rshuffle="No">
<material>
<mattext texttype="text/html" charset="utf-8"><![CDATA[
 C
]]></mattext>
</material>
</response_label>
</flow_label>
<flow_label class="List">
<response_label ident="ET_052_965710462_section_2_item_09_schoice_6765560373" rshuffle="No">
<material>
<mattext texttype="text/html" charset="utf-8"><![CDATA[
 D
]]></mattext>
</material>
</response_label>
</flow_label>
</render_choice>
</response_lid>
</flow>
</presentation>
<resprocessing>
<outcomes>
<decvar varname="SCORE" vartype="Decimal" defaultval="0" minvalue="0" maxvalue="1" cutvalue="1"/>
</outcomes>
<respcondition title="Mastery" continue="No">
<conditionvar>
<and>
<varequal respident="ET_052_965710462_section_2_item_09_schoice_RESPONSE_1418631" case="Yes">ET_052_965710462_section_2_item_09_schoice_6765560373</varequal>
<not> <varequal respident="ET_052_965710462_section_2_item_09_schoice_RESPONSE_1418631" case="Yes">ET_052_965710462_section_2_item_09_schoice_6095516691</varequal> </not>
<not> <varequal respident="ET_052_965710462_section_2_item_09_schoice_RESPONSE_1418631" case="Yes">ET_052_965710462_section_2_item_09_schoice_8844731387</varequal> </not>
<not> <varequal respident="ET_052_965710462_section_2_item_09_schoice_RESPONSE_1418631" case="Yes">ET_052_965710462_section_2_item_09_schoice_8945343902</varequal> </not>
</and>
</conditionvar>
<setvar varname="SCORE" action="Set">1</setvar>
<displayfeedback feedbacktype="Response" linkrefid="correct_fb"/>
</respcondition>
<respcondition continue="Yes">
<conditionvar>
<other/>
</conditionvar>
<displayfeedback feedbacktype="Response" linkrefid="general_incorrect_fb"/>
</respcondition>
</resprocessing>
<itemfeedback ident="correct_fb" view="All">
<flow_mat>
<material>
<mattext texttype="text/html"><![CDATA[
<p>The correct answer is D</p>
]]></mattext>
</material>
</flow_mat>
</itemfeedback>
<itemfeedback ident="general_incorrect_fb" view="All">
<flow_mat>
<material>
<mattext texttype="text/html"><![CDATA[
<p>The correct answer is D</p>
]]></mattext>
</material>
</flow_mat>
</itemfeedback>
</item>

<item ident="ET_052_965710462_section_2_item_10_schoice" title="Question" maxattempts="3">
<itemcontrol feedbackswitch="No" hintswitch="No" solutionswitch="Yes"/>
<itemmetadata>
<qtimetadata>
<qtimetadatafield>
<fieldlabel>question_type</fieldlabel>
<fieldentry>multiple_choice_question</fieldentry>
</qtimetadatafield>
</qtimetadata>
</itemmetadata>
<presentation>
<flow>
<material>
<matbreak/>
<mattext texttype="text/html" charset="utf-8"><![CDATA[
<p>Question ID: 01_412</p>
<p><img src="data/supplements25/xx.png" /></p>
]]></mattext>
<matbreak/>
</material>
<response_lid ident="ET_052_965710462_section_2_item_10_schoice_RESPONSE_1458011" rcardinality="Single" rtiming="No">
<render_choice shuffle="No">
<flow_label class="List">
<response_label ident="ET_052_965710462_section_2_item_10_schoice_8407750940" rshuffle="No">
<material>
<mattext texttype="text/html" charset="utf-8"><![CDATA[
 A
]]></mattext>
</material>
</response_label>
</flow_label>
<flow_label class="List">
<response_label ident="ET_052_965710462_section_2_item_10_schoice_6828081532" rshuffle="No">
<material>
<mattext texttype="text/html" charset="utf-8"><![CDATA[
 B
]]></mattext>
</material>
</response_label>
</flow_label>
<flow_label class="List">
<response_label ident="ET_052_965710462_section_2_item_10_schoice_2296444780" rshuffle="No">
<material>
<mattext texttype="text/html" charset="utf-8"><![CDATA[
 C
]]></mattext>
</material>
</response_label>
</flow_label>
<flow_label class="List">
<response_label ident="ET_052_965710462_section_2_item_10_schoice_8510291381" rshuffle="No">
<material>
<mattext texttype="text/html" charset="utf-8"><![CDATA[
 D
]]></mattext>
</material>
</response_label>
</flow_label>
</render_choice>
</response_lid>
</flow>
</presentation>
<resprocessing>
<outcomes>
<decvar varname="SCORE" vartype="Decimal" defaultval="0" minvalue="0" maxvalue="1" cutvalue="1"/>
</outcomes>
<respcondition title="Mastery" continue="No">
<conditionvar>
<and>
<varequal respident="ET_052_965710462_section_2_item_10_schoice_RESPONSE_1458011" case="Yes">ET_052_965710462_section_2_item_10_schoice_2296444780</varequal>
<not> <varequal respident="ET_052_965710462_section_2_item_10_schoice_RESPONSE_1458011" case="Yes">ET_052_965710462_section_2_item_10_schoice_8407750940</varequal> </not>
<not> <varequal respident="ET_052_965710462_section_2_item_10_schoice_RESPONSE_1458011" case="Yes">ET_052_965710462_section_2_item_10_schoice_6828081532</varequal> </not>
<not> <varequal respident="ET_052_965710462_section_2_item_10_schoice_RESPONSE_1458011" case="Yes">ET_052_965710462_section_2_item_10_schoice_8510291381</varequal> </not>
</and>
</conditionvar>
<setvar varname="SCORE" action="Set">1</setvar>
<displayfeedback feedbacktype="Response" linkrefid="correct_fb"/>
</respcondition>
<respcondition continue="Yes">
<conditionvar>
<other/>
</conditionvar>
<displayfeedback feedbacktype="Response" linkrefid="general_incorrect_fb"/>
</respcondition>
</resprocessing>
<itemfeedback ident="correct_fb" view="All">
<flow_mat>
<material>
<mattext texttype="text/html"><![CDATA[
<p>The correct answer is C</p>
]]></mattext>
</material>
</flow_mat>
</itemfeedback>
<itemfeedback ident="general_incorrect_fb" view="All">
<flow_mat>
<material>
<mattext texttype="text/html"><![CDATA[
<p>The correct answer is C</p>
]]></mattext>
</material>
</flow_mat>
</itemfeedback>
</item>

<item ident="ET_052_965710462_section_2_item_11_num" title="Question" maxattempts="3">
<itemcontrol feedbackswitch="No" hintswitch="No" solutionswitch="Yes"/>
<itemmetadata>
<qtimetadata>
<qtimetadatafield>
<fieldlabel>question_type</fieldlabel>
<fieldentry>numerical_question</fieldentry>
</qtimetadatafield>
</qtimetadata>
</itemmetadata>
<presentation>
<flow>
<material>
<matbreak/>
<mattext texttype="text/html" charset="utf-8"><![CDATA[
<p>Question ID: 05_434</p>
<p><img src="data/supplements26/xx.png" /></p>
]]></mattext>
<matbreak/>
</material>
<response_num ident="ET_052_965710462_section_2_item_11_num_RESPONSE_8180799" rcardinality="Single" numtype="Decimal">
<render_fib fibtype="Decimal" maxchars="12">
<flow_label class="Block">
<response_label ident="ET_052_965710462_section_2_item_11_num_RESPONSE_8180799" rshuffle="No"/>
</flow_label>
</render_fib>
</response_num>
<material>
<matbreak/>
</material>
</flow>
</presentation>
<resprocessing>
<outcomes>
<decvar varname="SCORE" vartype="Decimal" defaultval="0" minvalue="0" maxvalue="1" cutvalue="1"/>
</outcomes>
<respcondition title="Mastery" continue="No">
<conditionvar>

<or>
<varequal respident="ET_052_965710462_section_2_item_11_num_RESPONSE_8180799" case="No"><![CDATA[9]]></varequal>
<and>
<vargte respident="ET_052_965710462_section_2_item_11_num_RESPONSE_8180799"><![CDATA[8.99999]]></vargte>
<varlte respident="ET_052_965710462_section_2_item_11_num_RESPONSE_8180799"><![CDATA[9.00001]]></varlte>
</and>
</or>
</conditionvar>
<setvar varname="SCORE" action="Set">1</setvar>
<displayfeedback feedbacktype="Response" linkrefid="correct_fb"/>
</respcondition>
<respcondition continue="Yes">
<conditionvar>
<other/>
</conditionvar>
<displayfeedback feedbacktype="Response" linkrefid="general_incorrect_fb"/>
</respcondition>
</resprocessing>
<itemfeedback ident="correct_fb" view="All">
<flow_mat>
<material>
<mattext texttype="text/html"><![CDATA[
<p>The correct answer is 9.</p>
]]></mattext>
</material>
</flow_mat>
</itemfeedback>
<itemfeedback ident="general_incorrect_fb" view="All">
<flow_mat>
<material>
<mattext texttype="text/html"><![CDATA[
<p>The correct answer is 9.</p>
]]></mattext>
</material>
</flow_mat>
</itemfeedback>
</item>

<item ident="ET_052_965710462_section_2_item_12_schoice" title="Question" maxattempts="3">
<itemcontrol feedbackswitch="No" hintswitch="No" solutionswitch="Yes"/>
<itemmetadata>
<qtimetadata>
<qtimetadatafield>
<fieldlabel>question_type</fieldlabel>
<fieldentry>multiple_choice_question</fieldentry>
</qtimetadatafield>
</qtimetadata>
</itemmetadata>
<presentation>
<flow>
<material>
<matbreak/>
<mattext texttype="text/html" charset="utf-8"><![CDATA[
<p>Question ID: 10_306</p>
<p><img src="data/supplements27/xx.png" /></p>
]]></mattext>
<matbreak/>
</material>
<response_lid ident="ET_052_965710462_section_2_item_12_schoice_RESPONSE_3071395" rcardinality="Single" rtiming="No">
<render_choice shuffle="No">
<flow_label class="List">
<response_label ident="ET_052_965710462_section_2_item_12_schoice_2600545066" rshuffle="No">
<material>
<mattext texttype="text/html" charset="utf-8"><![CDATA[
 A
]]></mattext>
</material>
</response_label>
</flow_label>
<flow_label class="List">
<response_label ident="ET_052_965710462_section_2_item_12_schoice_9647238514" rshuffle="No">
<material>
<mattext texttype="text/html" charset="utf-8"><![CDATA[
 B
]]></mattext>
</material>
</response_label>
</flow_label>
<flow_label class="List">
<response_label ident="ET_052_965710462_section_2_item_12_schoice_1988471778" rshuffle="No">
<material>
<mattext texttype="text/html" charset="utf-8"><![CDATA[
 C
]]></mattext>
</material>
</response_label>
</flow_label>
<flow_label class="List">
<response_label ident="ET_052_965710462_section_2_item_12_schoice_8263024165" rshuffle="No">
<material>
<mattext texttype="text/html" charset="utf-8"><![CDATA[
 D
]]></mattext>
</material>
</response_label>
</flow_label>
</render_choice>
</response_lid>
</flow>
</presentation>
<resprocessing>
<outcomes>
<decvar varname="SCORE" vartype="Decimal" defaultval="0" minvalue="0" maxvalue="1" cutvalue="1"/>
</outcomes>
<respcondition title="Mastery" continue="No">
<conditionvar>
<and>
<varequal respident="ET_052_965710462_section_2_item_12_schoice_RESPONSE_3071395" case="Yes">ET_052_965710462_section_2_item_12_schoice_2600545066</varequal>
<not> <varequal respident="ET_052_965710462_section_2_item_12_schoice_RESPONSE_3071395" case="Yes">ET_052_965710462_section_2_item_12_schoice_9647238514</varequal> </not>
<not> <varequal respident="ET_052_965710462_section_2_item_12_schoice_RESPONSE_3071395" case="Yes">ET_052_965710462_section_2_item_12_schoice_1988471778</varequal> </not>
<not> <varequal respident="ET_052_965710462_section_2_item_12_schoice_RESPONSE_3071395" case="Yes">ET_052_965710462_section_2_item_12_schoice_8263024165</varequal> </not>
</and>
</conditionvar>
<setvar varname="SCORE" action="Set">1</setvar>
<displayfeedback feedbacktype="Response" linkrefid="correct_fb"/>
</respcondition>
<respcondition continue="Yes">
<conditionvar>
<other/>
</conditionvar>
<displayfeedback feedbacktype="Response" linkrefid="general_incorrect_fb"/>
</respcondition>
</resprocessing>
<itemfeedback ident="correct_fb" view="All">
<flow_mat>
<material>
<mattext texttype="text/html"><![CDATA[
<p>The correct answer is A</p>
]]></mattext>
</material>
</flow_mat>
</itemfeedback>
<itemfeedback ident="general_incorrect_fb" view="All">
<flow_mat>
<material>
<mattext texttype="text/html"><![CDATA[
<p>The correct answer is A</p>
]]></mattext>
</material>
</flow_mat>
</itemfeedback>
</item>

<item ident="ET_052_965710462_section_2_item_13_schoice" title="Question" maxattempts="3">
<itemcontrol feedbackswitch="No" hintswitch="No" solutionswitch="Yes"/>
<itemmetadata>
<qtimetadata>
<qtimetadatafield>
<fieldlabel>question_type</fieldlabel>
<fieldentry>multiple_choice_question</fieldentry>
</qtimetadatafield>
</qtimetadata>
</itemmetadata>
<presentation>
<flow>
<material>
<matbreak/>
<mattext texttype="text/html" charset="utf-8"><![CDATA[
<p>Question ID: 09_309</p>
<p><img src="data/supplements28/xx.png" /></p>
]]></mattext>
<matbreak/>
</material>
<response_lid ident="ET_052_965710462_section_2_item_13_schoice_RESPONSE_7342613" rcardinality="Single" rtiming="No">
<render_choice shuffle="No">
<flow_label class="List">
<response_label ident="ET_052_965710462_section_2_item_13_schoice_1593592604" rshuffle="No">
<material>
<mattext texttype="text/html" charset="utf-8"><![CDATA[
 A
]]></mattext>
</material>
</response_label>
</flow_label>
<flow_label class="List">
<response_label ident="ET_052_965710462_section_2_item_13_schoice_5169298526" rshuffle="No">
<material>
<mattext texttype="text/html" charset="utf-8"><![CDATA[
 B
]]></mattext>
</material>
</response_label>
</flow_label>
<flow_label class="List">
<response_label ident="ET_052_965710462_section_2_item_13_schoice_2063740273" rshuffle="No">
<material>
<mattext texttype="text/html" charset="utf-8"><![CDATA[
 C
]]></mattext>
</material>
</response_label>
</flow_label>
<flow_label class="List">
<response_label ident="ET_052_965710462_section_2_item_13_schoice_7109021308" rshuffle="No">
<material>
<mattext texttype="text/html" charset="utf-8"><![CDATA[
 D
]]></mattext>
</material>
</response_label>
</flow_label>
</render_choice>
</response_lid>
</flow>
</presentation>
<resprocessing>
<outcomes>
<decvar varname="SCORE" vartype="Decimal" defaultval="0" minvalue="0" maxvalue="1" cutvalue="1"/>
</outcomes>
<respcondition title="Mastery" continue="No">
<conditionvar>
<and>
<varequal respident="ET_052_965710462_section_2_item_13_schoice_RESPONSE_7342613" case="Yes">ET_052_965710462_section_2_item_13_schoice_5169298526</varequal>
<not> <varequal respident="ET_052_965710462_section_2_item_13_schoice_RESPONSE_7342613" case="Yes">ET_052_965710462_section_2_item_13_schoice_1593592604</varequal> </not>
<not> <varequal respident="ET_052_965710462_section_2_item_13_schoice_RESPONSE_7342613" case="Yes">ET_052_965710462_section_2_item_13_schoice_2063740273</varequal> </not>
<not> <varequal respident="ET_052_965710462_section_2_item_13_schoice_RESPONSE_7342613" case="Yes">ET_052_965710462_section_2_item_13_schoice_7109021308</varequal> </not>
</and>
</conditionvar>
<setvar varname="SCORE" action="Set">1</setvar>
<displayfeedback feedbacktype="Response" linkrefid="correct_fb"/>
</respcondition>
<respcondition continue="Yes">
<conditionvar>
<other/>
</conditionvar>
<displayfeedback feedbacktype="Response" linkrefid="general_incorrect_fb"/>
</respcondition>
</resprocessing>
<itemfeedback ident="correct_fb" view="All">
<flow_mat>
<material>
<mattext texttype="text/html"><![CDATA[
<p>The correct answer is B</p>
]]></mattext>
</material>
</flow_mat>
</itemfeedback>
<itemfeedback ident="general_incorrect_fb" view="All">
<flow_mat>
<material>
<mattext texttype="text/html"><![CDATA[
<p>The correct answer is B</p>
]]></mattext>
</material>
</flow_mat>
</itemfeedback>
</item>

<item ident="ET_052_965710462_section_2_item_14_schoice" title="Question" maxattempts="3">
<itemcontrol feedbackswitch="No" hintswitch="No" solutionswitch="Yes"/>
<itemmetadata>
<qtimetadata>
<qtimetadatafield>
<fieldlabel>question_type</fieldlabel>
<fieldentry>multiple_choice_question</fieldentry>
</qtimetadatafield>
</qtimetadata>
</itemmetadata>
<presentation>
<flow>
<material>
<matbreak/>
<mattext texttype="text/html" charset="utf-8"><![CDATA[
<p>Question ID: 03_310</p>
<p><img src="data/supplements29/xx.png" /></p>
]]></mattext>
<matbreak/>
</material>
<response_lid ident="ET_052_965710462_section_2_item_14_schoice_RESPONSE_4490375" rcardinality="Single" rtiming="No">
<render_choice shuffle="No">
<flow_label class="List">
<response_label ident="ET_052_965710462_section_2_item_14_schoice_8768160172" rshuffle="No">
<material>
<mattext texttype="text/html" charset="utf-8"><![CDATA[
 A
]]></mattext>
</material>
</response_label>
</flow_label>
<flow_label class="List">
<response_label ident="ET_052_965710462_section_2_item_14_schoice_7646094314" rshuffle="No">
<material>
<mattext texttype="text/html" charset="utf-8"><![CDATA[
 B
]]></mattext>
</material>
</response_label>
</flow_label>
<flow_label class="List">
<response_label ident="ET_052_965710462_section_2_item_14_schoice_1060348859" rshuffle="No">
<material>
<mattext texttype="text/html" charset="utf-8"><![CDATA[
 C
]]></mattext>
</material>
</response_label>
</flow_label>
<flow_label class="List">
<response_label ident="ET_052_965710462_section_2_item_14_schoice_7968726475" rshuffle="No">
<material>
<mattext texttype="text/html" charset="utf-8"><![CDATA[
 D
]]></mattext>
</material>
</response_label>
</flow_label>
</render_choice>
</response_lid>
</flow>
</presentation>
<resprocessing>
<outcomes>
<decvar varname="SCORE" vartype="Decimal" defaultval="0" minvalue="0" maxvalue="1" cutvalue="1"/>
</outcomes>
<respcondition title="Mastery" continue="No">
<conditionvar>
<and>
<varequal respident="ET_052_965710462_section_2_item_14_schoice_RESPONSE_4490375" case="Yes">ET_052_965710462_section_2_item_14_schoice_8768160172</varequal>
<not> <varequal respident="ET_052_965710462_section_2_item_14_schoice_RESPONSE_4490375" case="Yes">ET_052_965710462_section_2_item_14_schoice_7646094314</varequal> </not>
<not> <varequal respident="ET_052_965710462_section_2_item_14_schoice_RESPONSE_4490375" case="Yes">ET_052_965710462_section_2_item_14_schoice_1060348859</varequal> </not>
<not> <varequal respident="ET_052_965710462_section_2_item_14_schoice_RESPONSE_4490375" case="Yes">ET_052_965710462_section_2_item_14_schoice_7968726475</varequal> </not>
</and>
</conditionvar>
<setvar varname="SCORE" action="Set">1</setvar>
<displayfeedback feedbacktype="Response" linkrefid="correct_fb"/>
</respcondition>
<respcondition continue="Yes">
<conditionvar>
<other/>
</conditionvar>
<displayfeedback feedbacktype="Response" linkrefid="general_incorrect_fb"/>
</respcondition>
</resprocessing>
<itemfeedback ident="correct_fb" view="All">
<flow_mat>
<material>
<mattext texttype="text/html"><![CDATA[
<p>The correct answer is A</p>
]]></mattext>
</material>
</flow_mat>
</itemfeedback>
<itemfeedback ident="general_incorrect_fb" view="All">
<flow_mat>
<material>
<mattext texttype="text/html"><![CDATA[
<p>The correct answer is A</p>
]]></mattext>
</material>
</flow_mat>
</itemfeedback>
</item>

<item ident="ET_052_965710462_section_2_item_15_schoice" title="Question" maxattempts="3">
<itemcontrol feedbackswitch="No" hintswitch="No" solutionswitch="Yes"/>
<itemmetadata>
<qtimetadata>
<qtimetadatafield>
<fieldlabel>question_type</fieldlabel>
<fieldentry>multiple_choice_question</fieldentry>
</qtimetadatafield>
</qtimetadata>
</itemmetadata>
<presentation>
<flow>
<material>
<matbreak/>
<mattext texttype="text/html" charset="utf-8"><![CDATA[
<p>Question ID: 08_409</p>
<p><img src="data/supplements30/xx.png" /></p>
]]></mattext>
<matbreak/>
</material>
<response_lid ident="ET_052_965710462_section_2_item_15_schoice_RESPONSE_3200793" rcardinality="Single" rtiming="No">
<render_choice shuffle="No">
<flow_label class="List">
<response_label ident="ET_052_965710462_section_2_item_15_schoice_7492327672" rshuffle="No">
<material>
<mattext texttype="text/html" charset="utf-8"><![CDATA[
 A
]]></mattext>
</material>
</response_label>
</flow_label>
<flow_label class="List">
<response_label ident="ET_052_965710462_section_2_item_15_schoice_8998416274" rshuffle="No">
<material>
<mattext texttype="text/html" charset="utf-8"><![CDATA[
 B
]]></mattext>
</material>
</response_label>
</flow_label>
<flow_label class="List">
<response_label ident="ET_052_965710462_section_2_item_15_schoice_4719171827" rshuffle="No">
<material>
<mattext texttype="text/html" charset="utf-8"><![CDATA[
 C
]]></mattext>
</material>
</response_label>
</flow_label>
<flow_label class="List">
<response_label ident="ET_052_965710462_section_2_item_15_schoice_8143748583" rshuffle="No">
<material>
<mattext texttype="text/html" charset="utf-8"><![CDATA[
 D
]]></mattext>
</material>
</response_label>
</flow_label>
</render_choice>
</response_lid>
</flow>
</presentation>
<resprocessing>
<outcomes>
<decvar varname="SCORE" vartype="Decimal" defaultval="0" minvalue="0" maxvalue="1" cutvalue="1"/>
</outcomes>
<respcondition title="Mastery" continue="No">
<conditionvar>
<and>
<varequal respident="ET_052_965710462_section_2_item_15_schoice_RESPONSE_3200793" case="Yes">ET_052_965710462_section_2_item_15_schoice_8143748583</varequal>
<not> <varequal respident="ET_052_965710462_section_2_item_15_schoice_RESPONSE_3200793" case="Yes">ET_052_965710462_section_2_item_15_schoice_7492327672</varequal> </not>
<not> <varequal respident="ET_052_965710462_section_2_item_15_schoice_RESPONSE_3200793" case="Yes">ET_052_965710462_section_2_item_15_schoice_8998416274</varequal> </not>
<not> <varequal respident="ET_052_965710462_section_2_item_15_schoice_RESPONSE_3200793" case="Yes">ET_052_965710462_section_2_item_15_schoice_4719171827</varequal> </not>
</and>
</conditionvar>
<setvar varname="SCORE" action="Set">1</setvar>
<displayfeedback feedbacktype="Response" linkrefid="correct_fb"/>
</respcondition>
<respcondition continue="Yes">
<conditionvar>
<other/>
</conditionvar>
<displayfeedback feedbacktype="Response" linkrefid="general_incorrect_fb"/>
</respcondition>
</resprocessing>
<itemfeedback ident="correct_fb" view="All">
<flow_mat>
<material>
<mattext texttype="text/html"><![CDATA[
<p>The correct answer is D</p>
]]></mattext>
</material>
</flow_mat>
</itemfeedback>
<itemfeedback ident="general_incorrect_fb" view="All">
<flow_mat>
<material>
<mattext texttype="text/html"><![CDATA[
<p>The correct answer is D</p>
]]></mattext>
</material>
</flow_mat>
</itemfeedback>
</item>


</section>

</assessment>
</questestinterop>
