<?xml version="1.0" encoding="UTF-8"?>
<manifest identifier="MID_ET_027_845105182" xmlns="http://www.imsglobal.org/xsd/imsccv1p1/imscp_v1p1" xmlns:lom="http://ltsc.ieee.org/xsd/imsccv1p1/LOM/resource" xmlns:imsmd="http://www.imsglobal.org/xsd/imsmd_v1p2" xmlns:xsi="http://www.w3.org/2001/XMLSchema-instance" xsi:schemaLocation="http://www.imsglobal.org/xsd/imsccv1p1/imscp_v1p1 http://www.imsglobal.org/xsd/imscp_v1p1.xsd http://ltsc.ieee.org/xsd/imsccv1p1/LOM/resource http://www.imsglobal.org/profile/cc/ccv1p1/LOM/ccv1p1_lomresource_v1p0.xsd http://www.imsglobal.org/xsd/imsmd_v1p2 http://www.imsglobal.org/xsd/imsmd_v1p2p2.xsd">
  <metadata>
    <schema>IMS Content</schema>
    <schemaversion>1.1.3</schemaversion>
    <imsmd:lom>
      <imsmd:general>
        <imsmd:title>
          <imsmd:string>ET_027</imsmd:string>
        </imsmd:title>
      </imsmd:general>
      <imsmd:lifeCycle>
        <imsmd:contribute>
          <imsmd:date>
            <imsmd:dateTime>2024-09-19</imsmd:dateTime>
          </imsmd:date>
        </imsmd:contribute>
      </imsmd:lifeCycle>
      <imsmd:rights>
        <imsmd:copyrightAndOtherRestrictions>
          <imsmd:value>yes</imsmd:value>
        </imsmd:copyrightAndOtherRestrictions>
        <imsmd:description>
          <imsmd:string>Private (Copyrighted) - http://en.wikipedia.org/wiki/Copyright</imsmd:string>
        </imsmd:description>
      </imsmd:rights>
    </imsmd:lom>
  </metadata>
  <organizations/>
  <resources>
    <resource identifier="ET_027_688188205" type="imsqti_xmlv1p2">
      <file href="ET_027_688188205/ET_027_688188205.xml"/>
      <dependency identifierref="MID_REF_ET_027_845105182"/>
    </resource>
    <resource identifier="MID_REF_ET_027_845105182" type="associatedcontent/imscc_xmlv1p1/learning-application-resource" href="ET_027_688188205/assessment_meta.xml">
      <file href="ET_027_688188205/assessment_meta.xml"/>
    </resource>
    <resource href="data/supplements1/xx.png" identifier="1234" type="webcontent">
      <file href="data/supplements1/xx.png"/>
    </resource>
    <resource href="data/supplements2/xx.png" identifier="1235" type="webcontent">
      <file href="data/supplements2/xx.png"/>
    </resource>
    <resource href="data/supplements3/xx.png" identifier="1236" type="webcontent">
      <file href="data/supplements3/xx.png"/>
    </resource>
  </resources>
</manifest>
