<?xml version="1.0" encoding="UTF-8"?>
<manifest identifier="MID_c1029_expand_quad_165134781" xmlns="http://www.imsglobal.org/xsd/imsccv1p1/imscp_v1p1" xmlns:lom="http://ltsc.ieee.org/xsd/imsccv1p1/LOM/resource" xmlns:imsmd="http://www.imsglobal.org/xsd/imsmd_v1p2" xmlns:xsi="http://www.w3.org/2001/XMLSchema-instance" xsi:schemaLocation="http://www.imsglobal.org/xsd/imsccv1p1/imscp_v1p1 http://www.imsglobal.org/xsd/imscp_v1p1.xsd http://ltsc.ieee.org/xsd/imsccv1p1/LOM/resource http://www.imsglobal.org/profile/cc/ccv1p1/LOM/ccv1p1_lomresource_v1p0.xsd http://www.imsglobal.org/xsd/imsmd_v1p2 http://www.imsglobal.org/xsd/imsmd_v1p2p2.xsd">
  <metadata>
    <schema>IMS Content</schema>
    <schemaversion>1.1.3</schemaversion>
    <imsmd:lom>
      <imsmd:general>
        <imsmd:title>
          <imsmd:string>c1029_expand_quad</imsmd:string>
        </imsmd:title>
      </imsmd:general>
      <imsmd:lifeCycle>
        <imsmd:contribute>
          <imsmd:date>
            <imsmd:dateTime>2025-10-28</imsmd:dateTime>
          </imsmd:date>
        </imsmd:contribute>
      </imsmd:lifeCycle>
      <imsmd:rights>
        <imsmd:copyrightAndOtherRestrictions>
          <imsmd:value>yes</imsmd:value>
        </imsmd:copyrightAndOtherRestrictions>
        <imsmd:description>
          <imsmd:string>Private (Copyrighted) - http://en.wikipedia.org/wiki/Copyright</imsmd:string>
        </imsmd:description>
      </imsmd:rights>
    </imsmd:lom>
  </metadata>
  <organizations/>
  <resources>
    <resource identifier="c1029_expand_quad_920451537" type="imsqti_xmlv1p2">
      <file href="c1029_expand_quad_920451537/c1029_expand_quad_920451537.xml"/>
      <dependency identifierref="MID_REF_c1029_expand_quad_165134781"/>
    </resource>
    <resource identifier="MID_REF_c1029_expand_quad_165134781" type="associatedcontent/imscc_xmlv1p1/learning-application-resource" href="c1029_expand_quad_920451537/assessment_meta.xml">
      <file href="c1029_expand_quad_920451537/assessment_meta.xml"/>
    </resource>
    <resource href="data/supplements1/unnamed-chunk-2-1.png" identifier="1234" type="webcontent">
      <file href="data/supplements1/unnamed-chunk-2-1.png"/>
    </resource>
    <resource href="data/supplements1/unnamed-chunk-3-1.png" identifier="1235" type="webcontent">
      <file href="data/supplements1/unnamed-chunk-3-1.png"/>
    </resource>
    <resource href="data/supplements10/unnamed-chunk-2-1.png" identifier="1236" type="webcontent">
      <file href="data/supplements10/unnamed-chunk-2-1.png"/>
    </resource>
    <resource href="data/supplements10/unnamed-chunk-3-1.png" identifier="1237" type="webcontent">
      <file href="data/supplements10/unnamed-chunk-3-1.png"/>
    </resource>
    <resource href="data/supplements100/unnamed-chunk-2-1.png" identifier="1238" type="webcontent">
      <file href="data/supplements100/unnamed-chunk-2-1.png"/>
    </resource>
    <resource href="data/supplements100/unnamed-chunk-3-1.png" identifier="1239" type="webcontent">
      <file href="data/supplements100/unnamed-chunk-3-1.png"/>
    </resource>
    <resource href="data/supplements101/unnamed-chunk-2-1.png" identifier="1240" type="webcontent">
      <file href="data/supplements101/unnamed-chunk-2-1.png"/>
    </resource>
    <resource href="data/supplements101/unnamed-chunk-3-1.png" identifier="1241" type="webcontent">
      <file href="data/supplements101/unnamed-chunk-3-1.png"/>
    </resource>
    <resource href="data/supplements102/unnamed-chunk-2-1.png" identifier="1242" type="webcontent">
      <file href="data/supplements102/unnamed-chunk-2-1.png"/>
    </resource>
    <resource href="data/supplements102/unnamed-chunk-3-1.png" identifier="1243" type="webcontent">
      <file href="data/supplements102/unnamed-chunk-3-1.png"/>
    </resource>
    <resource href="data/supplements103/unnamed-chunk-2-1.png" identifier="1244" type="webcontent">
      <file href="data/supplements103/unnamed-chunk-2-1.png"/>
    </resource>
    <resource href="data/supplements103/unnamed-chunk-3-1.png" identifier="1245" type="webcontent">
      <file href="data/supplements103/unnamed-chunk-3-1.png"/>
    </resource>
    <resource href="data/supplements104/unnamed-chunk-2-1.png" identifier="1246" type="webcontent">
      <file href="data/supplements104/unnamed-chunk-2-1.png"/>
    </resource>
    <resource href="data/supplements104/unnamed-chunk-3-1.png" identifier="1247" type="webcontent">
      <file href="data/supplements104/unnamed-chunk-3-1.png"/>
    </resource>
    <resource href="data/supplements105/unnamed-chunk-2-1.png" identifier="1248" type="webcontent">
      <file href="data/supplements105/unnamed-chunk-2-1.png"/>
    </resource>
    <resource href="data/supplements105/unnamed-chunk-3-1.png" identifier="1249" type="webcontent">
      <file href="data/supplements105/unnamed-chunk-3-1.png"/>
    </resource>
    <resource href="data/supplements106/unnamed-chunk-2-1.png" identifier="1250" type="webcontent">
      <file href="data/supplements106/unnamed-chunk-2-1.png"/>
    </resource>
    <resource href="data/supplements106/unnamed-chunk-3-1.png" identifier="1251" type="webcontent">
      <file href="data/supplements106/unnamed-chunk-3-1.png"/>
    </resource>
    <resource href="data/supplements107/unnamed-chunk-2-1.png" identifier="1252" type="webcontent">
      <file href="data/supplements107/unnamed-chunk-2-1.png"/>
    </resource>
    <resource href="data/supplements107/unnamed-chunk-3-1.png" identifier="1253" type="webcontent">
      <file href="data/supplements107/unnamed-chunk-3-1.png"/>
    </resource>
    <resource href="data/supplements108/unnamed-chunk-2-1.png" identifier="1254" type="webcontent">
      <file href="data/supplements108/unnamed-chunk-2-1.png"/>
    </resource>
    <resource href="data/supplements108/unnamed-chunk-3-1.png" identifier="1255" type="webcontent">
      <file href="data/supplements108/unnamed-chunk-3-1.png"/>
    </resource>
    <resource href="data/supplements109/unnamed-chunk-2-1.png" identifier="1256" type="webcontent">
      <file href="data/supplements109/unnamed-chunk-2-1.png"/>
    </resource>
    <resource href="data/supplements109/unnamed-chunk-3-1.png" identifier="1257" type="webcontent">
      <file href="data/supplements109/unnamed-chunk-3-1.png"/>
    </resource>
    <resource href="data/supplements11/unnamed-chunk-2-1.png" identifier="1258" type="webcontent">
      <file href="data/supplements11/unnamed-chunk-2-1.png"/>
    </resource>
    <resource href="data/supplements11/unnamed-chunk-3-1.png" identifier="1259" type="webcontent">
      <file href="data/supplements11/unnamed-chunk-3-1.png"/>
    </resource>
    <resource href="data/supplements110/unnamed-chunk-2-1.png" identifier="1260" type="webcontent">
      <file href="data/supplements110/unnamed-chunk-2-1.png"/>
    </resource>
    <resource href="data/supplements110/unnamed-chunk-3-1.png" identifier="1261" type="webcontent">
      <file href="data/supplements110/unnamed-chunk-3-1.png"/>
    </resource>
    <resource href="data/supplements111/unnamed-chunk-2-1.png" identifier="1262" type="webcontent">
      <file href="data/supplements111/unnamed-chunk-2-1.png"/>
    </resource>
    <resource href="data/supplements111/unnamed-chunk-3-1.png" identifier="1263" type="webcontent">
      <file href="data/supplements111/unnamed-chunk-3-1.png"/>
    </resource>
    <resource href="data/supplements112/unnamed-chunk-2-1.png" identifier="1264" type="webcontent">
      <file href="data/supplements112/unnamed-chunk-2-1.png"/>
    </resource>
    <resource href="data/supplements112/unnamed-chunk-3-1.png" identifier="1265" type="webcontent">
      <file href="data/supplements112/unnamed-chunk-3-1.png"/>
    </resource>
    <resource href="data/supplements113/unnamed-chunk-2-1.png" identifier="1266" type="webcontent">
      <file href="data/supplements113/unnamed-chunk-2-1.png"/>
    </resource>
    <resource href="data/supplements113/unnamed-chunk-3-1.png" identifier="1267" type="webcontent">
      <file href="data/supplements113/unnamed-chunk-3-1.png"/>
    </resource>
    <resource href="data/supplements114/unnamed-chunk-2-1.png" identifier="1268" type="webcontent">
      <file href="data/supplements114/unnamed-chunk-2-1.png"/>
    </resource>
    <resource href="data/supplements114/unnamed-chunk-3-1.png" identifier="1269" type="webcontent">
      <file href="data/supplements114/unnamed-chunk-3-1.png"/>
    </resource>
    <resource href="data/supplements115/unnamed-chunk-2-1.png" identifier="1270" type="webcontent">
      <file href="data/supplements115/unnamed-chunk-2-1.png"/>
    </resource>
    <resource href="data/supplements115/unnamed-chunk-3-1.png" identifier="1271" type="webcontent">
      <file href="data/supplements115/unnamed-chunk-3-1.png"/>
    </resource>
    <resource href="data/supplements116/unnamed-chunk-2-1.png" identifier="1272" type="webcontent">
      <file href="data/supplements116/unnamed-chunk-2-1.png"/>
    </resource>
    <resource href="data/supplements116/unnamed-chunk-3-1.png" identifier="1273" type="webcontent">
      <file href="data/supplements116/unnamed-chunk-3-1.png"/>
    </resource>
    <resource href="data/supplements117/unnamed-chunk-2-1.png" identifier="1274" type="webcontent">
      <file href="data/supplements117/unnamed-chunk-2-1.png"/>
    </resource>
    <resource href="data/supplements117/unnamed-chunk-3-1.png" identifier="1275" type="webcontent">
      <file href="data/supplements117/unnamed-chunk-3-1.png"/>
    </resource>
    <resource href="data/supplements118/unnamed-chunk-2-1.png" identifier="1276" type="webcontent">
      <file href="data/supplements118/unnamed-chunk-2-1.png"/>
    </resource>
    <resource href="data/supplements118/unnamed-chunk-3-1.png" identifier="1277" type="webcontent">
      <file href="data/supplements118/unnamed-chunk-3-1.png"/>
    </resource>
    <resource href="data/supplements119/unnamed-chunk-2-1.png" identifier="1278" type="webcontent">
      <file href="data/supplements119/unnamed-chunk-2-1.png"/>
    </resource>
    <resource href="data/supplements119/unnamed-chunk-3-1.png" identifier="1279" type="webcontent">
      <file href="data/supplements119/unnamed-chunk-3-1.png"/>
    </resource>
    <resource href="data/supplements12/unnamed-chunk-2-1.png" identifier="1280" type="webcontent">
      <file href="data/supplements12/unnamed-chunk-2-1.png"/>
    </resource>
    <resource href="data/supplements12/unnamed-chunk-3-1.png" identifier="1281" type="webcontent">
      <file href="data/supplements12/unnamed-chunk-3-1.png"/>
    </resource>
    <resource href="data/supplements120/unnamed-chunk-2-1.png" identifier="1282" type="webcontent">
      <file href="data/supplements120/unnamed-chunk-2-1.png"/>
    </resource>
    <resource href="data/supplements120/unnamed-chunk-3-1.png" identifier="1283" type="webcontent">
      <file href="data/supplements120/unnamed-chunk-3-1.png"/>
    </resource>
    <resource href="data/supplements13/unnamed-chunk-2-1.png" identifier="1284" type="webcontent">
      <file href="data/supplements13/unnamed-chunk-2-1.png"/>
    </resource>
    <resource href="data/supplements13/unnamed-chunk-3-1.png" identifier="1285" type="webcontent">
      <file href="data/supplements13/unnamed-chunk-3-1.png"/>
    </resource>
    <resource href="data/supplements14/unnamed-chunk-2-1.png" identifier="1286" type="webcontent">
      <file href="data/supplements14/unnamed-chunk-2-1.png"/>
    </resource>
    <resource href="data/supplements14/unnamed-chunk-3-1.png" identifier="1287" type="webcontent">
      <file href="data/supplements14/unnamed-chunk-3-1.png"/>
    </resource>
    <resource href="data/supplements15/unnamed-chunk-2-1.png" identifier="1288" type="webcontent">
      <file href="data/supplements15/unnamed-chunk-2-1.png"/>
    </resource>
    <resource href="data/supplements15/unnamed-chunk-3-1.png" identifier="1289" type="webcontent">
      <file href="data/supplements15/unnamed-chunk-3-1.png"/>
    </resource>
    <resource href="data/supplements16/unnamed-chunk-2-1.png" identifier="1290" type="webcontent">
      <file href="data/supplements16/unnamed-chunk-2-1.png"/>
    </resource>
    <resource href="data/supplements16/unnamed-chunk-3-1.png" identifier="1291" type="webcontent">
      <file href="data/supplements16/unnamed-chunk-3-1.png"/>
    </resource>
    <resource href="data/supplements17/unnamed-chunk-2-1.png" identifier="1292" type="webcontent">
      <file href="data/supplements17/unnamed-chunk-2-1.png"/>
    </resource>
    <resource href="data/supplements17/unnamed-chunk-3-1.png" identifier="1293" type="webcontent">
      <file href="data/supplements17/unnamed-chunk-3-1.png"/>
    </resource>
    <resource href="data/supplements18/unnamed-chunk-2-1.png" identifier="1294" type="webcontent">
      <file href="data/supplements18/unnamed-chunk-2-1.png"/>
    </resource>
    <resource href="data/supplements18/unnamed-chunk-3-1.png" identifier="1295" type="webcontent">
      <file href="data/supplements18/unnamed-chunk-3-1.png"/>
    </resource>
    <resource href="data/supplements19/unnamed-chunk-2-1.png" identifier="1296" type="webcontent">
      <file href="data/supplements19/unnamed-chunk-2-1.png"/>
    </resource>
    <resource href="data/supplements19/unnamed-chunk-3-1.png" identifier="1297" type="webcontent">
      <file href="data/supplements19/unnamed-chunk-3-1.png"/>
    </resource>
    <resource href="data/supplements2/unnamed-chunk-2-1.png" identifier="1298" type="webcontent">
      <file href="data/supplements2/unnamed-chunk-2-1.png"/>
    </resource>
    <resource href="data/supplements2/unnamed-chunk-3-1.png" identifier="1299" type="webcontent">
      <file href="data/supplements2/unnamed-chunk-3-1.png"/>
    </resource>
    <resource href="data/supplements20/unnamed-chunk-2-1.png" identifier="1300" type="webcontent">
      <file href="data/supplements20/unnamed-chunk-2-1.png"/>
    </resource>
    <resource href="data/supplements20/unnamed-chunk-3-1.png" identifier="1301" type="webcontent">
      <file href="data/supplements20/unnamed-chunk-3-1.png"/>
    </resource>
    <resource href="data/supplements21/unnamed-chunk-2-1.png" identifier="1302" type="webcontent">
      <file href="data/supplements21/unnamed-chunk-2-1.png"/>
    </resource>
    <resource href="data/supplements21/unnamed-chunk-3-1.png" identifier="1303" type="webcontent">
      <file href="data/supplements21/unnamed-chunk-3-1.png"/>
    </resource>
    <resource href="data/supplements22/unnamed-chunk-2-1.png" identifier="1304" type="webcontent">
      <file href="data/supplements22/unnamed-chunk-2-1.png"/>
    </resource>
    <resource href="data/supplements22/unnamed-chunk-3-1.png" identifier="1305" type="webcontent">
      <file href="data/supplements22/unnamed-chunk-3-1.png"/>
    </resource>
    <resource href="data/supplements23/unnamed-chunk-2-1.png" identifier="1306" type="webcontent">
      <file href="data/supplements23/unnamed-chunk-2-1.png"/>
    </resource>
    <resource href="data/supplements23/unnamed-chunk-3-1.png" identifier="1307" type="webcontent">
      <file href="data/supplements23/unnamed-chunk-3-1.png"/>
    </resource>
    <resource href="data/supplements24/unnamed-chunk-2-1.png" identifier="1308" type="webcontent">
      <file href="data/supplements24/unnamed-chunk-2-1.png"/>
    </resource>
    <resource href="data/supplements24/unnamed-chunk-3-1.png" identifier="1309" type="webcontent">
      <file href="data/supplements24/unnamed-chunk-3-1.png"/>
    </resource>
    <resource href="data/supplements25/unnamed-chunk-2-1.png" identifier="1310" type="webcontent">
      <file href="data/supplements25/unnamed-chunk-2-1.png"/>
    </resource>
    <resource href="data/supplements25/unnamed-chunk-3-1.png" identifier="1311" type="webcontent">
      <file href="data/supplements25/unnamed-chunk-3-1.png"/>
    </resource>
    <resource href="data/supplements26/unnamed-chunk-2-1.png" identifier="1312" type="webcontent">
      <file href="data/supplements26/unnamed-chunk-2-1.png"/>
    </resource>
    <resource href="data/supplements26/unnamed-chunk-3-1.png" identifier="1313" type="webcontent">
      <file href="data/supplements26/unnamed-chunk-3-1.png"/>
    </resource>
    <resource href="data/supplements27/unnamed-chunk-2-1.png" identifier="1314" type="webcontent">
      <file href="data/supplements27/unnamed-chunk-2-1.png"/>
    </resource>
    <resource href="data/supplements27/unnamed-chunk-3-1.png" identifier="1315" type="webcontent">
      <file href="data/supplements27/unnamed-chunk-3-1.png"/>
    </resource>
    <resource href="data/supplements28/unnamed-chunk-2-1.png" identifier="1316" type="webcontent">
      <file href="data/supplements28/unnamed-chunk-2-1.png"/>
    </resource>
    <resource href="data/supplements28/unnamed-chunk-3-1.png" identifier="1317" type="webcontent">
      <file href="data/supplements28/unnamed-chunk-3-1.png"/>
    </resource>
    <resource href="data/supplements29/unnamed-chunk-2-1.png" identifier="1318" type="webcontent">
      <file href="data/supplements29/unnamed-chunk-2-1.png"/>
    </resource>
    <resource href="data/supplements29/unnamed-chunk-3-1.png" identifier="1319" type="webcontent">
      <file href="data/supplements29/unnamed-chunk-3-1.png"/>
    </resource>
    <resource href="data/supplements3/unnamed-chunk-2-1.png" identifier="1320" type="webcontent">
      <file href="data/supplements3/unnamed-chunk-2-1.png"/>
    </resource>
    <resource href="data/supplements3/unnamed-chunk-3-1.png" identifier="1321" type="webcontent">
      <file href="data/supplements3/unnamed-chunk-3-1.png"/>
    </resource>
    <resource href="data/supplements30/unnamed-chunk-2-1.png" identifier="1322" type="webcontent">
      <file href="data/supplements30/unnamed-chunk-2-1.png"/>
    </resource>
    <resource href="data/supplements30/unnamed-chunk-3-1.png" identifier="1323" type="webcontent">
      <file href="data/supplements30/unnamed-chunk-3-1.png"/>
    </resource>
    <resource href="data/supplements31/unnamed-chunk-2-1.png" identifier="1324" type="webcontent">
      <file href="data/supplements31/unnamed-chunk-2-1.png"/>
    </resource>
    <resource href="data/supplements31/unnamed-chunk-3-1.png" identifier="1325" type="webcontent">
      <file href="data/supplements31/unnamed-chunk-3-1.png"/>
    </resource>
    <resource href="data/supplements32/unnamed-chunk-2-1.png" identifier="1326" type="webcontent">
      <file href="data/supplements32/unnamed-chunk-2-1.png"/>
    </resource>
    <resource href="data/supplements32/unnamed-chunk-3-1.png" identifier="1327" type="webcontent">
      <file href="data/supplements32/unnamed-chunk-3-1.png"/>
    </resource>
    <resource href="data/supplements33/unnamed-chunk-2-1.png" identifier="1328" type="webcontent">
      <file href="data/supplements33/unnamed-chunk-2-1.png"/>
    </resource>
    <resource href="data/supplements33/unnamed-chunk-3-1.png" identifier="1329" type="webcontent">
      <file href="data/supplements33/unnamed-chunk-3-1.png"/>
    </resource>
    <resource href="data/supplements34/unnamed-chunk-2-1.png" identifier="1330" type="webcontent">
      <file href="data/supplements34/unnamed-chunk-2-1.png"/>
    </resource>
    <resource href="data/supplements34/unnamed-chunk-3-1.png" identifier="1331" type="webcontent">
      <file href="data/supplements34/unnamed-chunk-3-1.png"/>
    </resource>
    <resource href="data/supplements35/unnamed-chunk-2-1.png" identifier="1332" type="webcontent">
      <file href="data/supplements35/unnamed-chunk-2-1.png"/>
    </resource>
    <resource href="data/supplements35/unnamed-chunk-3-1.png" identifier="1333" type="webcontent">
      <file href="data/supplements35/unnamed-chunk-3-1.png"/>
    </resource>
    <resource href="data/supplements36/unnamed-chunk-2-1.png" identifier="1334" type="webcontent">
      <file href="data/supplements36/unnamed-chunk-2-1.png"/>
    </resource>
    <resource href="data/supplements36/unnamed-chunk-3-1.png" identifier="1335" type="webcontent">
      <file href="data/supplements36/unnamed-chunk-3-1.png"/>
    </resource>
    <resource href="data/supplements37/unnamed-chunk-2-1.png" identifier="1336" type="webcontent">
      <file href="data/supplements37/unnamed-chunk-2-1.png"/>
    </resource>
    <resource href="data/supplements37/unnamed-chunk-3-1.png" identifier="1337" type="webcontent">
      <file href="data/supplements37/unnamed-chunk-3-1.png"/>
    </resource>
    <resource href="data/supplements38/unnamed-chunk-2-1.png" identifier="1338" type="webcontent">
      <file href="data/supplements38/unnamed-chunk-2-1.png"/>
    </resource>
    <resource href="data/supplements38/unnamed-chunk-3-1.png" identifier="1339" type="webcontent">
      <file href="data/supplements38/unnamed-chunk-3-1.png"/>
    </resource>
    <resource href="data/supplements39/unnamed-chunk-2-1.png" identifier="1340" type="webcontent">
      <file href="data/supplements39/unnamed-chunk-2-1.png"/>
    </resource>
    <resource href="data/supplements39/unnamed-chunk-3-1.png" identifier="1341" type="webcontent">
      <file href="data/supplements39/unnamed-chunk-3-1.png"/>
    </resource>
    <resource href="data/supplements4/unnamed-chunk-2-1.png" identifier="1342" type="webcontent">
      <file href="data/supplements4/unnamed-chunk-2-1.png"/>
    </resource>
    <resource href="data/supplements4/unnamed-chunk-3-1.png" identifier="1343" type="webcontent">
      <file href="data/supplements4/unnamed-chunk-3-1.png"/>
    </resource>
    <resource href="data/supplements40/unnamed-chunk-2-1.png" identifier="1344" type="webcontent">
      <file href="data/supplements40/unnamed-chunk-2-1.png"/>
    </resource>
    <resource href="data/supplements40/unnamed-chunk-3-1.png" identifier="1345" type="webcontent">
      <file href="data/supplements40/unnamed-chunk-3-1.png"/>
    </resource>
    <resource href="data/supplements41/unnamed-chunk-2-1.png" identifier="1346" type="webcontent">
      <file href="data/supplements41/unnamed-chunk-2-1.png"/>
    </resource>
    <resource href="data/supplements41/unnamed-chunk-3-1.png" identifier="1347" type="webcontent">
      <file href="data/supplements41/unnamed-chunk-3-1.png"/>
    </resource>
    <resource href="data/supplements42/unnamed-chunk-2-1.png" identifier="1348" type="webcontent">
      <file href="data/supplements42/unnamed-chunk-2-1.png"/>
    </resource>
    <resource href="data/supplements42/unnamed-chunk-3-1.png" identifier="1349" type="webcontent">
      <file href="data/supplements42/unnamed-chunk-3-1.png"/>
    </resource>
    <resource href="data/supplements43/unnamed-chunk-2-1.png" identifier="1350" type="webcontent">
      <file href="data/supplements43/unnamed-chunk-2-1.png"/>
    </resource>
    <resource href="data/supplements43/unnamed-chunk-3-1.png" identifier="1351" type="webcontent">
      <file href="data/supplements43/unnamed-chunk-3-1.png"/>
    </resource>
    <resource href="data/supplements44/unnamed-chunk-2-1.png" identifier="1352" type="webcontent">
      <file href="data/supplements44/unnamed-chunk-2-1.png"/>
    </resource>
    <resource href="data/supplements44/unnamed-chunk-3-1.png" identifier="1353" type="webcontent">
      <file href="data/supplements44/unnamed-chunk-3-1.png"/>
    </resource>
    <resource href="data/supplements45/unnamed-chunk-2-1.png" identifier="1354" type="webcontent">
      <file href="data/supplements45/unnamed-chunk-2-1.png"/>
    </resource>
    <resource href="data/supplements45/unnamed-chunk-3-1.png" identifier="1355" type="webcontent">
      <file href="data/supplements45/unnamed-chunk-3-1.png"/>
    </resource>
    <resource href="data/supplements46/unnamed-chunk-2-1.png" identifier="1356" type="webcontent">
      <file href="data/supplements46/unnamed-chunk-2-1.png"/>
    </resource>
    <resource href="data/supplements46/unnamed-chunk-3-1.png" identifier="1357" type="webcontent">
      <file href="data/supplements46/unnamed-chunk-3-1.png"/>
    </resource>
    <resource href="data/supplements47/unnamed-chunk-2-1.png" identifier="1358" type="webcontent">
      <file href="data/supplements47/unnamed-chunk-2-1.png"/>
    </resource>
    <resource href="data/supplements47/unnamed-chunk-3-1.png" identifier="1359" type="webcontent">
      <file href="data/supplements47/unnamed-chunk-3-1.png"/>
    </resource>
    <resource href="data/supplements48/unnamed-chunk-2-1.png" identifier="1360" type="webcontent">
      <file href="data/supplements48/unnamed-chunk-2-1.png"/>
    </resource>
    <resource href="data/supplements48/unnamed-chunk-3-1.png" identifier="1361" type="webcontent">
      <file href="data/supplements48/unnamed-chunk-3-1.png"/>
    </resource>
    <resource href="data/supplements49/unnamed-chunk-2-1.png" identifier="1362" type="webcontent">
      <file href="data/supplements49/unnamed-chunk-2-1.png"/>
    </resource>
    <resource href="data/supplements49/unnamed-chunk-3-1.png" identifier="1363" type="webcontent">
      <file href="data/supplements49/unnamed-chunk-3-1.png"/>
    </resource>
    <resource href="data/supplements5/unnamed-chunk-2-1.png" identifier="1364" type="webcontent">
      <file href="data/supplements5/unnamed-chunk-2-1.png"/>
    </resource>
    <resource href="data/supplements5/unnamed-chunk-3-1.png" identifier="1365" type="webcontent">
      <file href="data/supplements5/unnamed-chunk-3-1.png"/>
    </resource>
    <resource href="data/supplements50/unnamed-chunk-2-1.png" identifier="1366" type="webcontent">
      <file href="data/supplements50/unnamed-chunk-2-1.png"/>
    </resource>
    <resource href="data/supplements50/unnamed-chunk-3-1.png" identifier="1367" type="webcontent">
      <file href="data/supplements50/unnamed-chunk-3-1.png"/>
    </resource>
    <resource href="data/supplements51/unnamed-chunk-2-1.png" identifier="1368" type="webcontent">
      <file href="data/supplements51/unnamed-chunk-2-1.png"/>
    </resource>
    <resource href="data/supplements51/unnamed-chunk-3-1.png" identifier="1369" type="webcontent">
      <file href="data/supplements51/unnamed-chunk-3-1.png"/>
    </resource>
    <resource href="data/supplements52/unnamed-chunk-2-1.png" identifier="1370" type="webcontent">
      <file href="data/supplements52/unnamed-chunk-2-1.png"/>
    </resource>
    <resource href="data/supplements52/unnamed-chunk-3-1.png" identifier="1371" type="webcontent">
      <file href="data/supplements52/unnamed-chunk-3-1.png"/>
    </resource>
    <resource href="data/supplements53/unnamed-chunk-2-1.png" identifier="1372" type="webcontent">
      <file href="data/supplements53/unnamed-chunk-2-1.png"/>
    </resource>
    <resource href="data/supplements53/unnamed-chunk-3-1.png" identifier="1373" type="webcontent">
      <file href="data/supplements53/unnamed-chunk-3-1.png"/>
    </resource>
    <resource href="data/supplements54/unnamed-chunk-2-1.png" identifier="1374" type="webcontent">
      <file href="data/supplements54/unnamed-chunk-2-1.png"/>
    </resource>
    <resource href="data/supplements54/unnamed-chunk-3-1.png" identifier="1375" type="webcontent">
      <file href="data/supplements54/unnamed-chunk-3-1.png"/>
    </resource>
    <resource href="data/supplements55/unnamed-chunk-2-1.png" identifier="1376" type="webcontent">
      <file href="data/supplements55/unnamed-chunk-2-1.png"/>
    </resource>
    <resource href="data/supplements55/unnamed-chunk-3-1.png" identifier="1377" type="webcontent">
      <file href="data/supplements55/unnamed-chunk-3-1.png"/>
    </resource>
    <resource href="data/supplements56/unnamed-chunk-2-1.png" identifier="1378" type="webcontent">
      <file href="data/supplements56/unnamed-chunk-2-1.png"/>
    </resource>
    <resource href="data/supplements56/unnamed-chunk-3-1.png" identifier="1379" type="webcontent">
      <file href="data/supplements56/unnamed-chunk-3-1.png"/>
    </resource>
    <resource href="data/supplements57/unnamed-chunk-2-1.png" identifier="1380" type="webcontent">
      <file href="data/supplements57/unnamed-chunk-2-1.png"/>
    </resource>
    <resource href="data/supplements57/unnamed-chunk-3-1.png" identifier="1381" type="webcontent">
      <file href="data/supplements57/unnamed-chunk-3-1.png"/>
    </resource>
    <resource href="data/supplements58/unnamed-chunk-2-1.png" identifier="1382" type="webcontent">
      <file href="data/supplements58/unnamed-chunk-2-1.png"/>
    </resource>
    <resource href="data/supplements58/unnamed-chunk-3-1.png" identifier="1383" type="webcontent">
      <file href="data/supplements58/unnamed-chunk-3-1.png"/>
    </resource>
    <resource href="data/supplements59/unnamed-chunk-2-1.png" identifier="1384" type="webcontent">
      <file href="data/supplements59/unnamed-chunk-2-1.png"/>
    </resource>
    <resource href="data/supplements59/unnamed-chunk-3-1.png" identifier="1385" type="webcontent">
      <file href="data/supplements59/unnamed-chunk-3-1.png"/>
    </resource>
    <resource href="data/supplements6/unnamed-chunk-2-1.png" identifier="1386" type="webcontent">
      <file href="data/supplements6/unnamed-chunk-2-1.png"/>
    </resource>
    <resource href="data/supplements6/unnamed-chunk-3-1.png" identifier="1387" type="webcontent">
      <file href="data/supplements6/unnamed-chunk-3-1.png"/>
    </resource>
    <resource href="data/supplements60/unnamed-chunk-2-1.png" identifier="1388" type="webcontent">
      <file href="data/supplements60/unnamed-chunk-2-1.png"/>
    </resource>
    <resource href="data/supplements60/unnamed-chunk-3-1.png" identifier="1389" type="webcontent">
      <file href="data/supplements60/unnamed-chunk-3-1.png"/>
    </resource>
    <resource href="data/supplements61/unnamed-chunk-2-1.png" identifier="1390" type="webcontent">
      <file href="data/supplements61/unnamed-chunk-2-1.png"/>
    </resource>
    <resource href="data/supplements61/unnamed-chunk-3-1.png" identifier="1391" type="webcontent">
      <file href="data/supplements61/unnamed-chunk-3-1.png"/>
    </resource>
    <resource href="data/supplements62/unnamed-chunk-2-1.png" identifier="1392" type="webcontent">
      <file href="data/supplements62/unnamed-chunk-2-1.png"/>
    </resource>
    <resource href="data/supplements62/unnamed-chunk-3-1.png" identifier="1393" type="webcontent">
      <file href="data/supplements62/unnamed-chunk-3-1.png"/>
    </resource>
    <resource href="data/supplements63/unnamed-chunk-2-1.png" identifier="1394" type="webcontent">
      <file href="data/supplements63/unnamed-chunk-2-1.png"/>
    </resource>
    <resource href="data/supplements63/unnamed-chunk-3-1.png" identifier="1395" type="webcontent">
      <file href="data/supplements63/unnamed-chunk-3-1.png"/>
    </resource>
    <resource href="data/supplements64/unnamed-chunk-2-1.png" identifier="1396" type="webcontent">
      <file href="data/supplements64/unnamed-chunk-2-1.png"/>
    </resource>
    <resource href="data/supplements64/unnamed-chunk-3-1.png" identifier="1397" type="webcontent">
      <file href="data/supplements64/unnamed-chunk-3-1.png"/>
    </resource>
    <resource href="data/supplements65/unnamed-chunk-2-1.png" identifier="1398" type="webcontent">
      <file href="data/supplements65/unnamed-chunk-2-1.png"/>
    </resource>
    <resource href="data/supplements65/unnamed-chunk-3-1.png" identifier="1399" type="webcontent">
      <file href="data/supplements65/unnamed-chunk-3-1.png"/>
    </resource>
    <resource href="data/supplements66/unnamed-chunk-2-1.png" identifier="1400" type="webcontent">
      <file href="data/supplements66/unnamed-chunk-2-1.png"/>
    </resource>
    <resource href="data/supplements66/unnamed-chunk-3-1.png" identifier="1401" type="webcontent">
      <file href="data/supplements66/unnamed-chunk-3-1.png"/>
    </resource>
    <resource href="data/supplements67/unnamed-chunk-2-1.png" identifier="1402" type="webcontent">
      <file href="data/supplements67/unnamed-chunk-2-1.png"/>
    </resource>
    <resource href="data/supplements67/unnamed-chunk-3-1.png" identifier="1403" type="webcontent">
      <file href="data/supplements67/unnamed-chunk-3-1.png"/>
    </resource>
    <resource href="data/supplements68/unnamed-chunk-2-1.png" identifier="1404" type="webcontent">
      <file href="data/supplements68/unnamed-chunk-2-1.png"/>
    </resource>
    <resource href="data/supplements68/unnamed-chunk-3-1.png" identifier="1405" type="webcontent">
      <file href="data/supplements68/unnamed-chunk-3-1.png"/>
    </resource>
    <resource href="data/supplements69/unnamed-chunk-2-1.png" identifier="1406" type="webcontent">
      <file href="data/supplements69/unnamed-chunk-2-1.png"/>
    </resource>
    <resource href="data/supplements69/unnamed-chunk-3-1.png" identifier="1407" type="webcontent">
      <file href="data/supplements69/unnamed-chunk-3-1.png"/>
    </resource>
    <resource href="data/supplements7/unnamed-chunk-2-1.png" identifier="1408" type="webcontent">
      <file href="data/supplements7/unnamed-chunk-2-1.png"/>
    </resource>
    <resource href="data/supplements7/unnamed-chunk-3-1.png" identifier="1409" type="webcontent">
      <file href="data/supplements7/unnamed-chunk-3-1.png"/>
    </resource>
    <resource href="data/supplements70/unnamed-chunk-2-1.png" identifier="1410" type="webcontent">
      <file href="data/supplements70/unnamed-chunk-2-1.png"/>
    </resource>
    <resource href="data/supplements70/unnamed-chunk-3-1.png" identifier="1411" type="webcontent">
      <file href="data/supplements70/unnamed-chunk-3-1.png"/>
    </resource>
    <resource href="data/supplements71/unnamed-chunk-2-1.png" identifier="1412" type="webcontent">
      <file href="data/supplements71/unnamed-chunk-2-1.png"/>
    </resource>
    <resource href="data/supplements71/unnamed-chunk-3-1.png" identifier="1413" type="webcontent">
      <file href="data/supplements71/unnamed-chunk-3-1.png"/>
    </resource>
    <resource href="data/supplements72/unnamed-chunk-2-1.png" identifier="1414" type="webcontent">
      <file href="data/supplements72/unnamed-chunk-2-1.png"/>
    </resource>
    <resource href="data/supplements72/unnamed-chunk-3-1.png" identifier="1415" type="webcontent">
      <file href="data/supplements72/unnamed-chunk-3-1.png"/>
    </resource>
    <resource href="data/supplements73/unnamed-chunk-2-1.png" identifier="1416" type="webcontent">
      <file href="data/supplements73/unnamed-chunk-2-1.png"/>
    </resource>
    <resource href="data/supplements73/unnamed-chunk-3-1.png" identifier="1417" type="webcontent">
      <file href="data/supplements73/unnamed-chunk-3-1.png"/>
    </resource>
    <resource href="data/supplements74/unnamed-chunk-2-1.png" identifier="1418" type="webcontent">
      <file href="data/supplements74/unnamed-chunk-2-1.png"/>
    </resource>
    <resource href="data/supplements74/unnamed-chunk-3-1.png" identifier="1419" type="webcontent">
      <file href="data/supplements74/unnamed-chunk-3-1.png"/>
    </resource>
    <resource href="data/supplements75/unnamed-chunk-2-1.png" identifier="1420" type="webcontent">
      <file href="data/supplements75/unnamed-chunk-2-1.png"/>
    </resource>
    <resource href="data/supplements75/unnamed-chunk-3-1.png" identifier="1421" type="webcontent">
      <file href="data/supplements75/unnamed-chunk-3-1.png"/>
    </resource>
    <resource href="data/supplements76/unnamed-chunk-2-1.png" identifier="1422" type="webcontent">
      <file href="data/supplements76/unnamed-chunk-2-1.png"/>
    </resource>
    <resource href="data/supplements76/unnamed-chunk-3-1.png" identifier="1423" type="webcontent">
      <file href="data/supplements76/unnamed-chunk-3-1.png"/>
    </resource>
    <resource href="data/supplements77/unnamed-chunk-2-1.png" identifier="1424" type="webcontent">
      <file href="data/supplements77/unnamed-chunk-2-1.png"/>
    </resource>
    <resource href="data/supplements77/unnamed-chunk-3-1.png" identifier="1425" type="webcontent">
      <file href="data/supplements77/unnamed-chunk-3-1.png"/>
    </resource>
    <resource href="data/supplements78/unnamed-chunk-2-1.png" identifier="1426" type="webcontent">
      <file href="data/supplements78/unnamed-chunk-2-1.png"/>
    </resource>
    <resource href="data/supplements78/unnamed-chunk-3-1.png" identifier="1427" type="webcontent">
      <file href="data/supplements78/unnamed-chunk-3-1.png"/>
    </resource>
    <resource href="data/supplements79/unnamed-chunk-2-1.png" identifier="1428" type="webcontent">
      <file href="data/supplements79/unnamed-chunk-2-1.png"/>
    </resource>
    <resource href="data/supplements79/unnamed-chunk-3-1.png" identifier="1429" type="webcontent">
      <file href="data/supplements79/unnamed-chunk-3-1.png"/>
    </resource>
    <resource href="data/supplements8/unnamed-chunk-2-1.png" identifier="1430" type="webcontent">
      <file href="data/supplements8/unnamed-chunk-2-1.png"/>
    </resource>
    <resource href="data/supplements8/unnamed-chunk-3-1.png" identifier="1431" type="webcontent">
      <file href="data/supplements8/unnamed-chunk-3-1.png"/>
    </resource>
    <resource href="data/supplements80/unnamed-chunk-2-1.png" identifier="1432" type="webcontent">
      <file href="data/supplements80/unnamed-chunk-2-1.png"/>
    </resource>
    <resource href="data/supplements80/unnamed-chunk-3-1.png" identifier="1433" type="webcontent">
      <file href="data/supplements80/unnamed-chunk-3-1.png"/>
    </resource>
    <resource href="data/supplements81/unnamed-chunk-2-1.png" identifier="1434" type="webcontent">
      <file href="data/supplements81/unnamed-chunk-2-1.png"/>
    </resource>
    <resource href="data/supplements81/unnamed-chunk-3-1.png" identifier="1435" type="webcontent">
      <file href="data/supplements81/unnamed-chunk-3-1.png"/>
    </resource>
    <resource href="data/supplements82/unnamed-chunk-2-1.png" identifier="1436" type="webcontent">
      <file href="data/supplements82/unnamed-chunk-2-1.png"/>
    </resource>
    <resource href="data/supplements82/unnamed-chunk-3-1.png" identifier="1437" type="webcontent">
      <file href="data/supplements82/unnamed-chunk-3-1.png"/>
    </resource>
    <resource href="data/supplements83/unnamed-chunk-2-1.png" identifier="1438" type="webcontent">
      <file href="data/supplements83/unnamed-chunk-2-1.png"/>
    </resource>
    <resource href="data/supplements83/unnamed-chunk-3-1.png" identifier="1439" type="webcontent">
      <file href="data/supplements83/unnamed-chunk-3-1.png"/>
    </resource>
    <resource href="data/supplements84/unnamed-chunk-2-1.png" identifier="1440" type="webcontent">
      <file href="data/supplements84/unnamed-chunk-2-1.png"/>
    </resource>
    <resource href="data/supplements84/unnamed-chunk-3-1.png" identifier="1441" type="webcontent">
      <file href="data/supplements84/unnamed-chunk-3-1.png"/>
    </resource>
    <resource href="data/supplements85/unnamed-chunk-2-1.png" identifier="1442" type="webcontent">
      <file href="data/supplements85/unnamed-chunk-2-1.png"/>
    </resource>
    <resource href="data/supplements85/unnamed-chunk-3-1.png" identifier="1443" type="webcontent">
      <file href="data/supplements85/unnamed-chunk-3-1.png"/>
    </resource>
    <resource href="data/supplements86/unnamed-chunk-2-1.png" identifier="1444" type="webcontent">
      <file href="data/supplements86/unnamed-chunk-2-1.png"/>
    </resource>
    <resource href="data/supplements86/unnamed-chunk-3-1.png" identifier="1445" type="webcontent">
      <file href="data/supplements86/unnamed-chunk-3-1.png"/>
    </resource>
    <resource href="data/supplements87/unnamed-chunk-2-1.png" identifier="1446" type="webcontent">
      <file href="data/supplements87/unnamed-chunk-2-1.png"/>
    </resource>
    <resource href="data/supplements87/unnamed-chunk-3-1.png" identifier="1447" type="webcontent">
      <file href="data/supplements87/unnamed-chunk-3-1.png"/>
    </resource>
    <resource href="data/supplements88/unnamed-chunk-2-1.png" identifier="1448" type="webcontent">
      <file href="data/supplements88/unnamed-chunk-2-1.png"/>
    </resource>
    <resource href="data/supplements88/unnamed-chunk-3-1.png" identifier="1449" type="webcontent">
      <file href="data/supplements88/unnamed-chunk-3-1.png"/>
    </resource>
    <resource href="data/supplements89/unnamed-chunk-2-1.png" identifier="1450" type="webcontent">
      <file href="data/supplements89/unnamed-chunk-2-1.png"/>
    </resource>
    <resource href="data/supplements89/unnamed-chunk-3-1.png" identifier="1451" type="webcontent">
      <file href="data/supplements89/unnamed-chunk-3-1.png"/>
    </resource>
    <resource href="data/supplements9/unnamed-chunk-2-1.png" identifier="1452" type="webcontent">
      <file href="data/supplements9/unnamed-chunk-2-1.png"/>
    </resource>
    <resource href="data/supplements9/unnamed-chunk-3-1.png" identifier="1453" type="webcontent">
      <file href="data/supplements9/unnamed-chunk-3-1.png"/>
    </resource>
    <resource href="data/supplements90/unnamed-chunk-2-1.png" identifier="1454" type="webcontent">
      <file href="data/supplements90/unnamed-chunk-2-1.png"/>
    </resource>
    <resource href="data/supplements90/unnamed-chunk-3-1.png" identifier="1455" type="webcontent">
      <file href="data/supplements90/unnamed-chunk-3-1.png"/>
    </resource>
    <resource href="data/supplements91/unnamed-chunk-2-1.png" identifier="1456" type="webcontent">
      <file href="data/supplements91/unnamed-chunk-2-1.png"/>
    </resource>
    <resource href="data/supplements91/unnamed-chunk-3-1.png" identifier="1457" type="webcontent">
      <file href="data/supplements91/unnamed-chunk-3-1.png"/>
    </resource>
    <resource href="data/supplements92/unnamed-chunk-2-1.png" identifier="1458" type="webcontent">
      <file href="data/supplements92/unnamed-chunk-2-1.png"/>
    </resource>
    <resource href="data/supplements92/unnamed-chunk-3-1.png" identifier="1459" type="webcontent">
      <file href="data/supplements92/unnamed-chunk-3-1.png"/>
    </resource>
    <resource href="data/supplements93/unnamed-chunk-2-1.png" identifier="1460" type="webcontent">
      <file href="data/supplements93/unnamed-chunk-2-1.png"/>
    </resource>
    <resource href="data/supplements93/unnamed-chunk-3-1.png" identifier="1461" type="webcontent">
      <file href="data/supplements93/unnamed-chunk-3-1.png"/>
    </resource>
    <resource href="data/supplements94/unnamed-chunk-2-1.png" identifier="1462" type="webcontent">
      <file href="data/supplements94/unnamed-chunk-2-1.png"/>
    </resource>
    <resource href="data/supplements94/unnamed-chunk-3-1.png" identifier="1463" type="webcontent">
      <file href="data/supplements94/unnamed-chunk-3-1.png"/>
    </resource>
    <resource href="data/supplements95/unnamed-chunk-2-1.png" identifier="1464" type="webcontent">
      <file href="data/supplements95/unnamed-chunk-2-1.png"/>
    </resource>
    <resource href="data/supplements95/unnamed-chunk-3-1.png" identifier="1465" type="webcontent">
      <file href="data/supplements95/unnamed-chunk-3-1.png"/>
    </resource>
    <resource href="data/supplements96/unnamed-chunk-2-1.png" identifier="1466" type="webcontent">
      <file href="data/supplements96/unnamed-chunk-2-1.png"/>
    </resource>
    <resource href="data/supplements96/unnamed-chunk-3-1.png" identifier="1467" type="webcontent">
      <file href="data/supplements96/unnamed-chunk-3-1.png"/>
    </resource>
    <resource href="data/supplements97/unnamed-chunk-2-1.png" identifier="1468" type="webcontent">
      <file href="data/supplements97/unnamed-chunk-2-1.png"/>
    </resource>
    <resource href="data/supplements97/unnamed-chunk-3-1.png" identifier="1469" type="webcontent">
      <file href="data/supplements97/unnamed-chunk-3-1.png"/>
    </resource>
    <resource href="data/supplements98/unnamed-chunk-2-1.png" identifier="1470" type="webcontent">
      <file href="data/supplements98/unnamed-chunk-2-1.png"/>
    </resource>
    <resource href="data/supplements98/unnamed-chunk-3-1.png" identifier="1471" type="webcontent">
      <file href="data/supplements98/unnamed-chunk-3-1.png"/>
    </resource>
    <resource href="data/supplements99/unnamed-chunk-2-1.png" identifier="1472" type="webcontent">
      <file href="data/supplements99/unnamed-chunk-2-1.png"/>
    </resource>
    <resource href="data/supplements99/unnamed-chunk-3-1.png" identifier="1473" type="webcontent">
      <file href="data/supplements99/unnamed-chunk-3-1.png"/>
    </resource>
  </resources>
</manifest>
