<?xml version="1.0" encoding="UTF-8"?>
<!DOCTYPE questestinterop SYSTEM "ims_qtiasiv1p2p1.dtd">

<questestinterop>
<assessment ident="u13_03_right_tri_complems_deg_425390125" title="u13_03_right_tri_complems_deg">

<qtimetadata>
<qtimetadatafield>
<fieldlabel>cc_maxattempts</fieldlabel>
<fieldentry>10</fieldentry>
</qtimetadatafield>
<qtimetadatafield>
<fieldlabel>qmd_assessmenttype</fieldlabel>
<fieldentry>Assessment</fieldentry>
</qtimetadatafield>
</qtimetadata>
<objectives>
<material>
<mattext><![CDATA[Please solve the following exercises.]]></mattext>
</material>
</objectives>
<assessmentcontrol feedbackswitch="No" hintswitch="No" solutionswitch="Yes"/>
<outcomes_processing scoremodel="SumOfScores">
<outcomes>
<decvar varname="SCORE" vartype="Decimal" cutvalue="0"/>
</outcomes>
</outcomes_processing>
<assessfeedback title="AssessmentFeedback" ident="AssessmentFeedback">
<flow_mat>
<material>
<mattext>##AssessmentFeedback##</mattext>
</material>
</flow_mat>
</assessfeedback>

<section ident="u13_03_right_tri_complems_deg_425390125_section_1" title="Exercise">

<objectives>
<material>
<mattext><![CDATA[Please answer the following question.]]></mattext>
</material>
</objectives>
<selection_ordering>
<selection>
<selection_number>1</selection_number>
<selection_extension>
<points_per_item>3</points_per_item>
</selection_extension>
</selection>
<order order_type="Random"/>
</selection_ordering>

<item ident="u13_03_right_tri_complems_deg_425390125_section_1_item_01_num" title="Question" maxattempts="10">
<itemcontrol feedbackswitch="No" hintswitch="No" solutionswitch="Yes"/>
<itemmetadata>
<qtimetadata>
<qtimetadatafield>
<fieldlabel>question_type</fieldlabel>
<fieldentry>numerical_question</fieldentry>
</qtimetadatafield>
</qtimetadata>
</itemmetadata>
<presentation>
<flow>
<material>
<matbreak/>
<mattext texttype="text/html" charset="utf-8"><![CDATA[
<p>A right triangle is drawn such that its hypotenuse connects the origin to the edge of the unit circle in the first quadrant. The acute angle at the origin has a measure of 32.8°. What is the measure, in degrees, of the other acute angle of the right triangle?</p>
<p><img src="data/supplements1/unnamed-chunk-1-1.png" alt="plot of chunk unnamed-chunk-1" /><br />
</p>
]]></mattext>
<matbreak/>
</material>
<response_num ident="u13_03_right_tri_complems_deg_425390125_section_1_item_01_num_RESPONSE_1591085" rcardinality="Single" numtype="Decimal">
<render_fib fibtype="Decimal" maxchars="12">
<flow_label class="Block">
<response_label ident="u13_03_right_tri_complems_deg_425390125_section_1_item_01_num_RESPONSE_1591085" rshuffle="No"/>
</flow_label>
</render_fib>
</response_num>
<material>
<matbreak/>
</material>
</flow>
</presentation>
<resprocessing>
<outcomes>
<decvar varname="SCORE" vartype="Decimal" defaultval="0" minvalue="0" maxvalue="3" cutvalue="3"/>
</outcomes>
<respcondition title="Mastery" continue="No">
<conditionvar>

<or>
<varequal respident="u13_03_right_tri_complems_deg_425390125_section_1_item_01_num_RESPONSE_1591085" case="No"><![CDATA[57.2]]></varequal>
<and>
<vargte respident="u13_03_right_tri_complems_deg_425390125_section_1_item_01_num_RESPONSE_1591085"><![CDATA[57.1999]]></vargte>
<varlte respident="u13_03_right_tri_complems_deg_425390125_section_1_item_01_num_RESPONSE_1591085"><![CDATA[57.2001]]></varlte>
</and>
</or>
</conditionvar>
<setvar varname="SCORE" action="Set">3</setvar>
<displayfeedback feedbacktype="Response" linkrefid="correct_fb"/>
</respcondition>
<respcondition continue="Yes">
<conditionvar>
<other/>
</conditionvar>
<displayfeedback feedbacktype="Response" linkrefid="general_incorrect_fb"/>
</respcondition>
</resprocessing>
<itemfeedback ident="correct_fb" view="All">
<flow_mat>
<material>
<mattext texttype="text/html"><![CDATA[

]]></mattext>
</material>
</flow_mat>
</itemfeedback>
<itemfeedback ident="general_incorrect_fb" view="All">
<flow_mat>
<material>
<mattext texttype="text/html"><![CDATA[

]]></mattext>
</material>
</flow_mat>
</itemfeedback>
</item>

<item ident="u13_03_right_tri_complems_deg_425390125_section_1_item_02_num" title="Question" maxattempts="10">
<itemcontrol feedbackswitch="No" hintswitch="No" solutionswitch="Yes"/>
<itemmetadata>
<qtimetadata>
<qtimetadatafield>
<fieldlabel>question_type</fieldlabel>
<fieldentry>numerical_question</fieldentry>
</qtimetadatafield>
</qtimetadata>
</itemmetadata>
<presentation>
<flow>
<material>
<matbreak/>
<mattext texttype="text/html" charset="utf-8"><![CDATA[
<p>A right triangle is drawn such that its hypotenuse connects the origin to the edge of the unit circle in the first quadrant. The acute angle at the origin has a measure of 60.1°. What is the measure, in degrees, of the other acute angle of the right triangle?</p>
<p><img src="data/supplements2/unnamed-chunk-1-1.png" alt="plot of chunk unnamed-chunk-1" /><br />
</p>
]]></mattext>
<matbreak/>
</material>
<response_num ident="u13_03_right_tri_complems_deg_425390125_section_1_item_02_num_RESPONSE_4311845" rcardinality="Single" numtype="Decimal">
<render_fib fibtype="Decimal" maxchars="12">
<flow_label class="Block">
<response_label ident="u13_03_right_tri_complems_deg_425390125_section_1_item_02_num_RESPONSE_4311845" rshuffle="No"/>
</flow_label>
</render_fib>
</response_num>
<material>
<matbreak/>
</material>
</flow>
</presentation>
<resprocessing>
<outcomes>
<decvar varname="SCORE" vartype="Decimal" defaultval="0" minvalue="0" maxvalue="3" cutvalue="3"/>
</outcomes>
<respcondition title="Mastery" continue="No">
<conditionvar>

<or>
<varequal respident="u13_03_right_tri_complems_deg_425390125_section_1_item_02_num_RESPONSE_4311845" case="No"><![CDATA[29.9]]></varequal>
<and>
<vargte respident="u13_03_right_tri_complems_deg_425390125_section_1_item_02_num_RESPONSE_4311845"><![CDATA[29.8999]]></vargte>
<varlte respident="u13_03_right_tri_complems_deg_425390125_section_1_item_02_num_RESPONSE_4311845"><![CDATA[29.9001]]></varlte>
</and>
</or>
</conditionvar>
<setvar varname="SCORE" action="Set">3</setvar>
<displayfeedback feedbacktype="Response" linkrefid="correct_fb"/>
</respcondition>
<respcondition continue="Yes">
<conditionvar>
<other/>
</conditionvar>
<displayfeedback feedbacktype="Response" linkrefid="general_incorrect_fb"/>
</respcondition>
</resprocessing>
<itemfeedback ident="correct_fb" view="All">
<flow_mat>
<material>
<mattext texttype="text/html"><![CDATA[

]]></mattext>
</material>
</flow_mat>
</itemfeedback>
<itemfeedback ident="general_incorrect_fb" view="All">
<flow_mat>
<material>
<mattext texttype="text/html"><![CDATA[

]]></mattext>
</material>
</flow_mat>
</itemfeedback>
</item>

<item ident="u13_03_right_tri_complems_deg_425390125_section_1_item_03_num" title="Question" maxattempts="10">
<itemcontrol feedbackswitch="No" hintswitch="No" solutionswitch="Yes"/>
<itemmetadata>
<qtimetadata>
<qtimetadatafield>
<fieldlabel>question_type</fieldlabel>
<fieldentry>numerical_question</fieldentry>
</qtimetadatafield>
</qtimetadata>
</itemmetadata>
<presentation>
<flow>
<material>
<matbreak/>
<mattext texttype="text/html" charset="utf-8"><![CDATA[
<p>A right triangle is drawn such that its hypotenuse connects the origin to the edge of the unit circle in the first quadrant. The acute angle at the origin has a measure of 70°. What is the measure, in degrees, of the other acute angle of the right triangle?</p>
<p><img src="data/supplements3/unnamed-chunk-1-1.png" alt="plot of chunk unnamed-chunk-1" /><br />
</p>
]]></mattext>
<matbreak/>
</material>
<response_num ident="u13_03_right_tri_complems_deg_425390125_section_1_item_03_num_RESPONSE_2324747" rcardinality="Single" numtype="Decimal">
<render_fib fibtype="Decimal" maxchars="12">
<flow_label class="Block">
<response_label ident="u13_03_right_tri_complems_deg_425390125_section_1_item_03_num_RESPONSE_2324747" rshuffle="No"/>
</flow_label>
</render_fib>
</response_num>
<material>
<matbreak/>
</material>
</flow>
</presentation>
<resprocessing>
<outcomes>
<decvar varname="SCORE" vartype="Decimal" defaultval="0" minvalue="0" maxvalue="3" cutvalue="3"/>
</outcomes>
<respcondition title="Mastery" continue="No">
<conditionvar>

<or>
<varequal respident="u13_03_right_tri_complems_deg_425390125_section_1_item_03_num_RESPONSE_2324747" case="No"><![CDATA[20]]></varequal>
<and>
<vargte respident="u13_03_right_tri_complems_deg_425390125_section_1_item_03_num_RESPONSE_2324747"><![CDATA[19.9999]]></vargte>
<varlte respident="u13_03_right_tri_complems_deg_425390125_section_1_item_03_num_RESPONSE_2324747"><![CDATA[20.0001]]></varlte>
</and>
</or>
</conditionvar>
<setvar varname="SCORE" action="Set">3</setvar>
<displayfeedback feedbacktype="Response" linkrefid="correct_fb"/>
</respcondition>
<respcondition continue="Yes">
<conditionvar>
<other/>
</conditionvar>
<displayfeedback feedbacktype="Response" linkrefid="general_incorrect_fb"/>
</respcondition>
</resprocessing>
<itemfeedback ident="correct_fb" view="All">
<flow_mat>
<material>
<mattext texttype="text/html"><![CDATA[

]]></mattext>
</material>
</flow_mat>
</itemfeedback>
<itemfeedback ident="general_incorrect_fb" view="All">
<flow_mat>
<material>
<mattext texttype="text/html"><![CDATA[

]]></mattext>
</material>
</flow_mat>
</itemfeedback>
</item>

<item ident="u13_03_right_tri_complems_deg_425390125_section_1_item_04_num" title="Question" maxattempts="10">
<itemcontrol feedbackswitch="No" hintswitch="No" solutionswitch="Yes"/>
<itemmetadata>
<qtimetadata>
<qtimetadatafield>
<fieldlabel>question_type</fieldlabel>
<fieldentry>numerical_question</fieldentry>
</qtimetadatafield>
</qtimetadata>
</itemmetadata>
<presentation>
<flow>
<material>
<matbreak/>
<mattext texttype="text/html" charset="utf-8"><![CDATA[
<p>A right triangle is drawn such that its hypotenuse connects the origin to the edge of the unit circle in the first quadrant. The acute angle at the origin has a measure of 54.4°. What is the measure, in degrees, of the other acute angle of the right triangle?</p>
<p><img src="data/supplements4/unnamed-chunk-1-1.png" alt="plot of chunk unnamed-chunk-1" /><br />
</p>
]]></mattext>
<matbreak/>
</material>
<response_num ident="u13_03_right_tri_complems_deg_425390125_section_1_item_04_num_RESPONSE_5658952" rcardinality="Single" numtype="Decimal">
<render_fib fibtype="Decimal" maxchars="12">
<flow_label class="Block">
<response_label ident="u13_03_right_tri_complems_deg_425390125_section_1_item_04_num_RESPONSE_5658952" rshuffle="No"/>
</flow_label>
</render_fib>
</response_num>
<material>
<matbreak/>
</material>
</flow>
</presentation>
<resprocessing>
<outcomes>
<decvar varname="SCORE" vartype="Decimal" defaultval="0" minvalue="0" maxvalue="3" cutvalue="3"/>
</outcomes>
<respcondition title="Mastery" continue="No">
<conditionvar>

<or>
<varequal respident="u13_03_right_tri_complems_deg_425390125_section_1_item_04_num_RESPONSE_5658952" case="No"><![CDATA[35.6]]></varequal>
<and>
<vargte respident="u13_03_right_tri_complems_deg_425390125_section_1_item_04_num_RESPONSE_5658952"><![CDATA[35.5999]]></vargte>
<varlte respident="u13_03_right_tri_complems_deg_425390125_section_1_item_04_num_RESPONSE_5658952"><![CDATA[35.6001]]></varlte>
</and>
</or>
</conditionvar>
<setvar varname="SCORE" action="Set">3</setvar>
<displayfeedback feedbacktype="Response" linkrefid="correct_fb"/>
</respcondition>
<respcondition continue="Yes">
<conditionvar>
<other/>
</conditionvar>
<displayfeedback feedbacktype="Response" linkrefid="general_incorrect_fb"/>
</respcondition>
</resprocessing>
<itemfeedback ident="correct_fb" view="All">
<flow_mat>
<material>
<mattext texttype="text/html"><![CDATA[

]]></mattext>
</material>
</flow_mat>
</itemfeedback>
<itemfeedback ident="general_incorrect_fb" view="All">
<flow_mat>
<material>
<mattext texttype="text/html"><![CDATA[

]]></mattext>
</material>
</flow_mat>
</itemfeedback>
</item>

<item ident="u13_03_right_tri_complems_deg_425390125_section_1_item_05_num" title="Question" maxattempts="10">
<itemcontrol feedbackswitch="No" hintswitch="No" solutionswitch="Yes"/>
<itemmetadata>
<qtimetadata>
<qtimetadatafield>
<fieldlabel>question_type</fieldlabel>
<fieldentry>numerical_question</fieldentry>
</qtimetadatafield>
</qtimetadata>
</itemmetadata>
<presentation>
<flow>
<material>
<matbreak/>
<mattext texttype="text/html" charset="utf-8"><![CDATA[
<p>A right triangle is drawn such that its hypotenuse connects the origin to the edge of the unit circle in the first quadrant. The acute angle at the origin has a measure of 40.5°. What is the measure, in degrees, of the other acute angle of the right triangle?</p>
<p><img src="data/supplements5/unnamed-chunk-1-1.png" alt="plot of chunk unnamed-chunk-1" /><br />
</p>
]]></mattext>
<matbreak/>
</material>
<response_num ident="u13_03_right_tri_complems_deg_425390125_section_1_item_05_num_RESPONSE_8976586" rcardinality="Single" numtype="Decimal">
<render_fib fibtype="Decimal" maxchars="12">
<flow_label class="Block">
<response_label ident="u13_03_right_tri_complems_deg_425390125_section_1_item_05_num_RESPONSE_8976586" rshuffle="No"/>
</flow_label>
</render_fib>
</response_num>
<material>
<matbreak/>
</material>
</flow>
</presentation>
<resprocessing>
<outcomes>
<decvar varname="SCORE" vartype="Decimal" defaultval="0" minvalue="0" maxvalue="3" cutvalue="3"/>
</outcomes>
<respcondition title="Mastery" continue="No">
<conditionvar>

<or>
<varequal respident="u13_03_right_tri_complems_deg_425390125_section_1_item_05_num_RESPONSE_8976586" case="No"><![CDATA[49.5]]></varequal>
<and>
<vargte respident="u13_03_right_tri_complems_deg_425390125_section_1_item_05_num_RESPONSE_8976586"><![CDATA[49.4999]]></vargte>
<varlte respident="u13_03_right_tri_complems_deg_425390125_section_1_item_05_num_RESPONSE_8976586"><![CDATA[49.5001]]></varlte>
</and>
</or>
</conditionvar>
<setvar varname="SCORE" action="Set">3</setvar>
<displayfeedback feedbacktype="Response" linkrefid="correct_fb"/>
</respcondition>
<respcondition continue="Yes">
<conditionvar>
<other/>
</conditionvar>
<displayfeedback feedbacktype="Response" linkrefid="general_incorrect_fb"/>
</respcondition>
</resprocessing>
<itemfeedback ident="correct_fb" view="All">
<flow_mat>
<material>
<mattext texttype="text/html"><![CDATA[

]]></mattext>
</material>
</flow_mat>
</itemfeedback>
<itemfeedback ident="general_incorrect_fb" view="All">
<flow_mat>
<material>
<mattext texttype="text/html"><![CDATA[

]]></mattext>
</material>
</flow_mat>
</itemfeedback>
</item>

<item ident="u13_03_right_tri_complems_deg_425390125_section_1_item_06_num" title="Question" maxattempts="10">
<itemcontrol feedbackswitch="No" hintswitch="No" solutionswitch="Yes"/>
<itemmetadata>
<qtimetadata>
<qtimetadatafield>
<fieldlabel>question_type</fieldlabel>
<fieldentry>numerical_question</fieldentry>
</qtimetadatafield>
</qtimetadata>
</itemmetadata>
<presentation>
<flow>
<material>
<matbreak/>
<mattext texttype="text/html" charset="utf-8"><![CDATA[
<p>A right triangle is drawn such that its hypotenuse connects the origin to the edge of the unit circle in the first quadrant. The acute angle at the origin has a measure of 34.4°. What is the measure, in degrees, of the other acute angle of the right triangle?</p>
<p><img src="data/supplements6/unnamed-chunk-1-1.png" alt="plot of chunk unnamed-chunk-1" /><br />
</p>
]]></mattext>
<matbreak/>
</material>
<response_num ident="u13_03_right_tri_complems_deg_425390125_section_1_item_06_num_RESPONSE_7158643" rcardinality="Single" numtype="Decimal">
<render_fib fibtype="Decimal" maxchars="12">
<flow_label class="Block">
<response_label ident="u13_03_right_tri_complems_deg_425390125_section_1_item_06_num_RESPONSE_7158643" rshuffle="No"/>
</flow_label>
</render_fib>
</response_num>
<material>
<matbreak/>
</material>
</flow>
</presentation>
<resprocessing>
<outcomes>
<decvar varname="SCORE" vartype="Decimal" defaultval="0" minvalue="0" maxvalue="3" cutvalue="3"/>
</outcomes>
<respcondition title="Mastery" continue="No">
<conditionvar>

<or>
<varequal respident="u13_03_right_tri_complems_deg_425390125_section_1_item_06_num_RESPONSE_7158643" case="No"><![CDATA[55.6]]></varequal>
<and>
<vargte respident="u13_03_right_tri_complems_deg_425390125_section_1_item_06_num_RESPONSE_7158643"><![CDATA[55.5999]]></vargte>
<varlte respident="u13_03_right_tri_complems_deg_425390125_section_1_item_06_num_RESPONSE_7158643"><![CDATA[55.6001]]></varlte>
</and>
</or>
</conditionvar>
<setvar varname="SCORE" action="Set">3</setvar>
<displayfeedback feedbacktype="Response" linkrefid="correct_fb"/>
</respcondition>
<respcondition continue="Yes">
<conditionvar>
<other/>
</conditionvar>
<displayfeedback feedbacktype="Response" linkrefid="general_incorrect_fb"/>
</respcondition>
</resprocessing>
<itemfeedback ident="correct_fb" view="All">
<flow_mat>
<material>
<mattext texttype="text/html"><![CDATA[

]]></mattext>
</material>
</flow_mat>
</itemfeedback>
<itemfeedback ident="general_incorrect_fb" view="All">
<flow_mat>
<material>
<mattext texttype="text/html"><![CDATA[

]]></mattext>
</material>
</flow_mat>
</itemfeedback>
</item>

<item ident="u13_03_right_tri_complems_deg_425390125_section_1_item_07_num" title="Question" maxattempts="10">
<itemcontrol feedbackswitch="No" hintswitch="No" solutionswitch="Yes"/>
<itemmetadata>
<qtimetadata>
<qtimetadatafield>
<fieldlabel>question_type</fieldlabel>
<fieldentry>numerical_question</fieldentry>
</qtimetadatafield>
</qtimetadata>
</itemmetadata>
<presentation>
<flow>
<material>
<matbreak/>
<mattext texttype="text/html" charset="utf-8"><![CDATA[
<p>A right triangle is drawn such that its hypotenuse connects the origin to the edge of the unit circle in the first quadrant. The acute angle at the origin has a measure of 49.9°. What is the measure, in degrees, of the other acute angle of the right triangle?</p>
<p><img src="data/supplements7/unnamed-chunk-1-1.png" alt="plot of chunk unnamed-chunk-1" /><br />
</p>
]]></mattext>
<matbreak/>
</material>
<response_num ident="u13_03_right_tri_complems_deg_425390125_section_1_item_07_num_RESPONSE_3455803" rcardinality="Single" numtype="Decimal">
<render_fib fibtype="Decimal" maxchars="12">
<flow_label class="Block">
<response_label ident="u13_03_right_tri_complems_deg_425390125_section_1_item_07_num_RESPONSE_3455803" rshuffle="No"/>
</flow_label>
</render_fib>
</response_num>
<material>
<matbreak/>
</material>
</flow>
</presentation>
<resprocessing>
<outcomes>
<decvar varname="SCORE" vartype="Decimal" defaultval="0" minvalue="0" maxvalue="3" cutvalue="3"/>
</outcomes>
<respcondition title="Mastery" continue="No">
<conditionvar>

<or>
<varequal respident="u13_03_right_tri_complems_deg_425390125_section_1_item_07_num_RESPONSE_3455803" case="No"><![CDATA[40.1]]></varequal>
<and>
<vargte respident="u13_03_right_tri_complems_deg_425390125_section_1_item_07_num_RESPONSE_3455803"><![CDATA[40.0999]]></vargte>
<varlte respident="u13_03_right_tri_complems_deg_425390125_section_1_item_07_num_RESPONSE_3455803"><![CDATA[40.1001]]></varlte>
</and>
</or>
</conditionvar>
<setvar varname="SCORE" action="Set">3</setvar>
<displayfeedback feedbacktype="Response" linkrefid="correct_fb"/>
</respcondition>
<respcondition continue="Yes">
<conditionvar>
<other/>
</conditionvar>
<displayfeedback feedbacktype="Response" linkrefid="general_incorrect_fb"/>
</respcondition>
</resprocessing>
<itemfeedback ident="correct_fb" view="All">
<flow_mat>
<material>
<mattext texttype="text/html"><![CDATA[

]]></mattext>
</material>
</flow_mat>
</itemfeedback>
<itemfeedback ident="general_incorrect_fb" view="All">
<flow_mat>
<material>
<mattext texttype="text/html"><![CDATA[

]]></mattext>
</material>
</flow_mat>
</itemfeedback>
</item>

<item ident="u13_03_right_tri_complems_deg_425390125_section_1_item_08_num" title="Question" maxattempts="10">
<itemcontrol feedbackswitch="No" hintswitch="No" solutionswitch="Yes"/>
<itemmetadata>
<qtimetadata>
<qtimetadatafield>
<fieldlabel>question_type</fieldlabel>
<fieldentry>numerical_question</fieldentry>
</qtimetadatafield>
</qtimetadata>
</itemmetadata>
<presentation>
<flow>
<material>
<matbreak/>
<mattext texttype="text/html" charset="utf-8"><![CDATA[
<p>A right triangle is drawn such that its hypotenuse connects the origin to the edge of the unit circle in the first quadrant. The acute angle at the origin has a measure of 61.8°. What is the measure, in degrees, of the other acute angle of the right triangle?</p>
<p><img src="data/supplements8/unnamed-chunk-1-1.png" alt="plot of chunk unnamed-chunk-1" /><br />
</p>
]]></mattext>
<matbreak/>
</material>
<response_num ident="u13_03_right_tri_complems_deg_425390125_section_1_item_08_num_RESPONSE_2776201" rcardinality="Single" numtype="Decimal">
<render_fib fibtype="Decimal" maxchars="12">
<flow_label class="Block">
<response_label ident="u13_03_right_tri_complems_deg_425390125_section_1_item_08_num_RESPONSE_2776201" rshuffle="No"/>
</flow_label>
</render_fib>
</response_num>
<material>
<matbreak/>
</material>
</flow>
</presentation>
<resprocessing>
<outcomes>
<decvar varname="SCORE" vartype="Decimal" defaultval="0" minvalue="0" maxvalue="3" cutvalue="3"/>
</outcomes>
<respcondition title="Mastery" continue="No">
<conditionvar>

<or>
<varequal respident="u13_03_right_tri_complems_deg_425390125_section_1_item_08_num_RESPONSE_2776201" case="No"><![CDATA[28.2]]></varequal>
<and>
<vargte respident="u13_03_right_tri_complems_deg_425390125_section_1_item_08_num_RESPONSE_2776201"><![CDATA[28.1999]]></vargte>
<varlte respident="u13_03_right_tri_complems_deg_425390125_section_1_item_08_num_RESPONSE_2776201"><![CDATA[28.2001]]></varlte>
</and>
</or>
</conditionvar>
<setvar varname="SCORE" action="Set">3</setvar>
<displayfeedback feedbacktype="Response" linkrefid="correct_fb"/>
</respcondition>
<respcondition continue="Yes">
<conditionvar>
<other/>
</conditionvar>
<displayfeedback feedbacktype="Response" linkrefid="general_incorrect_fb"/>
</respcondition>
</resprocessing>
<itemfeedback ident="correct_fb" view="All">
<flow_mat>
<material>
<mattext texttype="text/html"><![CDATA[

]]></mattext>
</material>
</flow_mat>
</itemfeedback>
<itemfeedback ident="general_incorrect_fb" view="All">
<flow_mat>
<material>
<mattext texttype="text/html"><![CDATA[

]]></mattext>
</material>
</flow_mat>
</itemfeedback>
</item>

<item ident="u13_03_right_tri_complems_deg_425390125_section_1_item_09_num" title="Question" maxattempts="10">
<itemcontrol feedbackswitch="No" hintswitch="No" solutionswitch="Yes"/>
<itemmetadata>
<qtimetadata>
<qtimetadatafield>
<fieldlabel>question_type</fieldlabel>
<fieldentry>numerical_question</fieldentry>
</qtimetadatafield>
</qtimetadata>
</itemmetadata>
<presentation>
<flow>
<material>
<matbreak/>
<mattext texttype="text/html" charset="utf-8"><![CDATA[
<p>A right triangle is drawn such that its hypotenuse connects the origin to the edge of the unit circle in the first quadrant. The acute angle at the origin has a measure of 37.8°. What is the measure, in degrees, of the other acute angle of the right triangle?</p>
<p><img src="data/supplements9/unnamed-chunk-1-1.png" alt="plot of chunk unnamed-chunk-1" /><br />
</p>
]]></mattext>
<matbreak/>
</material>
<response_num ident="u13_03_right_tri_complems_deg_425390125_section_1_item_09_num_RESPONSE_5680230" rcardinality="Single" numtype="Decimal">
<render_fib fibtype="Decimal" maxchars="12">
<flow_label class="Block">
<response_label ident="u13_03_right_tri_complems_deg_425390125_section_1_item_09_num_RESPONSE_5680230" rshuffle="No"/>
</flow_label>
</render_fib>
</response_num>
<material>
<matbreak/>
</material>
</flow>
</presentation>
<resprocessing>
<outcomes>
<decvar varname="SCORE" vartype="Decimal" defaultval="0" minvalue="0" maxvalue="3" cutvalue="3"/>
</outcomes>
<respcondition title="Mastery" continue="No">
<conditionvar>

<or>
<varequal respident="u13_03_right_tri_complems_deg_425390125_section_1_item_09_num_RESPONSE_5680230" case="No"><![CDATA[52.2]]></varequal>
<and>
<vargte respident="u13_03_right_tri_complems_deg_425390125_section_1_item_09_num_RESPONSE_5680230"><![CDATA[52.1999]]></vargte>
<varlte respident="u13_03_right_tri_complems_deg_425390125_section_1_item_09_num_RESPONSE_5680230"><![CDATA[52.2001]]></varlte>
</and>
</or>
</conditionvar>
<setvar varname="SCORE" action="Set">3</setvar>
<displayfeedback feedbacktype="Response" linkrefid="correct_fb"/>
</respcondition>
<respcondition continue="Yes">
<conditionvar>
<other/>
</conditionvar>
<displayfeedback feedbacktype="Response" linkrefid="general_incorrect_fb"/>
</respcondition>
</resprocessing>
<itemfeedback ident="correct_fb" view="All">
<flow_mat>
<material>
<mattext texttype="text/html"><![CDATA[

]]></mattext>
</material>
</flow_mat>
</itemfeedback>
<itemfeedback ident="general_incorrect_fb" view="All">
<flow_mat>
<material>
<mattext texttype="text/html"><![CDATA[

]]></mattext>
</material>
</flow_mat>
</itemfeedback>
</item>

<item ident="u13_03_right_tri_complems_deg_425390125_section_1_item_10_num" title="Question" maxattempts="10">
<itemcontrol feedbackswitch="No" hintswitch="No" solutionswitch="Yes"/>
<itemmetadata>
<qtimetadata>
<qtimetadatafield>
<fieldlabel>question_type</fieldlabel>
<fieldentry>numerical_question</fieldentry>
</qtimetadatafield>
</qtimetadata>
</itemmetadata>
<presentation>
<flow>
<material>
<matbreak/>
<mattext texttype="text/html" charset="utf-8"><![CDATA[
<p>A right triangle is drawn such that its hypotenuse connects the origin to the edge of the unit circle in the first quadrant. The acute angle at the origin has a measure of 25.4°. What is the measure, in degrees, of the other acute angle of the right triangle?</p>
<p><img src="data/supplements10/unnamed-chunk-1-1.png" alt="plot of chunk unnamed-chunk-1" /><br />
</p>
]]></mattext>
<matbreak/>
</material>
<response_num ident="u13_03_right_tri_complems_deg_425390125_section_1_item_10_num_RESPONSE_9253344" rcardinality="Single" numtype="Decimal">
<render_fib fibtype="Decimal" maxchars="12">
<flow_label class="Block">
<response_label ident="u13_03_right_tri_complems_deg_425390125_section_1_item_10_num_RESPONSE_9253344" rshuffle="No"/>
</flow_label>
</render_fib>
</response_num>
<material>
<matbreak/>
</material>
</flow>
</presentation>
<resprocessing>
<outcomes>
<decvar varname="SCORE" vartype="Decimal" defaultval="0" minvalue="0" maxvalue="3" cutvalue="3"/>
</outcomes>
<respcondition title="Mastery" continue="No">
<conditionvar>

<or>
<varequal respident="u13_03_right_tri_complems_deg_425390125_section_1_item_10_num_RESPONSE_9253344" case="No"><![CDATA[64.6]]></varequal>
<and>
<vargte respident="u13_03_right_tri_complems_deg_425390125_section_1_item_10_num_RESPONSE_9253344"><![CDATA[64.5999]]></vargte>
<varlte respident="u13_03_right_tri_complems_deg_425390125_section_1_item_10_num_RESPONSE_9253344"><![CDATA[64.6001]]></varlte>
</and>
</or>
</conditionvar>
<setvar varname="SCORE" action="Set">3</setvar>
<displayfeedback feedbacktype="Response" linkrefid="correct_fb"/>
</respcondition>
<respcondition continue="Yes">
<conditionvar>
<other/>
</conditionvar>
<displayfeedback feedbacktype="Response" linkrefid="general_incorrect_fb"/>
</respcondition>
</resprocessing>
<itemfeedback ident="correct_fb" view="All">
<flow_mat>
<material>
<mattext texttype="text/html"><![CDATA[

]]></mattext>
</material>
</flow_mat>
</itemfeedback>
<itemfeedback ident="general_incorrect_fb" view="All">
<flow_mat>
<material>
<mattext texttype="text/html"><![CDATA[

]]></mattext>
</material>
</flow_mat>
</itemfeedback>
</item>

<item ident="u13_03_right_tri_complems_deg_425390125_section_1_item_11_num" title="Question" maxattempts="10">
<itemcontrol feedbackswitch="No" hintswitch="No" solutionswitch="Yes"/>
<itemmetadata>
<qtimetadata>
<qtimetadatafield>
<fieldlabel>question_type</fieldlabel>
<fieldentry>numerical_question</fieldentry>
</qtimetadatafield>
</qtimetadata>
</itemmetadata>
<presentation>
<flow>
<material>
<matbreak/>
<mattext texttype="text/html" charset="utf-8"><![CDATA[
<p>A right triangle is drawn such that its hypotenuse connects the origin to the edge of the unit circle in the first quadrant. The acute angle at the origin has a measure of 62.9°. What is the measure, in degrees, of the other acute angle of the right triangle?</p>
<p><img src="data/supplements11/unnamed-chunk-1-1.png" alt="plot of chunk unnamed-chunk-1" /><br />
</p>
]]></mattext>
<matbreak/>
</material>
<response_num ident="u13_03_right_tri_complems_deg_425390125_section_1_item_11_num_RESPONSE_6948168" rcardinality="Single" numtype="Decimal">
<render_fib fibtype="Decimal" maxchars="12">
<flow_label class="Block">
<response_label ident="u13_03_right_tri_complems_deg_425390125_section_1_item_11_num_RESPONSE_6948168" rshuffle="No"/>
</flow_label>
</render_fib>
</response_num>
<material>
<matbreak/>
</material>
</flow>
</presentation>
<resprocessing>
<outcomes>
<decvar varname="SCORE" vartype="Decimal" defaultval="0" minvalue="0" maxvalue="3" cutvalue="3"/>
</outcomes>
<respcondition title="Mastery" continue="No">
<conditionvar>

<or>
<varequal respident="u13_03_right_tri_complems_deg_425390125_section_1_item_11_num_RESPONSE_6948168" case="No"><![CDATA[27.1]]></varequal>
<and>
<vargte respident="u13_03_right_tri_complems_deg_425390125_section_1_item_11_num_RESPONSE_6948168"><![CDATA[27.0999]]></vargte>
<varlte respident="u13_03_right_tri_complems_deg_425390125_section_1_item_11_num_RESPONSE_6948168"><![CDATA[27.1001]]></varlte>
</and>
</or>
</conditionvar>
<setvar varname="SCORE" action="Set">3</setvar>
<displayfeedback feedbacktype="Response" linkrefid="correct_fb"/>
</respcondition>
<respcondition continue="Yes">
<conditionvar>
<other/>
</conditionvar>
<displayfeedback feedbacktype="Response" linkrefid="general_incorrect_fb"/>
</respcondition>
</resprocessing>
<itemfeedback ident="correct_fb" view="All">
<flow_mat>
<material>
<mattext texttype="text/html"><![CDATA[

]]></mattext>
</material>
</flow_mat>
</itemfeedback>
<itemfeedback ident="general_incorrect_fb" view="All">
<flow_mat>
<material>
<mattext texttype="text/html"><![CDATA[

]]></mattext>
</material>
</flow_mat>
</itemfeedback>
</item>

<item ident="u13_03_right_tri_complems_deg_425390125_section_1_item_12_num" title="Question" maxattempts="10">
<itemcontrol feedbackswitch="No" hintswitch="No" solutionswitch="Yes"/>
<itemmetadata>
<qtimetadata>
<qtimetadatafield>
<fieldlabel>question_type</fieldlabel>
<fieldentry>numerical_question</fieldentry>
</qtimetadatafield>
</qtimetadata>
</itemmetadata>
<presentation>
<flow>
<material>
<matbreak/>
<mattext texttype="text/html" charset="utf-8"><![CDATA[
<p>A right triangle is drawn such that its hypotenuse connects the origin to the edge of the unit circle in the first quadrant. The acute angle at the origin has a measure of 69.5°. What is the measure, in degrees, of the other acute angle of the right triangle?</p>
<p><img src="data/supplements12/unnamed-chunk-1-1.png" alt="plot of chunk unnamed-chunk-1" /><br />
</p>
]]></mattext>
<matbreak/>
</material>
<response_num ident="u13_03_right_tri_complems_deg_425390125_section_1_item_12_num_RESPONSE_5997329" rcardinality="Single" numtype="Decimal">
<render_fib fibtype="Decimal" maxchars="12">
<flow_label class="Block">
<response_label ident="u13_03_right_tri_complems_deg_425390125_section_1_item_12_num_RESPONSE_5997329" rshuffle="No"/>
</flow_label>
</render_fib>
</response_num>
<material>
<matbreak/>
</material>
</flow>
</presentation>
<resprocessing>
<outcomes>
<decvar varname="SCORE" vartype="Decimal" defaultval="0" minvalue="0" maxvalue="3" cutvalue="3"/>
</outcomes>
<respcondition title="Mastery" continue="No">
<conditionvar>

<or>
<varequal respident="u13_03_right_tri_complems_deg_425390125_section_1_item_12_num_RESPONSE_5997329" case="No"><![CDATA[20.5]]></varequal>
<and>
<vargte respident="u13_03_right_tri_complems_deg_425390125_section_1_item_12_num_RESPONSE_5997329"><![CDATA[20.4999]]></vargte>
<varlte respident="u13_03_right_tri_complems_deg_425390125_section_1_item_12_num_RESPONSE_5997329"><![CDATA[20.5001]]></varlte>
</and>
</or>
</conditionvar>
<setvar varname="SCORE" action="Set">3</setvar>
<displayfeedback feedbacktype="Response" linkrefid="correct_fb"/>
</respcondition>
<respcondition continue="Yes">
<conditionvar>
<other/>
</conditionvar>
<displayfeedback feedbacktype="Response" linkrefid="general_incorrect_fb"/>
</respcondition>
</resprocessing>
<itemfeedback ident="correct_fb" view="All">
<flow_mat>
<material>
<mattext texttype="text/html"><![CDATA[

]]></mattext>
</material>
</flow_mat>
</itemfeedback>
<itemfeedback ident="general_incorrect_fb" view="All">
<flow_mat>
<material>
<mattext texttype="text/html"><![CDATA[

]]></mattext>
</material>
</flow_mat>
</itemfeedback>
</item>

<item ident="u13_03_right_tri_complems_deg_425390125_section_1_item_13_num" title="Question" maxattempts="10">
<itemcontrol feedbackswitch="No" hintswitch="No" solutionswitch="Yes"/>
<itemmetadata>
<qtimetadata>
<qtimetadatafield>
<fieldlabel>question_type</fieldlabel>
<fieldentry>numerical_question</fieldentry>
</qtimetadatafield>
</qtimetadata>
</itemmetadata>
<presentation>
<flow>
<material>
<matbreak/>
<mattext texttype="text/html" charset="utf-8"><![CDATA[
<p>A right triangle is drawn such that its hypotenuse connects the origin to the edge of the unit circle in the first quadrant. The acute angle at the origin has a measure of 31.1°. What is the measure, in degrees, of the other acute angle of the right triangle?</p>
<p><img src="data/supplements13/unnamed-chunk-1-1.png" alt="plot of chunk unnamed-chunk-1" /><br />
</p>
]]></mattext>
<matbreak/>
</material>
<response_num ident="u13_03_right_tri_complems_deg_425390125_section_1_item_13_num_RESPONSE_4917890" rcardinality="Single" numtype="Decimal">
<render_fib fibtype="Decimal" maxchars="12">
<flow_label class="Block">
<response_label ident="u13_03_right_tri_complems_deg_425390125_section_1_item_13_num_RESPONSE_4917890" rshuffle="No"/>
</flow_label>
</render_fib>
</response_num>
<material>
<matbreak/>
</material>
</flow>
</presentation>
<resprocessing>
<outcomes>
<decvar varname="SCORE" vartype="Decimal" defaultval="0" minvalue="0" maxvalue="3" cutvalue="3"/>
</outcomes>
<respcondition title="Mastery" continue="No">
<conditionvar>

<or>
<varequal respident="u13_03_right_tri_complems_deg_425390125_section_1_item_13_num_RESPONSE_4917890" case="No"><![CDATA[58.9]]></varequal>
<and>
<vargte respident="u13_03_right_tri_complems_deg_425390125_section_1_item_13_num_RESPONSE_4917890"><![CDATA[58.8999]]></vargte>
<varlte respident="u13_03_right_tri_complems_deg_425390125_section_1_item_13_num_RESPONSE_4917890"><![CDATA[58.9001]]></varlte>
</and>
</or>
</conditionvar>
<setvar varname="SCORE" action="Set">3</setvar>
<displayfeedback feedbacktype="Response" linkrefid="correct_fb"/>
</respcondition>
<respcondition continue="Yes">
<conditionvar>
<other/>
</conditionvar>
<displayfeedback feedbacktype="Response" linkrefid="general_incorrect_fb"/>
</respcondition>
</resprocessing>
<itemfeedback ident="correct_fb" view="All">
<flow_mat>
<material>
<mattext texttype="text/html"><![CDATA[

]]></mattext>
</material>
</flow_mat>
</itemfeedback>
<itemfeedback ident="general_incorrect_fb" view="All">
<flow_mat>
<material>
<mattext texttype="text/html"><![CDATA[

]]></mattext>
</material>
</flow_mat>
</itemfeedback>
</item>

<item ident="u13_03_right_tri_complems_deg_425390125_section_1_item_14_num" title="Question" maxattempts="10">
<itemcontrol feedbackswitch="No" hintswitch="No" solutionswitch="Yes"/>
<itemmetadata>
<qtimetadata>
<qtimetadatafield>
<fieldlabel>question_type</fieldlabel>
<fieldentry>numerical_question</fieldentry>
</qtimetadatafield>
</qtimetadata>
</itemmetadata>
<presentation>
<flow>
<material>
<matbreak/>
<mattext texttype="text/html" charset="utf-8"><![CDATA[
<p>A right triangle is drawn such that its hypotenuse connects the origin to the edge of the unit circle in the first quadrant. The acute angle at the origin has a measure of 71.8°. What is the measure, in degrees, of the other acute angle of the right triangle?</p>
<p><img src="data/supplements14/unnamed-chunk-1-1.png" alt="plot of chunk unnamed-chunk-1" /><br />
</p>
]]></mattext>
<matbreak/>
</material>
<response_num ident="u13_03_right_tri_complems_deg_425390125_section_1_item_14_num_RESPONSE_1834319" rcardinality="Single" numtype="Decimal">
<render_fib fibtype="Decimal" maxchars="12">
<flow_label class="Block">
<response_label ident="u13_03_right_tri_complems_deg_425390125_section_1_item_14_num_RESPONSE_1834319" rshuffle="No"/>
</flow_label>
</render_fib>
</response_num>
<material>
<matbreak/>
</material>
</flow>
</presentation>
<resprocessing>
<outcomes>
<decvar varname="SCORE" vartype="Decimal" defaultval="0" minvalue="0" maxvalue="3" cutvalue="3"/>
</outcomes>
<respcondition title="Mastery" continue="No">
<conditionvar>

<or>
<varequal respident="u13_03_right_tri_complems_deg_425390125_section_1_item_14_num_RESPONSE_1834319" case="No"><![CDATA[18.2]]></varequal>
<and>
<vargte respident="u13_03_right_tri_complems_deg_425390125_section_1_item_14_num_RESPONSE_1834319"><![CDATA[18.1999]]></vargte>
<varlte respident="u13_03_right_tri_complems_deg_425390125_section_1_item_14_num_RESPONSE_1834319"><![CDATA[18.2001]]></varlte>
</and>
</or>
</conditionvar>
<setvar varname="SCORE" action="Set">3</setvar>
<displayfeedback feedbacktype="Response" linkrefid="correct_fb"/>
</respcondition>
<respcondition continue="Yes">
<conditionvar>
<other/>
</conditionvar>
<displayfeedback feedbacktype="Response" linkrefid="general_incorrect_fb"/>
</respcondition>
</resprocessing>
<itemfeedback ident="correct_fb" view="All">
<flow_mat>
<material>
<mattext texttype="text/html"><![CDATA[

]]></mattext>
</material>
</flow_mat>
</itemfeedback>
<itemfeedback ident="general_incorrect_fb" view="All">
<flow_mat>
<material>
<mattext texttype="text/html"><![CDATA[

]]></mattext>
</material>
</flow_mat>
</itemfeedback>
</item>

<item ident="u13_03_right_tri_complems_deg_425390125_section_1_item_15_num" title="Question" maxattempts="10">
<itemcontrol feedbackswitch="No" hintswitch="No" solutionswitch="Yes"/>
<itemmetadata>
<qtimetadata>
<qtimetadatafield>
<fieldlabel>question_type</fieldlabel>
<fieldentry>numerical_question</fieldentry>
</qtimetadatafield>
</qtimetadata>
</itemmetadata>
<presentation>
<flow>
<material>
<matbreak/>
<mattext texttype="text/html" charset="utf-8"><![CDATA[
<p>A right triangle is drawn such that its hypotenuse connects the origin to the edge of the unit circle in the first quadrant. The acute angle at the origin has a measure of 19.2°. What is the measure, in degrees, of the other acute angle of the right triangle?</p>
<p><img src="data/supplements15/unnamed-chunk-1-1.png" alt="plot of chunk unnamed-chunk-1" /><br />
</p>
]]></mattext>
<matbreak/>
</material>
<response_num ident="u13_03_right_tri_complems_deg_425390125_section_1_item_15_num_RESPONSE_3765434" rcardinality="Single" numtype="Decimal">
<render_fib fibtype="Decimal" maxchars="12">
<flow_label class="Block">
<response_label ident="u13_03_right_tri_complems_deg_425390125_section_1_item_15_num_RESPONSE_3765434" rshuffle="No"/>
</flow_label>
</render_fib>
</response_num>
<material>
<matbreak/>
</material>
</flow>
</presentation>
<resprocessing>
<outcomes>
<decvar varname="SCORE" vartype="Decimal" defaultval="0" minvalue="0" maxvalue="3" cutvalue="3"/>
</outcomes>
<respcondition title="Mastery" continue="No">
<conditionvar>

<or>
<varequal respident="u13_03_right_tri_complems_deg_425390125_section_1_item_15_num_RESPONSE_3765434" case="No"><![CDATA[70.8]]></varequal>
<and>
<vargte respident="u13_03_right_tri_complems_deg_425390125_section_1_item_15_num_RESPONSE_3765434"><![CDATA[70.7999]]></vargte>
<varlte respident="u13_03_right_tri_complems_deg_425390125_section_1_item_15_num_RESPONSE_3765434"><![CDATA[70.8001]]></varlte>
</and>
</or>
</conditionvar>
<setvar varname="SCORE" action="Set">3</setvar>
<displayfeedback feedbacktype="Response" linkrefid="correct_fb"/>
</respcondition>
<respcondition continue="Yes">
<conditionvar>
<other/>
</conditionvar>
<displayfeedback feedbacktype="Response" linkrefid="general_incorrect_fb"/>
</respcondition>
</resprocessing>
<itemfeedback ident="correct_fb" view="All">
<flow_mat>
<material>
<mattext texttype="text/html"><![CDATA[

]]></mattext>
</material>
</flow_mat>
</itemfeedback>
<itemfeedback ident="general_incorrect_fb" view="All">
<flow_mat>
<material>
<mattext texttype="text/html"><![CDATA[

]]></mattext>
</material>
</flow_mat>
</itemfeedback>
</item>

<item ident="u13_03_right_tri_complems_deg_425390125_section_1_item_16_num" title="Question" maxattempts="10">
<itemcontrol feedbackswitch="No" hintswitch="No" solutionswitch="Yes"/>
<itemmetadata>
<qtimetadata>
<qtimetadatafield>
<fieldlabel>question_type</fieldlabel>
<fieldentry>numerical_question</fieldentry>
</qtimetadatafield>
</qtimetadata>
</itemmetadata>
<presentation>
<flow>
<material>
<matbreak/>
<mattext texttype="text/html" charset="utf-8"><![CDATA[
<p>A right triangle is drawn such that its hypotenuse connects the origin to the edge of the unit circle in the first quadrant. The acute angle at the origin has a measure of 16.4°. What is the measure, in degrees, of the other acute angle of the right triangle?</p>
<p><img src="data/supplements16/unnamed-chunk-1-1.png" alt="plot of chunk unnamed-chunk-1" /><br />
</p>
]]></mattext>
<matbreak/>
</material>
<response_num ident="u13_03_right_tri_complems_deg_425390125_section_1_item_16_num_RESPONSE_6568346" rcardinality="Single" numtype="Decimal">
<render_fib fibtype="Decimal" maxchars="12">
<flow_label class="Block">
<response_label ident="u13_03_right_tri_complems_deg_425390125_section_1_item_16_num_RESPONSE_6568346" rshuffle="No"/>
</flow_label>
</render_fib>
</response_num>
<material>
<matbreak/>
</material>
</flow>
</presentation>
<resprocessing>
<outcomes>
<decvar varname="SCORE" vartype="Decimal" defaultval="0" minvalue="0" maxvalue="3" cutvalue="3"/>
</outcomes>
<respcondition title="Mastery" continue="No">
<conditionvar>

<or>
<varequal respident="u13_03_right_tri_complems_deg_425390125_section_1_item_16_num_RESPONSE_6568346" case="No"><![CDATA[73.6]]></varequal>
<and>
<vargte respident="u13_03_right_tri_complems_deg_425390125_section_1_item_16_num_RESPONSE_6568346"><![CDATA[73.5999]]></vargte>
<varlte respident="u13_03_right_tri_complems_deg_425390125_section_1_item_16_num_RESPONSE_6568346"><![CDATA[73.6001]]></varlte>
</and>
</or>
</conditionvar>
<setvar varname="SCORE" action="Set">3</setvar>
<displayfeedback feedbacktype="Response" linkrefid="correct_fb"/>
</respcondition>
<respcondition continue="Yes">
<conditionvar>
<other/>
</conditionvar>
<displayfeedback feedbacktype="Response" linkrefid="general_incorrect_fb"/>
</respcondition>
</resprocessing>
<itemfeedback ident="correct_fb" view="All">
<flow_mat>
<material>
<mattext texttype="text/html"><![CDATA[

]]></mattext>
</material>
</flow_mat>
</itemfeedback>
<itemfeedback ident="general_incorrect_fb" view="All">
<flow_mat>
<material>
<mattext texttype="text/html"><![CDATA[

]]></mattext>
</material>
</flow_mat>
</itemfeedback>
</item>

<item ident="u13_03_right_tri_complems_deg_425390125_section_1_item_17_num" title="Question" maxattempts="10">
<itemcontrol feedbackswitch="No" hintswitch="No" solutionswitch="Yes"/>
<itemmetadata>
<qtimetadata>
<qtimetadatafield>
<fieldlabel>question_type</fieldlabel>
<fieldentry>numerical_question</fieldentry>
</qtimetadatafield>
</qtimetadata>
</itemmetadata>
<presentation>
<flow>
<material>
<matbreak/>
<mattext texttype="text/html" charset="utf-8"><![CDATA[
<p>A right triangle is drawn such that its hypotenuse connects the origin to the edge of the unit circle in the first quadrant. The acute angle at the origin has a measure of 38.3°. What is the measure, in degrees, of the other acute angle of the right triangle?</p>
<p><img src="data/supplements17/unnamed-chunk-1-1.png" alt="plot of chunk unnamed-chunk-1" /><br />
</p>
]]></mattext>
<matbreak/>
</material>
<response_num ident="u13_03_right_tri_complems_deg_425390125_section_1_item_17_num_RESPONSE_7051827" rcardinality="Single" numtype="Decimal">
<render_fib fibtype="Decimal" maxchars="12">
<flow_label class="Block">
<response_label ident="u13_03_right_tri_complems_deg_425390125_section_1_item_17_num_RESPONSE_7051827" rshuffle="No"/>
</flow_label>
</render_fib>
</response_num>
<material>
<matbreak/>
</material>
</flow>
</presentation>
<resprocessing>
<outcomes>
<decvar varname="SCORE" vartype="Decimal" defaultval="0" minvalue="0" maxvalue="3" cutvalue="3"/>
</outcomes>
<respcondition title="Mastery" continue="No">
<conditionvar>

<or>
<varequal respident="u13_03_right_tri_complems_deg_425390125_section_1_item_17_num_RESPONSE_7051827" case="No"><![CDATA[51.7]]></varequal>
<and>
<vargte respident="u13_03_right_tri_complems_deg_425390125_section_1_item_17_num_RESPONSE_7051827"><![CDATA[51.6999]]></vargte>
<varlte respident="u13_03_right_tri_complems_deg_425390125_section_1_item_17_num_RESPONSE_7051827"><![CDATA[51.7001]]></varlte>
</and>
</or>
</conditionvar>
<setvar varname="SCORE" action="Set">3</setvar>
<displayfeedback feedbacktype="Response" linkrefid="correct_fb"/>
</respcondition>
<respcondition continue="Yes">
<conditionvar>
<other/>
</conditionvar>
<displayfeedback feedbacktype="Response" linkrefid="general_incorrect_fb"/>
</respcondition>
</resprocessing>
<itemfeedback ident="correct_fb" view="All">
<flow_mat>
<material>
<mattext texttype="text/html"><![CDATA[

]]></mattext>
</material>
</flow_mat>
</itemfeedback>
<itemfeedback ident="general_incorrect_fb" view="All">
<flow_mat>
<material>
<mattext texttype="text/html"><![CDATA[

]]></mattext>
</material>
</flow_mat>
</itemfeedback>
</item>

<item ident="u13_03_right_tri_complems_deg_425390125_section_1_item_18_num" title="Question" maxattempts="10">
<itemcontrol feedbackswitch="No" hintswitch="No" solutionswitch="Yes"/>
<itemmetadata>
<qtimetadata>
<qtimetadatafield>
<fieldlabel>question_type</fieldlabel>
<fieldentry>numerical_question</fieldentry>
</qtimetadatafield>
</qtimetadata>
</itemmetadata>
<presentation>
<flow>
<material>
<matbreak/>
<mattext texttype="text/html" charset="utf-8"><![CDATA[
<p>A right triangle is drawn such that its hypotenuse connects the origin to the edge of the unit circle in the first quadrant. The acute angle at the origin has a measure of 71.6°. What is the measure, in degrees, of the other acute angle of the right triangle?</p>
<p><img src="data/supplements18/unnamed-chunk-1-1.png" alt="plot of chunk unnamed-chunk-1" /><br />
</p>
]]></mattext>
<matbreak/>
</material>
<response_num ident="u13_03_right_tri_complems_deg_425390125_section_1_item_18_num_RESPONSE_8055259" rcardinality="Single" numtype="Decimal">
<render_fib fibtype="Decimal" maxchars="12">
<flow_label class="Block">
<response_label ident="u13_03_right_tri_complems_deg_425390125_section_1_item_18_num_RESPONSE_8055259" rshuffle="No"/>
</flow_label>
</render_fib>
</response_num>
<material>
<matbreak/>
</material>
</flow>
</presentation>
<resprocessing>
<outcomes>
<decvar varname="SCORE" vartype="Decimal" defaultval="0" minvalue="0" maxvalue="3" cutvalue="3"/>
</outcomes>
<respcondition title="Mastery" continue="No">
<conditionvar>

<or>
<varequal respident="u13_03_right_tri_complems_deg_425390125_section_1_item_18_num_RESPONSE_8055259" case="No"><![CDATA[18.4]]></varequal>
<and>
<vargte respident="u13_03_right_tri_complems_deg_425390125_section_1_item_18_num_RESPONSE_8055259"><![CDATA[18.3999]]></vargte>
<varlte respident="u13_03_right_tri_complems_deg_425390125_section_1_item_18_num_RESPONSE_8055259"><![CDATA[18.4001]]></varlte>
</and>
</or>
</conditionvar>
<setvar varname="SCORE" action="Set">3</setvar>
<displayfeedback feedbacktype="Response" linkrefid="correct_fb"/>
</respcondition>
<respcondition continue="Yes">
<conditionvar>
<other/>
</conditionvar>
<displayfeedback feedbacktype="Response" linkrefid="general_incorrect_fb"/>
</respcondition>
</resprocessing>
<itemfeedback ident="correct_fb" view="All">
<flow_mat>
<material>
<mattext texttype="text/html"><![CDATA[

]]></mattext>
</material>
</flow_mat>
</itemfeedback>
<itemfeedback ident="general_incorrect_fb" view="All">
<flow_mat>
<material>
<mattext texttype="text/html"><![CDATA[

]]></mattext>
</material>
</flow_mat>
</itemfeedback>
</item>

<item ident="u13_03_right_tri_complems_deg_425390125_section_1_item_19_num" title="Question" maxattempts="10">
<itemcontrol feedbackswitch="No" hintswitch="No" solutionswitch="Yes"/>
<itemmetadata>
<qtimetadata>
<qtimetadatafield>
<fieldlabel>question_type</fieldlabel>
<fieldentry>numerical_question</fieldentry>
</qtimetadatafield>
</qtimetadata>
</itemmetadata>
<presentation>
<flow>
<material>
<matbreak/>
<mattext texttype="text/html" charset="utf-8"><![CDATA[
<p>A right triangle is drawn such that its hypotenuse connects the origin to the edge of the unit circle in the first quadrant. The acute angle at the origin has a measure of 34.8°. What is the measure, in degrees, of the other acute angle of the right triangle?</p>
<p><img src="data/supplements19/unnamed-chunk-1-1.png" alt="plot of chunk unnamed-chunk-1" /><br />
</p>
]]></mattext>
<matbreak/>
</material>
<response_num ident="u13_03_right_tri_complems_deg_425390125_section_1_item_19_num_RESPONSE_4797345" rcardinality="Single" numtype="Decimal">
<render_fib fibtype="Decimal" maxchars="12">
<flow_label class="Block">
<response_label ident="u13_03_right_tri_complems_deg_425390125_section_1_item_19_num_RESPONSE_4797345" rshuffle="No"/>
</flow_label>
</render_fib>
</response_num>
<material>
<matbreak/>
</material>
</flow>
</presentation>
<resprocessing>
<outcomes>
<decvar varname="SCORE" vartype="Decimal" defaultval="0" minvalue="0" maxvalue="3" cutvalue="3"/>
</outcomes>
<respcondition title="Mastery" continue="No">
<conditionvar>

<or>
<varequal respident="u13_03_right_tri_complems_deg_425390125_section_1_item_19_num_RESPONSE_4797345" case="No"><![CDATA[55.2]]></varequal>
<and>
<vargte respident="u13_03_right_tri_complems_deg_425390125_section_1_item_19_num_RESPONSE_4797345"><![CDATA[55.1999]]></vargte>
<varlte respident="u13_03_right_tri_complems_deg_425390125_section_1_item_19_num_RESPONSE_4797345"><![CDATA[55.2001]]></varlte>
</and>
</or>
</conditionvar>
<setvar varname="SCORE" action="Set">3</setvar>
<displayfeedback feedbacktype="Response" linkrefid="correct_fb"/>
</respcondition>
<respcondition continue="Yes">
<conditionvar>
<other/>
</conditionvar>
<displayfeedback feedbacktype="Response" linkrefid="general_incorrect_fb"/>
</respcondition>
</resprocessing>
<itemfeedback ident="correct_fb" view="All">
<flow_mat>
<material>
<mattext texttype="text/html"><![CDATA[

]]></mattext>
</material>
</flow_mat>
</itemfeedback>
<itemfeedback ident="general_incorrect_fb" view="All">
<flow_mat>
<material>
<mattext texttype="text/html"><![CDATA[

]]></mattext>
</material>
</flow_mat>
</itemfeedback>
</item>

<item ident="u13_03_right_tri_complems_deg_425390125_section_1_item_20_num" title="Question" maxattempts="10">
<itemcontrol feedbackswitch="No" hintswitch="No" solutionswitch="Yes"/>
<itemmetadata>
<qtimetadata>
<qtimetadatafield>
<fieldlabel>question_type</fieldlabel>
<fieldentry>numerical_question</fieldentry>
</qtimetadatafield>
</qtimetadata>
</itemmetadata>
<presentation>
<flow>
<material>
<matbreak/>
<mattext texttype="text/html" charset="utf-8"><![CDATA[
<p>A right triangle is drawn such that its hypotenuse connects the origin to the edge of the unit circle in the first quadrant. The acute angle at the origin has a measure of 60.7°. What is the measure, in degrees, of the other acute angle of the right triangle?</p>
<p><img src="data/supplements20/unnamed-chunk-1-1.png" alt="plot of chunk unnamed-chunk-1" /><br />
</p>
]]></mattext>
<matbreak/>
</material>
<response_num ident="u13_03_right_tri_complems_deg_425390125_section_1_item_20_num_RESPONSE_1119378" rcardinality="Single" numtype="Decimal">
<render_fib fibtype="Decimal" maxchars="12">
<flow_label class="Block">
<response_label ident="u13_03_right_tri_complems_deg_425390125_section_1_item_20_num_RESPONSE_1119378" rshuffle="No"/>
</flow_label>
</render_fib>
</response_num>
<material>
<matbreak/>
</material>
</flow>
</presentation>
<resprocessing>
<outcomes>
<decvar varname="SCORE" vartype="Decimal" defaultval="0" minvalue="0" maxvalue="3" cutvalue="3"/>
</outcomes>
<respcondition title="Mastery" continue="No">
<conditionvar>

<or>
<varequal respident="u13_03_right_tri_complems_deg_425390125_section_1_item_20_num_RESPONSE_1119378" case="No"><![CDATA[29.3]]></varequal>
<and>
<vargte respident="u13_03_right_tri_complems_deg_425390125_section_1_item_20_num_RESPONSE_1119378"><![CDATA[29.2999]]></vargte>
<varlte respident="u13_03_right_tri_complems_deg_425390125_section_1_item_20_num_RESPONSE_1119378"><![CDATA[29.3001]]></varlte>
</and>
</or>
</conditionvar>
<setvar varname="SCORE" action="Set">3</setvar>
<displayfeedback feedbacktype="Response" linkrefid="correct_fb"/>
</respcondition>
<respcondition continue="Yes">
<conditionvar>
<other/>
</conditionvar>
<displayfeedback feedbacktype="Response" linkrefid="general_incorrect_fb"/>
</respcondition>
</resprocessing>
<itemfeedback ident="correct_fb" view="All">
<flow_mat>
<material>
<mattext texttype="text/html"><![CDATA[

]]></mattext>
</material>
</flow_mat>
</itemfeedback>
<itemfeedback ident="general_incorrect_fb" view="All">
<flow_mat>
<material>
<mattext texttype="text/html"><![CDATA[

]]></mattext>
</material>
</flow_mat>
</itemfeedback>
</item>

<item ident="u13_03_right_tri_complems_deg_425390125_section_1_item_21_num" title="Question" maxattempts="10">
<itemcontrol feedbackswitch="No" hintswitch="No" solutionswitch="Yes"/>
<itemmetadata>
<qtimetadata>
<qtimetadatafield>
<fieldlabel>question_type</fieldlabel>
<fieldentry>numerical_question</fieldentry>
</qtimetadatafield>
</qtimetadata>
</itemmetadata>
<presentation>
<flow>
<material>
<matbreak/>
<mattext texttype="text/html" charset="utf-8"><![CDATA[
<p>A right triangle is drawn such that its hypotenuse connects the origin to the edge of the unit circle in the first quadrant. The acute angle at the origin has a measure of 41.1°. What is the measure, in degrees, of the other acute angle of the right triangle?</p>
<p><img src="data/supplements21/unnamed-chunk-1-1.png" alt="plot of chunk unnamed-chunk-1" /><br />
</p>
]]></mattext>
<matbreak/>
</material>
<response_num ident="u13_03_right_tri_complems_deg_425390125_section_1_item_21_num_RESPONSE_6838644" rcardinality="Single" numtype="Decimal">
<render_fib fibtype="Decimal" maxchars="12">
<flow_label class="Block">
<response_label ident="u13_03_right_tri_complems_deg_425390125_section_1_item_21_num_RESPONSE_6838644" rshuffle="No"/>
</flow_label>
</render_fib>
</response_num>
<material>
<matbreak/>
</material>
</flow>
</presentation>
<resprocessing>
<outcomes>
<decvar varname="SCORE" vartype="Decimal" defaultval="0" minvalue="0" maxvalue="3" cutvalue="3"/>
</outcomes>
<respcondition title="Mastery" continue="No">
<conditionvar>

<or>
<varequal respident="u13_03_right_tri_complems_deg_425390125_section_1_item_21_num_RESPONSE_6838644" case="No"><![CDATA[48.9]]></varequal>
<and>
<vargte respident="u13_03_right_tri_complems_deg_425390125_section_1_item_21_num_RESPONSE_6838644"><![CDATA[48.8999]]></vargte>
<varlte respident="u13_03_right_tri_complems_deg_425390125_section_1_item_21_num_RESPONSE_6838644"><![CDATA[48.9001]]></varlte>
</and>
</or>
</conditionvar>
<setvar varname="SCORE" action="Set">3</setvar>
<displayfeedback feedbacktype="Response" linkrefid="correct_fb"/>
</respcondition>
<respcondition continue="Yes">
<conditionvar>
<other/>
</conditionvar>
<displayfeedback feedbacktype="Response" linkrefid="general_incorrect_fb"/>
</respcondition>
</resprocessing>
<itemfeedback ident="correct_fb" view="All">
<flow_mat>
<material>
<mattext texttype="text/html"><![CDATA[

]]></mattext>
</material>
</flow_mat>
</itemfeedback>
<itemfeedback ident="general_incorrect_fb" view="All">
<flow_mat>
<material>
<mattext texttype="text/html"><![CDATA[

]]></mattext>
</material>
</flow_mat>
</itemfeedback>
</item>

<item ident="u13_03_right_tri_complems_deg_425390125_section_1_item_22_num" title="Question" maxattempts="10">
<itemcontrol feedbackswitch="No" hintswitch="No" solutionswitch="Yes"/>
<itemmetadata>
<qtimetadata>
<qtimetadatafield>
<fieldlabel>question_type</fieldlabel>
<fieldentry>numerical_question</fieldentry>
</qtimetadatafield>
</qtimetadata>
</itemmetadata>
<presentation>
<flow>
<material>
<matbreak/>
<mattext texttype="text/html" charset="utf-8"><![CDATA[
<p>A right triangle is drawn such that its hypotenuse connects the origin to the edge of the unit circle in the first quadrant. The acute angle at the origin has a measure of 37.7°. What is the measure, in degrees, of the other acute angle of the right triangle?</p>
<p><img src="data/supplements22/unnamed-chunk-1-1.png" alt="plot of chunk unnamed-chunk-1" /><br />
</p>
]]></mattext>
<matbreak/>
</material>
<response_num ident="u13_03_right_tri_complems_deg_425390125_section_1_item_22_num_RESPONSE_1526132" rcardinality="Single" numtype="Decimal">
<render_fib fibtype="Decimal" maxchars="12">
<flow_label class="Block">
<response_label ident="u13_03_right_tri_complems_deg_425390125_section_1_item_22_num_RESPONSE_1526132" rshuffle="No"/>
</flow_label>
</render_fib>
</response_num>
<material>
<matbreak/>
</material>
</flow>
</presentation>
<resprocessing>
<outcomes>
<decvar varname="SCORE" vartype="Decimal" defaultval="0" minvalue="0" maxvalue="3" cutvalue="3"/>
</outcomes>
<respcondition title="Mastery" continue="No">
<conditionvar>

<or>
<varequal respident="u13_03_right_tri_complems_deg_425390125_section_1_item_22_num_RESPONSE_1526132" case="No"><![CDATA[52.3]]></varequal>
<and>
<vargte respident="u13_03_right_tri_complems_deg_425390125_section_1_item_22_num_RESPONSE_1526132"><![CDATA[52.2999]]></vargte>
<varlte respident="u13_03_right_tri_complems_deg_425390125_section_1_item_22_num_RESPONSE_1526132"><![CDATA[52.3001]]></varlte>
</and>
</or>
</conditionvar>
<setvar varname="SCORE" action="Set">3</setvar>
<displayfeedback feedbacktype="Response" linkrefid="correct_fb"/>
</respcondition>
<respcondition continue="Yes">
<conditionvar>
<other/>
</conditionvar>
<displayfeedback feedbacktype="Response" linkrefid="general_incorrect_fb"/>
</respcondition>
</resprocessing>
<itemfeedback ident="correct_fb" view="All">
<flow_mat>
<material>
<mattext texttype="text/html"><![CDATA[

]]></mattext>
</material>
</flow_mat>
</itemfeedback>
<itemfeedback ident="general_incorrect_fb" view="All">
<flow_mat>
<material>
<mattext texttype="text/html"><![CDATA[

]]></mattext>
</material>
</flow_mat>
</itemfeedback>
</item>

<item ident="u13_03_right_tri_complems_deg_425390125_section_1_item_23_num" title="Question" maxattempts="10">
<itemcontrol feedbackswitch="No" hintswitch="No" solutionswitch="Yes"/>
<itemmetadata>
<qtimetadata>
<qtimetadatafield>
<fieldlabel>question_type</fieldlabel>
<fieldentry>numerical_question</fieldentry>
</qtimetadatafield>
</qtimetadata>
</itemmetadata>
<presentation>
<flow>
<material>
<matbreak/>
<mattext texttype="text/html" charset="utf-8"><![CDATA[
<p>A right triangle is drawn such that its hypotenuse connects the origin to the edge of the unit circle in the first quadrant. The acute angle at the origin has a measure of 63.7°. What is the measure, in degrees, of the other acute angle of the right triangle?</p>
<p><img src="data/supplements23/unnamed-chunk-1-1.png" alt="plot of chunk unnamed-chunk-1" /><br />
</p>
]]></mattext>
<matbreak/>
</material>
<response_num ident="u13_03_right_tri_complems_deg_425390125_section_1_item_23_num_RESPONSE_1611673" rcardinality="Single" numtype="Decimal">
<render_fib fibtype="Decimal" maxchars="12">
<flow_label class="Block">
<response_label ident="u13_03_right_tri_complems_deg_425390125_section_1_item_23_num_RESPONSE_1611673" rshuffle="No"/>
</flow_label>
</render_fib>
</response_num>
<material>
<matbreak/>
</material>
</flow>
</presentation>
<resprocessing>
<outcomes>
<decvar varname="SCORE" vartype="Decimal" defaultval="0" minvalue="0" maxvalue="3" cutvalue="3"/>
</outcomes>
<respcondition title="Mastery" continue="No">
<conditionvar>

<or>
<varequal respident="u13_03_right_tri_complems_deg_425390125_section_1_item_23_num_RESPONSE_1611673" case="No"><![CDATA[26.3]]></varequal>
<and>
<vargte respident="u13_03_right_tri_complems_deg_425390125_section_1_item_23_num_RESPONSE_1611673"><![CDATA[26.2999]]></vargte>
<varlte respident="u13_03_right_tri_complems_deg_425390125_section_1_item_23_num_RESPONSE_1611673"><![CDATA[26.3001]]></varlte>
</and>
</or>
</conditionvar>
<setvar varname="SCORE" action="Set">3</setvar>
<displayfeedback feedbacktype="Response" linkrefid="correct_fb"/>
</respcondition>
<respcondition continue="Yes">
<conditionvar>
<other/>
</conditionvar>
<displayfeedback feedbacktype="Response" linkrefid="general_incorrect_fb"/>
</respcondition>
</resprocessing>
<itemfeedback ident="correct_fb" view="All">
<flow_mat>
<material>
<mattext texttype="text/html"><![CDATA[

]]></mattext>
</material>
</flow_mat>
</itemfeedback>
<itemfeedback ident="general_incorrect_fb" view="All">
<flow_mat>
<material>
<mattext texttype="text/html"><![CDATA[

]]></mattext>
</material>
</flow_mat>
</itemfeedback>
</item>

<item ident="u13_03_right_tri_complems_deg_425390125_section_1_item_24_num" title="Question" maxattempts="10">
<itemcontrol feedbackswitch="No" hintswitch="No" solutionswitch="Yes"/>
<itemmetadata>
<qtimetadata>
<qtimetadatafield>
<fieldlabel>question_type</fieldlabel>
<fieldentry>numerical_question</fieldentry>
</qtimetadatafield>
</qtimetadata>
</itemmetadata>
<presentation>
<flow>
<material>
<matbreak/>
<mattext texttype="text/html" charset="utf-8"><![CDATA[
<p>A right triangle is drawn such that its hypotenuse connects the origin to the edge of the unit circle in the first quadrant. The acute angle at the origin has a measure of 27.7°. What is the measure, in degrees, of the other acute angle of the right triangle?</p>
<p><img src="data/supplements24/unnamed-chunk-1-1.png" alt="plot of chunk unnamed-chunk-1" /><br />
</p>
]]></mattext>
<matbreak/>
</material>
<response_num ident="u13_03_right_tri_complems_deg_425390125_section_1_item_24_num_RESPONSE_5710939" rcardinality="Single" numtype="Decimal">
<render_fib fibtype="Decimal" maxchars="12">
<flow_label class="Block">
<response_label ident="u13_03_right_tri_complems_deg_425390125_section_1_item_24_num_RESPONSE_5710939" rshuffle="No"/>
</flow_label>
</render_fib>
</response_num>
<material>
<matbreak/>
</material>
</flow>
</presentation>
<resprocessing>
<outcomes>
<decvar varname="SCORE" vartype="Decimal" defaultval="0" minvalue="0" maxvalue="3" cutvalue="3"/>
</outcomes>
<respcondition title="Mastery" continue="No">
<conditionvar>

<or>
<varequal respident="u13_03_right_tri_complems_deg_425390125_section_1_item_24_num_RESPONSE_5710939" case="No"><![CDATA[62.3]]></varequal>
<and>
<vargte respident="u13_03_right_tri_complems_deg_425390125_section_1_item_24_num_RESPONSE_5710939"><![CDATA[62.2999]]></vargte>
<varlte respident="u13_03_right_tri_complems_deg_425390125_section_1_item_24_num_RESPONSE_5710939"><![CDATA[62.3001]]></varlte>
</and>
</or>
</conditionvar>
<setvar varname="SCORE" action="Set">3</setvar>
<displayfeedback feedbacktype="Response" linkrefid="correct_fb"/>
</respcondition>
<respcondition continue="Yes">
<conditionvar>
<other/>
</conditionvar>
<displayfeedback feedbacktype="Response" linkrefid="general_incorrect_fb"/>
</respcondition>
</resprocessing>
<itemfeedback ident="correct_fb" view="All">
<flow_mat>
<material>
<mattext texttype="text/html"><![CDATA[

]]></mattext>
</material>
</flow_mat>
</itemfeedback>
<itemfeedback ident="general_incorrect_fb" view="All">
<flow_mat>
<material>
<mattext texttype="text/html"><![CDATA[

]]></mattext>
</material>
</flow_mat>
</itemfeedback>
</item>

<item ident="u13_03_right_tri_complems_deg_425390125_section_1_item_25_num" title="Question" maxattempts="10">
<itemcontrol feedbackswitch="No" hintswitch="No" solutionswitch="Yes"/>
<itemmetadata>
<qtimetadata>
<qtimetadatafield>
<fieldlabel>question_type</fieldlabel>
<fieldentry>numerical_question</fieldentry>
</qtimetadatafield>
</qtimetadata>
</itemmetadata>
<presentation>
<flow>
<material>
<matbreak/>
<mattext texttype="text/html" charset="utf-8"><![CDATA[
<p>A right triangle is drawn such that its hypotenuse connects the origin to the edge of the unit circle in the first quadrant. The acute angle at the origin has a measure of 36.5°. What is the measure, in degrees, of the other acute angle of the right triangle?</p>
<p><img src="data/supplements25/unnamed-chunk-1-1.png" alt="plot of chunk unnamed-chunk-1" /><br />
</p>
]]></mattext>
<matbreak/>
</material>
<response_num ident="u13_03_right_tri_complems_deg_425390125_section_1_item_25_num_RESPONSE_2962800" rcardinality="Single" numtype="Decimal">
<render_fib fibtype="Decimal" maxchars="12">
<flow_label class="Block">
<response_label ident="u13_03_right_tri_complems_deg_425390125_section_1_item_25_num_RESPONSE_2962800" rshuffle="No"/>
</flow_label>
</render_fib>
</response_num>
<material>
<matbreak/>
</material>
</flow>
</presentation>
<resprocessing>
<outcomes>
<decvar varname="SCORE" vartype="Decimal" defaultval="0" minvalue="0" maxvalue="3" cutvalue="3"/>
</outcomes>
<respcondition title="Mastery" continue="No">
<conditionvar>

<or>
<varequal respident="u13_03_right_tri_complems_deg_425390125_section_1_item_25_num_RESPONSE_2962800" case="No"><![CDATA[53.5]]></varequal>
<and>
<vargte respident="u13_03_right_tri_complems_deg_425390125_section_1_item_25_num_RESPONSE_2962800"><![CDATA[53.4999]]></vargte>
<varlte respident="u13_03_right_tri_complems_deg_425390125_section_1_item_25_num_RESPONSE_2962800"><![CDATA[53.5001]]></varlte>
</and>
</or>
</conditionvar>
<setvar varname="SCORE" action="Set">3</setvar>
<displayfeedback feedbacktype="Response" linkrefid="correct_fb"/>
</respcondition>
<respcondition continue="Yes">
<conditionvar>
<other/>
</conditionvar>
<displayfeedback feedbacktype="Response" linkrefid="general_incorrect_fb"/>
</respcondition>
</resprocessing>
<itemfeedback ident="correct_fb" view="All">
<flow_mat>
<material>
<mattext texttype="text/html"><![CDATA[

]]></mattext>
</material>
</flow_mat>
</itemfeedback>
<itemfeedback ident="general_incorrect_fb" view="All">
<flow_mat>
<material>
<mattext texttype="text/html"><![CDATA[

]]></mattext>
</material>
</flow_mat>
</itemfeedback>
</item>

<item ident="u13_03_right_tri_complems_deg_425390125_section_1_item_26_num" title="Question" maxattempts="10">
<itemcontrol feedbackswitch="No" hintswitch="No" solutionswitch="Yes"/>
<itemmetadata>
<qtimetadata>
<qtimetadatafield>
<fieldlabel>question_type</fieldlabel>
<fieldentry>numerical_question</fieldentry>
</qtimetadatafield>
</qtimetadata>
</itemmetadata>
<presentation>
<flow>
<material>
<matbreak/>
<mattext texttype="text/html" charset="utf-8"><![CDATA[
<p>A right triangle is drawn such that its hypotenuse connects the origin to the edge of the unit circle in the first quadrant. The acute angle at the origin has a measure of 33.9°. What is the measure, in degrees, of the other acute angle of the right triangle?</p>
<p><img src="data/supplements26/unnamed-chunk-1-1.png" alt="plot of chunk unnamed-chunk-1" /><br />
</p>
]]></mattext>
<matbreak/>
</material>
<response_num ident="u13_03_right_tri_complems_deg_425390125_section_1_item_26_num_RESPONSE_3611541" rcardinality="Single" numtype="Decimal">
<render_fib fibtype="Decimal" maxchars="12">
<flow_label class="Block">
<response_label ident="u13_03_right_tri_complems_deg_425390125_section_1_item_26_num_RESPONSE_3611541" rshuffle="No"/>
</flow_label>
</render_fib>
</response_num>
<material>
<matbreak/>
</material>
</flow>
</presentation>
<resprocessing>
<outcomes>
<decvar varname="SCORE" vartype="Decimal" defaultval="0" minvalue="0" maxvalue="3" cutvalue="3"/>
</outcomes>
<respcondition title="Mastery" continue="No">
<conditionvar>

<or>
<varequal respident="u13_03_right_tri_complems_deg_425390125_section_1_item_26_num_RESPONSE_3611541" case="No"><![CDATA[56.1]]></varequal>
<and>
<vargte respident="u13_03_right_tri_complems_deg_425390125_section_1_item_26_num_RESPONSE_3611541"><![CDATA[56.0999]]></vargte>
<varlte respident="u13_03_right_tri_complems_deg_425390125_section_1_item_26_num_RESPONSE_3611541"><![CDATA[56.1001]]></varlte>
</and>
</or>
</conditionvar>
<setvar varname="SCORE" action="Set">3</setvar>
<displayfeedback feedbacktype="Response" linkrefid="correct_fb"/>
</respcondition>
<respcondition continue="Yes">
<conditionvar>
<other/>
</conditionvar>
<displayfeedback feedbacktype="Response" linkrefid="general_incorrect_fb"/>
</respcondition>
</resprocessing>
<itemfeedback ident="correct_fb" view="All">
<flow_mat>
<material>
<mattext texttype="text/html"><![CDATA[

]]></mattext>
</material>
</flow_mat>
</itemfeedback>
<itemfeedback ident="general_incorrect_fb" view="All">
<flow_mat>
<material>
<mattext texttype="text/html"><![CDATA[

]]></mattext>
</material>
</flow_mat>
</itemfeedback>
</item>

<item ident="u13_03_right_tri_complems_deg_425390125_section_1_item_27_num" title="Question" maxattempts="10">
<itemcontrol feedbackswitch="No" hintswitch="No" solutionswitch="Yes"/>
<itemmetadata>
<qtimetadata>
<qtimetadatafield>
<fieldlabel>question_type</fieldlabel>
<fieldentry>numerical_question</fieldentry>
</qtimetadatafield>
</qtimetadata>
</itemmetadata>
<presentation>
<flow>
<material>
<matbreak/>
<mattext texttype="text/html" charset="utf-8"><![CDATA[
<p>A right triangle is drawn such that its hypotenuse connects the origin to the edge of the unit circle in the first quadrant. The acute angle at the origin has a measure of 67.9°. What is the measure, in degrees, of the other acute angle of the right triangle?</p>
<p><img src="data/supplements27/unnamed-chunk-1-1.png" alt="plot of chunk unnamed-chunk-1" /><br />
</p>
]]></mattext>
<matbreak/>
</material>
<response_num ident="u13_03_right_tri_complems_deg_425390125_section_1_item_27_num_RESPONSE_1356164" rcardinality="Single" numtype="Decimal">
<render_fib fibtype="Decimal" maxchars="12">
<flow_label class="Block">
<response_label ident="u13_03_right_tri_complems_deg_425390125_section_1_item_27_num_RESPONSE_1356164" rshuffle="No"/>
</flow_label>
</render_fib>
</response_num>
<material>
<matbreak/>
</material>
</flow>
</presentation>
<resprocessing>
<outcomes>
<decvar varname="SCORE" vartype="Decimal" defaultval="0" minvalue="0" maxvalue="3" cutvalue="3"/>
</outcomes>
<respcondition title="Mastery" continue="No">
<conditionvar>

<or>
<varequal respident="u13_03_right_tri_complems_deg_425390125_section_1_item_27_num_RESPONSE_1356164" case="No"><![CDATA[22.1]]></varequal>
<and>
<vargte respident="u13_03_right_tri_complems_deg_425390125_section_1_item_27_num_RESPONSE_1356164"><![CDATA[22.0999]]></vargte>
<varlte respident="u13_03_right_tri_complems_deg_425390125_section_1_item_27_num_RESPONSE_1356164"><![CDATA[22.1001]]></varlte>
</and>
</or>
</conditionvar>
<setvar varname="SCORE" action="Set">3</setvar>
<displayfeedback feedbacktype="Response" linkrefid="correct_fb"/>
</respcondition>
<respcondition continue="Yes">
<conditionvar>
<other/>
</conditionvar>
<displayfeedback feedbacktype="Response" linkrefid="general_incorrect_fb"/>
</respcondition>
</resprocessing>
<itemfeedback ident="correct_fb" view="All">
<flow_mat>
<material>
<mattext texttype="text/html"><![CDATA[

]]></mattext>
</material>
</flow_mat>
</itemfeedback>
<itemfeedback ident="general_incorrect_fb" view="All">
<flow_mat>
<material>
<mattext texttype="text/html"><![CDATA[

]]></mattext>
</material>
</flow_mat>
</itemfeedback>
</item>

<item ident="u13_03_right_tri_complems_deg_425390125_section_1_item_28_num" title="Question" maxattempts="10">
<itemcontrol feedbackswitch="No" hintswitch="No" solutionswitch="Yes"/>
<itemmetadata>
<qtimetadata>
<qtimetadatafield>
<fieldlabel>question_type</fieldlabel>
<fieldentry>numerical_question</fieldentry>
</qtimetadatafield>
</qtimetadata>
</itemmetadata>
<presentation>
<flow>
<material>
<matbreak/>
<mattext texttype="text/html" charset="utf-8"><![CDATA[
<p>A right triangle is drawn such that its hypotenuse connects the origin to the edge of the unit circle in the first quadrant. The acute angle at the origin has a measure of 58.4°. What is the measure, in degrees, of the other acute angle of the right triangle?</p>
<p><img src="data/supplements28/unnamed-chunk-1-1.png" alt="plot of chunk unnamed-chunk-1" /><br />
</p>
]]></mattext>
<matbreak/>
</material>
<response_num ident="u13_03_right_tri_complems_deg_425390125_section_1_item_28_num_RESPONSE_9584278" rcardinality="Single" numtype="Decimal">
<render_fib fibtype="Decimal" maxchars="12">
<flow_label class="Block">
<response_label ident="u13_03_right_tri_complems_deg_425390125_section_1_item_28_num_RESPONSE_9584278" rshuffle="No"/>
</flow_label>
</render_fib>
</response_num>
<material>
<matbreak/>
</material>
</flow>
</presentation>
<resprocessing>
<outcomes>
<decvar varname="SCORE" vartype="Decimal" defaultval="0" minvalue="0" maxvalue="3" cutvalue="3"/>
</outcomes>
<respcondition title="Mastery" continue="No">
<conditionvar>

<or>
<varequal respident="u13_03_right_tri_complems_deg_425390125_section_1_item_28_num_RESPONSE_9584278" case="No"><![CDATA[31.6]]></varequal>
<and>
<vargte respident="u13_03_right_tri_complems_deg_425390125_section_1_item_28_num_RESPONSE_9584278"><![CDATA[31.5999]]></vargte>
<varlte respident="u13_03_right_tri_complems_deg_425390125_section_1_item_28_num_RESPONSE_9584278"><![CDATA[31.6001]]></varlte>
</and>
</or>
</conditionvar>
<setvar varname="SCORE" action="Set">3</setvar>
<displayfeedback feedbacktype="Response" linkrefid="correct_fb"/>
</respcondition>
<respcondition continue="Yes">
<conditionvar>
<other/>
</conditionvar>
<displayfeedback feedbacktype="Response" linkrefid="general_incorrect_fb"/>
</respcondition>
</resprocessing>
<itemfeedback ident="correct_fb" view="All">
<flow_mat>
<material>
<mattext texttype="text/html"><![CDATA[

]]></mattext>
</material>
</flow_mat>
</itemfeedback>
<itemfeedback ident="general_incorrect_fb" view="All">
<flow_mat>
<material>
<mattext texttype="text/html"><![CDATA[

]]></mattext>
</material>
</flow_mat>
</itemfeedback>
</item>

<item ident="u13_03_right_tri_complems_deg_425390125_section_1_item_29_num" title="Question" maxattempts="10">
<itemcontrol feedbackswitch="No" hintswitch="No" solutionswitch="Yes"/>
<itemmetadata>
<qtimetadata>
<qtimetadatafield>
<fieldlabel>question_type</fieldlabel>
<fieldentry>numerical_question</fieldentry>
</qtimetadatafield>
</qtimetadata>
</itemmetadata>
<presentation>
<flow>
<material>
<matbreak/>
<mattext texttype="text/html" charset="utf-8"><![CDATA[
<p>A right triangle is drawn such that its hypotenuse connects the origin to the edge of the unit circle in the first quadrant. The acute angle at the origin has a measure of 31.3°. What is the measure, in degrees, of the other acute angle of the right triangle?</p>
<p><img src="data/supplements29/unnamed-chunk-1-1.png" alt="plot of chunk unnamed-chunk-1" /><br />
</p>
]]></mattext>
<matbreak/>
</material>
<response_num ident="u13_03_right_tri_complems_deg_425390125_section_1_item_29_num_RESPONSE_1693266" rcardinality="Single" numtype="Decimal">
<render_fib fibtype="Decimal" maxchars="12">
<flow_label class="Block">
<response_label ident="u13_03_right_tri_complems_deg_425390125_section_1_item_29_num_RESPONSE_1693266" rshuffle="No"/>
</flow_label>
</render_fib>
</response_num>
<material>
<matbreak/>
</material>
</flow>
</presentation>
<resprocessing>
<outcomes>
<decvar varname="SCORE" vartype="Decimal" defaultval="0" minvalue="0" maxvalue="3" cutvalue="3"/>
</outcomes>
<respcondition title="Mastery" continue="No">
<conditionvar>

<or>
<varequal respident="u13_03_right_tri_complems_deg_425390125_section_1_item_29_num_RESPONSE_1693266" case="No"><![CDATA[58.7]]></varequal>
<and>
<vargte respident="u13_03_right_tri_complems_deg_425390125_section_1_item_29_num_RESPONSE_1693266"><![CDATA[58.6999]]></vargte>
<varlte respident="u13_03_right_tri_complems_deg_425390125_section_1_item_29_num_RESPONSE_1693266"><![CDATA[58.7001]]></varlte>
</and>
</or>
</conditionvar>
<setvar varname="SCORE" action="Set">3</setvar>
<displayfeedback feedbacktype="Response" linkrefid="correct_fb"/>
</respcondition>
<respcondition continue="Yes">
<conditionvar>
<other/>
</conditionvar>
<displayfeedback feedbacktype="Response" linkrefid="general_incorrect_fb"/>
</respcondition>
</resprocessing>
<itemfeedback ident="correct_fb" view="All">
<flow_mat>
<material>
<mattext texttype="text/html"><![CDATA[

]]></mattext>
</material>
</flow_mat>
</itemfeedback>
<itemfeedback ident="general_incorrect_fb" view="All">
<flow_mat>
<material>
<mattext texttype="text/html"><![CDATA[

]]></mattext>
</material>
</flow_mat>
</itemfeedback>
</item>

<item ident="u13_03_right_tri_complems_deg_425390125_section_1_item_30_num" title="Question" maxattempts="10">
<itemcontrol feedbackswitch="No" hintswitch="No" solutionswitch="Yes"/>
<itemmetadata>
<qtimetadata>
<qtimetadatafield>
<fieldlabel>question_type</fieldlabel>
<fieldentry>numerical_question</fieldentry>
</qtimetadatafield>
</qtimetadata>
</itemmetadata>
<presentation>
<flow>
<material>
<matbreak/>
<mattext texttype="text/html" charset="utf-8"><![CDATA[
<p>A right triangle is drawn such that its hypotenuse connects the origin to the edge of the unit circle in the first quadrant. The acute angle at the origin has a measure of 67.4°. What is the measure, in degrees, of the other acute angle of the right triangle?</p>
<p><img src="data/supplements30/unnamed-chunk-1-1.png" alt="plot of chunk unnamed-chunk-1" /><br />
</p>
]]></mattext>
<matbreak/>
</material>
<response_num ident="u13_03_right_tri_complems_deg_425390125_section_1_item_30_num_RESPONSE_7742685" rcardinality="Single" numtype="Decimal">
<render_fib fibtype="Decimal" maxchars="12">
<flow_label class="Block">
<response_label ident="u13_03_right_tri_complems_deg_425390125_section_1_item_30_num_RESPONSE_7742685" rshuffle="No"/>
</flow_label>
</render_fib>
</response_num>
<material>
<matbreak/>
</material>
</flow>
</presentation>
<resprocessing>
<outcomes>
<decvar varname="SCORE" vartype="Decimal" defaultval="0" minvalue="0" maxvalue="3" cutvalue="3"/>
</outcomes>
<respcondition title="Mastery" continue="No">
<conditionvar>

<or>
<varequal respident="u13_03_right_tri_complems_deg_425390125_section_1_item_30_num_RESPONSE_7742685" case="No"><![CDATA[22.6]]></varequal>
<and>
<vargte respident="u13_03_right_tri_complems_deg_425390125_section_1_item_30_num_RESPONSE_7742685"><![CDATA[22.5999]]></vargte>
<varlte respident="u13_03_right_tri_complems_deg_425390125_section_1_item_30_num_RESPONSE_7742685"><![CDATA[22.6001]]></varlte>
</and>
</or>
</conditionvar>
<setvar varname="SCORE" action="Set">3</setvar>
<displayfeedback feedbacktype="Response" linkrefid="correct_fb"/>
</respcondition>
<respcondition continue="Yes">
<conditionvar>
<other/>
</conditionvar>
<displayfeedback feedbacktype="Response" linkrefid="general_incorrect_fb"/>
</respcondition>
</resprocessing>
<itemfeedback ident="correct_fb" view="All">
<flow_mat>
<material>
<mattext texttype="text/html"><![CDATA[

]]></mattext>
</material>
</flow_mat>
</itemfeedback>
<itemfeedback ident="general_incorrect_fb" view="All">
<flow_mat>
<material>
<mattext texttype="text/html"><![CDATA[

]]></mattext>
</material>
</flow_mat>
</itemfeedback>
</item>


</section>

</assessment>
</questestinterop>
