<?xml version="1.0" encoding="UTF-8"?>
<manifest identifier="MID_scattered_practice_951477934" xmlns="http://www.imsglobal.org/xsd/imsccv1p1/imscp_v1p1" xmlns:lom="http://ltsc.ieee.org/xsd/imsccv1p1/LOM/resource" xmlns:imsmd="http://www.imsglobal.org/xsd/imsmd_v1p2" xmlns:xsi="http://www.w3.org/2001/XMLSchema-instance" xsi:schemaLocation="http://www.imsglobal.org/xsd/imsccv1p1/imscp_v1p1 http://www.imsglobal.org/xsd/imscp_v1p1.xsd http://ltsc.ieee.org/xsd/imsccv1p1/LOM/resource http://www.imsglobal.org/profile/cc/ccv1p1/LOM/ccv1p1_lomresource_v1p0.xsd http://www.imsglobal.org/xsd/imsmd_v1p2 http://www.imsglobal.org/xsd/imsmd_v1p2p2.xsd">
  <metadata>
    <schema>IMS Content</schema>
    <schemaversion>1.1.3</schemaversion>
    <imsmd:lom>
      <imsmd:general>
        <imsmd:title>
          <imsmd:string>scattered_practice</imsmd:string>
        </imsmd:title>
      </imsmd:general>
      <imsmd:lifeCycle>
        <imsmd:contribute>
          <imsmd:date>
            <imsmd:dateTime>2024-02-20</imsmd:dateTime>
          </imsmd:date>
        </imsmd:contribute>
      </imsmd:lifeCycle>
      <imsmd:rights>
        <imsmd:copyrightAndOtherRestrictions>
          <imsmd:value>yes</imsmd:value>
        </imsmd:copyrightAndOtherRestrictions>
        <imsmd:description>
          <imsmd:string>Private (Copyrighted) - http://en.wikipedia.org/wiki/Copyright</imsmd:string>
        </imsmd:description>
      </imsmd:rights>
    </imsmd:lom>
  </metadata>
  <organizations/>
  <resources>
    <resource identifier="scattered_practice_664831211" type="imsqti_xmlv1p2">
      <file href="scattered_practice_664831211/scattered_practice_664831211.xml"/>
      <dependency identifierref="MID_REF_scattered_practice_951477934"/>
    </resource>
    <resource identifier="MID_REF_scattered_practice_951477934" type="associatedcontent/imscc_xmlv1p1/learning-application-resource" href="scattered_practice_664831211/assessment_meta.xml">
      <file href="scattered_practice_664831211/assessment_meta.xml"/>
    </resource>
    <resource href="data/supplements1/XX.png" identifier="1234" type="webcontent">
      <file href="data/supplements1/XX.png"/>
    </resource>
    <resource href="data/supplements10/XX.png" identifier="1235" type="webcontent">
      <file href="data/supplements10/XX.png"/>
    </resource>
    <resource href="data/supplements11/XX.png" identifier="1236" type="webcontent">
      <file href="data/supplements11/XX.png"/>
    </resource>
    <resource href="data/supplements12/XX.png" identifier="1237" type="webcontent">
      <file href="data/supplements12/XX.png"/>
    </resource>
    <resource href="data/supplements2/XX.png" identifier="1238" type="webcontent">
      <file href="data/supplements2/XX.png"/>
    </resource>
    <resource href="data/supplements3/XX.png" identifier="1239" type="webcontent">
      <file href="data/supplements3/XX.png"/>
    </resource>
    <resource href="data/supplements4/XX.png" identifier="1240" type="webcontent">
      <file href="data/supplements4/XX.png"/>
    </resource>
    <resource href="data/supplements5/XX.png" identifier="1241" type="webcontent">
      <file href="data/supplements5/XX.png"/>
    </resource>
    <resource href="data/supplements6/XX.png" identifier="1242" type="webcontent">
      <file href="data/supplements6/XX.png"/>
    </resource>
    <resource href="data/supplements7/XX.png" identifier="1243" type="webcontent">
      <file href="data/supplements7/XX.png"/>
    </resource>
    <resource href="data/supplements8/XX.png" identifier="1244" type="webcontent">
      <file href="data/supplements8/XX.png"/>
    </resource>
    <resource href="data/supplements9/XX.png" identifier="1245" type="webcontent">
      <file href="data/supplements9/XX.png"/>
    </resource>
  </resources>
</manifest>
