<?xml version="1.0" encoding="UTF-8"?>
<!DOCTYPE questestinterop SYSTEM "ims_qtiasiv1p2p1.dtd">

<questestinterop>
<assessment ident="_020_11_half_life_from_graph_830701983" title="_020_11_half_life_from_graph">

<qtimetadata>
<qtimetadatafield>
<fieldlabel>cc_maxattempts</fieldlabel>
<fieldentry>20</fieldentry>
</qtimetadatafield>
<qtimetadatafield>
<fieldlabel>qmd_assessmenttype</fieldlabel>
<fieldentry>Assessment</fieldentry>
</qtimetadatafield>
</qtimetadata>
<objectives>
<material>
<mattext><![CDATA[Please solve the following exercises.]]></mattext>
</material>
</objectives>
<assessmentcontrol feedbackswitch="No" hintswitch="No" solutionswitch="Yes"/>
<outcomes_processing scoremodel="SumOfScores">
<outcomes>
<decvar varname="SCORE" vartype="Decimal" cutvalue="0"/>
</outcomes>
</outcomes_processing>
<assessfeedback title="AssessmentFeedback" ident="AssessmentFeedback">
<flow_mat>
<material>
<mattext>##AssessmentFeedback##</mattext>
</material>
</flow_mat>
</assessfeedback>

<section ident="_020_11_half_life_from_graph_830701983_section_1" title="Exercise">

<objectives>
<material>
<mattext><![CDATA[Please answer the following question.]]></mattext>
</material>
</objectives>
<selection_ordering>
<selection>
<selection_number>1</selection_number>
<selection_extension>
<points_per_item>2</points_per_item>
</selection_extension>
</selection>
<order order_type="Random"/>
</selection_ordering>

<item ident="_020_11_half_life_from_graph_830701983_section_1_item_01_num" title="Question" maxattempts="20">
<itemcontrol feedbackswitch="No" hintswitch="No" solutionswitch="Yes"/>
<itemmetadata>
<qtimetadata>
<qtimetadatafield>
<fieldlabel>question_type</fieldlabel>
<fieldentry>numerical_question</fieldentry>
</qtimetadatafield>
</qtimetadata>
</itemmetadata>
<presentation>
<flow>
<material>
<matbreak/>
<mattext texttype="text/html" charset="utf-8"><![CDATA[
<p>The <a href="https://en.wikipedia.org/wiki/Half-life">half-life</a> of an exponentially decaying function is the amount of time it takes for the population to halve.</p>
<div class="float">
<img src="data/supplements1/unnamed-chunk-2-1.png" alt="plot of chunk unnamed-chunk-2" />
<div class="figcaption">plot of chunk unnamed-chunk-2</div>
</div>
<p>What is the half-life of the exponential function graphed above? (The answer is an integer.)</p>
]]></mattext>
<matbreak/>
</material>
<response_num ident="_020_11_half_life_from_graph_830701983_section_1_item_01_num_RESPONSE_2389202" rcardinality="Single" numtype="Decimal">
<render_fib fibtype="Decimal" maxchars="12">
<flow_label class="Block">
<response_label ident="_020_11_half_life_from_graph_830701983_section_1_item_01_num_RESPONSE_2389202" rshuffle="No"/>
</flow_label>
</render_fib>
</response_num>
<material>
<matbreak/>
</material>
</flow>
</presentation>
<resprocessing>
<outcomes>
<decvar varname="SCORE" vartype="Decimal" defaultval="0" minvalue="0" maxvalue="2" cutvalue="2"/>
</outcomes>
<respcondition title="Mastery" continue="No">
<conditionvar>

<or>
<varequal respident="_020_11_half_life_from_graph_830701983_section_1_item_01_num_RESPONSE_2389202" case="No"><![CDATA[6]]></varequal>
<and>
<vargte respident="_020_11_half_life_from_graph_830701983_section_1_item_01_num_RESPONSE_2389202"><![CDATA[5.9]]></vargte>
<varlte respident="_020_11_half_life_from_graph_830701983_section_1_item_01_num_RESPONSE_2389202"><![CDATA[6.1]]></varlte>
</and>
</or>
</conditionvar>
<setvar varname="SCORE" action="Set">2</setvar>
<displayfeedback feedbacktype="Response" linkrefid="correct_fb"/>
</respcondition>
<respcondition continue="Yes">
<conditionvar>
<other/>
</conditionvar>
<displayfeedback feedbacktype="Response" linkrefid="general_incorrect_fb"/>
</respcondition>
</resprocessing>
<itemfeedback ident="correct_fb" view="All">
<flow_mat>
<material>
<mattext texttype="text/html"><![CDATA[
<p>The half-life is 6 minutes.</p>
<div class="float">
<img src="data/supplements1/unnamed-chunk-3-1.png" alt="plot of chunk unnamed-chunk-3" />
<div class="figcaption">plot of chunk unnamed-chunk-3</div>
</div>
<p>Every 6 minutes, the population halves again.</p>
]]></mattext>
</material>
</flow_mat>
</itemfeedback>
<itemfeedback ident="general_incorrect_fb" view="All">
<flow_mat>
<material>
<mattext texttype="text/html"><![CDATA[
<p>The half-life is 6 minutes.</p>
<div class="float">
<img src="data/supplements1/unnamed-chunk-3-1.png" alt="plot of chunk unnamed-chunk-3" />
<div class="figcaption">plot of chunk unnamed-chunk-3</div>
</div>
<p>Every 6 minutes, the population halves again.</p>
]]></mattext>
</material>
</flow_mat>
</itemfeedback>
</item>

<item ident="_020_11_half_life_from_graph_830701983_section_1_item_02_num" title="Question" maxattempts="20">
<itemcontrol feedbackswitch="No" hintswitch="No" solutionswitch="Yes"/>
<itemmetadata>
<qtimetadata>
<qtimetadatafield>
<fieldlabel>question_type</fieldlabel>
<fieldentry>numerical_question</fieldentry>
</qtimetadatafield>
</qtimetadata>
</itemmetadata>
<presentation>
<flow>
<material>
<matbreak/>
<mattext texttype="text/html" charset="utf-8"><![CDATA[
<p>The <a href="https://en.wikipedia.org/wiki/Half-life">half-life</a> of an exponentially decaying function is the amount of time it takes for the population to halve.</p>
<div class="float">
<img src="data/supplements2/unnamed-chunk-2-1.png" alt="plot of chunk unnamed-chunk-2" />
<div class="figcaption">plot of chunk unnamed-chunk-2</div>
</div>
<p>What is the half-life of the exponential function graphed above? (The answer is an integer.)</p>
]]></mattext>
<matbreak/>
</material>
<response_num ident="_020_11_half_life_from_graph_830701983_section_1_item_02_num_RESPONSE_9953785" rcardinality="Single" numtype="Decimal">
<render_fib fibtype="Decimal" maxchars="12">
<flow_label class="Block">
<response_label ident="_020_11_half_life_from_graph_830701983_section_1_item_02_num_RESPONSE_9953785" rshuffle="No"/>
</flow_label>
</render_fib>
</response_num>
<material>
<matbreak/>
</material>
</flow>
</presentation>
<resprocessing>
<outcomes>
<decvar varname="SCORE" vartype="Decimal" defaultval="0" minvalue="0" maxvalue="2" cutvalue="2"/>
</outcomes>
<respcondition title="Mastery" continue="No">
<conditionvar>

<or>
<varequal respident="_020_11_half_life_from_graph_830701983_section_1_item_02_num_RESPONSE_9953785" case="No"><![CDATA[4]]></varequal>
<and>
<vargte respident="_020_11_half_life_from_graph_830701983_section_1_item_02_num_RESPONSE_9953785"><![CDATA[3.9]]></vargte>
<varlte respident="_020_11_half_life_from_graph_830701983_section_1_item_02_num_RESPONSE_9953785"><![CDATA[4.1]]></varlte>
</and>
</or>
</conditionvar>
<setvar varname="SCORE" action="Set">2</setvar>
<displayfeedback feedbacktype="Response" linkrefid="correct_fb"/>
</respcondition>
<respcondition continue="Yes">
<conditionvar>
<other/>
</conditionvar>
<displayfeedback feedbacktype="Response" linkrefid="general_incorrect_fb"/>
</respcondition>
</resprocessing>
<itemfeedback ident="correct_fb" view="All">
<flow_mat>
<material>
<mattext texttype="text/html"><![CDATA[
<p>The half-life is 4 minutes.</p>
<div class="float">
<img src="data/supplements2/unnamed-chunk-3-1.png" alt="plot of chunk unnamed-chunk-3" />
<div class="figcaption">plot of chunk unnamed-chunk-3</div>
</div>
<p>Every 4 minutes, the population halves again.</p>
]]></mattext>
</material>
</flow_mat>
</itemfeedback>
<itemfeedback ident="general_incorrect_fb" view="All">
<flow_mat>
<material>
<mattext texttype="text/html"><![CDATA[
<p>The half-life is 4 minutes.</p>
<div class="float">
<img src="data/supplements2/unnamed-chunk-3-1.png" alt="plot of chunk unnamed-chunk-3" />
<div class="figcaption">plot of chunk unnamed-chunk-3</div>
</div>
<p>Every 4 minutes, the population halves again.</p>
]]></mattext>
</material>
</flow_mat>
</itemfeedback>
</item>

<item ident="_020_11_half_life_from_graph_830701983_section_1_item_03_num" title="Question" maxattempts="20">
<itemcontrol feedbackswitch="No" hintswitch="No" solutionswitch="Yes"/>
<itemmetadata>
<qtimetadata>
<qtimetadatafield>
<fieldlabel>question_type</fieldlabel>
<fieldentry>numerical_question</fieldentry>
</qtimetadatafield>
</qtimetadata>
</itemmetadata>
<presentation>
<flow>
<material>
<matbreak/>
<mattext texttype="text/html" charset="utf-8"><![CDATA[
<p>The <a href="https://en.wikipedia.org/wiki/Half-life">half-life</a> of an exponentially decaying function is the amount of time it takes for the population to halve.</p>
<div class="float">
<img src="data/supplements3/unnamed-chunk-2-1.png" alt="plot of chunk unnamed-chunk-2" />
<div class="figcaption">plot of chunk unnamed-chunk-2</div>
</div>
<p>What is the half-life of the exponential function graphed above? (The answer is an integer.)</p>
]]></mattext>
<matbreak/>
</material>
<response_num ident="_020_11_half_life_from_graph_830701983_section_1_item_03_num_RESPONSE_9739665" rcardinality="Single" numtype="Decimal">
<render_fib fibtype="Decimal" maxchars="12">
<flow_label class="Block">
<response_label ident="_020_11_half_life_from_graph_830701983_section_1_item_03_num_RESPONSE_9739665" rshuffle="No"/>
</flow_label>
</render_fib>
</response_num>
<material>
<matbreak/>
</material>
</flow>
</presentation>
<resprocessing>
<outcomes>
<decvar varname="SCORE" vartype="Decimal" defaultval="0" minvalue="0" maxvalue="2" cutvalue="2"/>
</outcomes>
<respcondition title="Mastery" continue="No">
<conditionvar>

<or>
<varequal respident="_020_11_half_life_from_graph_830701983_section_1_item_03_num_RESPONSE_9739665" case="No"><![CDATA[6]]></varequal>
<and>
<vargte respident="_020_11_half_life_from_graph_830701983_section_1_item_03_num_RESPONSE_9739665"><![CDATA[5.9]]></vargte>
<varlte respident="_020_11_half_life_from_graph_830701983_section_1_item_03_num_RESPONSE_9739665"><![CDATA[6.1]]></varlte>
</and>
</or>
</conditionvar>
<setvar varname="SCORE" action="Set">2</setvar>
<displayfeedback feedbacktype="Response" linkrefid="correct_fb"/>
</respcondition>
<respcondition continue="Yes">
<conditionvar>
<other/>
</conditionvar>
<displayfeedback feedbacktype="Response" linkrefid="general_incorrect_fb"/>
</respcondition>
</resprocessing>
<itemfeedback ident="correct_fb" view="All">
<flow_mat>
<material>
<mattext texttype="text/html"><![CDATA[
<p>The half-life is 6 minutes.</p>
<div class="float">
<img src="data/supplements3/unnamed-chunk-3-1.png" alt="plot of chunk unnamed-chunk-3" />
<div class="figcaption">plot of chunk unnamed-chunk-3</div>
</div>
<p>Every 6 minutes, the population halves again.</p>
]]></mattext>
</material>
</flow_mat>
</itemfeedback>
<itemfeedback ident="general_incorrect_fb" view="All">
<flow_mat>
<material>
<mattext texttype="text/html"><![CDATA[
<p>The half-life is 6 minutes.</p>
<div class="float">
<img src="data/supplements3/unnamed-chunk-3-1.png" alt="plot of chunk unnamed-chunk-3" />
<div class="figcaption">plot of chunk unnamed-chunk-3</div>
</div>
<p>Every 6 minutes, the population halves again.</p>
]]></mattext>
</material>
</flow_mat>
</itemfeedback>
</item>

<item ident="_020_11_half_life_from_graph_830701983_section_1_item_04_num" title="Question" maxattempts="20">
<itemcontrol feedbackswitch="No" hintswitch="No" solutionswitch="Yes"/>
<itemmetadata>
<qtimetadata>
<qtimetadatafield>
<fieldlabel>question_type</fieldlabel>
<fieldentry>numerical_question</fieldentry>
</qtimetadatafield>
</qtimetadata>
</itemmetadata>
<presentation>
<flow>
<material>
<matbreak/>
<mattext texttype="text/html" charset="utf-8"><![CDATA[
<p>The <a href="https://en.wikipedia.org/wiki/Half-life">half-life</a> of an exponentially decaying function is the amount of time it takes for the population to halve.</p>
<div class="float">
<img src="data/supplements4/unnamed-chunk-2-1.png" alt="plot of chunk unnamed-chunk-2" />
<div class="figcaption">plot of chunk unnamed-chunk-2</div>
</div>
<p>What is the half-life of the exponential function graphed above? (The answer is an integer.)</p>
]]></mattext>
<matbreak/>
</material>
<response_num ident="_020_11_half_life_from_graph_830701983_section_1_item_04_num_RESPONSE_2677051" rcardinality="Single" numtype="Decimal">
<render_fib fibtype="Decimal" maxchars="12">
<flow_label class="Block">
<response_label ident="_020_11_half_life_from_graph_830701983_section_1_item_04_num_RESPONSE_2677051" rshuffle="No"/>
</flow_label>
</render_fib>
</response_num>
<material>
<matbreak/>
</material>
</flow>
</presentation>
<resprocessing>
<outcomes>
<decvar varname="SCORE" vartype="Decimal" defaultval="0" minvalue="0" maxvalue="2" cutvalue="2"/>
</outcomes>
<respcondition title="Mastery" continue="No">
<conditionvar>

<or>
<varequal respident="_020_11_half_life_from_graph_830701983_section_1_item_04_num_RESPONSE_2677051" case="No"><![CDATA[8]]></varequal>
<and>
<vargte respident="_020_11_half_life_from_graph_830701983_section_1_item_04_num_RESPONSE_2677051"><![CDATA[7.9]]></vargte>
<varlte respident="_020_11_half_life_from_graph_830701983_section_1_item_04_num_RESPONSE_2677051"><![CDATA[8.1]]></varlte>
</and>
</or>
</conditionvar>
<setvar varname="SCORE" action="Set">2</setvar>
<displayfeedback feedbacktype="Response" linkrefid="correct_fb"/>
</respcondition>
<respcondition continue="Yes">
<conditionvar>
<other/>
</conditionvar>
<displayfeedback feedbacktype="Response" linkrefid="general_incorrect_fb"/>
</respcondition>
</resprocessing>
<itemfeedback ident="correct_fb" view="All">
<flow_mat>
<material>
<mattext texttype="text/html"><![CDATA[
<p>The half-life is 8 minutes.</p>
<div class="float">
<img src="data/supplements4/unnamed-chunk-3-1.png" alt="plot of chunk unnamed-chunk-3" />
<div class="figcaption">plot of chunk unnamed-chunk-3</div>
</div>
<p>Every 8 minutes, the population halves again.</p>
]]></mattext>
</material>
</flow_mat>
</itemfeedback>
<itemfeedback ident="general_incorrect_fb" view="All">
<flow_mat>
<material>
<mattext texttype="text/html"><![CDATA[
<p>The half-life is 8 minutes.</p>
<div class="float">
<img src="data/supplements4/unnamed-chunk-3-1.png" alt="plot of chunk unnamed-chunk-3" />
<div class="figcaption">plot of chunk unnamed-chunk-3</div>
</div>
<p>Every 8 minutes, the population halves again.</p>
]]></mattext>
</material>
</flow_mat>
</itemfeedback>
</item>

<item ident="_020_11_half_life_from_graph_830701983_section_1_item_05_num" title="Question" maxattempts="20">
<itemcontrol feedbackswitch="No" hintswitch="No" solutionswitch="Yes"/>
<itemmetadata>
<qtimetadata>
<qtimetadatafield>
<fieldlabel>question_type</fieldlabel>
<fieldentry>numerical_question</fieldentry>
</qtimetadatafield>
</qtimetadata>
</itemmetadata>
<presentation>
<flow>
<material>
<matbreak/>
<mattext texttype="text/html" charset="utf-8"><![CDATA[
<p>The <a href="https://en.wikipedia.org/wiki/Half-life">half-life</a> of an exponentially decaying function is the amount of time it takes for the population to halve.</p>
<div class="float">
<img src="data/supplements5/unnamed-chunk-2-1.png" alt="plot of chunk unnamed-chunk-2" />
<div class="figcaption">plot of chunk unnamed-chunk-2</div>
</div>
<p>What is the half-life of the exponential function graphed above? (The answer is an integer.)</p>
]]></mattext>
<matbreak/>
</material>
<response_num ident="_020_11_half_life_from_graph_830701983_section_1_item_05_num_RESPONSE_6936701" rcardinality="Single" numtype="Decimal">
<render_fib fibtype="Decimal" maxchars="12">
<flow_label class="Block">
<response_label ident="_020_11_half_life_from_graph_830701983_section_1_item_05_num_RESPONSE_6936701" rshuffle="No"/>
</flow_label>
</render_fib>
</response_num>
<material>
<matbreak/>
</material>
</flow>
</presentation>
<resprocessing>
<outcomes>
<decvar varname="SCORE" vartype="Decimal" defaultval="0" minvalue="0" maxvalue="2" cutvalue="2"/>
</outcomes>
<respcondition title="Mastery" continue="No">
<conditionvar>

<or>
<varequal respident="_020_11_half_life_from_graph_830701983_section_1_item_05_num_RESPONSE_6936701" case="No"><![CDATA[6]]></varequal>
<and>
<vargte respident="_020_11_half_life_from_graph_830701983_section_1_item_05_num_RESPONSE_6936701"><![CDATA[5.9]]></vargte>
<varlte respident="_020_11_half_life_from_graph_830701983_section_1_item_05_num_RESPONSE_6936701"><![CDATA[6.1]]></varlte>
</and>
</or>
</conditionvar>
<setvar varname="SCORE" action="Set">2</setvar>
<displayfeedback feedbacktype="Response" linkrefid="correct_fb"/>
</respcondition>
<respcondition continue="Yes">
<conditionvar>
<other/>
</conditionvar>
<displayfeedback feedbacktype="Response" linkrefid="general_incorrect_fb"/>
</respcondition>
</resprocessing>
<itemfeedback ident="correct_fb" view="All">
<flow_mat>
<material>
<mattext texttype="text/html"><![CDATA[
<p>The half-life is 6 minutes.</p>
<div class="float">
<img src="data/supplements5/unnamed-chunk-3-1.png" alt="plot of chunk unnamed-chunk-3" />
<div class="figcaption">plot of chunk unnamed-chunk-3</div>
</div>
<p>Every 6 minutes, the population halves again.</p>
]]></mattext>
</material>
</flow_mat>
</itemfeedback>
<itemfeedback ident="general_incorrect_fb" view="All">
<flow_mat>
<material>
<mattext texttype="text/html"><![CDATA[
<p>The half-life is 6 minutes.</p>
<div class="float">
<img src="data/supplements5/unnamed-chunk-3-1.png" alt="plot of chunk unnamed-chunk-3" />
<div class="figcaption">plot of chunk unnamed-chunk-3</div>
</div>
<p>Every 6 minutes, the population halves again.</p>
]]></mattext>
</material>
</flow_mat>
</itemfeedback>
</item>

<item ident="_020_11_half_life_from_graph_830701983_section_1_item_06_num" title="Question" maxattempts="20">
<itemcontrol feedbackswitch="No" hintswitch="No" solutionswitch="Yes"/>
<itemmetadata>
<qtimetadata>
<qtimetadatafield>
<fieldlabel>question_type</fieldlabel>
<fieldentry>numerical_question</fieldentry>
</qtimetadatafield>
</qtimetadata>
</itemmetadata>
<presentation>
<flow>
<material>
<matbreak/>
<mattext texttype="text/html" charset="utf-8"><![CDATA[
<p>The <a href="https://en.wikipedia.org/wiki/Half-life">half-life</a> of an exponentially decaying function is the amount of time it takes for the population to halve.</p>
<div class="float">
<img src="data/supplements6/unnamed-chunk-2-1.png" alt="plot of chunk unnamed-chunk-2" />
<div class="figcaption">plot of chunk unnamed-chunk-2</div>
</div>
<p>What is the half-life of the exponential function graphed above? (The answer is an integer.)</p>
]]></mattext>
<matbreak/>
</material>
<response_num ident="_020_11_half_life_from_graph_830701983_section_1_item_06_num_RESPONSE_9191770" rcardinality="Single" numtype="Decimal">
<render_fib fibtype="Decimal" maxchars="12">
<flow_label class="Block">
<response_label ident="_020_11_half_life_from_graph_830701983_section_1_item_06_num_RESPONSE_9191770" rshuffle="No"/>
</flow_label>
</render_fib>
</response_num>
<material>
<matbreak/>
</material>
</flow>
</presentation>
<resprocessing>
<outcomes>
<decvar varname="SCORE" vartype="Decimal" defaultval="0" minvalue="0" maxvalue="2" cutvalue="2"/>
</outcomes>
<respcondition title="Mastery" continue="No">
<conditionvar>

<or>
<varequal respident="_020_11_half_life_from_graph_830701983_section_1_item_06_num_RESPONSE_9191770" case="No"><![CDATA[3]]></varequal>
<and>
<vargte respident="_020_11_half_life_from_graph_830701983_section_1_item_06_num_RESPONSE_9191770"><![CDATA[2.9]]></vargte>
<varlte respident="_020_11_half_life_from_graph_830701983_section_1_item_06_num_RESPONSE_9191770"><![CDATA[3.1]]></varlte>
</and>
</or>
</conditionvar>
<setvar varname="SCORE" action="Set">2</setvar>
<displayfeedback feedbacktype="Response" linkrefid="correct_fb"/>
</respcondition>
<respcondition continue="Yes">
<conditionvar>
<other/>
</conditionvar>
<displayfeedback feedbacktype="Response" linkrefid="general_incorrect_fb"/>
</respcondition>
</resprocessing>
<itemfeedback ident="correct_fb" view="All">
<flow_mat>
<material>
<mattext texttype="text/html"><![CDATA[
<p>The half-life is 3 minutes.</p>
<div class="float">
<img src="data/supplements6/unnamed-chunk-3-1.png" alt="plot of chunk unnamed-chunk-3" />
<div class="figcaption">plot of chunk unnamed-chunk-3</div>
</div>
<p>Every 3 minutes, the population halves again.</p>
]]></mattext>
</material>
</flow_mat>
</itemfeedback>
<itemfeedback ident="general_incorrect_fb" view="All">
<flow_mat>
<material>
<mattext texttype="text/html"><![CDATA[
<p>The half-life is 3 minutes.</p>
<div class="float">
<img src="data/supplements6/unnamed-chunk-3-1.png" alt="plot of chunk unnamed-chunk-3" />
<div class="figcaption">plot of chunk unnamed-chunk-3</div>
</div>
<p>Every 3 minutes, the population halves again.</p>
]]></mattext>
</material>
</flow_mat>
</itemfeedback>
</item>

<item ident="_020_11_half_life_from_graph_830701983_section_1_item_07_num" title="Question" maxattempts="20">
<itemcontrol feedbackswitch="No" hintswitch="No" solutionswitch="Yes"/>
<itemmetadata>
<qtimetadata>
<qtimetadatafield>
<fieldlabel>question_type</fieldlabel>
<fieldentry>numerical_question</fieldentry>
</qtimetadatafield>
</qtimetadata>
</itemmetadata>
<presentation>
<flow>
<material>
<matbreak/>
<mattext texttype="text/html" charset="utf-8"><![CDATA[
<p>The <a href="https://en.wikipedia.org/wiki/Half-life">half-life</a> of an exponentially decaying function is the amount of time it takes for the population to halve.</p>
<div class="float">
<img src="data/supplements7/unnamed-chunk-2-1.png" alt="plot of chunk unnamed-chunk-2" />
<div class="figcaption">plot of chunk unnamed-chunk-2</div>
</div>
<p>What is the half-life of the exponential function graphed above? (The answer is an integer.)</p>
]]></mattext>
<matbreak/>
</material>
<response_num ident="_020_11_half_life_from_graph_830701983_section_1_item_07_num_RESPONSE_4415553" rcardinality="Single" numtype="Decimal">
<render_fib fibtype="Decimal" maxchars="12">
<flow_label class="Block">
<response_label ident="_020_11_half_life_from_graph_830701983_section_1_item_07_num_RESPONSE_4415553" rshuffle="No"/>
</flow_label>
</render_fib>
</response_num>
<material>
<matbreak/>
</material>
</flow>
</presentation>
<resprocessing>
<outcomes>
<decvar varname="SCORE" vartype="Decimal" defaultval="0" minvalue="0" maxvalue="2" cutvalue="2"/>
</outcomes>
<respcondition title="Mastery" continue="No">
<conditionvar>

<or>
<varequal respident="_020_11_half_life_from_graph_830701983_section_1_item_07_num_RESPONSE_4415553" case="No"><![CDATA[6]]></varequal>
<and>
<vargte respident="_020_11_half_life_from_graph_830701983_section_1_item_07_num_RESPONSE_4415553"><![CDATA[5.9]]></vargte>
<varlte respident="_020_11_half_life_from_graph_830701983_section_1_item_07_num_RESPONSE_4415553"><![CDATA[6.1]]></varlte>
</and>
</or>
</conditionvar>
<setvar varname="SCORE" action="Set">2</setvar>
<displayfeedback feedbacktype="Response" linkrefid="correct_fb"/>
</respcondition>
<respcondition continue="Yes">
<conditionvar>
<other/>
</conditionvar>
<displayfeedback feedbacktype="Response" linkrefid="general_incorrect_fb"/>
</respcondition>
</resprocessing>
<itemfeedback ident="correct_fb" view="All">
<flow_mat>
<material>
<mattext texttype="text/html"><![CDATA[
<p>The half-life is 6 minutes.</p>
<div class="float">
<img src="data/supplements7/unnamed-chunk-3-1.png" alt="plot of chunk unnamed-chunk-3" />
<div class="figcaption">plot of chunk unnamed-chunk-3</div>
</div>
<p>Every 6 minutes, the population halves again.</p>
]]></mattext>
</material>
</flow_mat>
</itemfeedback>
<itemfeedback ident="general_incorrect_fb" view="All">
<flow_mat>
<material>
<mattext texttype="text/html"><![CDATA[
<p>The half-life is 6 minutes.</p>
<div class="float">
<img src="data/supplements7/unnamed-chunk-3-1.png" alt="plot of chunk unnamed-chunk-3" />
<div class="figcaption">plot of chunk unnamed-chunk-3</div>
</div>
<p>Every 6 minutes, the population halves again.</p>
]]></mattext>
</material>
</flow_mat>
</itemfeedback>
</item>

<item ident="_020_11_half_life_from_graph_830701983_section_1_item_08_num" title="Question" maxattempts="20">
<itemcontrol feedbackswitch="No" hintswitch="No" solutionswitch="Yes"/>
<itemmetadata>
<qtimetadata>
<qtimetadatafield>
<fieldlabel>question_type</fieldlabel>
<fieldentry>numerical_question</fieldentry>
</qtimetadatafield>
</qtimetadata>
</itemmetadata>
<presentation>
<flow>
<material>
<matbreak/>
<mattext texttype="text/html" charset="utf-8"><![CDATA[
<p>The <a href="https://en.wikipedia.org/wiki/Half-life">half-life</a> of an exponentially decaying function is the amount of time it takes for the population to halve.</p>
<div class="float">
<img src="data/supplements8/unnamed-chunk-2-1.png" alt="plot of chunk unnamed-chunk-2" />
<div class="figcaption">plot of chunk unnamed-chunk-2</div>
</div>
<p>What is the half-life of the exponential function graphed above? (The answer is an integer.)</p>
]]></mattext>
<matbreak/>
</material>
<response_num ident="_020_11_half_life_from_graph_830701983_section_1_item_08_num_RESPONSE_4604329" rcardinality="Single" numtype="Decimal">
<render_fib fibtype="Decimal" maxchars="12">
<flow_label class="Block">
<response_label ident="_020_11_half_life_from_graph_830701983_section_1_item_08_num_RESPONSE_4604329" rshuffle="No"/>
</flow_label>
</render_fib>
</response_num>
<material>
<matbreak/>
</material>
</flow>
</presentation>
<resprocessing>
<outcomes>
<decvar varname="SCORE" vartype="Decimal" defaultval="0" minvalue="0" maxvalue="2" cutvalue="2"/>
</outcomes>
<respcondition title="Mastery" continue="No">
<conditionvar>

<or>
<varequal respident="_020_11_half_life_from_graph_830701983_section_1_item_08_num_RESPONSE_4604329" case="No"><![CDATA[2]]></varequal>
<and>
<vargte respident="_020_11_half_life_from_graph_830701983_section_1_item_08_num_RESPONSE_4604329"><![CDATA[1.9]]></vargte>
<varlte respident="_020_11_half_life_from_graph_830701983_section_1_item_08_num_RESPONSE_4604329"><![CDATA[2.1]]></varlte>
</and>
</or>
</conditionvar>
<setvar varname="SCORE" action="Set">2</setvar>
<displayfeedback feedbacktype="Response" linkrefid="correct_fb"/>
</respcondition>
<respcondition continue="Yes">
<conditionvar>
<other/>
</conditionvar>
<displayfeedback feedbacktype="Response" linkrefid="general_incorrect_fb"/>
</respcondition>
</resprocessing>
<itemfeedback ident="correct_fb" view="All">
<flow_mat>
<material>
<mattext texttype="text/html"><![CDATA[
<p>The half-life is 2 minutes.</p>
<div class="float">
<img src="data/supplements8/unnamed-chunk-3-1.png" alt="plot of chunk unnamed-chunk-3" />
<div class="figcaption">plot of chunk unnamed-chunk-3</div>
</div>
<p>Every 2 minutes, the population halves again.</p>
]]></mattext>
</material>
</flow_mat>
</itemfeedback>
<itemfeedback ident="general_incorrect_fb" view="All">
<flow_mat>
<material>
<mattext texttype="text/html"><![CDATA[
<p>The half-life is 2 minutes.</p>
<div class="float">
<img src="data/supplements8/unnamed-chunk-3-1.png" alt="plot of chunk unnamed-chunk-3" />
<div class="figcaption">plot of chunk unnamed-chunk-3</div>
</div>
<p>Every 2 minutes, the population halves again.</p>
]]></mattext>
</material>
</flow_mat>
</itemfeedback>
</item>

<item ident="_020_11_half_life_from_graph_830701983_section_1_item_09_num" title="Question" maxattempts="20">
<itemcontrol feedbackswitch="No" hintswitch="No" solutionswitch="Yes"/>
<itemmetadata>
<qtimetadata>
<qtimetadatafield>
<fieldlabel>question_type</fieldlabel>
<fieldentry>numerical_question</fieldentry>
</qtimetadatafield>
</qtimetadata>
</itemmetadata>
<presentation>
<flow>
<material>
<matbreak/>
<mattext texttype="text/html" charset="utf-8"><![CDATA[
<p>The <a href="https://en.wikipedia.org/wiki/Half-life">half-life</a> of an exponentially decaying function is the amount of time it takes for the population to halve.</p>
<div class="float">
<img src="data/supplements9/unnamed-chunk-2-1.png" alt="plot of chunk unnamed-chunk-2" />
<div class="figcaption">plot of chunk unnamed-chunk-2</div>
</div>
<p>What is the half-life of the exponential function graphed above? (The answer is an integer.)</p>
]]></mattext>
<matbreak/>
</material>
<response_num ident="_020_11_half_life_from_graph_830701983_section_1_item_09_num_RESPONSE_1299592" rcardinality="Single" numtype="Decimal">
<render_fib fibtype="Decimal" maxchars="12">
<flow_label class="Block">
<response_label ident="_020_11_half_life_from_graph_830701983_section_1_item_09_num_RESPONSE_1299592" rshuffle="No"/>
</flow_label>
</render_fib>
</response_num>
<material>
<matbreak/>
</material>
</flow>
</presentation>
<resprocessing>
<outcomes>
<decvar varname="SCORE" vartype="Decimal" defaultval="0" minvalue="0" maxvalue="2" cutvalue="2"/>
</outcomes>
<respcondition title="Mastery" continue="No">
<conditionvar>

<or>
<varequal respident="_020_11_half_life_from_graph_830701983_section_1_item_09_num_RESPONSE_1299592" case="No"><![CDATA[2]]></varequal>
<and>
<vargte respident="_020_11_half_life_from_graph_830701983_section_1_item_09_num_RESPONSE_1299592"><![CDATA[1.9]]></vargte>
<varlte respident="_020_11_half_life_from_graph_830701983_section_1_item_09_num_RESPONSE_1299592"><![CDATA[2.1]]></varlte>
</and>
</or>
</conditionvar>
<setvar varname="SCORE" action="Set">2</setvar>
<displayfeedback feedbacktype="Response" linkrefid="correct_fb"/>
</respcondition>
<respcondition continue="Yes">
<conditionvar>
<other/>
</conditionvar>
<displayfeedback feedbacktype="Response" linkrefid="general_incorrect_fb"/>
</respcondition>
</resprocessing>
<itemfeedback ident="correct_fb" view="All">
<flow_mat>
<material>
<mattext texttype="text/html"><![CDATA[
<p>The half-life is 2 minutes.</p>
<div class="float">
<img src="data/supplements9/unnamed-chunk-3-1.png" alt="plot of chunk unnamed-chunk-3" />
<div class="figcaption">plot of chunk unnamed-chunk-3</div>
</div>
<p>Every 2 minutes, the population halves again.</p>
]]></mattext>
</material>
</flow_mat>
</itemfeedback>
<itemfeedback ident="general_incorrect_fb" view="All">
<flow_mat>
<material>
<mattext texttype="text/html"><![CDATA[
<p>The half-life is 2 minutes.</p>
<div class="float">
<img src="data/supplements9/unnamed-chunk-3-1.png" alt="plot of chunk unnamed-chunk-3" />
<div class="figcaption">plot of chunk unnamed-chunk-3</div>
</div>
<p>Every 2 minutes, the population halves again.</p>
]]></mattext>
</material>
</flow_mat>
</itemfeedback>
</item>

<item ident="_020_11_half_life_from_graph_830701983_section_1_item_10_num" title="Question" maxattempts="20">
<itemcontrol feedbackswitch="No" hintswitch="No" solutionswitch="Yes"/>
<itemmetadata>
<qtimetadata>
<qtimetadatafield>
<fieldlabel>question_type</fieldlabel>
<fieldentry>numerical_question</fieldentry>
</qtimetadatafield>
</qtimetadata>
</itemmetadata>
<presentation>
<flow>
<material>
<matbreak/>
<mattext texttype="text/html" charset="utf-8"><![CDATA[
<p>The <a href="https://en.wikipedia.org/wiki/Half-life">half-life</a> of an exponentially decaying function is the amount of time it takes for the population to halve.</p>
<div class="float">
<img src="data/supplements10/unnamed-chunk-2-1.png" alt="plot of chunk unnamed-chunk-2" />
<div class="figcaption">plot of chunk unnamed-chunk-2</div>
</div>
<p>What is the half-life of the exponential function graphed above? (The answer is an integer.)</p>
]]></mattext>
<matbreak/>
</material>
<response_num ident="_020_11_half_life_from_graph_830701983_section_1_item_10_num_RESPONSE_7897871" rcardinality="Single" numtype="Decimal">
<render_fib fibtype="Decimal" maxchars="12">
<flow_label class="Block">
<response_label ident="_020_11_half_life_from_graph_830701983_section_1_item_10_num_RESPONSE_7897871" rshuffle="No"/>
</flow_label>
</render_fib>
</response_num>
<material>
<matbreak/>
</material>
</flow>
</presentation>
<resprocessing>
<outcomes>
<decvar varname="SCORE" vartype="Decimal" defaultval="0" minvalue="0" maxvalue="2" cutvalue="2"/>
</outcomes>
<respcondition title="Mastery" continue="No">
<conditionvar>

<or>
<varequal respident="_020_11_half_life_from_graph_830701983_section_1_item_10_num_RESPONSE_7897871" case="No"><![CDATA[5]]></varequal>
<and>
<vargte respident="_020_11_half_life_from_graph_830701983_section_1_item_10_num_RESPONSE_7897871"><![CDATA[4.9]]></vargte>
<varlte respident="_020_11_half_life_from_graph_830701983_section_1_item_10_num_RESPONSE_7897871"><![CDATA[5.1]]></varlte>
</and>
</or>
</conditionvar>
<setvar varname="SCORE" action="Set">2</setvar>
<displayfeedback feedbacktype="Response" linkrefid="correct_fb"/>
</respcondition>
<respcondition continue="Yes">
<conditionvar>
<other/>
</conditionvar>
<displayfeedback feedbacktype="Response" linkrefid="general_incorrect_fb"/>
</respcondition>
</resprocessing>
<itemfeedback ident="correct_fb" view="All">
<flow_mat>
<material>
<mattext texttype="text/html"><![CDATA[
<p>The half-life is 5 minutes.</p>
<div class="float">
<img src="data/supplements10/unnamed-chunk-3-1.png" alt="plot of chunk unnamed-chunk-3" />
<div class="figcaption">plot of chunk unnamed-chunk-3</div>
</div>
<p>Every 5 minutes, the population halves again.</p>
]]></mattext>
</material>
</flow_mat>
</itemfeedback>
<itemfeedback ident="general_incorrect_fb" view="All">
<flow_mat>
<material>
<mattext texttype="text/html"><![CDATA[
<p>The half-life is 5 minutes.</p>
<div class="float">
<img src="data/supplements10/unnamed-chunk-3-1.png" alt="plot of chunk unnamed-chunk-3" />
<div class="figcaption">plot of chunk unnamed-chunk-3</div>
</div>
<p>Every 5 minutes, the population halves again.</p>
]]></mattext>
</material>
</flow_mat>
</itemfeedback>
</item>

<item ident="_020_11_half_life_from_graph_830701983_section_1_item_11_num" title="Question" maxattempts="20">
<itemcontrol feedbackswitch="No" hintswitch="No" solutionswitch="Yes"/>
<itemmetadata>
<qtimetadata>
<qtimetadatafield>
<fieldlabel>question_type</fieldlabel>
<fieldentry>numerical_question</fieldentry>
</qtimetadatafield>
</qtimetadata>
</itemmetadata>
<presentation>
<flow>
<material>
<matbreak/>
<mattext texttype="text/html" charset="utf-8"><![CDATA[
<p>The <a href="https://en.wikipedia.org/wiki/Half-life">half-life</a> of an exponentially decaying function is the amount of time it takes for the population to halve.</p>
<div class="float">
<img src="data/supplements11/unnamed-chunk-2-1.png" alt="plot of chunk unnamed-chunk-2" />
<div class="figcaption">plot of chunk unnamed-chunk-2</div>
</div>
<p>What is the half-life of the exponential function graphed above? (The answer is an integer.)</p>
]]></mattext>
<matbreak/>
</material>
<response_num ident="_020_11_half_life_from_graph_830701983_section_1_item_11_num_RESPONSE_8048880" rcardinality="Single" numtype="Decimal">
<render_fib fibtype="Decimal" maxchars="12">
<flow_label class="Block">
<response_label ident="_020_11_half_life_from_graph_830701983_section_1_item_11_num_RESPONSE_8048880" rshuffle="No"/>
</flow_label>
</render_fib>
</response_num>
<material>
<matbreak/>
</material>
</flow>
</presentation>
<resprocessing>
<outcomes>
<decvar varname="SCORE" vartype="Decimal" defaultval="0" minvalue="0" maxvalue="2" cutvalue="2"/>
</outcomes>
<respcondition title="Mastery" continue="No">
<conditionvar>

<or>
<varequal respident="_020_11_half_life_from_graph_830701983_section_1_item_11_num_RESPONSE_8048880" case="No"><![CDATA[3]]></varequal>
<and>
<vargte respident="_020_11_half_life_from_graph_830701983_section_1_item_11_num_RESPONSE_8048880"><![CDATA[2.9]]></vargte>
<varlte respident="_020_11_half_life_from_graph_830701983_section_1_item_11_num_RESPONSE_8048880"><![CDATA[3.1]]></varlte>
</and>
</or>
</conditionvar>
<setvar varname="SCORE" action="Set">2</setvar>
<displayfeedback feedbacktype="Response" linkrefid="correct_fb"/>
</respcondition>
<respcondition continue="Yes">
<conditionvar>
<other/>
</conditionvar>
<displayfeedback feedbacktype="Response" linkrefid="general_incorrect_fb"/>
</respcondition>
</resprocessing>
<itemfeedback ident="correct_fb" view="All">
<flow_mat>
<material>
<mattext texttype="text/html"><![CDATA[
<p>The half-life is 3 minutes.</p>
<div class="float">
<img src="data/supplements11/unnamed-chunk-3-1.png" alt="plot of chunk unnamed-chunk-3" />
<div class="figcaption">plot of chunk unnamed-chunk-3</div>
</div>
<p>Every 3 minutes, the population halves again.</p>
]]></mattext>
</material>
</flow_mat>
</itemfeedback>
<itemfeedback ident="general_incorrect_fb" view="All">
<flow_mat>
<material>
<mattext texttype="text/html"><![CDATA[
<p>The half-life is 3 minutes.</p>
<div class="float">
<img src="data/supplements11/unnamed-chunk-3-1.png" alt="plot of chunk unnamed-chunk-3" />
<div class="figcaption">plot of chunk unnamed-chunk-3</div>
</div>
<p>Every 3 minutes, the population halves again.</p>
]]></mattext>
</material>
</flow_mat>
</itemfeedback>
</item>

<item ident="_020_11_half_life_from_graph_830701983_section_1_item_12_num" title="Question" maxattempts="20">
<itemcontrol feedbackswitch="No" hintswitch="No" solutionswitch="Yes"/>
<itemmetadata>
<qtimetadata>
<qtimetadatafield>
<fieldlabel>question_type</fieldlabel>
<fieldentry>numerical_question</fieldentry>
</qtimetadatafield>
</qtimetadata>
</itemmetadata>
<presentation>
<flow>
<material>
<matbreak/>
<mattext texttype="text/html" charset="utf-8"><![CDATA[
<p>The <a href="https://en.wikipedia.org/wiki/Half-life">half-life</a> of an exponentially decaying function is the amount of time it takes for the population to halve.</p>
<div class="float">
<img src="data/supplements12/unnamed-chunk-2-1.png" alt="plot of chunk unnamed-chunk-2" />
<div class="figcaption">plot of chunk unnamed-chunk-2</div>
</div>
<p>What is the half-life of the exponential function graphed above? (The answer is an integer.)</p>
]]></mattext>
<matbreak/>
</material>
<response_num ident="_020_11_half_life_from_graph_830701983_section_1_item_12_num_RESPONSE_1947332" rcardinality="Single" numtype="Decimal">
<render_fib fibtype="Decimal" maxchars="12">
<flow_label class="Block">
<response_label ident="_020_11_half_life_from_graph_830701983_section_1_item_12_num_RESPONSE_1947332" rshuffle="No"/>
</flow_label>
</render_fib>
</response_num>
<material>
<matbreak/>
</material>
</flow>
</presentation>
<resprocessing>
<outcomes>
<decvar varname="SCORE" vartype="Decimal" defaultval="0" minvalue="0" maxvalue="2" cutvalue="2"/>
</outcomes>
<respcondition title="Mastery" continue="No">
<conditionvar>

<or>
<varequal respident="_020_11_half_life_from_graph_830701983_section_1_item_12_num_RESPONSE_1947332" case="No"><![CDATA[2]]></varequal>
<and>
<vargte respident="_020_11_half_life_from_graph_830701983_section_1_item_12_num_RESPONSE_1947332"><![CDATA[1.9]]></vargte>
<varlte respident="_020_11_half_life_from_graph_830701983_section_1_item_12_num_RESPONSE_1947332"><![CDATA[2.1]]></varlte>
</and>
</or>
</conditionvar>
<setvar varname="SCORE" action="Set">2</setvar>
<displayfeedback feedbacktype="Response" linkrefid="correct_fb"/>
</respcondition>
<respcondition continue="Yes">
<conditionvar>
<other/>
</conditionvar>
<displayfeedback feedbacktype="Response" linkrefid="general_incorrect_fb"/>
</respcondition>
</resprocessing>
<itemfeedback ident="correct_fb" view="All">
<flow_mat>
<material>
<mattext texttype="text/html"><![CDATA[
<p>The half-life is 2 minutes.</p>
<div class="float">
<img src="data/supplements12/unnamed-chunk-3-1.png" alt="plot of chunk unnamed-chunk-3" />
<div class="figcaption">plot of chunk unnamed-chunk-3</div>
</div>
<p>Every 2 minutes, the population halves again.</p>
]]></mattext>
</material>
</flow_mat>
</itemfeedback>
<itemfeedback ident="general_incorrect_fb" view="All">
<flow_mat>
<material>
<mattext texttype="text/html"><![CDATA[
<p>The half-life is 2 minutes.</p>
<div class="float">
<img src="data/supplements12/unnamed-chunk-3-1.png" alt="plot of chunk unnamed-chunk-3" />
<div class="figcaption">plot of chunk unnamed-chunk-3</div>
</div>
<p>Every 2 minutes, the population halves again.</p>
]]></mattext>
</material>
</flow_mat>
</itemfeedback>
</item>

<item ident="_020_11_half_life_from_graph_830701983_section_1_item_13_num" title="Question" maxattempts="20">
<itemcontrol feedbackswitch="No" hintswitch="No" solutionswitch="Yes"/>
<itemmetadata>
<qtimetadata>
<qtimetadatafield>
<fieldlabel>question_type</fieldlabel>
<fieldentry>numerical_question</fieldentry>
</qtimetadatafield>
</qtimetadata>
</itemmetadata>
<presentation>
<flow>
<material>
<matbreak/>
<mattext texttype="text/html" charset="utf-8"><![CDATA[
<p>The <a href="https://en.wikipedia.org/wiki/Half-life">half-life</a> of an exponentially decaying function is the amount of time it takes for the population to halve.</p>
<div class="float">
<img src="data/supplements13/unnamed-chunk-2-1.png" alt="plot of chunk unnamed-chunk-2" />
<div class="figcaption">plot of chunk unnamed-chunk-2</div>
</div>
<p>What is the half-life of the exponential function graphed above? (The answer is an integer.)</p>
]]></mattext>
<matbreak/>
</material>
<response_num ident="_020_11_half_life_from_graph_830701983_section_1_item_13_num_RESPONSE_9151256" rcardinality="Single" numtype="Decimal">
<render_fib fibtype="Decimal" maxchars="12">
<flow_label class="Block">
<response_label ident="_020_11_half_life_from_graph_830701983_section_1_item_13_num_RESPONSE_9151256" rshuffle="No"/>
</flow_label>
</render_fib>
</response_num>
<material>
<matbreak/>
</material>
</flow>
</presentation>
<resprocessing>
<outcomes>
<decvar varname="SCORE" vartype="Decimal" defaultval="0" minvalue="0" maxvalue="2" cutvalue="2"/>
</outcomes>
<respcondition title="Mastery" continue="No">
<conditionvar>

<or>
<varequal respident="_020_11_half_life_from_graph_830701983_section_1_item_13_num_RESPONSE_9151256" case="No"><![CDATA[4]]></varequal>
<and>
<vargte respident="_020_11_half_life_from_graph_830701983_section_1_item_13_num_RESPONSE_9151256"><![CDATA[3.9]]></vargte>
<varlte respident="_020_11_half_life_from_graph_830701983_section_1_item_13_num_RESPONSE_9151256"><![CDATA[4.1]]></varlte>
</and>
</or>
</conditionvar>
<setvar varname="SCORE" action="Set">2</setvar>
<displayfeedback feedbacktype="Response" linkrefid="correct_fb"/>
</respcondition>
<respcondition continue="Yes">
<conditionvar>
<other/>
</conditionvar>
<displayfeedback feedbacktype="Response" linkrefid="general_incorrect_fb"/>
</respcondition>
</resprocessing>
<itemfeedback ident="correct_fb" view="All">
<flow_mat>
<material>
<mattext texttype="text/html"><![CDATA[
<p>The half-life is 4 minutes.</p>
<div class="float">
<img src="data/supplements13/unnamed-chunk-3-1.png" alt="plot of chunk unnamed-chunk-3" />
<div class="figcaption">plot of chunk unnamed-chunk-3</div>
</div>
<p>Every 4 minutes, the population halves again.</p>
]]></mattext>
</material>
</flow_mat>
</itemfeedback>
<itemfeedback ident="general_incorrect_fb" view="All">
<flow_mat>
<material>
<mattext texttype="text/html"><![CDATA[
<p>The half-life is 4 minutes.</p>
<div class="float">
<img src="data/supplements13/unnamed-chunk-3-1.png" alt="plot of chunk unnamed-chunk-3" />
<div class="figcaption">plot of chunk unnamed-chunk-3</div>
</div>
<p>Every 4 minutes, the population halves again.</p>
]]></mattext>
</material>
</flow_mat>
</itemfeedback>
</item>

<item ident="_020_11_half_life_from_graph_830701983_section_1_item_14_num" title="Question" maxattempts="20">
<itemcontrol feedbackswitch="No" hintswitch="No" solutionswitch="Yes"/>
<itemmetadata>
<qtimetadata>
<qtimetadatafield>
<fieldlabel>question_type</fieldlabel>
<fieldentry>numerical_question</fieldentry>
</qtimetadatafield>
</qtimetadata>
</itemmetadata>
<presentation>
<flow>
<material>
<matbreak/>
<mattext texttype="text/html" charset="utf-8"><![CDATA[
<p>The <a href="https://en.wikipedia.org/wiki/Half-life">half-life</a> of an exponentially decaying function is the amount of time it takes for the population to halve.</p>
<div class="float">
<img src="data/supplements14/unnamed-chunk-2-1.png" alt="plot of chunk unnamed-chunk-2" />
<div class="figcaption">plot of chunk unnamed-chunk-2</div>
</div>
<p>What is the half-life of the exponential function graphed above? (The answer is an integer.)</p>
]]></mattext>
<matbreak/>
</material>
<response_num ident="_020_11_half_life_from_graph_830701983_section_1_item_14_num_RESPONSE_3374270" rcardinality="Single" numtype="Decimal">
<render_fib fibtype="Decimal" maxchars="12">
<flow_label class="Block">
<response_label ident="_020_11_half_life_from_graph_830701983_section_1_item_14_num_RESPONSE_3374270" rshuffle="No"/>
</flow_label>
</render_fib>
</response_num>
<material>
<matbreak/>
</material>
</flow>
</presentation>
<resprocessing>
<outcomes>
<decvar varname="SCORE" vartype="Decimal" defaultval="0" minvalue="0" maxvalue="2" cutvalue="2"/>
</outcomes>
<respcondition title="Mastery" continue="No">
<conditionvar>

<or>
<varequal respident="_020_11_half_life_from_graph_830701983_section_1_item_14_num_RESPONSE_3374270" case="No"><![CDATA[2]]></varequal>
<and>
<vargte respident="_020_11_half_life_from_graph_830701983_section_1_item_14_num_RESPONSE_3374270"><![CDATA[1.9]]></vargte>
<varlte respident="_020_11_half_life_from_graph_830701983_section_1_item_14_num_RESPONSE_3374270"><![CDATA[2.1]]></varlte>
</and>
</or>
</conditionvar>
<setvar varname="SCORE" action="Set">2</setvar>
<displayfeedback feedbacktype="Response" linkrefid="correct_fb"/>
</respcondition>
<respcondition continue="Yes">
<conditionvar>
<other/>
</conditionvar>
<displayfeedback feedbacktype="Response" linkrefid="general_incorrect_fb"/>
</respcondition>
</resprocessing>
<itemfeedback ident="correct_fb" view="All">
<flow_mat>
<material>
<mattext texttype="text/html"><![CDATA[
<p>The half-life is 2 minutes.</p>
<div class="float">
<img src="data/supplements14/unnamed-chunk-3-1.png" alt="plot of chunk unnamed-chunk-3" />
<div class="figcaption">plot of chunk unnamed-chunk-3</div>
</div>
<p>Every 2 minutes, the population halves again.</p>
]]></mattext>
</material>
</flow_mat>
</itemfeedback>
<itemfeedback ident="general_incorrect_fb" view="All">
<flow_mat>
<material>
<mattext texttype="text/html"><![CDATA[
<p>The half-life is 2 minutes.</p>
<div class="float">
<img src="data/supplements14/unnamed-chunk-3-1.png" alt="plot of chunk unnamed-chunk-3" />
<div class="figcaption">plot of chunk unnamed-chunk-3</div>
</div>
<p>Every 2 minutes, the population halves again.</p>
]]></mattext>
</material>
</flow_mat>
</itemfeedback>
</item>

<item ident="_020_11_half_life_from_graph_830701983_section_1_item_15_num" title="Question" maxattempts="20">
<itemcontrol feedbackswitch="No" hintswitch="No" solutionswitch="Yes"/>
<itemmetadata>
<qtimetadata>
<qtimetadatafield>
<fieldlabel>question_type</fieldlabel>
<fieldentry>numerical_question</fieldentry>
</qtimetadatafield>
</qtimetadata>
</itemmetadata>
<presentation>
<flow>
<material>
<matbreak/>
<mattext texttype="text/html" charset="utf-8"><![CDATA[
<p>The <a href="https://en.wikipedia.org/wiki/Half-life">half-life</a> of an exponentially decaying function is the amount of time it takes for the population to halve.</p>
<div class="float">
<img src="data/supplements15/unnamed-chunk-2-1.png" alt="plot of chunk unnamed-chunk-2" />
<div class="figcaption">plot of chunk unnamed-chunk-2</div>
</div>
<p>What is the half-life of the exponential function graphed above? (The answer is an integer.)</p>
]]></mattext>
<matbreak/>
</material>
<response_num ident="_020_11_half_life_from_graph_830701983_section_1_item_15_num_RESPONSE_7493415" rcardinality="Single" numtype="Decimal">
<render_fib fibtype="Decimal" maxchars="12">
<flow_label class="Block">
<response_label ident="_020_11_half_life_from_graph_830701983_section_1_item_15_num_RESPONSE_7493415" rshuffle="No"/>
</flow_label>
</render_fib>
</response_num>
<material>
<matbreak/>
</material>
</flow>
</presentation>
<resprocessing>
<outcomes>
<decvar varname="SCORE" vartype="Decimal" defaultval="0" minvalue="0" maxvalue="2" cutvalue="2"/>
</outcomes>
<respcondition title="Mastery" continue="No">
<conditionvar>

<or>
<varequal respident="_020_11_half_life_from_graph_830701983_section_1_item_15_num_RESPONSE_7493415" case="No"><![CDATA[7]]></varequal>
<and>
<vargte respident="_020_11_half_life_from_graph_830701983_section_1_item_15_num_RESPONSE_7493415"><![CDATA[6.9]]></vargte>
<varlte respident="_020_11_half_life_from_graph_830701983_section_1_item_15_num_RESPONSE_7493415"><![CDATA[7.1]]></varlte>
</and>
</or>
</conditionvar>
<setvar varname="SCORE" action="Set">2</setvar>
<displayfeedback feedbacktype="Response" linkrefid="correct_fb"/>
</respcondition>
<respcondition continue="Yes">
<conditionvar>
<other/>
</conditionvar>
<displayfeedback feedbacktype="Response" linkrefid="general_incorrect_fb"/>
</respcondition>
</resprocessing>
<itemfeedback ident="correct_fb" view="All">
<flow_mat>
<material>
<mattext texttype="text/html"><![CDATA[
<p>The half-life is 7 minutes.</p>
<div class="float">
<img src="data/supplements15/unnamed-chunk-3-1.png" alt="plot of chunk unnamed-chunk-3" />
<div class="figcaption">plot of chunk unnamed-chunk-3</div>
</div>
<p>Every 7 minutes, the population halves again.</p>
]]></mattext>
</material>
</flow_mat>
</itemfeedback>
<itemfeedback ident="general_incorrect_fb" view="All">
<flow_mat>
<material>
<mattext texttype="text/html"><![CDATA[
<p>The half-life is 7 minutes.</p>
<div class="float">
<img src="data/supplements15/unnamed-chunk-3-1.png" alt="plot of chunk unnamed-chunk-3" />
<div class="figcaption">plot of chunk unnamed-chunk-3</div>
</div>
<p>Every 7 minutes, the population halves again.</p>
]]></mattext>
</material>
</flow_mat>
</itemfeedback>
</item>

<item ident="_020_11_half_life_from_graph_830701983_section_1_item_16_num" title="Question" maxattempts="20">
<itemcontrol feedbackswitch="No" hintswitch="No" solutionswitch="Yes"/>
<itemmetadata>
<qtimetadata>
<qtimetadatafield>
<fieldlabel>question_type</fieldlabel>
<fieldentry>numerical_question</fieldentry>
</qtimetadatafield>
</qtimetadata>
</itemmetadata>
<presentation>
<flow>
<material>
<matbreak/>
<mattext texttype="text/html" charset="utf-8"><![CDATA[
<p>The <a href="https://en.wikipedia.org/wiki/Half-life">half-life</a> of an exponentially decaying function is the amount of time it takes for the population to halve.</p>
<div class="float">
<img src="data/supplements16/unnamed-chunk-2-1.png" alt="plot of chunk unnamed-chunk-2" />
<div class="figcaption">plot of chunk unnamed-chunk-2</div>
</div>
<p>What is the half-life of the exponential function graphed above? (The answer is an integer.)</p>
]]></mattext>
<matbreak/>
</material>
<response_num ident="_020_11_half_life_from_graph_830701983_section_1_item_16_num_RESPONSE_9109732" rcardinality="Single" numtype="Decimal">
<render_fib fibtype="Decimal" maxchars="12">
<flow_label class="Block">
<response_label ident="_020_11_half_life_from_graph_830701983_section_1_item_16_num_RESPONSE_9109732" rshuffle="No"/>
</flow_label>
</render_fib>
</response_num>
<material>
<matbreak/>
</material>
</flow>
</presentation>
<resprocessing>
<outcomes>
<decvar varname="SCORE" vartype="Decimal" defaultval="0" minvalue="0" maxvalue="2" cutvalue="2"/>
</outcomes>
<respcondition title="Mastery" continue="No">
<conditionvar>

<or>
<varequal respident="_020_11_half_life_from_graph_830701983_section_1_item_16_num_RESPONSE_9109732" case="No"><![CDATA[8]]></varequal>
<and>
<vargte respident="_020_11_half_life_from_graph_830701983_section_1_item_16_num_RESPONSE_9109732"><![CDATA[7.9]]></vargte>
<varlte respident="_020_11_half_life_from_graph_830701983_section_1_item_16_num_RESPONSE_9109732"><![CDATA[8.1]]></varlte>
</and>
</or>
</conditionvar>
<setvar varname="SCORE" action="Set">2</setvar>
<displayfeedback feedbacktype="Response" linkrefid="correct_fb"/>
</respcondition>
<respcondition continue="Yes">
<conditionvar>
<other/>
</conditionvar>
<displayfeedback feedbacktype="Response" linkrefid="general_incorrect_fb"/>
</respcondition>
</resprocessing>
<itemfeedback ident="correct_fb" view="All">
<flow_mat>
<material>
<mattext texttype="text/html"><![CDATA[
<p>The half-life is 8 minutes.</p>
<div class="float">
<img src="data/supplements16/unnamed-chunk-3-1.png" alt="plot of chunk unnamed-chunk-3" />
<div class="figcaption">plot of chunk unnamed-chunk-3</div>
</div>
<p>Every 8 minutes, the population halves again.</p>
]]></mattext>
</material>
</flow_mat>
</itemfeedback>
<itemfeedback ident="general_incorrect_fb" view="All">
<flow_mat>
<material>
<mattext texttype="text/html"><![CDATA[
<p>The half-life is 8 minutes.</p>
<div class="float">
<img src="data/supplements16/unnamed-chunk-3-1.png" alt="plot of chunk unnamed-chunk-3" />
<div class="figcaption">plot of chunk unnamed-chunk-3</div>
</div>
<p>Every 8 minutes, the population halves again.</p>
]]></mattext>
</material>
</flow_mat>
</itemfeedback>
</item>

<item ident="_020_11_half_life_from_graph_830701983_section_1_item_17_num" title="Question" maxattempts="20">
<itemcontrol feedbackswitch="No" hintswitch="No" solutionswitch="Yes"/>
<itemmetadata>
<qtimetadata>
<qtimetadatafield>
<fieldlabel>question_type</fieldlabel>
<fieldentry>numerical_question</fieldentry>
</qtimetadatafield>
</qtimetadata>
</itemmetadata>
<presentation>
<flow>
<material>
<matbreak/>
<mattext texttype="text/html" charset="utf-8"><![CDATA[
<p>The <a href="https://en.wikipedia.org/wiki/Half-life">half-life</a> of an exponentially decaying function is the amount of time it takes for the population to halve.</p>
<div class="float">
<img src="data/supplements17/unnamed-chunk-2-1.png" alt="plot of chunk unnamed-chunk-2" />
<div class="figcaption">plot of chunk unnamed-chunk-2</div>
</div>
<p>What is the half-life of the exponential function graphed above? (The answer is an integer.)</p>
]]></mattext>
<matbreak/>
</material>
<response_num ident="_020_11_half_life_from_graph_830701983_section_1_item_17_num_RESPONSE_5441922" rcardinality="Single" numtype="Decimal">
<render_fib fibtype="Decimal" maxchars="12">
<flow_label class="Block">
<response_label ident="_020_11_half_life_from_graph_830701983_section_1_item_17_num_RESPONSE_5441922" rshuffle="No"/>
</flow_label>
</render_fib>
</response_num>
<material>
<matbreak/>
</material>
</flow>
</presentation>
<resprocessing>
<outcomes>
<decvar varname="SCORE" vartype="Decimal" defaultval="0" minvalue="0" maxvalue="2" cutvalue="2"/>
</outcomes>
<respcondition title="Mastery" continue="No">
<conditionvar>

<or>
<varequal respident="_020_11_half_life_from_graph_830701983_section_1_item_17_num_RESPONSE_5441922" case="No"><![CDATA[3]]></varequal>
<and>
<vargte respident="_020_11_half_life_from_graph_830701983_section_1_item_17_num_RESPONSE_5441922"><![CDATA[2.9]]></vargte>
<varlte respident="_020_11_half_life_from_graph_830701983_section_1_item_17_num_RESPONSE_5441922"><![CDATA[3.1]]></varlte>
</and>
</or>
</conditionvar>
<setvar varname="SCORE" action="Set">2</setvar>
<displayfeedback feedbacktype="Response" linkrefid="correct_fb"/>
</respcondition>
<respcondition continue="Yes">
<conditionvar>
<other/>
</conditionvar>
<displayfeedback feedbacktype="Response" linkrefid="general_incorrect_fb"/>
</respcondition>
</resprocessing>
<itemfeedback ident="correct_fb" view="All">
<flow_mat>
<material>
<mattext texttype="text/html"><![CDATA[
<p>The half-life is 3 minutes.</p>
<div class="float">
<img src="data/supplements17/unnamed-chunk-3-1.png" alt="plot of chunk unnamed-chunk-3" />
<div class="figcaption">plot of chunk unnamed-chunk-3</div>
</div>
<p>Every 3 minutes, the population halves again.</p>
]]></mattext>
</material>
</flow_mat>
</itemfeedback>
<itemfeedback ident="general_incorrect_fb" view="All">
<flow_mat>
<material>
<mattext texttype="text/html"><![CDATA[
<p>The half-life is 3 minutes.</p>
<div class="float">
<img src="data/supplements17/unnamed-chunk-3-1.png" alt="plot of chunk unnamed-chunk-3" />
<div class="figcaption">plot of chunk unnamed-chunk-3</div>
</div>
<p>Every 3 minutes, the population halves again.</p>
]]></mattext>
</material>
</flow_mat>
</itemfeedback>
</item>

<item ident="_020_11_half_life_from_graph_830701983_section_1_item_18_num" title="Question" maxattempts="20">
<itemcontrol feedbackswitch="No" hintswitch="No" solutionswitch="Yes"/>
<itemmetadata>
<qtimetadata>
<qtimetadatafield>
<fieldlabel>question_type</fieldlabel>
<fieldentry>numerical_question</fieldentry>
</qtimetadatafield>
</qtimetadata>
</itemmetadata>
<presentation>
<flow>
<material>
<matbreak/>
<mattext texttype="text/html" charset="utf-8"><![CDATA[
<p>The <a href="https://en.wikipedia.org/wiki/Half-life">half-life</a> of an exponentially decaying function is the amount of time it takes for the population to halve.</p>
<div class="float">
<img src="data/supplements18/unnamed-chunk-2-1.png" alt="plot of chunk unnamed-chunk-2" />
<div class="figcaption">plot of chunk unnamed-chunk-2</div>
</div>
<p>What is the half-life of the exponential function graphed above? (The answer is an integer.)</p>
]]></mattext>
<matbreak/>
</material>
<response_num ident="_020_11_half_life_from_graph_830701983_section_1_item_18_num_RESPONSE_9206641" rcardinality="Single" numtype="Decimal">
<render_fib fibtype="Decimal" maxchars="12">
<flow_label class="Block">
<response_label ident="_020_11_half_life_from_graph_830701983_section_1_item_18_num_RESPONSE_9206641" rshuffle="No"/>
</flow_label>
</render_fib>
</response_num>
<material>
<matbreak/>
</material>
</flow>
</presentation>
<resprocessing>
<outcomes>
<decvar varname="SCORE" vartype="Decimal" defaultval="0" minvalue="0" maxvalue="2" cutvalue="2"/>
</outcomes>
<respcondition title="Mastery" continue="No">
<conditionvar>

<or>
<varequal respident="_020_11_half_life_from_graph_830701983_section_1_item_18_num_RESPONSE_9206641" case="No"><![CDATA[3]]></varequal>
<and>
<vargte respident="_020_11_half_life_from_graph_830701983_section_1_item_18_num_RESPONSE_9206641"><![CDATA[2.9]]></vargte>
<varlte respident="_020_11_half_life_from_graph_830701983_section_1_item_18_num_RESPONSE_9206641"><![CDATA[3.1]]></varlte>
</and>
</or>
</conditionvar>
<setvar varname="SCORE" action="Set">2</setvar>
<displayfeedback feedbacktype="Response" linkrefid="correct_fb"/>
</respcondition>
<respcondition continue="Yes">
<conditionvar>
<other/>
</conditionvar>
<displayfeedback feedbacktype="Response" linkrefid="general_incorrect_fb"/>
</respcondition>
</resprocessing>
<itemfeedback ident="correct_fb" view="All">
<flow_mat>
<material>
<mattext texttype="text/html"><![CDATA[
<p>The half-life is 3 minutes.</p>
<div class="float">
<img src="data/supplements18/unnamed-chunk-3-1.png" alt="plot of chunk unnamed-chunk-3" />
<div class="figcaption">plot of chunk unnamed-chunk-3</div>
</div>
<p>Every 3 minutes, the population halves again.</p>
]]></mattext>
</material>
</flow_mat>
</itemfeedback>
<itemfeedback ident="general_incorrect_fb" view="All">
<flow_mat>
<material>
<mattext texttype="text/html"><![CDATA[
<p>The half-life is 3 minutes.</p>
<div class="float">
<img src="data/supplements18/unnamed-chunk-3-1.png" alt="plot of chunk unnamed-chunk-3" />
<div class="figcaption">plot of chunk unnamed-chunk-3</div>
</div>
<p>Every 3 minutes, the population halves again.</p>
]]></mattext>
</material>
</flow_mat>
</itemfeedback>
</item>

<item ident="_020_11_half_life_from_graph_830701983_section_1_item_19_num" title="Question" maxattempts="20">
<itemcontrol feedbackswitch="No" hintswitch="No" solutionswitch="Yes"/>
<itemmetadata>
<qtimetadata>
<qtimetadatafield>
<fieldlabel>question_type</fieldlabel>
<fieldentry>numerical_question</fieldentry>
</qtimetadatafield>
</qtimetadata>
</itemmetadata>
<presentation>
<flow>
<material>
<matbreak/>
<mattext texttype="text/html" charset="utf-8"><![CDATA[
<p>The <a href="https://en.wikipedia.org/wiki/Half-life">half-life</a> of an exponentially decaying function is the amount of time it takes for the population to halve.</p>
<div class="float">
<img src="data/supplements19/unnamed-chunk-2-1.png" alt="plot of chunk unnamed-chunk-2" />
<div class="figcaption">plot of chunk unnamed-chunk-2</div>
</div>
<p>What is the half-life of the exponential function graphed above? (The answer is an integer.)</p>
]]></mattext>
<matbreak/>
</material>
<response_num ident="_020_11_half_life_from_graph_830701983_section_1_item_19_num_RESPONSE_5820521" rcardinality="Single" numtype="Decimal">
<render_fib fibtype="Decimal" maxchars="12">
<flow_label class="Block">
<response_label ident="_020_11_half_life_from_graph_830701983_section_1_item_19_num_RESPONSE_5820521" rshuffle="No"/>
</flow_label>
</render_fib>
</response_num>
<material>
<matbreak/>
</material>
</flow>
</presentation>
<resprocessing>
<outcomes>
<decvar varname="SCORE" vartype="Decimal" defaultval="0" minvalue="0" maxvalue="2" cutvalue="2"/>
</outcomes>
<respcondition title="Mastery" continue="No">
<conditionvar>

<or>
<varequal respident="_020_11_half_life_from_graph_830701983_section_1_item_19_num_RESPONSE_5820521" case="No"><![CDATA[8]]></varequal>
<and>
<vargte respident="_020_11_half_life_from_graph_830701983_section_1_item_19_num_RESPONSE_5820521"><![CDATA[7.9]]></vargte>
<varlte respident="_020_11_half_life_from_graph_830701983_section_1_item_19_num_RESPONSE_5820521"><![CDATA[8.1]]></varlte>
</and>
</or>
</conditionvar>
<setvar varname="SCORE" action="Set">2</setvar>
<displayfeedback feedbacktype="Response" linkrefid="correct_fb"/>
</respcondition>
<respcondition continue="Yes">
<conditionvar>
<other/>
</conditionvar>
<displayfeedback feedbacktype="Response" linkrefid="general_incorrect_fb"/>
</respcondition>
</resprocessing>
<itemfeedback ident="correct_fb" view="All">
<flow_mat>
<material>
<mattext texttype="text/html"><![CDATA[
<p>The half-life is 8 minutes.</p>
<div class="float">
<img src="data/supplements19/unnamed-chunk-3-1.png" alt="plot of chunk unnamed-chunk-3" />
<div class="figcaption">plot of chunk unnamed-chunk-3</div>
</div>
<p>Every 8 minutes, the population halves again.</p>
]]></mattext>
</material>
</flow_mat>
</itemfeedback>
<itemfeedback ident="general_incorrect_fb" view="All">
<flow_mat>
<material>
<mattext texttype="text/html"><![CDATA[
<p>The half-life is 8 minutes.</p>
<div class="float">
<img src="data/supplements19/unnamed-chunk-3-1.png" alt="plot of chunk unnamed-chunk-3" />
<div class="figcaption">plot of chunk unnamed-chunk-3</div>
</div>
<p>Every 8 minutes, the population halves again.</p>
]]></mattext>
</material>
</flow_mat>
</itemfeedback>
</item>

<item ident="_020_11_half_life_from_graph_830701983_section_1_item_20_num" title="Question" maxattempts="20">
<itemcontrol feedbackswitch="No" hintswitch="No" solutionswitch="Yes"/>
<itemmetadata>
<qtimetadata>
<qtimetadatafield>
<fieldlabel>question_type</fieldlabel>
<fieldentry>numerical_question</fieldentry>
</qtimetadatafield>
</qtimetadata>
</itemmetadata>
<presentation>
<flow>
<material>
<matbreak/>
<mattext texttype="text/html" charset="utf-8"><![CDATA[
<p>The <a href="https://en.wikipedia.org/wiki/Half-life">half-life</a> of an exponentially decaying function is the amount of time it takes for the population to halve.</p>
<div class="float">
<img src="data/supplements20/unnamed-chunk-2-1.png" alt="plot of chunk unnamed-chunk-2" />
<div class="figcaption">plot of chunk unnamed-chunk-2</div>
</div>
<p>What is the half-life of the exponential function graphed above? (The answer is an integer.)</p>
]]></mattext>
<matbreak/>
</material>
<response_num ident="_020_11_half_life_from_graph_830701983_section_1_item_20_num_RESPONSE_6317458" rcardinality="Single" numtype="Decimal">
<render_fib fibtype="Decimal" maxchars="12">
<flow_label class="Block">
<response_label ident="_020_11_half_life_from_graph_830701983_section_1_item_20_num_RESPONSE_6317458" rshuffle="No"/>
</flow_label>
</render_fib>
</response_num>
<material>
<matbreak/>
</material>
</flow>
</presentation>
<resprocessing>
<outcomes>
<decvar varname="SCORE" vartype="Decimal" defaultval="0" minvalue="0" maxvalue="2" cutvalue="2"/>
</outcomes>
<respcondition title="Mastery" continue="No">
<conditionvar>

<or>
<varequal respident="_020_11_half_life_from_graph_830701983_section_1_item_20_num_RESPONSE_6317458" case="No"><![CDATA[2]]></varequal>
<and>
<vargte respident="_020_11_half_life_from_graph_830701983_section_1_item_20_num_RESPONSE_6317458"><![CDATA[1.9]]></vargte>
<varlte respident="_020_11_half_life_from_graph_830701983_section_1_item_20_num_RESPONSE_6317458"><![CDATA[2.1]]></varlte>
</and>
</or>
</conditionvar>
<setvar varname="SCORE" action="Set">2</setvar>
<displayfeedback feedbacktype="Response" linkrefid="correct_fb"/>
</respcondition>
<respcondition continue="Yes">
<conditionvar>
<other/>
</conditionvar>
<displayfeedback feedbacktype="Response" linkrefid="general_incorrect_fb"/>
</respcondition>
</resprocessing>
<itemfeedback ident="correct_fb" view="All">
<flow_mat>
<material>
<mattext texttype="text/html"><![CDATA[
<p>The half-life is 2 minutes.</p>
<div class="float">
<img src="data/supplements20/unnamed-chunk-3-1.png" alt="plot of chunk unnamed-chunk-3" />
<div class="figcaption">plot of chunk unnamed-chunk-3</div>
</div>
<p>Every 2 minutes, the population halves again.</p>
]]></mattext>
</material>
</flow_mat>
</itemfeedback>
<itemfeedback ident="general_incorrect_fb" view="All">
<flow_mat>
<material>
<mattext texttype="text/html"><![CDATA[
<p>The half-life is 2 minutes.</p>
<div class="float">
<img src="data/supplements20/unnamed-chunk-3-1.png" alt="plot of chunk unnamed-chunk-3" />
<div class="figcaption">plot of chunk unnamed-chunk-3</div>
</div>
<p>Every 2 minutes, the population halves again.</p>
]]></mattext>
</material>
</flow_mat>
</itemfeedback>
</item>

<item ident="_020_11_half_life_from_graph_830701983_section_1_item_21_num" title="Question" maxattempts="20">
<itemcontrol feedbackswitch="No" hintswitch="No" solutionswitch="Yes"/>
<itemmetadata>
<qtimetadata>
<qtimetadatafield>
<fieldlabel>question_type</fieldlabel>
<fieldentry>numerical_question</fieldentry>
</qtimetadatafield>
</qtimetadata>
</itemmetadata>
<presentation>
<flow>
<material>
<matbreak/>
<mattext texttype="text/html" charset="utf-8"><![CDATA[
<p>The <a href="https://en.wikipedia.org/wiki/Half-life">half-life</a> of an exponentially decaying function is the amount of time it takes for the population to halve.</p>
<div class="float">
<img src="data/supplements21/unnamed-chunk-2-1.png" alt="plot of chunk unnamed-chunk-2" />
<div class="figcaption">plot of chunk unnamed-chunk-2</div>
</div>
<p>What is the half-life of the exponential function graphed above? (The answer is an integer.)</p>
]]></mattext>
<matbreak/>
</material>
<response_num ident="_020_11_half_life_from_graph_830701983_section_1_item_21_num_RESPONSE_5200080" rcardinality="Single" numtype="Decimal">
<render_fib fibtype="Decimal" maxchars="12">
<flow_label class="Block">
<response_label ident="_020_11_half_life_from_graph_830701983_section_1_item_21_num_RESPONSE_5200080" rshuffle="No"/>
</flow_label>
</render_fib>
</response_num>
<material>
<matbreak/>
</material>
</flow>
</presentation>
<resprocessing>
<outcomes>
<decvar varname="SCORE" vartype="Decimal" defaultval="0" minvalue="0" maxvalue="2" cutvalue="2"/>
</outcomes>
<respcondition title="Mastery" continue="No">
<conditionvar>

<or>
<varequal respident="_020_11_half_life_from_graph_830701983_section_1_item_21_num_RESPONSE_5200080" case="No"><![CDATA[4]]></varequal>
<and>
<vargte respident="_020_11_half_life_from_graph_830701983_section_1_item_21_num_RESPONSE_5200080"><![CDATA[3.9]]></vargte>
<varlte respident="_020_11_half_life_from_graph_830701983_section_1_item_21_num_RESPONSE_5200080"><![CDATA[4.1]]></varlte>
</and>
</or>
</conditionvar>
<setvar varname="SCORE" action="Set">2</setvar>
<displayfeedback feedbacktype="Response" linkrefid="correct_fb"/>
</respcondition>
<respcondition continue="Yes">
<conditionvar>
<other/>
</conditionvar>
<displayfeedback feedbacktype="Response" linkrefid="general_incorrect_fb"/>
</respcondition>
</resprocessing>
<itemfeedback ident="correct_fb" view="All">
<flow_mat>
<material>
<mattext texttype="text/html"><![CDATA[
<p>The half-life is 4 minutes.</p>
<div class="float">
<img src="data/supplements21/unnamed-chunk-3-1.png" alt="plot of chunk unnamed-chunk-3" />
<div class="figcaption">plot of chunk unnamed-chunk-3</div>
</div>
<p>Every 4 minutes, the population halves again.</p>
]]></mattext>
</material>
</flow_mat>
</itemfeedback>
<itemfeedback ident="general_incorrect_fb" view="All">
<flow_mat>
<material>
<mattext texttype="text/html"><![CDATA[
<p>The half-life is 4 minutes.</p>
<div class="float">
<img src="data/supplements21/unnamed-chunk-3-1.png" alt="plot of chunk unnamed-chunk-3" />
<div class="figcaption">plot of chunk unnamed-chunk-3</div>
</div>
<p>Every 4 minutes, the population halves again.</p>
]]></mattext>
</material>
</flow_mat>
</itemfeedback>
</item>

<item ident="_020_11_half_life_from_graph_830701983_section_1_item_22_num" title="Question" maxattempts="20">
<itemcontrol feedbackswitch="No" hintswitch="No" solutionswitch="Yes"/>
<itemmetadata>
<qtimetadata>
<qtimetadatafield>
<fieldlabel>question_type</fieldlabel>
<fieldentry>numerical_question</fieldentry>
</qtimetadatafield>
</qtimetadata>
</itemmetadata>
<presentation>
<flow>
<material>
<matbreak/>
<mattext texttype="text/html" charset="utf-8"><![CDATA[
<p>The <a href="https://en.wikipedia.org/wiki/Half-life">half-life</a> of an exponentially decaying function is the amount of time it takes for the population to halve.</p>
<div class="float">
<img src="data/supplements22/unnamed-chunk-2-1.png" alt="plot of chunk unnamed-chunk-2" />
<div class="figcaption">plot of chunk unnamed-chunk-2</div>
</div>
<p>What is the half-life of the exponential function graphed above? (The answer is an integer.)</p>
]]></mattext>
<matbreak/>
</material>
<response_num ident="_020_11_half_life_from_graph_830701983_section_1_item_22_num_RESPONSE_6861880" rcardinality="Single" numtype="Decimal">
<render_fib fibtype="Decimal" maxchars="12">
<flow_label class="Block">
<response_label ident="_020_11_half_life_from_graph_830701983_section_1_item_22_num_RESPONSE_6861880" rshuffle="No"/>
</flow_label>
</render_fib>
</response_num>
<material>
<matbreak/>
</material>
</flow>
</presentation>
<resprocessing>
<outcomes>
<decvar varname="SCORE" vartype="Decimal" defaultval="0" minvalue="0" maxvalue="2" cutvalue="2"/>
</outcomes>
<respcondition title="Mastery" continue="No">
<conditionvar>

<or>
<varequal respident="_020_11_half_life_from_graph_830701983_section_1_item_22_num_RESPONSE_6861880" case="No"><![CDATA[2]]></varequal>
<and>
<vargte respident="_020_11_half_life_from_graph_830701983_section_1_item_22_num_RESPONSE_6861880"><![CDATA[1.9]]></vargte>
<varlte respident="_020_11_half_life_from_graph_830701983_section_1_item_22_num_RESPONSE_6861880"><![CDATA[2.1]]></varlte>
</and>
</or>
</conditionvar>
<setvar varname="SCORE" action="Set">2</setvar>
<displayfeedback feedbacktype="Response" linkrefid="correct_fb"/>
</respcondition>
<respcondition continue="Yes">
<conditionvar>
<other/>
</conditionvar>
<displayfeedback feedbacktype="Response" linkrefid="general_incorrect_fb"/>
</respcondition>
</resprocessing>
<itemfeedback ident="correct_fb" view="All">
<flow_mat>
<material>
<mattext texttype="text/html"><![CDATA[
<p>The half-life is 2 minutes.</p>
<div class="float">
<img src="data/supplements22/unnamed-chunk-3-1.png" alt="plot of chunk unnamed-chunk-3" />
<div class="figcaption">plot of chunk unnamed-chunk-3</div>
</div>
<p>Every 2 minutes, the population halves again.</p>
]]></mattext>
</material>
</flow_mat>
</itemfeedback>
<itemfeedback ident="general_incorrect_fb" view="All">
<flow_mat>
<material>
<mattext texttype="text/html"><![CDATA[
<p>The half-life is 2 minutes.</p>
<div class="float">
<img src="data/supplements22/unnamed-chunk-3-1.png" alt="plot of chunk unnamed-chunk-3" />
<div class="figcaption">plot of chunk unnamed-chunk-3</div>
</div>
<p>Every 2 minutes, the population halves again.</p>
]]></mattext>
</material>
</flow_mat>
</itemfeedback>
</item>

<item ident="_020_11_half_life_from_graph_830701983_section_1_item_23_num" title="Question" maxattempts="20">
<itemcontrol feedbackswitch="No" hintswitch="No" solutionswitch="Yes"/>
<itemmetadata>
<qtimetadata>
<qtimetadatafield>
<fieldlabel>question_type</fieldlabel>
<fieldentry>numerical_question</fieldentry>
</qtimetadatafield>
</qtimetadata>
</itemmetadata>
<presentation>
<flow>
<material>
<matbreak/>
<mattext texttype="text/html" charset="utf-8"><![CDATA[
<p>The <a href="https://en.wikipedia.org/wiki/Half-life">half-life</a> of an exponentially decaying function is the amount of time it takes for the population to halve.</p>
<div class="float">
<img src="data/supplements23/unnamed-chunk-2-1.png" alt="plot of chunk unnamed-chunk-2" />
<div class="figcaption">plot of chunk unnamed-chunk-2</div>
</div>
<p>What is the half-life of the exponential function graphed above? (The answer is an integer.)</p>
]]></mattext>
<matbreak/>
</material>
<response_num ident="_020_11_half_life_from_graph_830701983_section_1_item_23_num_RESPONSE_6690854" rcardinality="Single" numtype="Decimal">
<render_fib fibtype="Decimal" maxchars="12">
<flow_label class="Block">
<response_label ident="_020_11_half_life_from_graph_830701983_section_1_item_23_num_RESPONSE_6690854" rshuffle="No"/>
</flow_label>
</render_fib>
</response_num>
<material>
<matbreak/>
</material>
</flow>
</presentation>
<resprocessing>
<outcomes>
<decvar varname="SCORE" vartype="Decimal" defaultval="0" minvalue="0" maxvalue="2" cutvalue="2"/>
</outcomes>
<respcondition title="Mastery" continue="No">
<conditionvar>

<or>
<varequal respident="_020_11_half_life_from_graph_830701983_section_1_item_23_num_RESPONSE_6690854" case="No"><![CDATA[3]]></varequal>
<and>
<vargte respident="_020_11_half_life_from_graph_830701983_section_1_item_23_num_RESPONSE_6690854"><![CDATA[2.9]]></vargte>
<varlte respident="_020_11_half_life_from_graph_830701983_section_1_item_23_num_RESPONSE_6690854"><![CDATA[3.1]]></varlte>
</and>
</or>
</conditionvar>
<setvar varname="SCORE" action="Set">2</setvar>
<displayfeedback feedbacktype="Response" linkrefid="correct_fb"/>
</respcondition>
<respcondition continue="Yes">
<conditionvar>
<other/>
</conditionvar>
<displayfeedback feedbacktype="Response" linkrefid="general_incorrect_fb"/>
</respcondition>
</resprocessing>
<itemfeedback ident="correct_fb" view="All">
<flow_mat>
<material>
<mattext texttype="text/html"><![CDATA[
<p>The half-life is 3 minutes.</p>
<div class="float">
<img src="data/supplements23/unnamed-chunk-3-1.png" alt="plot of chunk unnamed-chunk-3" />
<div class="figcaption">plot of chunk unnamed-chunk-3</div>
</div>
<p>Every 3 minutes, the population halves again.</p>
]]></mattext>
</material>
</flow_mat>
</itemfeedback>
<itemfeedback ident="general_incorrect_fb" view="All">
<flow_mat>
<material>
<mattext texttype="text/html"><![CDATA[
<p>The half-life is 3 minutes.</p>
<div class="float">
<img src="data/supplements23/unnamed-chunk-3-1.png" alt="plot of chunk unnamed-chunk-3" />
<div class="figcaption">plot of chunk unnamed-chunk-3</div>
</div>
<p>Every 3 minutes, the population halves again.</p>
]]></mattext>
</material>
</flow_mat>
</itemfeedback>
</item>

<item ident="_020_11_half_life_from_graph_830701983_section_1_item_24_num" title="Question" maxattempts="20">
<itemcontrol feedbackswitch="No" hintswitch="No" solutionswitch="Yes"/>
<itemmetadata>
<qtimetadata>
<qtimetadatafield>
<fieldlabel>question_type</fieldlabel>
<fieldentry>numerical_question</fieldentry>
</qtimetadatafield>
</qtimetadata>
</itemmetadata>
<presentation>
<flow>
<material>
<matbreak/>
<mattext texttype="text/html" charset="utf-8"><![CDATA[
<p>The <a href="https://en.wikipedia.org/wiki/Half-life">half-life</a> of an exponentially decaying function is the amount of time it takes for the population to halve.</p>
<div class="float">
<img src="data/supplements24/unnamed-chunk-2-1.png" alt="plot of chunk unnamed-chunk-2" />
<div class="figcaption">plot of chunk unnamed-chunk-2</div>
</div>
<p>What is the half-life of the exponential function graphed above? (The answer is an integer.)</p>
]]></mattext>
<matbreak/>
</material>
<response_num ident="_020_11_half_life_from_graph_830701983_section_1_item_24_num_RESPONSE_1047014" rcardinality="Single" numtype="Decimal">
<render_fib fibtype="Decimal" maxchars="12">
<flow_label class="Block">
<response_label ident="_020_11_half_life_from_graph_830701983_section_1_item_24_num_RESPONSE_1047014" rshuffle="No"/>
</flow_label>
</render_fib>
</response_num>
<material>
<matbreak/>
</material>
</flow>
</presentation>
<resprocessing>
<outcomes>
<decvar varname="SCORE" vartype="Decimal" defaultval="0" minvalue="0" maxvalue="2" cutvalue="2"/>
</outcomes>
<respcondition title="Mastery" continue="No">
<conditionvar>

<or>
<varequal respident="_020_11_half_life_from_graph_830701983_section_1_item_24_num_RESPONSE_1047014" case="No"><![CDATA[2]]></varequal>
<and>
<vargte respident="_020_11_half_life_from_graph_830701983_section_1_item_24_num_RESPONSE_1047014"><![CDATA[1.9]]></vargte>
<varlte respident="_020_11_half_life_from_graph_830701983_section_1_item_24_num_RESPONSE_1047014"><![CDATA[2.1]]></varlte>
</and>
</or>
</conditionvar>
<setvar varname="SCORE" action="Set">2</setvar>
<displayfeedback feedbacktype="Response" linkrefid="correct_fb"/>
</respcondition>
<respcondition continue="Yes">
<conditionvar>
<other/>
</conditionvar>
<displayfeedback feedbacktype="Response" linkrefid="general_incorrect_fb"/>
</respcondition>
</resprocessing>
<itemfeedback ident="correct_fb" view="All">
<flow_mat>
<material>
<mattext texttype="text/html"><![CDATA[
<p>The half-life is 2 minutes.</p>
<div class="float">
<img src="data/supplements24/unnamed-chunk-3-1.png" alt="plot of chunk unnamed-chunk-3" />
<div class="figcaption">plot of chunk unnamed-chunk-3</div>
</div>
<p>Every 2 minutes, the population halves again.</p>
]]></mattext>
</material>
</flow_mat>
</itemfeedback>
<itemfeedback ident="general_incorrect_fb" view="All">
<flow_mat>
<material>
<mattext texttype="text/html"><![CDATA[
<p>The half-life is 2 minutes.</p>
<div class="float">
<img src="data/supplements24/unnamed-chunk-3-1.png" alt="plot of chunk unnamed-chunk-3" />
<div class="figcaption">plot of chunk unnamed-chunk-3</div>
</div>
<p>Every 2 minutes, the population halves again.</p>
]]></mattext>
</material>
</flow_mat>
</itemfeedback>
</item>

<item ident="_020_11_half_life_from_graph_830701983_section_1_item_25_num" title="Question" maxattempts="20">
<itemcontrol feedbackswitch="No" hintswitch="No" solutionswitch="Yes"/>
<itemmetadata>
<qtimetadata>
<qtimetadatafield>
<fieldlabel>question_type</fieldlabel>
<fieldentry>numerical_question</fieldentry>
</qtimetadatafield>
</qtimetadata>
</itemmetadata>
<presentation>
<flow>
<material>
<matbreak/>
<mattext texttype="text/html" charset="utf-8"><![CDATA[
<p>The <a href="https://en.wikipedia.org/wiki/Half-life">half-life</a> of an exponentially decaying function is the amount of time it takes for the population to halve.</p>
<div class="float">
<img src="data/supplements25/unnamed-chunk-2-1.png" alt="plot of chunk unnamed-chunk-2" />
<div class="figcaption">plot of chunk unnamed-chunk-2</div>
</div>
<p>What is the half-life of the exponential function graphed above? (The answer is an integer.)</p>
]]></mattext>
<matbreak/>
</material>
<response_num ident="_020_11_half_life_from_graph_830701983_section_1_item_25_num_RESPONSE_8730964" rcardinality="Single" numtype="Decimal">
<render_fib fibtype="Decimal" maxchars="12">
<flow_label class="Block">
<response_label ident="_020_11_half_life_from_graph_830701983_section_1_item_25_num_RESPONSE_8730964" rshuffle="No"/>
</flow_label>
</render_fib>
</response_num>
<material>
<matbreak/>
</material>
</flow>
</presentation>
<resprocessing>
<outcomes>
<decvar varname="SCORE" vartype="Decimal" defaultval="0" minvalue="0" maxvalue="2" cutvalue="2"/>
</outcomes>
<respcondition title="Mastery" continue="No">
<conditionvar>

<or>
<varequal respident="_020_11_half_life_from_graph_830701983_section_1_item_25_num_RESPONSE_8730964" case="No"><![CDATA[8]]></varequal>
<and>
<vargte respident="_020_11_half_life_from_graph_830701983_section_1_item_25_num_RESPONSE_8730964"><![CDATA[7.9]]></vargte>
<varlte respident="_020_11_half_life_from_graph_830701983_section_1_item_25_num_RESPONSE_8730964"><![CDATA[8.1]]></varlte>
</and>
</or>
</conditionvar>
<setvar varname="SCORE" action="Set">2</setvar>
<displayfeedback feedbacktype="Response" linkrefid="correct_fb"/>
</respcondition>
<respcondition continue="Yes">
<conditionvar>
<other/>
</conditionvar>
<displayfeedback feedbacktype="Response" linkrefid="general_incorrect_fb"/>
</respcondition>
</resprocessing>
<itemfeedback ident="correct_fb" view="All">
<flow_mat>
<material>
<mattext texttype="text/html"><![CDATA[
<p>The half-life is 8 minutes.</p>
<div class="float">
<img src="data/supplements25/unnamed-chunk-3-1.png" alt="plot of chunk unnamed-chunk-3" />
<div class="figcaption">plot of chunk unnamed-chunk-3</div>
</div>
<p>Every 8 minutes, the population halves again.</p>
]]></mattext>
</material>
</flow_mat>
</itemfeedback>
<itemfeedback ident="general_incorrect_fb" view="All">
<flow_mat>
<material>
<mattext texttype="text/html"><![CDATA[
<p>The half-life is 8 minutes.</p>
<div class="float">
<img src="data/supplements25/unnamed-chunk-3-1.png" alt="plot of chunk unnamed-chunk-3" />
<div class="figcaption">plot of chunk unnamed-chunk-3</div>
</div>
<p>Every 8 minutes, the population halves again.</p>
]]></mattext>
</material>
</flow_mat>
</itemfeedback>
</item>

<item ident="_020_11_half_life_from_graph_830701983_section_1_item_26_num" title="Question" maxattempts="20">
<itemcontrol feedbackswitch="No" hintswitch="No" solutionswitch="Yes"/>
<itemmetadata>
<qtimetadata>
<qtimetadatafield>
<fieldlabel>question_type</fieldlabel>
<fieldentry>numerical_question</fieldentry>
</qtimetadatafield>
</qtimetadata>
</itemmetadata>
<presentation>
<flow>
<material>
<matbreak/>
<mattext texttype="text/html" charset="utf-8"><![CDATA[
<p>The <a href="https://en.wikipedia.org/wiki/Half-life">half-life</a> of an exponentially decaying function is the amount of time it takes for the population to halve.</p>
<div class="float">
<img src="data/supplements26/unnamed-chunk-2-1.png" alt="plot of chunk unnamed-chunk-2" />
<div class="figcaption">plot of chunk unnamed-chunk-2</div>
</div>
<p>What is the half-life of the exponential function graphed above? (The answer is an integer.)</p>
]]></mattext>
<matbreak/>
</material>
<response_num ident="_020_11_half_life_from_graph_830701983_section_1_item_26_num_RESPONSE_1622647" rcardinality="Single" numtype="Decimal">
<render_fib fibtype="Decimal" maxchars="12">
<flow_label class="Block">
<response_label ident="_020_11_half_life_from_graph_830701983_section_1_item_26_num_RESPONSE_1622647" rshuffle="No"/>
</flow_label>
</render_fib>
</response_num>
<material>
<matbreak/>
</material>
</flow>
</presentation>
<resprocessing>
<outcomes>
<decvar varname="SCORE" vartype="Decimal" defaultval="0" minvalue="0" maxvalue="2" cutvalue="2"/>
</outcomes>
<respcondition title="Mastery" continue="No">
<conditionvar>

<or>
<varequal respident="_020_11_half_life_from_graph_830701983_section_1_item_26_num_RESPONSE_1622647" case="No"><![CDATA[3]]></varequal>
<and>
<vargte respident="_020_11_half_life_from_graph_830701983_section_1_item_26_num_RESPONSE_1622647"><![CDATA[2.9]]></vargte>
<varlte respident="_020_11_half_life_from_graph_830701983_section_1_item_26_num_RESPONSE_1622647"><![CDATA[3.1]]></varlte>
</and>
</or>
</conditionvar>
<setvar varname="SCORE" action="Set">2</setvar>
<displayfeedback feedbacktype="Response" linkrefid="correct_fb"/>
</respcondition>
<respcondition continue="Yes">
<conditionvar>
<other/>
</conditionvar>
<displayfeedback feedbacktype="Response" linkrefid="general_incorrect_fb"/>
</respcondition>
</resprocessing>
<itemfeedback ident="correct_fb" view="All">
<flow_mat>
<material>
<mattext texttype="text/html"><![CDATA[
<p>The half-life is 3 minutes.</p>
<div class="float">
<img src="data/supplements26/unnamed-chunk-3-1.png" alt="plot of chunk unnamed-chunk-3" />
<div class="figcaption">plot of chunk unnamed-chunk-3</div>
</div>
<p>Every 3 minutes, the population halves again.</p>
]]></mattext>
</material>
</flow_mat>
</itemfeedback>
<itemfeedback ident="general_incorrect_fb" view="All">
<flow_mat>
<material>
<mattext texttype="text/html"><![CDATA[
<p>The half-life is 3 minutes.</p>
<div class="float">
<img src="data/supplements26/unnamed-chunk-3-1.png" alt="plot of chunk unnamed-chunk-3" />
<div class="figcaption">plot of chunk unnamed-chunk-3</div>
</div>
<p>Every 3 minutes, the population halves again.</p>
]]></mattext>
</material>
</flow_mat>
</itemfeedback>
</item>

<item ident="_020_11_half_life_from_graph_830701983_section_1_item_27_num" title="Question" maxattempts="20">
<itemcontrol feedbackswitch="No" hintswitch="No" solutionswitch="Yes"/>
<itemmetadata>
<qtimetadata>
<qtimetadatafield>
<fieldlabel>question_type</fieldlabel>
<fieldentry>numerical_question</fieldentry>
</qtimetadatafield>
</qtimetadata>
</itemmetadata>
<presentation>
<flow>
<material>
<matbreak/>
<mattext texttype="text/html" charset="utf-8"><![CDATA[
<p>The <a href="https://en.wikipedia.org/wiki/Half-life">half-life</a> of an exponentially decaying function is the amount of time it takes for the population to halve.</p>
<div class="float">
<img src="data/supplements27/unnamed-chunk-2-1.png" alt="plot of chunk unnamed-chunk-2" />
<div class="figcaption">plot of chunk unnamed-chunk-2</div>
</div>
<p>What is the half-life of the exponential function graphed above? (The answer is an integer.)</p>
]]></mattext>
<matbreak/>
</material>
<response_num ident="_020_11_half_life_from_graph_830701983_section_1_item_27_num_RESPONSE_8404655" rcardinality="Single" numtype="Decimal">
<render_fib fibtype="Decimal" maxchars="12">
<flow_label class="Block">
<response_label ident="_020_11_half_life_from_graph_830701983_section_1_item_27_num_RESPONSE_8404655" rshuffle="No"/>
</flow_label>
</render_fib>
</response_num>
<material>
<matbreak/>
</material>
</flow>
</presentation>
<resprocessing>
<outcomes>
<decvar varname="SCORE" vartype="Decimal" defaultval="0" minvalue="0" maxvalue="2" cutvalue="2"/>
</outcomes>
<respcondition title="Mastery" continue="No">
<conditionvar>

<or>
<varequal respident="_020_11_half_life_from_graph_830701983_section_1_item_27_num_RESPONSE_8404655" case="No"><![CDATA[6]]></varequal>
<and>
<vargte respident="_020_11_half_life_from_graph_830701983_section_1_item_27_num_RESPONSE_8404655"><![CDATA[5.9]]></vargte>
<varlte respident="_020_11_half_life_from_graph_830701983_section_1_item_27_num_RESPONSE_8404655"><![CDATA[6.1]]></varlte>
</and>
</or>
</conditionvar>
<setvar varname="SCORE" action="Set">2</setvar>
<displayfeedback feedbacktype="Response" linkrefid="correct_fb"/>
</respcondition>
<respcondition continue="Yes">
<conditionvar>
<other/>
</conditionvar>
<displayfeedback feedbacktype="Response" linkrefid="general_incorrect_fb"/>
</respcondition>
</resprocessing>
<itemfeedback ident="correct_fb" view="All">
<flow_mat>
<material>
<mattext texttype="text/html"><![CDATA[
<p>The half-life is 6 minutes.</p>
<div class="float">
<img src="data/supplements27/unnamed-chunk-3-1.png" alt="plot of chunk unnamed-chunk-3" />
<div class="figcaption">plot of chunk unnamed-chunk-3</div>
</div>
<p>Every 6 minutes, the population halves again.</p>
]]></mattext>
</material>
</flow_mat>
</itemfeedback>
<itemfeedback ident="general_incorrect_fb" view="All">
<flow_mat>
<material>
<mattext texttype="text/html"><![CDATA[
<p>The half-life is 6 minutes.</p>
<div class="float">
<img src="data/supplements27/unnamed-chunk-3-1.png" alt="plot of chunk unnamed-chunk-3" />
<div class="figcaption">plot of chunk unnamed-chunk-3</div>
</div>
<p>Every 6 minutes, the population halves again.</p>
]]></mattext>
</material>
</flow_mat>
</itemfeedback>
</item>

<item ident="_020_11_half_life_from_graph_830701983_section_1_item_28_num" title="Question" maxattempts="20">
<itemcontrol feedbackswitch="No" hintswitch="No" solutionswitch="Yes"/>
<itemmetadata>
<qtimetadata>
<qtimetadatafield>
<fieldlabel>question_type</fieldlabel>
<fieldentry>numerical_question</fieldentry>
</qtimetadatafield>
</qtimetadata>
</itemmetadata>
<presentation>
<flow>
<material>
<matbreak/>
<mattext texttype="text/html" charset="utf-8"><![CDATA[
<p>The <a href="https://en.wikipedia.org/wiki/Half-life">half-life</a> of an exponentially decaying function is the amount of time it takes for the population to halve.</p>
<div class="float">
<img src="data/supplements28/unnamed-chunk-2-1.png" alt="plot of chunk unnamed-chunk-2" />
<div class="figcaption">plot of chunk unnamed-chunk-2</div>
</div>
<p>What is the half-life of the exponential function graphed above? (The answer is an integer.)</p>
]]></mattext>
<matbreak/>
</material>
<response_num ident="_020_11_half_life_from_graph_830701983_section_1_item_28_num_RESPONSE_3211944" rcardinality="Single" numtype="Decimal">
<render_fib fibtype="Decimal" maxchars="12">
<flow_label class="Block">
<response_label ident="_020_11_half_life_from_graph_830701983_section_1_item_28_num_RESPONSE_3211944" rshuffle="No"/>
</flow_label>
</render_fib>
</response_num>
<material>
<matbreak/>
</material>
</flow>
</presentation>
<resprocessing>
<outcomes>
<decvar varname="SCORE" vartype="Decimal" defaultval="0" minvalue="0" maxvalue="2" cutvalue="2"/>
</outcomes>
<respcondition title="Mastery" continue="No">
<conditionvar>

<or>
<varequal respident="_020_11_half_life_from_graph_830701983_section_1_item_28_num_RESPONSE_3211944" case="No"><![CDATA[2]]></varequal>
<and>
<vargte respident="_020_11_half_life_from_graph_830701983_section_1_item_28_num_RESPONSE_3211944"><![CDATA[1.9]]></vargte>
<varlte respident="_020_11_half_life_from_graph_830701983_section_1_item_28_num_RESPONSE_3211944"><![CDATA[2.1]]></varlte>
</and>
</or>
</conditionvar>
<setvar varname="SCORE" action="Set">2</setvar>
<displayfeedback feedbacktype="Response" linkrefid="correct_fb"/>
</respcondition>
<respcondition continue="Yes">
<conditionvar>
<other/>
</conditionvar>
<displayfeedback feedbacktype="Response" linkrefid="general_incorrect_fb"/>
</respcondition>
</resprocessing>
<itemfeedback ident="correct_fb" view="All">
<flow_mat>
<material>
<mattext texttype="text/html"><![CDATA[
<p>The half-life is 2 minutes.</p>
<div class="float">
<img src="data/supplements28/unnamed-chunk-3-1.png" alt="plot of chunk unnamed-chunk-3" />
<div class="figcaption">plot of chunk unnamed-chunk-3</div>
</div>
<p>Every 2 minutes, the population halves again.</p>
]]></mattext>
</material>
</flow_mat>
</itemfeedback>
<itemfeedback ident="general_incorrect_fb" view="All">
<flow_mat>
<material>
<mattext texttype="text/html"><![CDATA[
<p>The half-life is 2 minutes.</p>
<div class="float">
<img src="data/supplements28/unnamed-chunk-3-1.png" alt="plot of chunk unnamed-chunk-3" />
<div class="figcaption">plot of chunk unnamed-chunk-3</div>
</div>
<p>Every 2 minutes, the population halves again.</p>
]]></mattext>
</material>
</flow_mat>
</itemfeedback>
</item>

<item ident="_020_11_half_life_from_graph_830701983_section_1_item_29_num" title="Question" maxattempts="20">
<itemcontrol feedbackswitch="No" hintswitch="No" solutionswitch="Yes"/>
<itemmetadata>
<qtimetadata>
<qtimetadatafield>
<fieldlabel>question_type</fieldlabel>
<fieldentry>numerical_question</fieldentry>
</qtimetadatafield>
</qtimetadata>
</itemmetadata>
<presentation>
<flow>
<material>
<matbreak/>
<mattext texttype="text/html" charset="utf-8"><![CDATA[
<p>The <a href="https://en.wikipedia.org/wiki/Half-life">half-life</a> of an exponentially decaying function is the amount of time it takes for the population to halve.</p>
<div class="float">
<img src="data/supplements29/unnamed-chunk-2-1.png" alt="plot of chunk unnamed-chunk-2" />
<div class="figcaption">plot of chunk unnamed-chunk-2</div>
</div>
<p>What is the half-life of the exponential function graphed above? (The answer is an integer.)</p>
]]></mattext>
<matbreak/>
</material>
<response_num ident="_020_11_half_life_from_graph_830701983_section_1_item_29_num_RESPONSE_5626447" rcardinality="Single" numtype="Decimal">
<render_fib fibtype="Decimal" maxchars="12">
<flow_label class="Block">
<response_label ident="_020_11_half_life_from_graph_830701983_section_1_item_29_num_RESPONSE_5626447" rshuffle="No"/>
</flow_label>
</render_fib>
</response_num>
<material>
<matbreak/>
</material>
</flow>
</presentation>
<resprocessing>
<outcomes>
<decvar varname="SCORE" vartype="Decimal" defaultval="0" minvalue="0" maxvalue="2" cutvalue="2"/>
</outcomes>
<respcondition title="Mastery" continue="No">
<conditionvar>

<or>
<varequal respident="_020_11_half_life_from_graph_830701983_section_1_item_29_num_RESPONSE_5626447" case="No"><![CDATA[4]]></varequal>
<and>
<vargte respident="_020_11_half_life_from_graph_830701983_section_1_item_29_num_RESPONSE_5626447"><![CDATA[3.9]]></vargte>
<varlte respident="_020_11_half_life_from_graph_830701983_section_1_item_29_num_RESPONSE_5626447"><![CDATA[4.1]]></varlte>
</and>
</or>
</conditionvar>
<setvar varname="SCORE" action="Set">2</setvar>
<displayfeedback feedbacktype="Response" linkrefid="correct_fb"/>
</respcondition>
<respcondition continue="Yes">
<conditionvar>
<other/>
</conditionvar>
<displayfeedback feedbacktype="Response" linkrefid="general_incorrect_fb"/>
</respcondition>
</resprocessing>
<itemfeedback ident="correct_fb" view="All">
<flow_mat>
<material>
<mattext texttype="text/html"><![CDATA[
<p>The half-life is 4 minutes.</p>
<div class="float">
<img src="data/supplements29/unnamed-chunk-3-1.png" alt="plot of chunk unnamed-chunk-3" />
<div class="figcaption">plot of chunk unnamed-chunk-3</div>
</div>
<p>Every 4 minutes, the population halves again.</p>
]]></mattext>
</material>
</flow_mat>
</itemfeedback>
<itemfeedback ident="general_incorrect_fb" view="All">
<flow_mat>
<material>
<mattext texttype="text/html"><![CDATA[
<p>The half-life is 4 minutes.</p>
<div class="float">
<img src="data/supplements29/unnamed-chunk-3-1.png" alt="plot of chunk unnamed-chunk-3" />
<div class="figcaption">plot of chunk unnamed-chunk-3</div>
</div>
<p>Every 4 minutes, the population halves again.</p>
]]></mattext>
</material>
</flow_mat>
</itemfeedback>
</item>

<item ident="_020_11_half_life_from_graph_830701983_section_1_item_30_num" title="Question" maxattempts="20">
<itemcontrol feedbackswitch="No" hintswitch="No" solutionswitch="Yes"/>
<itemmetadata>
<qtimetadata>
<qtimetadatafield>
<fieldlabel>question_type</fieldlabel>
<fieldentry>numerical_question</fieldentry>
</qtimetadatafield>
</qtimetadata>
</itemmetadata>
<presentation>
<flow>
<material>
<matbreak/>
<mattext texttype="text/html" charset="utf-8"><![CDATA[
<p>The <a href="https://en.wikipedia.org/wiki/Half-life">half-life</a> of an exponentially decaying function is the amount of time it takes for the population to halve.</p>
<div class="float">
<img src="data/supplements30/unnamed-chunk-2-1.png" alt="plot of chunk unnamed-chunk-2" />
<div class="figcaption">plot of chunk unnamed-chunk-2</div>
</div>
<p>What is the half-life of the exponential function graphed above? (The answer is an integer.)</p>
]]></mattext>
<matbreak/>
</material>
<response_num ident="_020_11_half_life_from_graph_830701983_section_1_item_30_num_RESPONSE_1404086" rcardinality="Single" numtype="Decimal">
<render_fib fibtype="Decimal" maxchars="12">
<flow_label class="Block">
<response_label ident="_020_11_half_life_from_graph_830701983_section_1_item_30_num_RESPONSE_1404086" rshuffle="No"/>
</flow_label>
</render_fib>
</response_num>
<material>
<matbreak/>
</material>
</flow>
</presentation>
<resprocessing>
<outcomes>
<decvar varname="SCORE" vartype="Decimal" defaultval="0" minvalue="0" maxvalue="2" cutvalue="2"/>
</outcomes>
<respcondition title="Mastery" continue="No">
<conditionvar>

<or>
<varequal respident="_020_11_half_life_from_graph_830701983_section_1_item_30_num_RESPONSE_1404086" case="No"><![CDATA[4]]></varequal>
<and>
<vargte respident="_020_11_half_life_from_graph_830701983_section_1_item_30_num_RESPONSE_1404086"><![CDATA[3.9]]></vargte>
<varlte respident="_020_11_half_life_from_graph_830701983_section_1_item_30_num_RESPONSE_1404086"><![CDATA[4.1]]></varlte>
</and>
</or>
</conditionvar>
<setvar varname="SCORE" action="Set">2</setvar>
<displayfeedback feedbacktype="Response" linkrefid="correct_fb"/>
</respcondition>
<respcondition continue="Yes">
<conditionvar>
<other/>
</conditionvar>
<displayfeedback feedbacktype="Response" linkrefid="general_incorrect_fb"/>
</respcondition>
</resprocessing>
<itemfeedback ident="correct_fb" view="All">
<flow_mat>
<material>
<mattext texttype="text/html"><![CDATA[
<p>The half-life is 4 minutes.</p>
<div class="float">
<img src="data/supplements30/unnamed-chunk-3-1.png" alt="plot of chunk unnamed-chunk-3" />
<div class="figcaption">plot of chunk unnamed-chunk-3</div>
</div>
<p>Every 4 minutes, the population halves again.</p>
]]></mattext>
</material>
</flow_mat>
</itemfeedback>
<itemfeedback ident="general_incorrect_fb" view="All">
<flow_mat>
<material>
<mattext texttype="text/html"><![CDATA[
<p>The half-life is 4 minutes.</p>
<div class="float">
<img src="data/supplements30/unnamed-chunk-3-1.png" alt="plot of chunk unnamed-chunk-3" />
<div class="figcaption">plot of chunk unnamed-chunk-3</div>
</div>
<p>Every 4 minutes, the population halves again.</p>
]]></mattext>
</material>
</flow_mat>
</itemfeedback>
</item>


</section>

</assessment>
</questestinterop>
