<?xml version="1.0" encoding="UTF-8"?>
<manifest identifier="MID_practice_05_789939056" xmlns="http://www.imsglobal.org/xsd/imsccv1p1/imscp_v1p1" xmlns:lom="http://ltsc.ieee.org/xsd/imsccv1p1/LOM/resource" xmlns:imsmd="http://www.imsglobal.org/xsd/imsmd_v1p2" xmlns:xsi="http://www.w3.org/2001/XMLSchema-instance" xsi:schemaLocation="http://www.imsglobal.org/xsd/imsccv1p1/imscp_v1p1 http://www.imsglobal.org/xsd/imscp_v1p1.xsd http://ltsc.ieee.org/xsd/imsccv1p1/LOM/resource http://www.imsglobal.org/profile/cc/ccv1p1/LOM/ccv1p1_lomresource_v1p0.xsd http://www.imsglobal.org/xsd/imsmd_v1p2 http://www.imsglobal.org/xsd/imsmd_v1p2p2.xsd">
  <metadata>
    <schema>IMS Content</schema>
    <schemaversion>1.1.3</schemaversion>
    <imsmd:lom>
      <imsmd:general>
        <imsmd:title>
          <imsmd:string>practice_05</imsmd:string>
        </imsmd:title>
      </imsmd:general>
      <imsmd:lifeCycle>
        <imsmd:contribute>
          <imsmd:date>
            <imsmd:dateTime>2024-02-26</imsmd:dateTime>
          </imsmd:date>
        </imsmd:contribute>
      </imsmd:lifeCycle>
      <imsmd:rights>
        <imsmd:copyrightAndOtherRestrictions>
          <imsmd:value>yes</imsmd:value>
        </imsmd:copyrightAndOtherRestrictions>
        <imsmd:description>
          <imsmd:string>Private (Copyrighted) - http://en.wikipedia.org/wiki/Copyright</imsmd:string>
        </imsmd:description>
      </imsmd:rights>
    </imsmd:lom>
  </metadata>
  <organizations/>
  <resources>
    <resource identifier="practice_05_409576784" type="imsqti_xmlv1p2">
      <file href="practice_05_409576784/practice_05_409576784.xml"/>
      <dependency identifierref="MID_REF_practice_05_789939056"/>
    </resource>
    <resource identifier="MID_REF_practice_05_789939056" type="associatedcontent/imscc_xmlv1p1/learning-application-resource" href="practice_05_409576784/assessment_meta.xml">
      <file href="practice_05_409576784/assessment_meta.xml"/>
    </resource>
    <resource href="data/supplements1/xx.png" identifier="1234" type="webcontent">
      <file href="data/supplements1/xx.png"/>
    </resource>
    <resource href="data/supplements10/xx.png" identifier="1235" type="webcontent">
      <file href="data/supplements10/xx.png"/>
    </resource>
    <resource href="data/supplements100/xx.png" identifier="1236" type="webcontent">
      <file href="data/supplements100/xx.png"/>
    </resource>
    <resource href="data/supplements101/xx.png" identifier="1237" type="webcontent">
      <file href="data/supplements101/xx.png"/>
    </resource>
    <resource href="data/supplements102/xx.png" identifier="1238" type="webcontent">
      <file href="data/supplements102/xx.png"/>
    </resource>
    <resource href="data/supplements103/xx.png" identifier="1239" type="webcontent">
      <file href="data/supplements103/xx.png"/>
    </resource>
    <resource href="data/supplements104/xx.png" identifier="1240" type="webcontent">
      <file href="data/supplements104/xx.png"/>
    </resource>
    <resource href="data/supplements105/xx.png" identifier="1241" type="webcontent">
      <file href="data/supplements105/xx.png"/>
    </resource>
    <resource href="data/supplements106/xx.png" identifier="1242" type="webcontent">
      <file href="data/supplements106/xx.png"/>
    </resource>
    <resource href="data/supplements107/xx.png" identifier="1243" type="webcontent">
      <file href="data/supplements107/xx.png"/>
    </resource>
    <resource href="data/supplements108/xx.png" identifier="1244" type="webcontent">
      <file href="data/supplements108/xx.png"/>
    </resource>
    <resource href="data/supplements109/xx.png" identifier="1245" type="webcontent">
      <file href="data/supplements109/xx.png"/>
    </resource>
    <resource href="data/supplements11/xx.png" identifier="1246" type="webcontent">
      <file href="data/supplements11/xx.png"/>
    </resource>
    <resource href="data/supplements110/xx.png" identifier="1247" type="webcontent">
      <file href="data/supplements110/xx.png"/>
    </resource>
    <resource href="data/supplements111/xx.png" identifier="1248" type="webcontent">
      <file href="data/supplements111/xx.png"/>
    </resource>
    <resource href="data/supplements112/xx.png" identifier="1249" type="webcontent">
      <file href="data/supplements112/xx.png"/>
    </resource>
    <resource href="data/supplements113/xx.png" identifier="1250" type="webcontent">
      <file href="data/supplements113/xx.png"/>
    </resource>
    <resource href="data/supplements114/xx.png" identifier="1251" type="webcontent">
      <file href="data/supplements114/xx.png"/>
    </resource>
    <resource href="data/supplements115/xx.png" identifier="1252" type="webcontent">
      <file href="data/supplements115/xx.png"/>
    </resource>
    <resource href="data/supplements116/xx.png" identifier="1253" type="webcontent">
      <file href="data/supplements116/xx.png"/>
    </resource>
    <resource href="data/supplements117/xx.png" identifier="1254" type="webcontent">
      <file href="data/supplements117/xx.png"/>
    </resource>
    <resource href="data/supplements118/xx.png" identifier="1255" type="webcontent">
      <file href="data/supplements118/xx.png"/>
    </resource>
    <resource href="data/supplements119/xx.png" identifier="1256" type="webcontent">
      <file href="data/supplements119/xx.png"/>
    </resource>
    <resource href="data/supplements12/xx.png" identifier="1257" type="webcontent">
      <file href="data/supplements12/xx.png"/>
    </resource>
    <resource href="data/supplements120/xx.png" identifier="1258" type="webcontent">
      <file href="data/supplements120/xx.png"/>
    </resource>
    <resource href="data/supplements121/xx.png" identifier="1259" type="webcontent">
      <file href="data/supplements121/xx.png"/>
    </resource>
    <resource href="data/supplements122/xx.png" identifier="1260" type="webcontent">
      <file href="data/supplements122/xx.png"/>
    </resource>
    <resource href="data/supplements123/xx.png" identifier="1261" type="webcontent">
      <file href="data/supplements123/xx.png"/>
    </resource>
    <resource href="data/supplements124/xx.png" identifier="1262" type="webcontent">
      <file href="data/supplements124/xx.png"/>
    </resource>
    <resource href="data/supplements125/xx.png" identifier="1263" type="webcontent">
      <file href="data/supplements125/xx.png"/>
    </resource>
    <resource href="data/supplements126/xx.png" identifier="1264" type="webcontent">
      <file href="data/supplements126/xx.png"/>
    </resource>
    <resource href="data/supplements127/xx.png" identifier="1265" type="webcontent">
      <file href="data/supplements127/xx.png"/>
    </resource>
    <resource href="data/supplements128/xx.png" identifier="1266" type="webcontent">
      <file href="data/supplements128/xx.png"/>
    </resource>
    <resource href="data/supplements129/xx.png" identifier="1267" type="webcontent">
      <file href="data/supplements129/xx.png"/>
    </resource>
    <resource href="data/supplements13/xx.png" identifier="1268" type="webcontent">
      <file href="data/supplements13/xx.png"/>
    </resource>
    <resource href="data/supplements130/xx.png" identifier="1269" type="webcontent">
      <file href="data/supplements130/xx.png"/>
    </resource>
    <resource href="data/supplements131/xx.png" identifier="1270" type="webcontent">
      <file href="data/supplements131/xx.png"/>
    </resource>
    <resource href="data/supplements132/xx.png" identifier="1271" type="webcontent">
      <file href="data/supplements132/xx.png"/>
    </resource>
    <resource href="data/supplements133/xx.png" identifier="1272" type="webcontent">
      <file href="data/supplements133/xx.png"/>
    </resource>
    <resource href="data/supplements134/xx.png" identifier="1273" type="webcontent">
      <file href="data/supplements134/xx.png"/>
    </resource>
    <resource href="data/supplements135/xx.png" identifier="1274" type="webcontent">
      <file href="data/supplements135/xx.png"/>
    </resource>
    <resource href="data/supplements136/xx.png" identifier="1275" type="webcontent">
      <file href="data/supplements136/xx.png"/>
    </resource>
    <resource href="data/supplements137/xx.png" identifier="1276" type="webcontent">
      <file href="data/supplements137/xx.png"/>
    </resource>
    <resource href="data/supplements138/xx.png" identifier="1277" type="webcontent">
      <file href="data/supplements138/xx.png"/>
    </resource>
    <resource href="data/supplements139/xx.png" identifier="1278" type="webcontent">
      <file href="data/supplements139/xx.png"/>
    </resource>
    <resource href="data/supplements14/xx.png" identifier="1279" type="webcontent">
      <file href="data/supplements14/xx.png"/>
    </resource>
    <resource href="data/supplements140/xx.png" identifier="1280" type="webcontent">
      <file href="data/supplements140/xx.png"/>
    </resource>
    <resource href="data/supplements141/xx.png" identifier="1281" type="webcontent">
      <file href="data/supplements141/xx.png"/>
    </resource>
    <resource href="data/supplements142/xx.png" identifier="1282" type="webcontent">
      <file href="data/supplements142/xx.png"/>
    </resource>
    <resource href="data/supplements143/xx.png" identifier="1283" type="webcontent">
      <file href="data/supplements143/xx.png"/>
    </resource>
    <resource href="data/supplements144/xx.png" identifier="1284" type="webcontent">
      <file href="data/supplements144/xx.png"/>
    </resource>
    <resource href="data/supplements145/xx.png" identifier="1285" type="webcontent">
      <file href="data/supplements145/xx.png"/>
    </resource>
    <resource href="data/supplements146/xx.png" identifier="1286" type="webcontent">
      <file href="data/supplements146/xx.png"/>
    </resource>
    <resource href="data/supplements147/xx.png" identifier="1287" type="webcontent">
      <file href="data/supplements147/xx.png"/>
    </resource>
    <resource href="data/supplements148/xx.png" identifier="1288" type="webcontent">
      <file href="data/supplements148/xx.png"/>
    </resource>
    <resource href="data/supplements149/xx.png" identifier="1289" type="webcontent">
      <file href="data/supplements149/xx.png"/>
    </resource>
    <resource href="data/supplements15/xx.png" identifier="1290" type="webcontent">
      <file href="data/supplements15/xx.png"/>
    </resource>
    <resource href="data/supplements150/xx.png" identifier="1291" type="webcontent">
      <file href="data/supplements150/xx.png"/>
    </resource>
    <resource href="data/supplements16/xx.png" identifier="1292" type="webcontent">
      <file href="data/supplements16/xx.png"/>
    </resource>
    <resource href="data/supplements17/xx.png" identifier="1293" type="webcontent">
      <file href="data/supplements17/xx.png"/>
    </resource>
    <resource href="data/supplements18/xx.png" identifier="1294" type="webcontent">
      <file href="data/supplements18/xx.png"/>
    </resource>
    <resource href="data/supplements19/xx.png" identifier="1295" type="webcontent">
      <file href="data/supplements19/xx.png"/>
    </resource>
    <resource href="data/supplements2/xx.png" identifier="1296" type="webcontent">
      <file href="data/supplements2/xx.png"/>
    </resource>
    <resource href="data/supplements20/xx.png" identifier="1297" type="webcontent">
      <file href="data/supplements20/xx.png"/>
    </resource>
    <resource href="data/supplements21/xx.png" identifier="1298" type="webcontent">
      <file href="data/supplements21/xx.png"/>
    </resource>
    <resource href="data/supplements22/xx.png" identifier="1299" type="webcontent">
      <file href="data/supplements22/xx.png"/>
    </resource>
    <resource href="data/supplements23/xx.png" identifier="1300" type="webcontent">
      <file href="data/supplements23/xx.png"/>
    </resource>
    <resource href="data/supplements24/xx.png" identifier="1301" type="webcontent">
      <file href="data/supplements24/xx.png"/>
    </resource>
    <resource href="data/supplements25/xx.png" identifier="1302" type="webcontent">
      <file href="data/supplements25/xx.png"/>
    </resource>
    <resource href="data/supplements26/xx.png" identifier="1303" type="webcontent">
      <file href="data/supplements26/xx.png"/>
    </resource>
    <resource href="data/supplements27/xx.png" identifier="1304" type="webcontent">
      <file href="data/supplements27/xx.png"/>
    </resource>
    <resource href="data/supplements28/xx.png" identifier="1305" type="webcontent">
      <file href="data/supplements28/xx.png"/>
    </resource>
    <resource href="data/supplements29/xx.png" identifier="1306" type="webcontent">
      <file href="data/supplements29/xx.png"/>
    </resource>
    <resource href="data/supplements3/xx.png" identifier="1307" type="webcontent">
      <file href="data/supplements3/xx.png"/>
    </resource>
    <resource href="data/supplements30/xx.png" identifier="1308" type="webcontent">
      <file href="data/supplements30/xx.png"/>
    </resource>
    <resource href="data/supplements31/xx.png" identifier="1309" type="webcontent">
      <file href="data/supplements31/xx.png"/>
    </resource>
    <resource href="data/supplements32/xx.png" identifier="1310" type="webcontent">
      <file href="data/supplements32/xx.png"/>
    </resource>
    <resource href="data/supplements33/xx.png" identifier="1311" type="webcontent">
      <file href="data/supplements33/xx.png"/>
    </resource>
    <resource href="data/supplements34/xx.png" identifier="1312" type="webcontent">
      <file href="data/supplements34/xx.png"/>
    </resource>
    <resource href="data/supplements35/xx.png" identifier="1313" type="webcontent">
      <file href="data/supplements35/xx.png"/>
    </resource>
    <resource href="data/supplements36/xx.png" identifier="1314" type="webcontent">
      <file href="data/supplements36/xx.png"/>
    </resource>
    <resource href="data/supplements37/xx.png" identifier="1315" type="webcontent">
      <file href="data/supplements37/xx.png"/>
    </resource>
    <resource href="data/supplements38/xx.png" identifier="1316" type="webcontent">
      <file href="data/supplements38/xx.png"/>
    </resource>
    <resource href="data/supplements39/xx.png" identifier="1317" type="webcontent">
      <file href="data/supplements39/xx.png"/>
    </resource>
    <resource href="data/supplements4/xx.png" identifier="1318" type="webcontent">
      <file href="data/supplements4/xx.png"/>
    </resource>
    <resource href="data/supplements40/xx.png" identifier="1319" type="webcontent">
      <file href="data/supplements40/xx.png"/>
    </resource>
    <resource href="data/supplements41/xx.png" identifier="1320" type="webcontent">
      <file href="data/supplements41/xx.png"/>
    </resource>
    <resource href="data/supplements42/xx.png" identifier="1321" type="webcontent">
      <file href="data/supplements42/xx.png"/>
    </resource>
    <resource href="data/supplements43/xx.png" identifier="1322" type="webcontent">
      <file href="data/supplements43/xx.png"/>
    </resource>
    <resource href="data/supplements44/xx.png" identifier="1323" type="webcontent">
      <file href="data/supplements44/xx.png"/>
    </resource>
    <resource href="data/supplements45/xx.png" identifier="1324" type="webcontent">
      <file href="data/supplements45/xx.png"/>
    </resource>
    <resource href="data/supplements46/xx.png" identifier="1325" type="webcontent">
      <file href="data/supplements46/xx.png"/>
    </resource>
    <resource href="data/supplements47/xx.png" identifier="1326" type="webcontent">
      <file href="data/supplements47/xx.png"/>
    </resource>
    <resource href="data/supplements48/xx.png" identifier="1327" type="webcontent">
      <file href="data/supplements48/xx.png"/>
    </resource>
    <resource href="data/supplements49/xx.png" identifier="1328" type="webcontent">
      <file href="data/supplements49/xx.png"/>
    </resource>
    <resource href="data/supplements5/xx.png" identifier="1329" type="webcontent">
      <file href="data/supplements5/xx.png"/>
    </resource>
    <resource href="data/supplements50/xx.png" identifier="1330" type="webcontent">
      <file href="data/supplements50/xx.png"/>
    </resource>
    <resource href="data/supplements51/xx.png" identifier="1331" type="webcontent">
      <file href="data/supplements51/xx.png"/>
    </resource>
    <resource href="data/supplements52/xx.png" identifier="1332" type="webcontent">
      <file href="data/supplements52/xx.png"/>
    </resource>
    <resource href="data/supplements53/xx.png" identifier="1333" type="webcontent">
      <file href="data/supplements53/xx.png"/>
    </resource>
    <resource href="data/supplements54/xx.png" identifier="1334" type="webcontent">
      <file href="data/supplements54/xx.png"/>
    </resource>
    <resource href="data/supplements55/xx.png" identifier="1335" type="webcontent">
      <file href="data/supplements55/xx.png"/>
    </resource>
    <resource href="data/supplements56/xx.png" identifier="1336" type="webcontent">
      <file href="data/supplements56/xx.png"/>
    </resource>
    <resource href="data/supplements57/xx.png" identifier="1337" type="webcontent">
      <file href="data/supplements57/xx.png"/>
    </resource>
    <resource href="data/supplements58/xx.png" identifier="1338" type="webcontent">
      <file href="data/supplements58/xx.png"/>
    </resource>
    <resource href="data/supplements59/xx.png" identifier="1339" type="webcontent">
      <file href="data/supplements59/xx.png"/>
    </resource>
    <resource href="data/supplements6/xx.png" identifier="1340" type="webcontent">
      <file href="data/supplements6/xx.png"/>
    </resource>
    <resource href="data/supplements60/xx.png" identifier="1341" type="webcontent">
      <file href="data/supplements60/xx.png"/>
    </resource>
    <resource href="data/supplements61/xx.png" identifier="1342" type="webcontent">
      <file href="data/supplements61/xx.png"/>
    </resource>
    <resource href="data/supplements62/xx.png" identifier="1343" type="webcontent">
      <file href="data/supplements62/xx.png"/>
    </resource>
    <resource href="data/supplements63/xx.png" identifier="1344" type="webcontent">
      <file href="data/supplements63/xx.png"/>
    </resource>
    <resource href="data/supplements64/xx.png" identifier="1345" type="webcontent">
      <file href="data/supplements64/xx.png"/>
    </resource>
    <resource href="data/supplements65/xx.png" identifier="1346" type="webcontent">
      <file href="data/supplements65/xx.png"/>
    </resource>
    <resource href="data/supplements66/xx.png" identifier="1347" type="webcontent">
      <file href="data/supplements66/xx.png"/>
    </resource>
    <resource href="data/supplements67/xx.png" identifier="1348" type="webcontent">
      <file href="data/supplements67/xx.png"/>
    </resource>
    <resource href="data/supplements68/xx.png" identifier="1349" type="webcontent">
      <file href="data/supplements68/xx.png"/>
    </resource>
    <resource href="data/supplements69/xx.png" identifier="1350" type="webcontent">
      <file href="data/supplements69/xx.png"/>
    </resource>
    <resource href="data/supplements7/xx.png" identifier="1351" type="webcontent">
      <file href="data/supplements7/xx.png"/>
    </resource>
    <resource href="data/supplements70/xx.png" identifier="1352" type="webcontent">
      <file href="data/supplements70/xx.png"/>
    </resource>
    <resource href="data/supplements71/xx.png" identifier="1353" type="webcontent">
      <file href="data/supplements71/xx.png"/>
    </resource>
    <resource href="data/supplements72/xx.png" identifier="1354" type="webcontent">
      <file href="data/supplements72/xx.png"/>
    </resource>
    <resource href="data/supplements73/xx.png" identifier="1355" type="webcontent">
      <file href="data/supplements73/xx.png"/>
    </resource>
    <resource href="data/supplements74/xx.png" identifier="1356" type="webcontent">
      <file href="data/supplements74/xx.png"/>
    </resource>
    <resource href="data/supplements75/xx.png" identifier="1357" type="webcontent">
      <file href="data/supplements75/xx.png"/>
    </resource>
    <resource href="data/supplements76/xx.png" identifier="1358" type="webcontent">
      <file href="data/supplements76/xx.png"/>
    </resource>
    <resource href="data/supplements77/xx.png" identifier="1359" type="webcontent">
      <file href="data/supplements77/xx.png"/>
    </resource>
    <resource href="data/supplements78/xx.png" identifier="1360" type="webcontent">
      <file href="data/supplements78/xx.png"/>
    </resource>
    <resource href="data/supplements79/xx.png" identifier="1361" type="webcontent">
      <file href="data/supplements79/xx.png"/>
    </resource>
    <resource href="data/supplements8/xx.png" identifier="1362" type="webcontent">
      <file href="data/supplements8/xx.png"/>
    </resource>
    <resource href="data/supplements80/xx.png" identifier="1363" type="webcontent">
      <file href="data/supplements80/xx.png"/>
    </resource>
    <resource href="data/supplements81/xx.png" identifier="1364" type="webcontent">
      <file href="data/supplements81/xx.png"/>
    </resource>
    <resource href="data/supplements82/xx.png" identifier="1365" type="webcontent">
      <file href="data/supplements82/xx.png"/>
    </resource>
    <resource href="data/supplements83/xx.png" identifier="1366" type="webcontent">
      <file href="data/supplements83/xx.png"/>
    </resource>
    <resource href="data/supplements84/xx.png" identifier="1367" type="webcontent">
      <file href="data/supplements84/xx.png"/>
    </resource>
    <resource href="data/supplements85/xx.png" identifier="1368" type="webcontent">
      <file href="data/supplements85/xx.png"/>
    </resource>
    <resource href="data/supplements86/xx.png" identifier="1369" type="webcontent">
      <file href="data/supplements86/xx.png"/>
    </resource>
    <resource href="data/supplements87/xx.png" identifier="1370" type="webcontent">
      <file href="data/supplements87/xx.png"/>
    </resource>
    <resource href="data/supplements88/xx.png" identifier="1371" type="webcontent">
      <file href="data/supplements88/xx.png"/>
    </resource>
    <resource href="data/supplements89/xx.png" identifier="1372" type="webcontent">
      <file href="data/supplements89/xx.png"/>
    </resource>
    <resource href="data/supplements9/xx.png" identifier="1373" type="webcontent">
      <file href="data/supplements9/xx.png"/>
    </resource>
    <resource href="data/supplements90/xx.png" identifier="1374" type="webcontent">
      <file href="data/supplements90/xx.png"/>
    </resource>
    <resource href="data/supplements91/xx.png" identifier="1375" type="webcontent">
      <file href="data/supplements91/xx.png"/>
    </resource>
    <resource href="data/supplements92/xx.png" identifier="1376" type="webcontent">
      <file href="data/supplements92/xx.png"/>
    </resource>
    <resource href="data/supplements93/xx.png" identifier="1377" type="webcontent">
      <file href="data/supplements93/xx.png"/>
    </resource>
    <resource href="data/supplements94/xx.png" identifier="1378" type="webcontent">
      <file href="data/supplements94/xx.png"/>
    </resource>
    <resource href="data/supplements95/xx.png" identifier="1379" type="webcontent">
      <file href="data/supplements95/xx.png"/>
    </resource>
    <resource href="data/supplements96/xx.png" identifier="1380" type="webcontent">
      <file href="data/supplements96/xx.png"/>
    </resource>
    <resource href="data/supplements97/xx.png" identifier="1381" type="webcontent">
      <file href="data/supplements97/xx.png"/>
    </resource>
    <resource href="data/supplements98/xx.png" identifier="1382" type="webcontent">
      <file href="data/supplements98/xx.png"/>
    </resource>
    <resource href="data/supplements99/xx.png" identifier="1383" type="webcontent">
      <file href="data/supplements99/xx.png"/>
    </resource>
  </resources>
</manifest>
