<?xml version="1.0" encoding="UTF-8"?>
<manifest identifier="MID__027_15_spinning_pyramid_831795447" xmlns="http://www.imsglobal.org/xsd/imsccv1p1/imscp_v1p1" xmlns:lom="http://ltsc.ieee.org/xsd/imsccv1p1/LOM/resource" xmlns:imsmd="http://www.imsglobal.org/xsd/imsmd_v1p2" xmlns:xsi="http://www.w3.org/2001/XMLSchema-instance" xsi:schemaLocation="http://www.imsglobal.org/xsd/imsccv1p1/imscp_v1p1 http://www.imsglobal.org/xsd/imscp_v1p1.xsd http://ltsc.ieee.org/xsd/imsccv1p1/LOM/resource http://www.imsglobal.org/profile/cc/ccv1p1/LOM/ccv1p1_lomresource_v1p0.xsd http://www.imsglobal.org/xsd/imsmd_v1p2 http://www.imsglobal.org/xsd/imsmd_v1p2p2.xsd">
  <metadata>
    <schema>IMS Content</schema>
    <schemaversion>1.1.3</schemaversion>
    <imsmd:lom>
      <imsmd:general>
        <imsmd:title>
          <imsmd:string>_027_15_spinning_pyramid</imsmd:string>
        </imsmd:title>
      </imsmd:general>
      <imsmd:lifeCycle>
        <imsmd:contribute>
          <imsmd:date>
            <imsmd:dateTime>2024-03-08</imsmd:dateTime>
          </imsmd:date>
        </imsmd:contribute>
      </imsmd:lifeCycle>
      <imsmd:rights>
        <imsmd:copyrightAndOtherRestrictions>
          <imsmd:value>yes</imsmd:value>
        </imsmd:copyrightAndOtherRestrictions>
        <imsmd:description>
          <imsmd:string>Private (Copyrighted) - http://en.wikipedia.org/wiki/Copyright</imsmd:string>
        </imsmd:description>
      </imsmd:rights>
    </imsmd:lom>
  </metadata>
  <organizations/>
  <resources>
    <resource identifier="_027_15_spinning_pyramid_299213280" type="imsqti_xmlv1p2">
      <file href="_027_15_spinning_pyramid_299213280/_027_15_spinning_pyramid_299213280.xml"/>
      <dependency identifierref="MID_REF__027_15_spinning_pyramid_831795447"/>
    </resource>
    <resource identifier="MID_REF__027_15_spinning_pyramid_831795447" type="associatedcontent/imscc_xmlv1p1/learning-application-resource" href="_027_15_spinning_pyramid_299213280/assessment_meta.xml">
      <file href="_027_15_spinning_pyramid_299213280/assessment_meta.xml"/>
    </resource>
    <resource href="data/supplements1/unnamed-chunk-2-.gif" identifier="1234" type="webcontent">
      <file href="data/supplements1/unnamed-chunk-2-.gif"/>
    </resource>
    <resource href="data/supplements1/unnamed-chunk-3-.gif" identifier="1235" type="webcontent">
      <file href="data/supplements1/unnamed-chunk-3-.gif"/>
    </resource>
    <resource href="data/supplements1/unnamed-chunk-4-.gif" identifier="1236" type="webcontent">
      <file href="data/supplements1/unnamed-chunk-4-.gif"/>
    </resource>
    <resource href="data/supplements1/unnamed-chunk-5-.gif" identifier="1237" type="webcontent">
      <file href="data/supplements1/unnamed-chunk-5-.gif"/>
    </resource>
    <resource href="data/supplements10/unnamed-chunk-2-.gif" identifier="1238" type="webcontent">
      <file href="data/supplements10/unnamed-chunk-2-.gif"/>
    </resource>
    <resource href="data/supplements10/unnamed-chunk-3-.gif" identifier="1239" type="webcontent">
      <file href="data/supplements10/unnamed-chunk-3-.gif"/>
    </resource>
    <resource href="data/supplements10/unnamed-chunk-4-.gif" identifier="1240" type="webcontent">
      <file href="data/supplements10/unnamed-chunk-4-.gif"/>
    </resource>
    <resource href="data/supplements10/unnamed-chunk-5-.gif" identifier="1241" type="webcontent">
      <file href="data/supplements10/unnamed-chunk-5-.gif"/>
    </resource>
    <resource href="data/supplements11/unnamed-chunk-2-.gif" identifier="1242" type="webcontent">
      <file href="data/supplements11/unnamed-chunk-2-.gif"/>
    </resource>
    <resource href="data/supplements11/unnamed-chunk-3-.gif" identifier="1243" type="webcontent">
      <file href="data/supplements11/unnamed-chunk-3-.gif"/>
    </resource>
    <resource href="data/supplements11/unnamed-chunk-4-.gif" identifier="1244" type="webcontent">
      <file href="data/supplements11/unnamed-chunk-4-.gif"/>
    </resource>
    <resource href="data/supplements11/unnamed-chunk-5-.gif" identifier="1245" type="webcontent">
      <file href="data/supplements11/unnamed-chunk-5-.gif"/>
    </resource>
    <resource href="data/supplements12/unnamed-chunk-2-.gif" identifier="1246" type="webcontent">
      <file href="data/supplements12/unnamed-chunk-2-.gif"/>
    </resource>
    <resource href="data/supplements12/unnamed-chunk-3-.gif" identifier="1247" type="webcontent">
      <file href="data/supplements12/unnamed-chunk-3-.gif"/>
    </resource>
    <resource href="data/supplements12/unnamed-chunk-4-.gif" identifier="1248" type="webcontent">
      <file href="data/supplements12/unnamed-chunk-4-.gif"/>
    </resource>
    <resource href="data/supplements12/unnamed-chunk-5-.gif" identifier="1249" type="webcontent">
      <file href="data/supplements12/unnamed-chunk-5-.gif"/>
    </resource>
    <resource href="data/supplements2/unnamed-chunk-2-.gif" identifier="1250" type="webcontent">
      <file href="data/supplements2/unnamed-chunk-2-.gif"/>
    </resource>
    <resource href="data/supplements2/unnamed-chunk-3-.gif" identifier="1251" type="webcontent">
      <file href="data/supplements2/unnamed-chunk-3-.gif"/>
    </resource>
    <resource href="data/supplements2/unnamed-chunk-4-.gif" identifier="1252" type="webcontent">
      <file href="data/supplements2/unnamed-chunk-4-.gif"/>
    </resource>
    <resource href="data/supplements2/unnamed-chunk-5-.gif" identifier="1253" type="webcontent">
      <file href="data/supplements2/unnamed-chunk-5-.gif"/>
    </resource>
    <resource href="data/supplements3/unnamed-chunk-2-.gif" identifier="1254" type="webcontent">
      <file href="data/supplements3/unnamed-chunk-2-.gif"/>
    </resource>
    <resource href="data/supplements3/unnamed-chunk-3-.gif" identifier="1255" type="webcontent">
      <file href="data/supplements3/unnamed-chunk-3-.gif"/>
    </resource>
    <resource href="data/supplements3/unnamed-chunk-4-.gif" identifier="1256" type="webcontent">
      <file href="data/supplements3/unnamed-chunk-4-.gif"/>
    </resource>
    <resource href="data/supplements3/unnamed-chunk-5-.gif" identifier="1257" type="webcontent">
      <file href="data/supplements3/unnamed-chunk-5-.gif"/>
    </resource>
    <resource href="data/supplements4/unnamed-chunk-2-.gif" identifier="1258" type="webcontent">
      <file href="data/supplements4/unnamed-chunk-2-.gif"/>
    </resource>
    <resource href="data/supplements4/unnamed-chunk-3-.gif" identifier="1259" type="webcontent">
      <file href="data/supplements4/unnamed-chunk-3-.gif"/>
    </resource>
    <resource href="data/supplements4/unnamed-chunk-4-.gif" identifier="1260" type="webcontent">
      <file href="data/supplements4/unnamed-chunk-4-.gif"/>
    </resource>
    <resource href="data/supplements4/unnamed-chunk-5-.gif" identifier="1261" type="webcontent">
      <file href="data/supplements4/unnamed-chunk-5-.gif"/>
    </resource>
    <resource href="data/supplements5/unnamed-chunk-2-.gif" identifier="1262" type="webcontent">
      <file href="data/supplements5/unnamed-chunk-2-.gif"/>
    </resource>
    <resource href="data/supplements5/unnamed-chunk-3-.gif" identifier="1263" type="webcontent">
      <file href="data/supplements5/unnamed-chunk-3-.gif"/>
    </resource>
    <resource href="data/supplements5/unnamed-chunk-4-.gif" identifier="1264" type="webcontent">
      <file href="data/supplements5/unnamed-chunk-4-.gif"/>
    </resource>
    <resource href="data/supplements5/unnamed-chunk-5-.gif" identifier="1265" type="webcontent">
      <file href="data/supplements5/unnamed-chunk-5-.gif"/>
    </resource>
    <resource href="data/supplements6/unnamed-chunk-2-.gif" identifier="1266" type="webcontent">
      <file href="data/supplements6/unnamed-chunk-2-.gif"/>
    </resource>
    <resource href="data/supplements6/unnamed-chunk-3-.gif" identifier="1267" type="webcontent">
      <file href="data/supplements6/unnamed-chunk-3-.gif"/>
    </resource>
    <resource href="data/supplements6/unnamed-chunk-4-.gif" identifier="1268" type="webcontent">
      <file href="data/supplements6/unnamed-chunk-4-.gif"/>
    </resource>
    <resource href="data/supplements6/unnamed-chunk-5-.gif" identifier="1269" type="webcontent">
      <file href="data/supplements6/unnamed-chunk-5-.gif"/>
    </resource>
    <resource href="data/supplements7/unnamed-chunk-2-.gif" identifier="1270" type="webcontent">
      <file href="data/supplements7/unnamed-chunk-2-.gif"/>
    </resource>
    <resource href="data/supplements7/unnamed-chunk-3-.gif" identifier="1271" type="webcontent">
      <file href="data/supplements7/unnamed-chunk-3-.gif"/>
    </resource>
    <resource href="data/supplements7/unnamed-chunk-4-.gif" identifier="1272" type="webcontent">
      <file href="data/supplements7/unnamed-chunk-4-.gif"/>
    </resource>
    <resource href="data/supplements7/unnamed-chunk-5-.gif" identifier="1273" type="webcontent">
      <file href="data/supplements7/unnamed-chunk-5-.gif"/>
    </resource>
    <resource href="data/supplements8/unnamed-chunk-2-.gif" identifier="1274" type="webcontent">
      <file href="data/supplements8/unnamed-chunk-2-.gif"/>
    </resource>
    <resource href="data/supplements8/unnamed-chunk-3-.gif" identifier="1275" type="webcontent">
      <file href="data/supplements8/unnamed-chunk-3-.gif"/>
    </resource>
    <resource href="data/supplements8/unnamed-chunk-4-.gif" identifier="1276" type="webcontent">
      <file href="data/supplements8/unnamed-chunk-4-.gif"/>
    </resource>
    <resource href="data/supplements8/unnamed-chunk-5-.gif" identifier="1277" type="webcontent">
      <file href="data/supplements8/unnamed-chunk-5-.gif"/>
    </resource>
    <resource href="data/supplements9/unnamed-chunk-2-.gif" identifier="1278" type="webcontent">
      <file href="data/supplements9/unnamed-chunk-2-.gif"/>
    </resource>
    <resource href="data/supplements9/unnamed-chunk-3-.gif" identifier="1279" type="webcontent">
      <file href="data/supplements9/unnamed-chunk-3-.gif"/>
    </resource>
    <resource href="data/supplements9/unnamed-chunk-4-.gif" identifier="1280" type="webcontent">
      <file href="data/supplements9/unnamed-chunk-4-.gif"/>
    </resource>
    <resource href="data/supplements9/unnamed-chunk-5-.gif" identifier="1281" type="webcontent">
      <file href="data/supplements9/unnamed-chunk-5-.gif"/>
    </resource>
  </resources>
</manifest>
