<?xml version="1.0" encoding="UTF-8"?>
<manifest identifier="MID_s18_57_match_parent_functions_781186073" xmlns="http://www.imsglobal.org/xsd/imsccv1p1/imscp_v1p1" xmlns:lom="http://ltsc.ieee.org/xsd/imsccv1p1/LOM/resource" xmlns:imsmd="http://www.imsglobal.org/xsd/imsmd_v1p2" xmlns:xsi="http://www.w3.org/2001/XMLSchema-instance" xsi:schemaLocation="http://www.imsglobal.org/xsd/imsccv1p1/imscp_v1p1 http://www.imsglobal.org/xsd/imscp_v1p1.xsd http://ltsc.ieee.org/xsd/imsccv1p1/LOM/resource http://www.imsglobal.org/profile/cc/ccv1p1/LOM/ccv1p1_lomresource_v1p0.xsd http://www.imsglobal.org/xsd/imsmd_v1p2 http://www.imsglobal.org/xsd/imsmd_v1p2p2.xsd">
  <metadata>
    <schema>IMS Content</schema>
    <schemaversion>1.1.3</schemaversion>
    <imsmd:lom>
      <imsmd:general>
        <imsmd:title>
          <imsmd:string>s18_57_match_parent_functions</imsmd:string>
        </imsmd:title>
      </imsmd:general>
      <imsmd:lifeCycle>
        <imsmd:contribute>
          <imsmd:date>
            <imsmd:dateTime>2025-05-20</imsmd:dateTime>
          </imsmd:date>
        </imsmd:contribute>
      </imsmd:lifeCycle>
      <imsmd:rights>
        <imsmd:copyrightAndOtherRestrictions>
          <imsmd:value>yes</imsmd:value>
        </imsmd:copyrightAndOtherRestrictions>
        <imsmd:description>
          <imsmd:string>Private (Copyrighted) - http://en.wikipedia.org/wiki/Copyright</imsmd:string>
        </imsmd:description>
      </imsmd:rights>
    </imsmd:lom>
  </metadata>
  <organizations/>
  <resources>
    <resource identifier="s18_57_match_parent_functions_443438532" type="imsqti_xmlv1p2">
      <file href="s18_57_match_parent_functions_443438532/s18_57_match_parent_functions_443438532.xml"/>
      <dependency identifierref="MID_REF_s18_57_match_parent_functions_781186073"/>
    </resource>
    <resource identifier="MID_REF_s18_57_match_parent_functions_781186073" type="associatedcontent/imscc_xmlv1p1/learning-application-resource" href="s18_57_match_parent_functions_443438532/assessment_meta.xml">
      <file href="s18_57_match_parent_functions_443438532/assessment_meta.xml"/>
    </resource>
    <resource href="data/supplements1/unnamed-chunk-1-1.png" identifier="1234" type="webcontent">
      <file href="data/supplements1/unnamed-chunk-1-1.png"/>
    </resource>
    <resource href="data/supplements1/unnamed-chunk-1-10.png" identifier="1235" type="webcontent">
      <file href="data/supplements1/unnamed-chunk-1-10.png"/>
    </resource>
    <resource href="data/supplements1/unnamed-chunk-1-11.png" identifier="1236" type="webcontent">
      <file href="data/supplements1/unnamed-chunk-1-11.png"/>
    </resource>
    <resource href="data/supplements1/unnamed-chunk-1-12.png" identifier="1237" type="webcontent">
      <file href="data/supplements1/unnamed-chunk-1-12.png"/>
    </resource>
    <resource href="data/supplements1/unnamed-chunk-1-13.png" identifier="1238" type="webcontent">
      <file href="data/supplements1/unnamed-chunk-1-13.png"/>
    </resource>
    <resource href="data/supplements1/unnamed-chunk-1-14.png" identifier="1239" type="webcontent">
      <file href="data/supplements1/unnamed-chunk-1-14.png"/>
    </resource>
    <resource href="data/supplements1/unnamed-chunk-1-15.png" identifier="1240" type="webcontent">
      <file href="data/supplements1/unnamed-chunk-1-15.png"/>
    </resource>
    <resource href="data/supplements1/unnamed-chunk-1-16.png" identifier="1241" type="webcontent">
      <file href="data/supplements1/unnamed-chunk-1-16.png"/>
    </resource>
    <resource href="data/supplements1/unnamed-chunk-1-17.png" identifier="1242" type="webcontent">
      <file href="data/supplements1/unnamed-chunk-1-17.png"/>
    </resource>
    <resource href="data/supplements1/unnamed-chunk-1-2.png" identifier="1243" type="webcontent">
      <file href="data/supplements1/unnamed-chunk-1-2.png"/>
    </resource>
    <resource href="data/supplements1/unnamed-chunk-1-3.png" identifier="1244" type="webcontent">
      <file href="data/supplements1/unnamed-chunk-1-3.png"/>
    </resource>
    <resource href="data/supplements1/unnamed-chunk-1-4.png" identifier="1245" type="webcontent">
      <file href="data/supplements1/unnamed-chunk-1-4.png"/>
    </resource>
    <resource href="data/supplements1/unnamed-chunk-1-5.png" identifier="1246" type="webcontent">
      <file href="data/supplements1/unnamed-chunk-1-5.png"/>
    </resource>
    <resource href="data/supplements1/unnamed-chunk-1-6.png" identifier="1247" type="webcontent">
      <file href="data/supplements1/unnamed-chunk-1-6.png"/>
    </resource>
    <resource href="data/supplements1/unnamed-chunk-1-7.png" identifier="1248" type="webcontent">
      <file href="data/supplements1/unnamed-chunk-1-7.png"/>
    </resource>
    <resource href="data/supplements1/unnamed-chunk-1-8.png" identifier="1249" type="webcontent">
      <file href="data/supplements1/unnamed-chunk-1-8.png"/>
    </resource>
    <resource href="data/supplements1/unnamed-chunk-1-9.png" identifier="1250" type="webcontent">
      <file href="data/supplements1/unnamed-chunk-1-9.png"/>
    </resource>
    <resource href="data/supplements10/unnamed-chunk-1-1.png" identifier="1251" type="webcontent">
      <file href="data/supplements10/unnamed-chunk-1-1.png"/>
    </resource>
    <resource href="data/supplements10/unnamed-chunk-1-10.png" identifier="1252" type="webcontent">
      <file href="data/supplements10/unnamed-chunk-1-10.png"/>
    </resource>
    <resource href="data/supplements10/unnamed-chunk-1-11.png" identifier="1253" type="webcontent">
      <file href="data/supplements10/unnamed-chunk-1-11.png"/>
    </resource>
    <resource href="data/supplements10/unnamed-chunk-1-12.png" identifier="1254" type="webcontent">
      <file href="data/supplements10/unnamed-chunk-1-12.png"/>
    </resource>
    <resource href="data/supplements10/unnamed-chunk-1-13.png" identifier="1255" type="webcontent">
      <file href="data/supplements10/unnamed-chunk-1-13.png"/>
    </resource>
    <resource href="data/supplements10/unnamed-chunk-1-14.png" identifier="1256" type="webcontent">
      <file href="data/supplements10/unnamed-chunk-1-14.png"/>
    </resource>
    <resource href="data/supplements10/unnamed-chunk-1-15.png" identifier="1257" type="webcontent">
      <file href="data/supplements10/unnamed-chunk-1-15.png"/>
    </resource>
    <resource href="data/supplements10/unnamed-chunk-1-16.png" identifier="1258" type="webcontent">
      <file href="data/supplements10/unnamed-chunk-1-16.png"/>
    </resource>
    <resource href="data/supplements10/unnamed-chunk-1-17.png" identifier="1259" type="webcontent">
      <file href="data/supplements10/unnamed-chunk-1-17.png"/>
    </resource>
    <resource href="data/supplements10/unnamed-chunk-1-2.png" identifier="1260" type="webcontent">
      <file href="data/supplements10/unnamed-chunk-1-2.png"/>
    </resource>
    <resource href="data/supplements10/unnamed-chunk-1-3.png" identifier="1261" type="webcontent">
      <file href="data/supplements10/unnamed-chunk-1-3.png"/>
    </resource>
    <resource href="data/supplements10/unnamed-chunk-1-4.png" identifier="1262" type="webcontent">
      <file href="data/supplements10/unnamed-chunk-1-4.png"/>
    </resource>
    <resource href="data/supplements10/unnamed-chunk-1-5.png" identifier="1263" type="webcontent">
      <file href="data/supplements10/unnamed-chunk-1-5.png"/>
    </resource>
    <resource href="data/supplements10/unnamed-chunk-1-6.png" identifier="1264" type="webcontent">
      <file href="data/supplements10/unnamed-chunk-1-6.png"/>
    </resource>
    <resource href="data/supplements10/unnamed-chunk-1-7.png" identifier="1265" type="webcontent">
      <file href="data/supplements10/unnamed-chunk-1-7.png"/>
    </resource>
    <resource href="data/supplements10/unnamed-chunk-1-8.png" identifier="1266" type="webcontent">
      <file href="data/supplements10/unnamed-chunk-1-8.png"/>
    </resource>
    <resource href="data/supplements10/unnamed-chunk-1-9.png" identifier="1267" type="webcontent">
      <file href="data/supplements10/unnamed-chunk-1-9.png"/>
    </resource>
    <resource href="data/supplements11/unnamed-chunk-1-1.png" identifier="1268" type="webcontent">
      <file href="data/supplements11/unnamed-chunk-1-1.png"/>
    </resource>
    <resource href="data/supplements11/unnamed-chunk-1-10.png" identifier="1269" type="webcontent">
      <file href="data/supplements11/unnamed-chunk-1-10.png"/>
    </resource>
    <resource href="data/supplements11/unnamed-chunk-1-11.png" identifier="1270" type="webcontent">
      <file href="data/supplements11/unnamed-chunk-1-11.png"/>
    </resource>
    <resource href="data/supplements11/unnamed-chunk-1-12.png" identifier="1271" type="webcontent">
      <file href="data/supplements11/unnamed-chunk-1-12.png"/>
    </resource>
    <resource href="data/supplements11/unnamed-chunk-1-13.png" identifier="1272" type="webcontent">
      <file href="data/supplements11/unnamed-chunk-1-13.png"/>
    </resource>
    <resource href="data/supplements11/unnamed-chunk-1-14.png" identifier="1273" type="webcontent">
      <file href="data/supplements11/unnamed-chunk-1-14.png"/>
    </resource>
    <resource href="data/supplements11/unnamed-chunk-1-15.png" identifier="1274" type="webcontent">
      <file href="data/supplements11/unnamed-chunk-1-15.png"/>
    </resource>
    <resource href="data/supplements11/unnamed-chunk-1-16.png" identifier="1275" type="webcontent">
      <file href="data/supplements11/unnamed-chunk-1-16.png"/>
    </resource>
    <resource href="data/supplements11/unnamed-chunk-1-17.png" identifier="1276" type="webcontent">
      <file href="data/supplements11/unnamed-chunk-1-17.png"/>
    </resource>
    <resource href="data/supplements11/unnamed-chunk-1-2.png" identifier="1277" type="webcontent">
      <file href="data/supplements11/unnamed-chunk-1-2.png"/>
    </resource>
    <resource href="data/supplements11/unnamed-chunk-1-3.png" identifier="1278" type="webcontent">
      <file href="data/supplements11/unnamed-chunk-1-3.png"/>
    </resource>
    <resource href="data/supplements11/unnamed-chunk-1-4.png" identifier="1279" type="webcontent">
      <file href="data/supplements11/unnamed-chunk-1-4.png"/>
    </resource>
    <resource href="data/supplements11/unnamed-chunk-1-5.png" identifier="1280" type="webcontent">
      <file href="data/supplements11/unnamed-chunk-1-5.png"/>
    </resource>
    <resource href="data/supplements11/unnamed-chunk-1-6.png" identifier="1281" type="webcontent">
      <file href="data/supplements11/unnamed-chunk-1-6.png"/>
    </resource>
    <resource href="data/supplements11/unnamed-chunk-1-7.png" identifier="1282" type="webcontent">
      <file href="data/supplements11/unnamed-chunk-1-7.png"/>
    </resource>
    <resource href="data/supplements11/unnamed-chunk-1-8.png" identifier="1283" type="webcontent">
      <file href="data/supplements11/unnamed-chunk-1-8.png"/>
    </resource>
    <resource href="data/supplements11/unnamed-chunk-1-9.png" identifier="1284" type="webcontent">
      <file href="data/supplements11/unnamed-chunk-1-9.png"/>
    </resource>
    <resource href="data/supplements12/unnamed-chunk-1-1.png" identifier="1285" type="webcontent">
      <file href="data/supplements12/unnamed-chunk-1-1.png"/>
    </resource>
    <resource href="data/supplements12/unnamed-chunk-1-10.png" identifier="1286" type="webcontent">
      <file href="data/supplements12/unnamed-chunk-1-10.png"/>
    </resource>
    <resource href="data/supplements12/unnamed-chunk-1-11.png" identifier="1287" type="webcontent">
      <file href="data/supplements12/unnamed-chunk-1-11.png"/>
    </resource>
    <resource href="data/supplements12/unnamed-chunk-1-12.png" identifier="1288" type="webcontent">
      <file href="data/supplements12/unnamed-chunk-1-12.png"/>
    </resource>
    <resource href="data/supplements12/unnamed-chunk-1-13.png" identifier="1289" type="webcontent">
      <file href="data/supplements12/unnamed-chunk-1-13.png"/>
    </resource>
    <resource href="data/supplements12/unnamed-chunk-1-14.png" identifier="1290" type="webcontent">
      <file href="data/supplements12/unnamed-chunk-1-14.png"/>
    </resource>
    <resource href="data/supplements12/unnamed-chunk-1-15.png" identifier="1291" type="webcontent">
      <file href="data/supplements12/unnamed-chunk-1-15.png"/>
    </resource>
    <resource href="data/supplements12/unnamed-chunk-1-16.png" identifier="1292" type="webcontent">
      <file href="data/supplements12/unnamed-chunk-1-16.png"/>
    </resource>
    <resource href="data/supplements12/unnamed-chunk-1-17.png" identifier="1293" type="webcontent">
      <file href="data/supplements12/unnamed-chunk-1-17.png"/>
    </resource>
    <resource href="data/supplements12/unnamed-chunk-1-2.png" identifier="1294" type="webcontent">
      <file href="data/supplements12/unnamed-chunk-1-2.png"/>
    </resource>
    <resource href="data/supplements12/unnamed-chunk-1-3.png" identifier="1295" type="webcontent">
      <file href="data/supplements12/unnamed-chunk-1-3.png"/>
    </resource>
    <resource href="data/supplements12/unnamed-chunk-1-4.png" identifier="1296" type="webcontent">
      <file href="data/supplements12/unnamed-chunk-1-4.png"/>
    </resource>
    <resource href="data/supplements12/unnamed-chunk-1-5.png" identifier="1297" type="webcontent">
      <file href="data/supplements12/unnamed-chunk-1-5.png"/>
    </resource>
    <resource href="data/supplements12/unnamed-chunk-1-6.png" identifier="1298" type="webcontent">
      <file href="data/supplements12/unnamed-chunk-1-6.png"/>
    </resource>
    <resource href="data/supplements12/unnamed-chunk-1-7.png" identifier="1299" type="webcontent">
      <file href="data/supplements12/unnamed-chunk-1-7.png"/>
    </resource>
    <resource href="data/supplements12/unnamed-chunk-1-8.png" identifier="1300" type="webcontent">
      <file href="data/supplements12/unnamed-chunk-1-8.png"/>
    </resource>
    <resource href="data/supplements12/unnamed-chunk-1-9.png" identifier="1301" type="webcontent">
      <file href="data/supplements12/unnamed-chunk-1-9.png"/>
    </resource>
    <resource href="data/supplements13/unnamed-chunk-1-1.png" identifier="1302" type="webcontent">
      <file href="data/supplements13/unnamed-chunk-1-1.png"/>
    </resource>
    <resource href="data/supplements13/unnamed-chunk-1-10.png" identifier="1303" type="webcontent">
      <file href="data/supplements13/unnamed-chunk-1-10.png"/>
    </resource>
    <resource href="data/supplements13/unnamed-chunk-1-11.png" identifier="1304" type="webcontent">
      <file href="data/supplements13/unnamed-chunk-1-11.png"/>
    </resource>
    <resource href="data/supplements13/unnamed-chunk-1-12.png" identifier="1305" type="webcontent">
      <file href="data/supplements13/unnamed-chunk-1-12.png"/>
    </resource>
    <resource href="data/supplements13/unnamed-chunk-1-13.png" identifier="1306" type="webcontent">
      <file href="data/supplements13/unnamed-chunk-1-13.png"/>
    </resource>
    <resource href="data/supplements13/unnamed-chunk-1-14.png" identifier="1307" type="webcontent">
      <file href="data/supplements13/unnamed-chunk-1-14.png"/>
    </resource>
    <resource href="data/supplements13/unnamed-chunk-1-15.png" identifier="1308" type="webcontent">
      <file href="data/supplements13/unnamed-chunk-1-15.png"/>
    </resource>
    <resource href="data/supplements13/unnamed-chunk-1-16.png" identifier="1309" type="webcontent">
      <file href="data/supplements13/unnamed-chunk-1-16.png"/>
    </resource>
    <resource href="data/supplements13/unnamed-chunk-1-17.png" identifier="1310" type="webcontent">
      <file href="data/supplements13/unnamed-chunk-1-17.png"/>
    </resource>
    <resource href="data/supplements13/unnamed-chunk-1-2.png" identifier="1311" type="webcontent">
      <file href="data/supplements13/unnamed-chunk-1-2.png"/>
    </resource>
    <resource href="data/supplements13/unnamed-chunk-1-3.png" identifier="1312" type="webcontent">
      <file href="data/supplements13/unnamed-chunk-1-3.png"/>
    </resource>
    <resource href="data/supplements13/unnamed-chunk-1-4.png" identifier="1313" type="webcontent">
      <file href="data/supplements13/unnamed-chunk-1-4.png"/>
    </resource>
    <resource href="data/supplements13/unnamed-chunk-1-5.png" identifier="1314" type="webcontent">
      <file href="data/supplements13/unnamed-chunk-1-5.png"/>
    </resource>
    <resource href="data/supplements13/unnamed-chunk-1-6.png" identifier="1315" type="webcontent">
      <file href="data/supplements13/unnamed-chunk-1-6.png"/>
    </resource>
    <resource href="data/supplements13/unnamed-chunk-1-7.png" identifier="1316" type="webcontent">
      <file href="data/supplements13/unnamed-chunk-1-7.png"/>
    </resource>
    <resource href="data/supplements13/unnamed-chunk-1-8.png" identifier="1317" type="webcontent">
      <file href="data/supplements13/unnamed-chunk-1-8.png"/>
    </resource>
    <resource href="data/supplements13/unnamed-chunk-1-9.png" identifier="1318" type="webcontent">
      <file href="data/supplements13/unnamed-chunk-1-9.png"/>
    </resource>
    <resource href="data/supplements14/unnamed-chunk-1-1.png" identifier="1319" type="webcontent">
      <file href="data/supplements14/unnamed-chunk-1-1.png"/>
    </resource>
    <resource href="data/supplements14/unnamed-chunk-1-10.png" identifier="1320" type="webcontent">
      <file href="data/supplements14/unnamed-chunk-1-10.png"/>
    </resource>
    <resource href="data/supplements14/unnamed-chunk-1-11.png" identifier="1321" type="webcontent">
      <file href="data/supplements14/unnamed-chunk-1-11.png"/>
    </resource>
    <resource href="data/supplements14/unnamed-chunk-1-12.png" identifier="1322" type="webcontent">
      <file href="data/supplements14/unnamed-chunk-1-12.png"/>
    </resource>
    <resource href="data/supplements14/unnamed-chunk-1-13.png" identifier="1323" type="webcontent">
      <file href="data/supplements14/unnamed-chunk-1-13.png"/>
    </resource>
    <resource href="data/supplements14/unnamed-chunk-1-14.png" identifier="1324" type="webcontent">
      <file href="data/supplements14/unnamed-chunk-1-14.png"/>
    </resource>
    <resource href="data/supplements14/unnamed-chunk-1-15.png" identifier="1325" type="webcontent">
      <file href="data/supplements14/unnamed-chunk-1-15.png"/>
    </resource>
    <resource href="data/supplements14/unnamed-chunk-1-16.png" identifier="1326" type="webcontent">
      <file href="data/supplements14/unnamed-chunk-1-16.png"/>
    </resource>
    <resource href="data/supplements14/unnamed-chunk-1-17.png" identifier="1327" type="webcontent">
      <file href="data/supplements14/unnamed-chunk-1-17.png"/>
    </resource>
    <resource href="data/supplements14/unnamed-chunk-1-2.png" identifier="1328" type="webcontent">
      <file href="data/supplements14/unnamed-chunk-1-2.png"/>
    </resource>
    <resource href="data/supplements14/unnamed-chunk-1-3.png" identifier="1329" type="webcontent">
      <file href="data/supplements14/unnamed-chunk-1-3.png"/>
    </resource>
    <resource href="data/supplements14/unnamed-chunk-1-4.png" identifier="1330" type="webcontent">
      <file href="data/supplements14/unnamed-chunk-1-4.png"/>
    </resource>
    <resource href="data/supplements14/unnamed-chunk-1-5.png" identifier="1331" type="webcontent">
      <file href="data/supplements14/unnamed-chunk-1-5.png"/>
    </resource>
    <resource href="data/supplements14/unnamed-chunk-1-6.png" identifier="1332" type="webcontent">
      <file href="data/supplements14/unnamed-chunk-1-6.png"/>
    </resource>
    <resource href="data/supplements14/unnamed-chunk-1-7.png" identifier="1333" type="webcontent">
      <file href="data/supplements14/unnamed-chunk-1-7.png"/>
    </resource>
    <resource href="data/supplements14/unnamed-chunk-1-8.png" identifier="1334" type="webcontent">
      <file href="data/supplements14/unnamed-chunk-1-8.png"/>
    </resource>
    <resource href="data/supplements14/unnamed-chunk-1-9.png" identifier="1335" type="webcontent">
      <file href="data/supplements14/unnamed-chunk-1-9.png"/>
    </resource>
    <resource href="data/supplements15/unnamed-chunk-1-1.png" identifier="1336" type="webcontent">
      <file href="data/supplements15/unnamed-chunk-1-1.png"/>
    </resource>
    <resource href="data/supplements15/unnamed-chunk-1-10.png" identifier="1337" type="webcontent">
      <file href="data/supplements15/unnamed-chunk-1-10.png"/>
    </resource>
    <resource href="data/supplements15/unnamed-chunk-1-11.png" identifier="1338" type="webcontent">
      <file href="data/supplements15/unnamed-chunk-1-11.png"/>
    </resource>
    <resource href="data/supplements15/unnamed-chunk-1-12.png" identifier="1339" type="webcontent">
      <file href="data/supplements15/unnamed-chunk-1-12.png"/>
    </resource>
    <resource href="data/supplements15/unnamed-chunk-1-13.png" identifier="1340" type="webcontent">
      <file href="data/supplements15/unnamed-chunk-1-13.png"/>
    </resource>
    <resource href="data/supplements15/unnamed-chunk-1-14.png" identifier="1341" type="webcontent">
      <file href="data/supplements15/unnamed-chunk-1-14.png"/>
    </resource>
    <resource href="data/supplements15/unnamed-chunk-1-15.png" identifier="1342" type="webcontent">
      <file href="data/supplements15/unnamed-chunk-1-15.png"/>
    </resource>
    <resource href="data/supplements15/unnamed-chunk-1-16.png" identifier="1343" type="webcontent">
      <file href="data/supplements15/unnamed-chunk-1-16.png"/>
    </resource>
    <resource href="data/supplements15/unnamed-chunk-1-17.png" identifier="1344" type="webcontent">
      <file href="data/supplements15/unnamed-chunk-1-17.png"/>
    </resource>
    <resource href="data/supplements15/unnamed-chunk-1-2.png" identifier="1345" type="webcontent">
      <file href="data/supplements15/unnamed-chunk-1-2.png"/>
    </resource>
    <resource href="data/supplements15/unnamed-chunk-1-3.png" identifier="1346" type="webcontent">
      <file href="data/supplements15/unnamed-chunk-1-3.png"/>
    </resource>
    <resource href="data/supplements15/unnamed-chunk-1-4.png" identifier="1347" type="webcontent">
      <file href="data/supplements15/unnamed-chunk-1-4.png"/>
    </resource>
    <resource href="data/supplements15/unnamed-chunk-1-5.png" identifier="1348" type="webcontent">
      <file href="data/supplements15/unnamed-chunk-1-5.png"/>
    </resource>
    <resource href="data/supplements15/unnamed-chunk-1-6.png" identifier="1349" type="webcontent">
      <file href="data/supplements15/unnamed-chunk-1-6.png"/>
    </resource>
    <resource href="data/supplements15/unnamed-chunk-1-7.png" identifier="1350" type="webcontent">
      <file href="data/supplements15/unnamed-chunk-1-7.png"/>
    </resource>
    <resource href="data/supplements15/unnamed-chunk-1-8.png" identifier="1351" type="webcontent">
      <file href="data/supplements15/unnamed-chunk-1-8.png"/>
    </resource>
    <resource href="data/supplements15/unnamed-chunk-1-9.png" identifier="1352" type="webcontent">
      <file href="data/supplements15/unnamed-chunk-1-9.png"/>
    </resource>
    <resource href="data/supplements16/unnamed-chunk-1-1.png" identifier="1353" type="webcontent">
      <file href="data/supplements16/unnamed-chunk-1-1.png"/>
    </resource>
    <resource href="data/supplements16/unnamed-chunk-1-10.png" identifier="1354" type="webcontent">
      <file href="data/supplements16/unnamed-chunk-1-10.png"/>
    </resource>
    <resource href="data/supplements16/unnamed-chunk-1-11.png" identifier="1355" type="webcontent">
      <file href="data/supplements16/unnamed-chunk-1-11.png"/>
    </resource>
    <resource href="data/supplements16/unnamed-chunk-1-12.png" identifier="1356" type="webcontent">
      <file href="data/supplements16/unnamed-chunk-1-12.png"/>
    </resource>
    <resource href="data/supplements16/unnamed-chunk-1-13.png" identifier="1357" type="webcontent">
      <file href="data/supplements16/unnamed-chunk-1-13.png"/>
    </resource>
    <resource href="data/supplements16/unnamed-chunk-1-14.png" identifier="1358" type="webcontent">
      <file href="data/supplements16/unnamed-chunk-1-14.png"/>
    </resource>
    <resource href="data/supplements16/unnamed-chunk-1-15.png" identifier="1359" type="webcontent">
      <file href="data/supplements16/unnamed-chunk-1-15.png"/>
    </resource>
    <resource href="data/supplements16/unnamed-chunk-1-16.png" identifier="1360" type="webcontent">
      <file href="data/supplements16/unnamed-chunk-1-16.png"/>
    </resource>
    <resource href="data/supplements16/unnamed-chunk-1-17.png" identifier="1361" type="webcontent">
      <file href="data/supplements16/unnamed-chunk-1-17.png"/>
    </resource>
    <resource href="data/supplements16/unnamed-chunk-1-2.png" identifier="1362" type="webcontent">
      <file href="data/supplements16/unnamed-chunk-1-2.png"/>
    </resource>
    <resource href="data/supplements16/unnamed-chunk-1-3.png" identifier="1363" type="webcontent">
      <file href="data/supplements16/unnamed-chunk-1-3.png"/>
    </resource>
    <resource href="data/supplements16/unnamed-chunk-1-4.png" identifier="1364" type="webcontent">
      <file href="data/supplements16/unnamed-chunk-1-4.png"/>
    </resource>
    <resource href="data/supplements16/unnamed-chunk-1-5.png" identifier="1365" type="webcontent">
      <file href="data/supplements16/unnamed-chunk-1-5.png"/>
    </resource>
    <resource href="data/supplements16/unnamed-chunk-1-6.png" identifier="1366" type="webcontent">
      <file href="data/supplements16/unnamed-chunk-1-6.png"/>
    </resource>
    <resource href="data/supplements16/unnamed-chunk-1-7.png" identifier="1367" type="webcontent">
      <file href="data/supplements16/unnamed-chunk-1-7.png"/>
    </resource>
    <resource href="data/supplements16/unnamed-chunk-1-8.png" identifier="1368" type="webcontent">
      <file href="data/supplements16/unnamed-chunk-1-8.png"/>
    </resource>
    <resource href="data/supplements16/unnamed-chunk-1-9.png" identifier="1369" type="webcontent">
      <file href="data/supplements16/unnamed-chunk-1-9.png"/>
    </resource>
    <resource href="data/supplements17/unnamed-chunk-1-1.png" identifier="1370" type="webcontent">
      <file href="data/supplements17/unnamed-chunk-1-1.png"/>
    </resource>
    <resource href="data/supplements17/unnamed-chunk-1-10.png" identifier="1371" type="webcontent">
      <file href="data/supplements17/unnamed-chunk-1-10.png"/>
    </resource>
    <resource href="data/supplements17/unnamed-chunk-1-11.png" identifier="1372" type="webcontent">
      <file href="data/supplements17/unnamed-chunk-1-11.png"/>
    </resource>
    <resource href="data/supplements17/unnamed-chunk-1-12.png" identifier="1373" type="webcontent">
      <file href="data/supplements17/unnamed-chunk-1-12.png"/>
    </resource>
    <resource href="data/supplements17/unnamed-chunk-1-13.png" identifier="1374" type="webcontent">
      <file href="data/supplements17/unnamed-chunk-1-13.png"/>
    </resource>
    <resource href="data/supplements17/unnamed-chunk-1-14.png" identifier="1375" type="webcontent">
      <file href="data/supplements17/unnamed-chunk-1-14.png"/>
    </resource>
    <resource href="data/supplements17/unnamed-chunk-1-15.png" identifier="1376" type="webcontent">
      <file href="data/supplements17/unnamed-chunk-1-15.png"/>
    </resource>
    <resource href="data/supplements17/unnamed-chunk-1-16.png" identifier="1377" type="webcontent">
      <file href="data/supplements17/unnamed-chunk-1-16.png"/>
    </resource>
    <resource href="data/supplements17/unnamed-chunk-1-17.png" identifier="1378" type="webcontent">
      <file href="data/supplements17/unnamed-chunk-1-17.png"/>
    </resource>
    <resource href="data/supplements17/unnamed-chunk-1-2.png" identifier="1379" type="webcontent">
      <file href="data/supplements17/unnamed-chunk-1-2.png"/>
    </resource>
    <resource href="data/supplements17/unnamed-chunk-1-3.png" identifier="1380" type="webcontent">
      <file href="data/supplements17/unnamed-chunk-1-3.png"/>
    </resource>
    <resource href="data/supplements17/unnamed-chunk-1-4.png" identifier="1381" type="webcontent">
      <file href="data/supplements17/unnamed-chunk-1-4.png"/>
    </resource>
    <resource href="data/supplements17/unnamed-chunk-1-5.png" identifier="1382" type="webcontent">
      <file href="data/supplements17/unnamed-chunk-1-5.png"/>
    </resource>
    <resource href="data/supplements17/unnamed-chunk-1-6.png" identifier="1383" type="webcontent">
      <file href="data/supplements17/unnamed-chunk-1-6.png"/>
    </resource>
    <resource href="data/supplements17/unnamed-chunk-1-7.png" identifier="1384" type="webcontent">
      <file href="data/supplements17/unnamed-chunk-1-7.png"/>
    </resource>
    <resource href="data/supplements17/unnamed-chunk-1-8.png" identifier="1385" type="webcontent">
      <file href="data/supplements17/unnamed-chunk-1-8.png"/>
    </resource>
    <resource href="data/supplements17/unnamed-chunk-1-9.png" identifier="1386" type="webcontent">
      <file href="data/supplements17/unnamed-chunk-1-9.png"/>
    </resource>
    <resource href="data/supplements18/unnamed-chunk-1-1.png" identifier="1387" type="webcontent">
      <file href="data/supplements18/unnamed-chunk-1-1.png"/>
    </resource>
    <resource href="data/supplements18/unnamed-chunk-1-10.png" identifier="1388" type="webcontent">
      <file href="data/supplements18/unnamed-chunk-1-10.png"/>
    </resource>
    <resource href="data/supplements18/unnamed-chunk-1-11.png" identifier="1389" type="webcontent">
      <file href="data/supplements18/unnamed-chunk-1-11.png"/>
    </resource>
    <resource href="data/supplements18/unnamed-chunk-1-12.png" identifier="1390" type="webcontent">
      <file href="data/supplements18/unnamed-chunk-1-12.png"/>
    </resource>
    <resource href="data/supplements18/unnamed-chunk-1-13.png" identifier="1391" type="webcontent">
      <file href="data/supplements18/unnamed-chunk-1-13.png"/>
    </resource>
    <resource href="data/supplements18/unnamed-chunk-1-14.png" identifier="1392" type="webcontent">
      <file href="data/supplements18/unnamed-chunk-1-14.png"/>
    </resource>
    <resource href="data/supplements18/unnamed-chunk-1-15.png" identifier="1393" type="webcontent">
      <file href="data/supplements18/unnamed-chunk-1-15.png"/>
    </resource>
    <resource href="data/supplements18/unnamed-chunk-1-16.png" identifier="1394" type="webcontent">
      <file href="data/supplements18/unnamed-chunk-1-16.png"/>
    </resource>
    <resource href="data/supplements18/unnamed-chunk-1-17.png" identifier="1395" type="webcontent">
      <file href="data/supplements18/unnamed-chunk-1-17.png"/>
    </resource>
    <resource href="data/supplements18/unnamed-chunk-1-2.png" identifier="1396" type="webcontent">
      <file href="data/supplements18/unnamed-chunk-1-2.png"/>
    </resource>
    <resource href="data/supplements18/unnamed-chunk-1-3.png" identifier="1397" type="webcontent">
      <file href="data/supplements18/unnamed-chunk-1-3.png"/>
    </resource>
    <resource href="data/supplements18/unnamed-chunk-1-4.png" identifier="1398" type="webcontent">
      <file href="data/supplements18/unnamed-chunk-1-4.png"/>
    </resource>
    <resource href="data/supplements18/unnamed-chunk-1-5.png" identifier="1399" type="webcontent">
      <file href="data/supplements18/unnamed-chunk-1-5.png"/>
    </resource>
    <resource href="data/supplements18/unnamed-chunk-1-6.png" identifier="1400" type="webcontent">
      <file href="data/supplements18/unnamed-chunk-1-6.png"/>
    </resource>
    <resource href="data/supplements18/unnamed-chunk-1-7.png" identifier="1401" type="webcontent">
      <file href="data/supplements18/unnamed-chunk-1-7.png"/>
    </resource>
    <resource href="data/supplements18/unnamed-chunk-1-8.png" identifier="1402" type="webcontent">
      <file href="data/supplements18/unnamed-chunk-1-8.png"/>
    </resource>
    <resource href="data/supplements18/unnamed-chunk-1-9.png" identifier="1403" type="webcontent">
      <file href="data/supplements18/unnamed-chunk-1-9.png"/>
    </resource>
    <resource href="data/supplements19/unnamed-chunk-1-1.png" identifier="1404" type="webcontent">
      <file href="data/supplements19/unnamed-chunk-1-1.png"/>
    </resource>
    <resource href="data/supplements19/unnamed-chunk-1-10.png" identifier="1405" type="webcontent">
      <file href="data/supplements19/unnamed-chunk-1-10.png"/>
    </resource>
    <resource href="data/supplements19/unnamed-chunk-1-11.png" identifier="1406" type="webcontent">
      <file href="data/supplements19/unnamed-chunk-1-11.png"/>
    </resource>
    <resource href="data/supplements19/unnamed-chunk-1-12.png" identifier="1407" type="webcontent">
      <file href="data/supplements19/unnamed-chunk-1-12.png"/>
    </resource>
    <resource href="data/supplements19/unnamed-chunk-1-13.png" identifier="1408" type="webcontent">
      <file href="data/supplements19/unnamed-chunk-1-13.png"/>
    </resource>
    <resource href="data/supplements19/unnamed-chunk-1-14.png" identifier="1409" type="webcontent">
      <file href="data/supplements19/unnamed-chunk-1-14.png"/>
    </resource>
    <resource href="data/supplements19/unnamed-chunk-1-15.png" identifier="1410" type="webcontent">
      <file href="data/supplements19/unnamed-chunk-1-15.png"/>
    </resource>
    <resource href="data/supplements19/unnamed-chunk-1-16.png" identifier="1411" type="webcontent">
      <file href="data/supplements19/unnamed-chunk-1-16.png"/>
    </resource>
    <resource href="data/supplements19/unnamed-chunk-1-17.png" identifier="1412" type="webcontent">
      <file href="data/supplements19/unnamed-chunk-1-17.png"/>
    </resource>
    <resource href="data/supplements19/unnamed-chunk-1-2.png" identifier="1413" type="webcontent">
      <file href="data/supplements19/unnamed-chunk-1-2.png"/>
    </resource>
    <resource href="data/supplements19/unnamed-chunk-1-3.png" identifier="1414" type="webcontent">
      <file href="data/supplements19/unnamed-chunk-1-3.png"/>
    </resource>
    <resource href="data/supplements19/unnamed-chunk-1-4.png" identifier="1415" type="webcontent">
      <file href="data/supplements19/unnamed-chunk-1-4.png"/>
    </resource>
    <resource href="data/supplements19/unnamed-chunk-1-5.png" identifier="1416" type="webcontent">
      <file href="data/supplements19/unnamed-chunk-1-5.png"/>
    </resource>
    <resource href="data/supplements19/unnamed-chunk-1-6.png" identifier="1417" type="webcontent">
      <file href="data/supplements19/unnamed-chunk-1-6.png"/>
    </resource>
    <resource href="data/supplements19/unnamed-chunk-1-7.png" identifier="1418" type="webcontent">
      <file href="data/supplements19/unnamed-chunk-1-7.png"/>
    </resource>
    <resource href="data/supplements19/unnamed-chunk-1-8.png" identifier="1419" type="webcontent">
      <file href="data/supplements19/unnamed-chunk-1-8.png"/>
    </resource>
    <resource href="data/supplements19/unnamed-chunk-1-9.png" identifier="1420" type="webcontent">
      <file href="data/supplements19/unnamed-chunk-1-9.png"/>
    </resource>
    <resource href="data/supplements2/unnamed-chunk-1-1.png" identifier="1421" type="webcontent">
      <file href="data/supplements2/unnamed-chunk-1-1.png"/>
    </resource>
    <resource href="data/supplements2/unnamed-chunk-1-10.png" identifier="1422" type="webcontent">
      <file href="data/supplements2/unnamed-chunk-1-10.png"/>
    </resource>
    <resource href="data/supplements2/unnamed-chunk-1-11.png" identifier="1423" type="webcontent">
      <file href="data/supplements2/unnamed-chunk-1-11.png"/>
    </resource>
    <resource href="data/supplements2/unnamed-chunk-1-12.png" identifier="1424" type="webcontent">
      <file href="data/supplements2/unnamed-chunk-1-12.png"/>
    </resource>
    <resource href="data/supplements2/unnamed-chunk-1-13.png" identifier="1425" type="webcontent">
      <file href="data/supplements2/unnamed-chunk-1-13.png"/>
    </resource>
    <resource href="data/supplements2/unnamed-chunk-1-14.png" identifier="1426" type="webcontent">
      <file href="data/supplements2/unnamed-chunk-1-14.png"/>
    </resource>
    <resource href="data/supplements2/unnamed-chunk-1-15.png" identifier="1427" type="webcontent">
      <file href="data/supplements2/unnamed-chunk-1-15.png"/>
    </resource>
    <resource href="data/supplements2/unnamed-chunk-1-16.png" identifier="1428" type="webcontent">
      <file href="data/supplements2/unnamed-chunk-1-16.png"/>
    </resource>
    <resource href="data/supplements2/unnamed-chunk-1-17.png" identifier="1429" type="webcontent">
      <file href="data/supplements2/unnamed-chunk-1-17.png"/>
    </resource>
    <resource href="data/supplements2/unnamed-chunk-1-2.png" identifier="1430" type="webcontent">
      <file href="data/supplements2/unnamed-chunk-1-2.png"/>
    </resource>
    <resource href="data/supplements2/unnamed-chunk-1-3.png" identifier="1431" type="webcontent">
      <file href="data/supplements2/unnamed-chunk-1-3.png"/>
    </resource>
    <resource href="data/supplements2/unnamed-chunk-1-4.png" identifier="1432" type="webcontent">
      <file href="data/supplements2/unnamed-chunk-1-4.png"/>
    </resource>
    <resource href="data/supplements2/unnamed-chunk-1-5.png" identifier="1433" type="webcontent">
      <file href="data/supplements2/unnamed-chunk-1-5.png"/>
    </resource>
    <resource href="data/supplements2/unnamed-chunk-1-6.png" identifier="1434" type="webcontent">
      <file href="data/supplements2/unnamed-chunk-1-6.png"/>
    </resource>
    <resource href="data/supplements2/unnamed-chunk-1-7.png" identifier="1435" type="webcontent">
      <file href="data/supplements2/unnamed-chunk-1-7.png"/>
    </resource>
    <resource href="data/supplements2/unnamed-chunk-1-8.png" identifier="1436" type="webcontent">
      <file href="data/supplements2/unnamed-chunk-1-8.png"/>
    </resource>
    <resource href="data/supplements2/unnamed-chunk-1-9.png" identifier="1437" type="webcontent">
      <file href="data/supplements2/unnamed-chunk-1-9.png"/>
    </resource>
    <resource href="data/supplements20/unnamed-chunk-1-1.png" identifier="1438" type="webcontent">
      <file href="data/supplements20/unnamed-chunk-1-1.png"/>
    </resource>
    <resource href="data/supplements20/unnamed-chunk-1-10.png" identifier="1439" type="webcontent">
      <file href="data/supplements20/unnamed-chunk-1-10.png"/>
    </resource>
    <resource href="data/supplements20/unnamed-chunk-1-11.png" identifier="1440" type="webcontent">
      <file href="data/supplements20/unnamed-chunk-1-11.png"/>
    </resource>
    <resource href="data/supplements20/unnamed-chunk-1-12.png" identifier="1441" type="webcontent">
      <file href="data/supplements20/unnamed-chunk-1-12.png"/>
    </resource>
    <resource href="data/supplements20/unnamed-chunk-1-13.png" identifier="1442" type="webcontent">
      <file href="data/supplements20/unnamed-chunk-1-13.png"/>
    </resource>
    <resource href="data/supplements20/unnamed-chunk-1-14.png" identifier="1443" type="webcontent">
      <file href="data/supplements20/unnamed-chunk-1-14.png"/>
    </resource>
    <resource href="data/supplements20/unnamed-chunk-1-15.png" identifier="1444" type="webcontent">
      <file href="data/supplements20/unnamed-chunk-1-15.png"/>
    </resource>
    <resource href="data/supplements20/unnamed-chunk-1-16.png" identifier="1445" type="webcontent">
      <file href="data/supplements20/unnamed-chunk-1-16.png"/>
    </resource>
    <resource href="data/supplements20/unnamed-chunk-1-17.png" identifier="1446" type="webcontent">
      <file href="data/supplements20/unnamed-chunk-1-17.png"/>
    </resource>
    <resource href="data/supplements20/unnamed-chunk-1-2.png" identifier="1447" type="webcontent">
      <file href="data/supplements20/unnamed-chunk-1-2.png"/>
    </resource>
    <resource href="data/supplements20/unnamed-chunk-1-3.png" identifier="1448" type="webcontent">
      <file href="data/supplements20/unnamed-chunk-1-3.png"/>
    </resource>
    <resource href="data/supplements20/unnamed-chunk-1-4.png" identifier="1449" type="webcontent">
      <file href="data/supplements20/unnamed-chunk-1-4.png"/>
    </resource>
    <resource href="data/supplements20/unnamed-chunk-1-5.png" identifier="1450" type="webcontent">
      <file href="data/supplements20/unnamed-chunk-1-5.png"/>
    </resource>
    <resource href="data/supplements20/unnamed-chunk-1-6.png" identifier="1451" type="webcontent">
      <file href="data/supplements20/unnamed-chunk-1-6.png"/>
    </resource>
    <resource href="data/supplements20/unnamed-chunk-1-7.png" identifier="1452" type="webcontent">
      <file href="data/supplements20/unnamed-chunk-1-7.png"/>
    </resource>
    <resource href="data/supplements20/unnamed-chunk-1-8.png" identifier="1453" type="webcontent">
      <file href="data/supplements20/unnamed-chunk-1-8.png"/>
    </resource>
    <resource href="data/supplements20/unnamed-chunk-1-9.png" identifier="1454" type="webcontent">
      <file href="data/supplements20/unnamed-chunk-1-9.png"/>
    </resource>
    <resource href="data/supplements21/unnamed-chunk-1-1.png" identifier="1455" type="webcontent">
      <file href="data/supplements21/unnamed-chunk-1-1.png"/>
    </resource>
    <resource href="data/supplements21/unnamed-chunk-1-10.png" identifier="1456" type="webcontent">
      <file href="data/supplements21/unnamed-chunk-1-10.png"/>
    </resource>
    <resource href="data/supplements21/unnamed-chunk-1-11.png" identifier="1457" type="webcontent">
      <file href="data/supplements21/unnamed-chunk-1-11.png"/>
    </resource>
    <resource href="data/supplements21/unnamed-chunk-1-12.png" identifier="1458" type="webcontent">
      <file href="data/supplements21/unnamed-chunk-1-12.png"/>
    </resource>
    <resource href="data/supplements21/unnamed-chunk-1-13.png" identifier="1459" type="webcontent">
      <file href="data/supplements21/unnamed-chunk-1-13.png"/>
    </resource>
    <resource href="data/supplements21/unnamed-chunk-1-14.png" identifier="1460" type="webcontent">
      <file href="data/supplements21/unnamed-chunk-1-14.png"/>
    </resource>
    <resource href="data/supplements21/unnamed-chunk-1-15.png" identifier="1461" type="webcontent">
      <file href="data/supplements21/unnamed-chunk-1-15.png"/>
    </resource>
    <resource href="data/supplements21/unnamed-chunk-1-16.png" identifier="1462" type="webcontent">
      <file href="data/supplements21/unnamed-chunk-1-16.png"/>
    </resource>
    <resource href="data/supplements21/unnamed-chunk-1-17.png" identifier="1463" type="webcontent">
      <file href="data/supplements21/unnamed-chunk-1-17.png"/>
    </resource>
    <resource href="data/supplements21/unnamed-chunk-1-2.png" identifier="1464" type="webcontent">
      <file href="data/supplements21/unnamed-chunk-1-2.png"/>
    </resource>
    <resource href="data/supplements21/unnamed-chunk-1-3.png" identifier="1465" type="webcontent">
      <file href="data/supplements21/unnamed-chunk-1-3.png"/>
    </resource>
    <resource href="data/supplements21/unnamed-chunk-1-4.png" identifier="1466" type="webcontent">
      <file href="data/supplements21/unnamed-chunk-1-4.png"/>
    </resource>
    <resource href="data/supplements21/unnamed-chunk-1-5.png" identifier="1467" type="webcontent">
      <file href="data/supplements21/unnamed-chunk-1-5.png"/>
    </resource>
    <resource href="data/supplements21/unnamed-chunk-1-6.png" identifier="1468" type="webcontent">
      <file href="data/supplements21/unnamed-chunk-1-6.png"/>
    </resource>
    <resource href="data/supplements21/unnamed-chunk-1-7.png" identifier="1469" type="webcontent">
      <file href="data/supplements21/unnamed-chunk-1-7.png"/>
    </resource>
    <resource href="data/supplements21/unnamed-chunk-1-8.png" identifier="1470" type="webcontent">
      <file href="data/supplements21/unnamed-chunk-1-8.png"/>
    </resource>
    <resource href="data/supplements21/unnamed-chunk-1-9.png" identifier="1471" type="webcontent">
      <file href="data/supplements21/unnamed-chunk-1-9.png"/>
    </resource>
    <resource href="data/supplements22/unnamed-chunk-1-1.png" identifier="1472" type="webcontent">
      <file href="data/supplements22/unnamed-chunk-1-1.png"/>
    </resource>
    <resource href="data/supplements22/unnamed-chunk-1-10.png" identifier="1473" type="webcontent">
      <file href="data/supplements22/unnamed-chunk-1-10.png"/>
    </resource>
    <resource href="data/supplements22/unnamed-chunk-1-11.png" identifier="1474" type="webcontent">
      <file href="data/supplements22/unnamed-chunk-1-11.png"/>
    </resource>
    <resource href="data/supplements22/unnamed-chunk-1-12.png" identifier="1475" type="webcontent">
      <file href="data/supplements22/unnamed-chunk-1-12.png"/>
    </resource>
    <resource href="data/supplements22/unnamed-chunk-1-13.png" identifier="1476" type="webcontent">
      <file href="data/supplements22/unnamed-chunk-1-13.png"/>
    </resource>
    <resource href="data/supplements22/unnamed-chunk-1-14.png" identifier="1477" type="webcontent">
      <file href="data/supplements22/unnamed-chunk-1-14.png"/>
    </resource>
    <resource href="data/supplements22/unnamed-chunk-1-15.png" identifier="1478" type="webcontent">
      <file href="data/supplements22/unnamed-chunk-1-15.png"/>
    </resource>
    <resource href="data/supplements22/unnamed-chunk-1-16.png" identifier="1479" type="webcontent">
      <file href="data/supplements22/unnamed-chunk-1-16.png"/>
    </resource>
    <resource href="data/supplements22/unnamed-chunk-1-17.png" identifier="1480" type="webcontent">
      <file href="data/supplements22/unnamed-chunk-1-17.png"/>
    </resource>
    <resource href="data/supplements22/unnamed-chunk-1-2.png" identifier="1481" type="webcontent">
      <file href="data/supplements22/unnamed-chunk-1-2.png"/>
    </resource>
    <resource href="data/supplements22/unnamed-chunk-1-3.png" identifier="1482" type="webcontent">
      <file href="data/supplements22/unnamed-chunk-1-3.png"/>
    </resource>
    <resource href="data/supplements22/unnamed-chunk-1-4.png" identifier="1483" type="webcontent">
      <file href="data/supplements22/unnamed-chunk-1-4.png"/>
    </resource>
    <resource href="data/supplements22/unnamed-chunk-1-5.png" identifier="1484" type="webcontent">
      <file href="data/supplements22/unnamed-chunk-1-5.png"/>
    </resource>
    <resource href="data/supplements22/unnamed-chunk-1-6.png" identifier="1485" type="webcontent">
      <file href="data/supplements22/unnamed-chunk-1-6.png"/>
    </resource>
    <resource href="data/supplements22/unnamed-chunk-1-7.png" identifier="1486" type="webcontent">
      <file href="data/supplements22/unnamed-chunk-1-7.png"/>
    </resource>
    <resource href="data/supplements22/unnamed-chunk-1-8.png" identifier="1487" type="webcontent">
      <file href="data/supplements22/unnamed-chunk-1-8.png"/>
    </resource>
    <resource href="data/supplements22/unnamed-chunk-1-9.png" identifier="1488" type="webcontent">
      <file href="data/supplements22/unnamed-chunk-1-9.png"/>
    </resource>
    <resource href="data/supplements23/unnamed-chunk-1-1.png" identifier="1489" type="webcontent">
      <file href="data/supplements23/unnamed-chunk-1-1.png"/>
    </resource>
    <resource href="data/supplements23/unnamed-chunk-1-10.png" identifier="1490" type="webcontent">
      <file href="data/supplements23/unnamed-chunk-1-10.png"/>
    </resource>
    <resource href="data/supplements23/unnamed-chunk-1-11.png" identifier="1491" type="webcontent">
      <file href="data/supplements23/unnamed-chunk-1-11.png"/>
    </resource>
    <resource href="data/supplements23/unnamed-chunk-1-12.png" identifier="1492" type="webcontent">
      <file href="data/supplements23/unnamed-chunk-1-12.png"/>
    </resource>
    <resource href="data/supplements23/unnamed-chunk-1-13.png" identifier="1493" type="webcontent">
      <file href="data/supplements23/unnamed-chunk-1-13.png"/>
    </resource>
    <resource href="data/supplements23/unnamed-chunk-1-14.png" identifier="1494" type="webcontent">
      <file href="data/supplements23/unnamed-chunk-1-14.png"/>
    </resource>
    <resource href="data/supplements23/unnamed-chunk-1-15.png" identifier="1495" type="webcontent">
      <file href="data/supplements23/unnamed-chunk-1-15.png"/>
    </resource>
    <resource href="data/supplements23/unnamed-chunk-1-16.png" identifier="1496" type="webcontent">
      <file href="data/supplements23/unnamed-chunk-1-16.png"/>
    </resource>
    <resource href="data/supplements23/unnamed-chunk-1-17.png" identifier="1497" type="webcontent">
      <file href="data/supplements23/unnamed-chunk-1-17.png"/>
    </resource>
    <resource href="data/supplements23/unnamed-chunk-1-2.png" identifier="1498" type="webcontent">
      <file href="data/supplements23/unnamed-chunk-1-2.png"/>
    </resource>
    <resource href="data/supplements23/unnamed-chunk-1-3.png" identifier="1499" type="webcontent">
      <file href="data/supplements23/unnamed-chunk-1-3.png"/>
    </resource>
    <resource href="data/supplements23/unnamed-chunk-1-4.png" identifier="1500" type="webcontent">
      <file href="data/supplements23/unnamed-chunk-1-4.png"/>
    </resource>
    <resource href="data/supplements23/unnamed-chunk-1-5.png" identifier="1501" type="webcontent">
      <file href="data/supplements23/unnamed-chunk-1-5.png"/>
    </resource>
    <resource href="data/supplements23/unnamed-chunk-1-6.png" identifier="1502" type="webcontent">
      <file href="data/supplements23/unnamed-chunk-1-6.png"/>
    </resource>
    <resource href="data/supplements23/unnamed-chunk-1-7.png" identifier="1503" type="webcontent">
      <file href="data/supplements23/unnamed-chunk-1-7.png"/>
    </resource>
    <resource href="data/supplements23/unnamed-chunk-1-8.png" identifier="1504" type="webcontent">
      <file href="data/supplements23/unnamed-chunk-1-8.png"/>
    </resource>
    <resource href="data/supplements23/unnamed-chunk-1-9.png" identifier="1505" type="webcontent">
      <file href="data/supplements23/unnamed-chunk-1-9.png"/>
    </resource>
    <resource href="data/supplements24/unnamed-chunk-1-1.png" identifier="1506" type="webcontent">
      <file href="data/supplements24/unnamed-chunk-1-1.png"/>
    </resource>
    <resource href="data/supplements24/unnamed-chunk-1-10.png" identifier="1507" type="webcontent">
      <file href="data/supplements24/unnamed-chunk-1-10.png"/>
    </resource>
    <resource href="data/supplements24/unnamed-chunk-1-11.png" identifier="1508" type="webcontent">
      <file href="data/supplements24/unnamed-chunk-1-11.png"/>
    </resource>
    <resource href="data/supplements24/unnamed-chunk-1-12.png" identifier="1509" type="webcontent">
      <file href="data/supplements24/unnamed-chunk-1-12.png"/>
    </resource>
    <resource href="data/supplements24/unnamed-chunk-1-13.png" identifier="1510" type="webcontent">
      <file href="data/supplements24/unnamed-chunk-1-13.png"/>
    </resource>
    <resource href="data/supplements24/unnamed-chunk-1-14.png" identifier="1511" type="webcontent">
      <file href="data/supplements24/unnamed-chunk-1-14.png"/>
    </resource>
    <resource href="data/supplements24/unnamed-chunk-1-15.png" identifier="1512" type="webcontent">
      <file href="data/supplements24/unnamed-chunk-1-15.png"/>
    </resource>
    <resource href="data/supplements24/unnamed-chunk-1-16.png" identifier="1513" type="webcontent">
      <file href="data/supplements24/unnamed-chunk-1-16.png"/>
    </resource>
    <resource href="data/supplements24/unnamed-chunk-1-17.png" identifier="1514" type="webcontent">
      <file href="data/supplements24/unnamed-chunk-1-17.png"/>
    </resource>
    <resource href="data/supplements24/unnamed-chunk-1-2.png" identifier="1515" type="webcontent">
      <file href="data/supplements24/unnamed-chunk-1-2.png"/>
    </resource>
    <resource href="data/supplements24/unnamed-chunk-1-3.png" identifier="1516" type="webcontent">
      <file href="data/supplements24/unnamed-chunk-1-3.png"/>
    </resource>
    <resource href="data/supplements24/unnamed-chunk-1-4.png" identifier="1517" type="webcontent">
      <file href="data/supplements24/unnamed-chunk-1-4.png"/>
    </resource>
    <resource href="data/supplements24/unnamed-chunk-1-5.png" identifier="1518" type="webcontent">
      <file href="data/supplements24/unnamed-chunk-1-5.png"/>
    </resource>
    <resource href="data/supplements24/unnamed-chunk-1-6.png" identifier="1519" type="webcontent">
      <file href="data/supplements24/unnamed-chunk-1-6.png"/>
    </resource>
    <resource href="data/supplements24/unnamed-chunk-1-7.png" identifier="1520" type="webcontent">
      <file href="data/supplements24/unnamed-chunk-1-7.png"/>
    </resource>
    <resource href="data/supplements24/unnamed-chunk-1-8.png" identifier="1521" type="webcontent">
      <file href="data/supplements24/unnamed-chunk-1-8.png"/>
    </resource>
    <resource href="data/supplements24/unnamed-chunk-1-9.png" identifier="1522" type="webcontent">
      <file href="data/supplements24/unnamed-chunk-1-9.png"/>
    </resource>
    <resource href="data/supplements25/unnamed-chunk-1-1.png" identifier="1523" type="webcontent">
      <file href="data/supplements25/unnamed-chunk-1-1.png"/>
    </resource>
    <resource href="data/supplements25/unnamed-chunk-1-10.png" identifier="1524" type="webcontent">
      <file href="data/supplements25/unnamed-chunk-1-10.png"/>
    </resource>
    <resource href="data/supplements25/unnamed-chunk-1-11.png" identifier="1525" type="webcontent">
      <file href="data/supplements25/unnamed-chunk-1-11.png"/>
    </resource>
    <resource href="data/supplements25/unnamed-chunk-1-12.png" identifier="1526" type="webcontent">
      <file href="data/supplements25/unnamed-chunk-1-12.png"/>
    </resource>
    <resource href="data/supplements25/unnamed-chunk-1-13.png" identifier="1527" type="webcontent">
      <file href="data/supplements25/unnamed-chunk-1-13.png"/>
    </resource>
    <resource href="data/supplements25/unnamed-chunk-1-14.png" identifier="1528" type="webcontent">
      <file href="data/supplements25/unnamed-chunk-1-14.png"/>
    </resource>
    <resource href="data/supplements25/unnamed-chunk-1-15.png" identifier="1529" type="webcontent">
      <file href="data/supplements25/unnamed-chunk-1-15.png"/>
    </resource>
    <resource href="data/supplements25/unnamed-chunk-1-16.png" identifier="1530" type="webcontent">
      <file href="data/supplements25/unnamed-chunk-1-16.png"/>
    </resource>
    <resource href="data/supplements25/unnamed-chunk-1-17.png" identifier="1531" type="webcontent">
      <file href="data/supplements25/unnamed-chunk-1-17.png"/>
    </resource>
    <resource href="data/supplements25/unnamed-chunk-1-2.png" identifier="1532" type="webcontent">
      <file href="data/supplements25/unnamed-chunk-1-2.png"/>
    </resource>
    <resource href="data/supplements25/unnamed-chunk-1-3.png" identifier="1533" type="webcontent">
      <file href="data/supplements25/unnamed-chunk-1-3.png"/>
    </resource>
    <resource href="data/supplements25/unnamed-chunk-1-4.png" identifier="1534" type="webcontent">
      <file href="data/supplements25/unnamed-chunk-1-4.png"/>
    </resource>
    <resource href="data/supplements25/unnamed-chunk-1-5.png" identifier="1535" type="webcontent">
      <file href="data/supplements25/unnamed-chunk-1-5.png"/>
    </resource>
    <resource href="data/supplements25/unnamed-chunk-1-6.png" identifier="1536" type="webcontent">
      <file href="data/supplements25/unnamed-chunk-1-6.png"/>
    </resource>
    <resource href="data/supplements25/unnamed-chunk-1-7.png" identifier="1537" type="webcontent">
      <file href="data/supplements25/unnamed-chunk-1-7.png"/>
    </resource>
    <resource href="data/supplements25/unnamed-chunk-1-8.png" identifier="1538" type="webcontent">
      <file href="data/supplements25/unnamed-chunk-1-8.png"/>
    </resource>
    <resource href="data/supplements25/unnamed-chunk-1-9.png" identifier="1539" type="webcontent">
      <file href="data/supplements25/unnamed-chunk-1-9.png"/>
    </resource>
    <resource href="data/supplements26/unnamed-chunk-1-1.png" identifier="1540" type="webcontent">
      <file href="data/supplements26/unnamed-chunk-1-1.png"/>
    </resource>
    <resource href="data/supplements26/unnamed-chunk-1-10.png" identifier="1541" type="webcontent">
      <file href="data/supplements26/unnamed-chunk-1-10.png"/>
    </resource>
    <resource href="data/supplements26/unnamed-chunk-1-11.png" identifier="1542" type="webcontent">
      <file href="data/supplements26/unnamed-chunk-1-11.png"/>
    </resource>
    <resource href="data/supplements26/unnamed-chunk-1-12.png" identifier="1543" type="webcontent">
      <file href="data/supplements26/unnamed-chunk-1-12.png"/>
    </resource>
    <resource href="data/supplements26/unnamed-chunk-1-13.png" identifier="1544" type="webcontent">
      <file href="data/supplements26/unnamed-chunk-1-13.png"/>
    </resource>
    <resource href="data/supplements26/unnamed-chunk-1-14.png" identifier="1545" type="webcontent">
      <file href="data/supplements26/unnamed-chunk-1-14.png"/>
    </resource>
    <resource href="data/supplements26/unnamed-chunk-1-15.png" identifier="1546" type="webcontent">
      <file href="data/supplements26/unnamed-chunk-1-15.png"/>
    </resource>
    <resource href="data/supplements26/unnamed-chunk-1-16.png" identifier="1547" type="webcontent">
      <file href="data/supplements26/unnamed-chunk-1-16.png"/>
    </resource>
    <resource href="data/supplements26/unnamed-chunk-1-17.png" identifier="1548" type="webcontent">
      <file href="data/supplements26/unnamed-chunk-1-17.png"/>
    </resource>
    <resource href="data/supplements26/unnamed-chunk-1-2.png" identifier="1549" type="webcontent">
      <file href="data/supplements26/unnamed-chunk-1-2.png"/>
    </resource>
    <resource href="data/supplements26/unnamed-chunk-1-3.png" identifier="1550" type="webcontent">
      <file href="data/supplements26/unnamed-chunk-1-3.png"/>
    </resource>
    <resource href="data/supplements26/unnamed-chunk-1-4.png" identifier="1551" type="webcontent">
      <file href="data/supplements26/unnamed-chunk-1-4.png"/>
    </resource>
    <resource href="data/supplements26/unnamed-chunk-1-5.png" identifier="1552" type="webcontent">
      <file href="data/supplements26/unnamed-chunk-1-5.png"/>
    </resource>
    <resource href="data/supplements26/unnamed-chunk-1-6.png" identifier="1553" type="webcontent">
      <file href="data/supplements26/unnamed-chunk-1-6.png"/>
    </resource>
    <resource href="data/supplements26/unnamed-chunk-1-7.png" identifier="1554" type="webcontent">
      <file href="data/supplements26/unnamed-chunk-1-7.png"/>
    </resource>
    <resource href="data/supplements26/unnamed-chunk-1-8.png" identifier="1555" type="webcontent">
      <file href="data/supplements26/unnamed-chunk-1-8.png"/>
    </resource>
    <resource href="data/supplements26/unnamed-chunk-1-9.png" identifier="1556" type="webcontent">
      <file href="data/supplements26/unnamed-chunk-1-9.png"/>
    </resource>
    <resource href="data/supplements27/unnamed-chunk-1-1.png" identifier="1557" type="webcontent">
      <file href="data/supplements27/unnamed-chunk-1-1.png"/>
    </resource>
    <resource href="data/supplements27/unnamed-chunk-1-10.png" identifier="1558" type="webcontent">
      <file href="data/supplements27/unnamed-chunk-1-10.png"/>
    </resource>
    <resource href="data/supplements27/unnamed-chunk-1-11.png" identifier="1559" type="webcontent">
      <file href="data/supplements27/unnamed-chunk-1-11.png"/>
    </resource>
    <resource href="data/supplements27/unnamed-chunk-1-12.png" identifier="1560" type="webcontent">
      <file href="data/supplements27/unnamed-chunk-1-12.png"/>
    </resource>
    <resource href="data/supplements27/unnamed-chunk-1-13.png" identifier="1561" type="webcontent">
      <file href="data/supplements27/unnamed-chunk-1-13.png"/>
    </resource>
    <resource href="data/supplements27/unnamed-chunk-1-14.png" identifier="1562" type="webcontent">
      <file href="data/supplements27/unnamed-chunk-1-14.png"/>
    </resource>
    <resource href="data/supplements27/unnamed-chunk-1-15.png" identifier="1563" type="webcontent">
      <file href="data/supplements27/unnamed-chunk-1-15.png"/>
    </resource>
    <resource href="data/supplements27/unnamed-chunk-1-16.png" identifier="1564" type="webcontent">
      <file href="data/supplements27/unnamed-chunk-1-16.png"/>
    </resource>
    <resource href="data/supplements27/unnamed-chunk-1-17.png" identifier="1565" type="webcontent">
      <file href="data/supplements27/unnamed-chunk-1-17.png"/>
    </resource>
    <resource href="data/supplements27/unnamed-chunk-1-2.png" identifier="1566" type="webcontent">
      <file href="data/supplements27/unnamed-chunk-1-2.png"/>
    </resource>
    <resource href="data/supplements27/unnamed-chunk-1-3.png" identifier="1567" type="webcontent">
      <file href="data/supplements27/unnamed-chunk-1-3.png"/>
    </resource>
    <resource href="data/supplements27/unnamed-chunk-1-4.png" identifier="1568" type="webcontent">
      <file href="data/supplements27/unnamed-chunk-1-4.png"/>
    </resource>
    <resource href="data/supplements27/unnamed-chunk-1-5.png" identifier="1569" type="webcontent">
      <file href="data/supplements27/unnamed-chunk-1-5.png"/>
    </resource>
    <resource href="data/supplements27/unnamed-chunk-1-6.png" identifier="1570" type="webcontent">
      <file href="data/supplements27/unnamed-chunk-1-6.png"/>
    </resource>
    <resource href="data/supplements27/unnamed-chunk-1-7.png" identifier="1571" type="webcontent">
      <file href="data/supplements27/unnamed-chunk-1-7.png"/>
    </resource>
    <resource href="data/supplements27/unnamed-chunk-1-8.png" identifier="1572" type="webcontent">
      <file href="data/supplements27/unnamed-chunk-1-8.png"/>
    </resource>
    <resource href="data/supplements27/unnamed-chunk-1-9.png" identifier="1573" type="webcontent">
      <file href="data/supplements27/unnamed-chunk-1-9.png"/>
    </resource>
    <resource href="data/supplements28/unnamed-chunk-1-1.png" identifier="1574" type="webcontent">
      <file href="data/supplements28/unnamed-chunk-1-1.png"/>
    </resource>
    <resource href="data/supplements28/unnamed-chunk-1-10.png" identifier="1575" type="webcontent">
      <file href="data/supplements28/unnamed-chunk-1-10.png"/>
    </resource>
    <resource href="data/supplements28/unnamed-chunk-1-11.png" identifier="1576" type="webcontent">
      <file href="data/supplements28/unnamed-chunk-1-11.png"/>
    </resource>
    <resource href="data/supplements28/unnamed-chunk-1-12.png" identifier="1577" type="webcontent">
      <file href="data/supplements28/unnamed-chunk-1-12.png"/>
    </resource>
    <resource href="data/supplements28/unnamed-chunk-1-13.png" identifier="1578" type="webcontent">
      <file href="data/supplements28/unnamed-chunk-1-13.png"/>
    </resource>
    <resource href="data/supplements28/unnamed-chunk-1-14.png" identifier="1579" type="webcontent">
      <file href="data/supplements28/unnamed-chunk-1-14.png"/>
    </resource>
    <resource href="data/supplements28/unnamed-chunk-1-15.png" identifier="1580" type="webcontent">
      <file href="data/supplements28/unnamed-chunk-1-15.png"/>
    </resource>
    <resource href="data/supplements28/unnamed-chunk-1-16.png" identifier="1581" type="webcontent">
      <file href="data/supplements28/unnamed-chunk-1-16.png"/>
    </resource>
    <resource href="data/supplements28/unnamed-chunk-1-17.png" identifier="1582" type="webcontent">
      <file href="data/supplements28/unnamed-chunk-1-17.png"/>
    </resource>
    <resource href="data/supplements28/unnamed-chunk-1-2.png" identifier="1583" type="webcontent">
      <file href="data/supplements28/unnamed-chunk-1-2.png"/>
    </resource>
    <resource href="data/supplements28/unnamed-chunk-1-3.png" identifier="1584" type="webcontent">
      <file href="data/supplements28/unnamed-chunk-1-3.png"/>
    </resource>
    <resource href="data/supplements28/unnamed-chunk-1-4.png" identifier="1585" type="webcontent">
      <file href="data/supplements28/unnamed-chunk-1-4.png"/>
    </resource>
    <resource href="data/supplements28/unnamed-chunk-1-5.png" identifier="1586" type="webcontent">
      <file href="data/supplements28/unnamed-chunk-1-5.png"/>
    </resource>
    <resource href="data/supplements28/unnamed-chunk-1-6.png" identifier="1587" type="webcontent">
      <file href="data/supplements28/unnamed-chunk-1-6.png"/>
    </resource>
    <resource href="data/supplements28/unnamed-chunk-1-7.png" identifier="1588" type="webcontent">
      <file href="data/supplements28/unnamed-chunk-1-7.png"/>
    </resource>
    <resource href="data/supplements28/unnamed-chunk-1-8.png" identifier="1589" type="webcontent">
      <file href="data/supplements28/unnamed-chunk-1-8.png"/>
    </resource>
    <resource href="data/supplements28/unnamed-chunk-1-9.png" identifier="1590" type="webcontent">
      <file href="data/supplements28/unnamed-chunk-1-9.png"/>
    </resource>
    <resource href="data/supplements29/unnamed-chunk-1-1.png" identifier="1591" type="webcontent">
      <file href="data/supplements29/unnamed-chunk-1-1.png"/>
    </resource>
    <resource href="data/supplements29/unnamed-chunk-1-10.png" identifier="1592" type="webcontent">
      <file href="data/supplements29/unnamed-chunk-1-10.png"/>
    </resource>
    <resource href="data/supplements29/unnamed-chunk-1-11.png" identifier="1593" type="webcontent">
      <file href="data/supplements29/unnamed-chunk-1-11.png"/>
    </resource>
    <resource href="data/supplements29/unnamed-chunk-1-12.png" identifier="1594" type="webcontent">
      <file href="data/supplements29/unnamed-chunk-1-12.png"/>
    </resource>
    <resource href="data/supplements29/unnamed-chunk-1-13.png" identifier="1595" type="webcontent">
      <file href="data/supplements29/unnamed-chunk-1-13.png"/>
    </resource>
    <resource href="data/supplements29/unnamed-chunk-1-14.png" identifier="1596" type="webcontent">
      <file href="data/supplements29/unnamed-chunk-1-14.png"/>
    </resource>
    <resource href="data/supplements29/unnamed-chunk-1-15.png" identifier="1597" type="webcontent">
      <file href="data/supplements29/unnamed-chunk-1-15.png"/>
    </resource>
    <resource href="data/supplements29/unnamed-chunk-1-16.png" identifier="1598" type="webcontent">
      <file href="data/supplements29/unnamed-chunk-1-16.png"/>
    </resource>
    <resource href="data/supplements29/unnamed-chunk-1-17.png" identifier="1599" type="webcontent">
      <file href="data/supplements29/unnamed-chunk-1-17.png"/>
    </resource>
    <resource href="data/supplements29/unnamed-chunk-1-2.png" identifier="1600" type="webcontent">
      <file href="data/supplements29/unnamed-chunk-1-2.png"/>
    </resource>
    <resource href="data/supplements29/unnamed-chunk-1-3.png" identifier="1601" type="webcontent">
      <file href="data/supplements29/unnamed-chunk-1-3.png"/>
    </resource>
    <resource href="data/supplements29/unnamed-chunk-1-4.png" identifier="1602" type="webcontent">
      <file href="data/supplements29/unnamed-chunk-1-4.png"/>
    </resource>
    <resource href="data/supplements29/unnamed-chunk-1-5.png" identifier="1603" type="webcontent">
      <file href="data/supplements29/unnamed-chunk-1-5.png"/>
    </resource>
    <resource href="data/supplements29/unnamed-chunk-1-6.png" identifier="1604" type="webcontent">
      <file href="data/supplements29/unnamed-chunk-1-6.png"/>
    </resource>
    <resource href="data/supplements29/unnamed-chunk-1-7.png" identifier="1605" type="webcontent">
      <file href="data/supplements29/unnamed-chunk-1-7.png"/>
    </resource>
    <resource href="data/supplements29/unnamed-chunk-1-8.png" identifier="1606" type="webcontent">
      <file href="data/supplements29/unnamed-chunk-1-8.png"/>
    </resource>
    <resource href="data/supplements29/unnamed-chunk-1-9.png" identifier="1607" type="webcontent">
      <file href="data/supplements29/unnamed-chunk-1-9.png"/>
    </resource>
    <resource href="data/supplements3/unnamed-chunk-1-1.png" identifier="1608" type="webcontent">
      <file href="data/supplements3/unnamed-chunk-1-1.png"/>
    </resource>
    <resource href="data/supplements3/unnamed-chunk-1-10.png" identifier="1609" type="webcontent">
      <file href="data/supplements3/unnamed-chunk-1-10.png"/>
    </resource>
    <resource href="data/supplements3/unnamed-chunk-1-11.png" identifier="1610" type="webcontent">
      <file href="data/supplements3/unnamed-chunk-1-11.png"/>
    </resource>
    <resource href="data/supplements3/unnamed-chunk-1-12.png" identifier="1611" type="webcontent">
      <file href="data/supplements3/unnamed-chunk-1-12.png"/>
    </resource>
    <resource href="data/supplements3/unnamed-chunk-1-13.png" identifier="1612" type="webcontent">
      <file href="data/supplements3/unnamed-chunk-1-13.png"/>
    </resource>
    <resource href="data/supplements3/unnamed-chunk-1-14.png" identifier="1613" type="webcontent">
      <file href="data/supplements3/unnamed-chunk-1-14.png"/>
    </resource>
    <resource href="data/supplements3/unnamed-chunk-1-15.png" identifier="1614" type="webcontent">
      <file href="data/supplements3/unnamed-chunk-1-15.png"/>
    </resource>
    <resource href="data/supplements3/unnamed-chunk-1-16.png" identifier="1615" type="webcontent">
      <file href="data/supplements3/unnamed-chunk-1-16.png"/>
    </resource>
    <resource href="data/supplements3/unnamed-chunk-1-17.png" identifier="1616" type="webcontent">
      <file href="data/supplements3/unnamed-chunk-1-17.png"/>
    </resource>
    <resource href="data/supplements3/unnamed-chunk-1-2.png" identifier="1617" type="webcontent">
      <file href="data/supplements3/unnamed-chunk-1-2.png"/>
    </resource>
    <resource href="data/supplements3/unnamed-chunk-1-3.png" identifier="1618" type="webcontent">
      <file href="data/supplements3/unnamed-chunk-1-3.png"/>
    </resource>
    <resource href="data/supplements3/unnamed-chunk-1-4.png" identifier="1619" type="webcontent">
      <file href="data/supplements3/unnamed-chunk-1-4.png"/>
    </resource>
    <resource href="data/supplements3/unnamed-chunk-1-5.png" identifier="1620" type="webcontent">
      <file href="data/supplements3/unnamed-chunk-1-5.png"/>
    </resource>
    <resource href="data/supplements3/unnamed-chunk-1-6.png" identifier="1621" type="webcontent">
      <file href="data/supplements3/unnamed-chunk-1-6.png"/>
    </resource>
    <resource href="data/supplements3/unnamed-chunk-1-7.png" identifier="1622" type="webcontent">
      <file href="data/supplements3/unnamed-chunk-1-7.png"/>
    </resource>
    <resource href="data/supplements3/unnamed-chunk-1-8.png" identifier="1623" type="webcontent">
      <file href="data/supplements3/unnamed-chunk-1-8.png"/>
    </resource>
    <resource href="data/supplements3/unnamed-chunk-1-9.png" identifier="1624" type="webcontent">
      <file href="data/supplements3/unnamed-chunk-1-9.png"/>
    </resource>
    <resource href="data/supplements30/unnamed-chunk-1-1.png" identifier="1625" type="webcontent">
      <file href="data/supplements30/unnamed-chunk-1-1.png"/>
    </resource>
    <resource href="data/supplements30/unnamed-chunk-1-10.png" identifier="1626" type="webcontent">
      <file href="data/supplements30/unnamed-chunk-1-10.png"/>
    </resource>
    <resource href="data/supplements30/unnamed-chunk-1-11.png" identifier="1627" type="webcontent">
      <file href="data/supplements30/unnamed-chunk-1-11.png"/>
    </resource>
    <resource href="data/supplements30/unnamed-chunk-1-12.png" identifier="1628" type="webcontent">
      <file href="data/supplements30/unnamed-chunk-1-12.png"/>
    </resource>
    <resource href="data/supplements30/unnamed-chunk-1-13.png" identifier="1629" type="webcontent">
      <file href="data/supplements30/unnamed-chunk-1-13.png"/>
    </resource>
    <resource href="data/supplements30/unnamed-chunk-1-14.png" identifier="1630" type="webcontent">
      <file href="data/supplements30/unnamed-chunk-1-14.png"/>
    </resource>
    <resource href="data/supplements30/unnamed-chunk-1-15.png" identifier="1631" type="webcontent">
      <file href="data/supplements30/unnamed-chunk-1-15.png"/>
    </resource>
    <resource href="data/supplements30/unnamed-chunk-1-16.png" identifier="1632" type="webcontent">
      <file href="data/supplements30/unnamed-chunk-1-16.png"/>
    </resource>
    <resource href="data/supplements30/unnamed-chunk-1-17.png" identifier="1633" type="webcontent">
      <file href="data/supplements30/unnamed-chunk-1-17.png"/>
    </resource>
    <resource href="data/supplements30/unnamed-chunk-1-2.png" identifier="1634" type="webcontent">
      <file href="data/supplements30/unnamed-chunk-1-2.png"/>
    </resource>
    <resource href="data/supplements30/unnamed-chunk-1-3.png" identifier="1635" type="webcontent">
      <file href="data/supplements30/unnamed-chunk-1-3.png"/>
    </resource>
    <resource href="data/supplements30/unnamed-chunk-1-4.png" identifier="1636" type="webcontent">
      <file href="data/supplements30/unnamed-chunk-1-4.png"/>
    </resource>
    <resource href="data/supplements30/unnamed-chunk-1-5.png" identifier="1637" type="webcontent">
      <file href="data/supplements30/unnamed-chunk-1-5.png"/>
    </resource>
    <resource href="data/supplements30/unnamed-chunk-1-6.png" identifier="1638" type="webcontent">
      <file href="data/supplements30/unnamed-chunk-1-6.png"/>
    </resource>
    <resource href="data/supplements30/unnamed-chunk-1-7.png" identifier="1639" type="webcontent">
      <file href="data/supplements30/unnamed-chunk-1-7.png"/>
    </resource>
    <resource href="data/supplements30/unnamed-chunk-1-8.png" identifier="1640" type="webcontent">
      <file href="data/supplements30/unnamed-chunk-1-8.png"/>
    </resource>
    <resource href="data/supplements30/unnamed-chunk-1-9.png" identifier="1641" type="webcontent">
      <file href="data/supplements30/unnamed-chunk-1-9.png"/>
    </resource>
    <resource href="data/supplements4/unnamed-chunk-1-1.png" identifier="1642" type="webcontent">
      <file href="data/supplements4/unnamed-chunk-1-1.png"/>
    </resource>
    <resource href="data/supplements4/unnamed-chunk-1-10.png" identifier="1643" type="webcontent">
      <file href="data/supplements4/unnamed-chunk-1-10.png"/>
    </resource>
    <resource href="data/supplements4/unnamed-chunk-1-11.png" identifier="1644" type="webcontent">
      <file href="data/supplements4/unnamed-chunk-1-11.png"/>
    </resource>
    <resource href="data/supplements4/unnamed-chunk-1-12.png" identifier="1645" type="webcontent">
      <file href="data/supplements4/unnamed-chunk-1-12.png"/>
    </resource>
    <resource href="data/supplements4/unnamed-chunk-1-13.png" identifier="1646" type="webcontent">
      <file href="data/supplements4/unnamed-chunk-1-13.png"/>
    </resource>
    <resource href="data/supplements4/unnamed-chunk-1-14.png" identifier="1647" type="webcontent">
      <file href="data/supplements4/unnamed-chunk-1-14.png"/>
    </resource>
    <resource href="data/supplements4/unnamed-chunk-1-15.png" identifier="1648" type="webcontent">
      <file href="data/supplements4/unnamed-chunk-1-15.png"/>
    </resource>
    <resource href="data/supplements4/unnamed-chunk-1-16.png" identifier="1649" type="webcontent">
      <file href="data/supplements4/unnamed-chunk-1-16.png"/>
    </resource>
    <resource href="data/supplements4/unnamed-chunk-1-17.png" identifier="1650" type="webcontent">
      <file href="data/supplements4/unnamed-chunk-1-17.png"/>
    </resource>
    <resource href="data/supplements4/unnamed-chunk-1-2.png" identifier="1651" type="webcontent">
      <file href="data/supplements4/unnamed-chunk-1-2.png"/>
    </resource>
    <resource href="data/supplements4/unnamed-chunk-1-3.png" identifier="1652" type="webcontent">
      <file href="data/supplements4/unnamed-chunk-1-3.png"/>
    </resource>
    <resource href="data/supplements4/unnamed-chunk-1-4.png" identifier="1653" type="webcontent">
      <file href="data/supplements4/unnamed-chunk-1-4.png"/>
    </resource>
    <resource href="data/supplements4/unnamed-chunk-1-5.png" identifier="1654" type="webcontent">
      <file href="data/supplements4/unnamed-chunk-1-5.png"/>
    </resource>
    <resource href="data/supplements4/unnamed-chunk-1-6.png" identifier="1655" type="webcontent">
      <file href="data/supplements4/unnamed-chunk-1-6.png"/>
    </resource>
    <resource href="data/supplements4/unnamed-chunk-1-7.png" identifier="1656" type="webcontent">
      <file href="data/supplements4/unnamed-chunk-1-7.png"/>
    </resource>
    <resource href="data/supplements4/unnamed-chunk-1-8.png" identifier="1657" type="webcontent">
      <file href="data/supplements4/unnamed-chunk-1-8.png"/>
    </resource>
    <resource href="data/supplements4/unnamed-chunk-1-9.png" identifier="1658" type="webcontent">
      <file href="data/supplements4/unnamed-chunk-1-9.png"/>
    </resource>
    <resource href="data/supplements5/unnamed-chunk-1-1.png" identifier="1659" type="webcontent">
      <file href="data/supplements5/unnamed-chunk-1-1.png"/>
    </resource>
    <resource href="data/supplements5/unnamed-chunk-1-10.png" identifier="1660" type="webcontent">
      <file href="data/supplements5/unnamed-chunk-1-10.png"/>
    </resource>
    <resource href="data/supplements5/unnamed-chunk-1-11.png" identifier="1661" type="webcontent">
      <file href="data/supplements5/unnamed-chunk-1-11.png"/>
    </resource>
    <resource href="data/supplements5/unnamed-chunk-1-12.png" identifier="1662" type="webcontent">
      <file href="data/supplements5/unnamed-chunk-1-12.png"/>
    </resource>
    <resource href="data/supplements5/unnamed-chunk-1-13.png" identifier="1663" type="webcontent">
      <file href="data/supplements5/unnamed-chunk-1-13.png"/>
    </resource>
    <resource href="data/supplements5/unnamed-chunk-1-14.png" identifier="1664" type="webcontent">
      <file href="data/supplements5/unnamed-chunk-1-14.png"/>
    </resource>
    <resource href="data/supplements5/unnamed-chunk-1-15.png" identifier="1665" type="webcontent">
      <file href="data/supplements5/unnamed-chunk-1-15.png"/>
    </resource>
    <resource href="data/supplements5/unnamed-chunk-1-16.png" identifier="1666" type="webcontent">
      <file href="data/supplements5/unnamed-chunk-1-16.png"/>
    </resource>
    <resource href="data/supplements5/unnamed-chunk-1-17.png" identifier="1667" type="webcontent">
      <file href="data/supplements5/unnamed-chunk-1-17.png"/>
    </resource>
    <resource href="data/supplements5/unnamed-chunk-1-2.png" identifier="1668" type="webcontent">
      <file href="data/supplements5/unnamed-chunk-1-2.png"/>
    </resource>
    <resource href="data/supplements5/unnamed-chunk-1-3.png" identifier="1669" type="webcontent">
      <file href="data/supplements5/unnamed-chunk-1-3.png"/>
    </resource>
    <resource href="data/supplements5/unnamed-chunk-1-4.png" identifier="1670" type="webcontent">
      <file href="data/supplements5/unnamed-chunk-1-4.png"/>
    </resource>
    <resource href="data/supplements5/unnamed-chunk-1-5.png" identifier="1671" type="webcontent">
      <file href="data/supplements5/unnamed-chunk-1-5.png"/>
    </resource>
    <resource href="data/supplements5/unnamed-chunk-1-6.png" identifier="1672" type="webcontent">
      <file href="data/supplements5/unnamed-chunk-1-6.png"/>
    </resource>
    <resource href="data/supplements5/unnamed-chunk-1-7.png" identifier="1673" type="webcontent">
      <file href="data/supplements5/unnamed-chunk-1-7.png"/>
    </resource>
    <resource href="data/supplements5/unnamed-chunk-1-8.png" identifier="1674" type="webcontent">
      <file href="data/supplements5/unnamed-chunk-1-8.png"/>
    </resource>
    <resource href="data/supplements5/unnamed-chunk-1-9.png" identifier="1675" type="webcontent">
      <file href="data/supplements5/unnamed-chunk-1-9.png"/>
    </resource>
    <resource href="data/supplements6/unnamed-chunk-1-1.png" identifier="1676" type="webcontent">
      <file href="data/supplements6/unnamed-chunk-1-1.png"/>
    </resource>
    <resource href="data/supplements6/unnamed-chunk-1-10.png" identifier="1677" type="webcontent">
      <file href="data/supplements6/unnamed-chunk-1-10.png"/>
    </resource>
    <resource href="data/supplements6/unnamed-chunk-1-11.png" identifier="1678" type="webcontent">
      <file href="data/supplements6/unnamed-chunk-1-11.png"/>
    </resource>
    <resource href="data/supplements6/unnamed-chunk-1-12.png" identifier="1679" type="webcontent">
      <file href="data/supplements6/unnamed-chunk-1-12.png"/>
    </resource>
    <resource href="data/supplements6/unnamed-chunk-1-13.png" identifier="1680" type="webcontent">
      <file href="data/supplements6/unnamed-chunk-1-13.png"/>
    </resource>
    <resource href="data/supplements6/unnamed-chunk-1-14.png" identifier="1681" type="webcontent">
      <file href="data/supplements6/unnamed-chunk-1-14.png"/>
    </resource>
    <resource href="data/supplements6/unnamed-chunk-1-15.png" identifier="1682" type="webcontent">
      <file href="data/supplements6/unnamed-chunk-1-15.png"/>
    </resource>
    <resource href="data/supplements6/unnamed-chunk-1-16.png" identifier="1683" type="webcontent">
      <file href="data/supplements6/unnamed-chunk-1-16.png"/>
    </resource>
    <resource href="data/supplements6/unnamed-chunk-1-17.png" identifier="1684" type="webcontent">
      <file href="data/supplements6/unnamed-chunk-1-17.png"/>
    </resource>
    <resource href="data/supplements6/unnamed-chunk-1-2.png" identifier="1685" type="webcontent">
      <file href="data/supplements6/unnamed-chunk-1-2.png"/>
    </resource>
    <resource href="data/supplements6/unnamed-chunk-1-3.png" identifier="1686" type="webcontent">
      <file href="data/supplements6/unnamed-chunk-1-3.png"/>
    </resource>
    <resource href="data/supplements6/unnamed-chunk-1-4.png" identifier="1687" type="webcontent">
      <file href="data/supplements6/unnamed-chunk-1-4.png"/>
    </resource>
    <resource href="data/supplements6/unnamed-chunk-1-5.png" identifier="1688" type="webcontent">
      <file href="data/supplements6/unnamed-chunk-1-5.png"/>
    </resource>
    <resource href="data/supplements6/unnamed-chunk-1-6.png" identifier="1689" type="webcontent">
      <file href="data/supplements6/unnamed-chunk-1-6.png"/>
    </resource>
    <resource href="data/supplements6/unnamed-chunk-1-7.png" identifier="1690" type="webcontent">
      <file href="data/supplements6/unnamed-chunk-1-7.png"/>
    </resource>
    <resource href="data/supplements6/unnamed-chunk-1-8.png" identifier="1691" type="webcontent">
      <file href="data/supplements6/unnamed-chunk-1-8.png"/>
    </resource>
    <resource href="data/supplements6/unnamed-chunk-1-9.png" identifier="1692" type="webcontent">
      <file href="data/supplements6/unnamed-chunk-1-9.png"/>
    </resource>
    <resource href="data/supplements7/unnamed-chunk-1-1.png" identifier="1693" type="webcontent">
      <file href="data/supplements7/unnamed-chunk-1-1.png"/>
    </resource>
    <resource href="data/supplements7/unnamed-chunk-1-10.png" identifier="1694" type="webcontent">
      <file href="data/supplements7/unnamed-chunk-1-10.png"/>
    </resource>
    <resource href="data/supplements7/unnamed-chunk-1-11.png" identifier="1695" type="webcontent">
      <file href="data/supplements7/unnamed-chunk-1-11.png"/>
    </resource>
    <resource href="data/supplements7/unnamed-chunk-1-12.png" identifier="1696" type="webcontent">
      <file href="data/supplements7/unnamed-chunk-1-12.png"/>
    </resource>
    <resource href="data/supplements7/unnamed-chunk-1-13.png" identifier="1697" type="webcontent">
      <file href="data/supplements7/unnamed-chunk-1-13.png"/>
    </resource>
    <resource href="data/supplements7/unnamed-chunk-1-14.png" identifier="1698" type="webcontent">
      <file href="data/supplements7/unnamed-chunk-1-14.png"/>
    </resource>
    <resource href="data/supplements7/unnamed-chunk-1-15.png" identifier="1699" type="webcontent">
      <file href="data/supplements7/unnamed-chunk-1-15.png"/>
    </resource>
    <resource href="data/supplements7/unnamed-chunk-1-16.png" identifier="1700" type="webcontent">
      <file href="data/supplements7/unnamed-chunk-1-16.png"/>
    </resource>
    <resource href="data/supplements7/unnamed-chunk-1-17.png" identifier="1701" type="webcontent">
      <file href="data/supplements7/unnamed-chunk-1-17.png"/>
    </resource>
    <resource href="data/supplements7/unnamed-chunk-1-2.png" identifier="1702" type="webcontent">
      <file href="data/supplements7/unnamed-chunk-1-2.png"/>
    </resource>
    <resource href="data/supplements7/unnamed-chunk-1-3.png" identifier="1703" type="webcontent">
      <file href="data/supplements7/unnamed-chunk-1-3.png"/>
    </resource>
    <resource href="data/supplements7/unnamed-chunk-1-4.png" identifier="1704" type="webcontent">
      <file href="data/supplements7/unnamed-chunk-1-4.png"/>
    </resource>
    <resource href="data/supplements7/unnamed-chunk-1-5.png" identifier="1705" type="webcontent">
      <file href="data/supplements7/unnamed-chunk-1-5.png"/>
    </resource>
    <resource href="data/supplements7/unnamed-chunk-1-6.png" identifier="1706" type="webcontent">
      <file href="data/supplements7/unnamed-chunk-1-6.png"/>
    </resource>
    <resource href="data/supplements7/unnamed-chunk-1-7.png" identifier="1707" type="webcontent">
      <file href="data/supplements7/unnamed-chunk-1-7.png"/>
    </resource>
    <resource href="data/supplements7/unnamed-chunk-1-8.png" identifier="1708" type="webcontent">
      <file href="data/supplements7/unnamed-chunk-1-8.png"/>
    </resource>
    <resource href="data/supplements7/unnamed-chunk-1-9.png" identifier="1709" type="webcontent">
      <file href="data/supplements7/unnamed-chunk-1-9.png"/>
    </resource>
    <resource href="data/supplements8/unnamed-chunk-1-1.png" identifier="1710" type="webcontent">
      <file href="data/supplements8/unnamed-chunk-1-1.png"/>
    </resource>
    <resource href="data/supplements8/unnamed-chunk-1-10.png" identifier="1711" type="webcontent">
      <file href="data/supplements8/unnamed-chunk-1-10.png"/>
    </resource>
    <resource href="data/supplements8/unnamed-chunk-1-11.png" identifier="1712" type="webcontent">
      <file href="data/supplements8/unnamed-chunk-1-11.png"/>
    </resource>
    <resource href="data/supplements8/unnamed-chunk-1-12.png" identifier="1713" type="webcontent">
      <file href="data/supplements8/unnamed-chunk-1-12.png"/>
    </resource>
    <resource href="data/supplements8/unnamed-chunk-1-13.png" identifier="1714" type="webcontent">
      <file href="data/supplements8/unnamed-chunk-1-13.png"/>
    </resource>
    <resource href="data/supplements8/unnamed-chunk-1-14.png" identifier="1715" type="webcontent">
      <file href="data/supplements8/unnamed-chunk-1-14.png"/>
    </resource>
    <resource href="data/supplements8/unnamed-chunk-1-15.png" identifier="1716" type="webcontent">
      <file href="data/supplements8/unnamed-chunk-1-15.png"/>
    </resource>
    <resource href="data/supplements8/unnamed-chunk-1-16.png" identifier="1717" type="webcontent">
      <file href="data/supplements8/unnamed-chunk-1-16.png"/>
    </resource>
    <resource href="data/supplements8/unnamed-chunk-1-17.png" identifier="1718" type="webcontent">
      <file href="data/supplements8/unnamed-chunk-1-17.png"/>
    </resource>
    <resource href="data/supplements8/unnamed-chunk-1-2.png" identifier="1719" type="webcontent">
      <file href="data/supplements8/unnamed-chunk-1-2.png"/>
    </resource>
    <resource href="data/supplements8/unnamed-chunk-1-3.png" identifier="1720" type="webcontent">
      <file href="data/supplements8/unnamed-chunk-1-3.png"/>
    </resource>
    <resource href="data/supplements8/unnamed-chunk-1-4.png" identifier="1721" type="webcontent">
      <file href="data/supplements8/unnamed-chunk-1-4.png"/>
    </resource>
    <resource href="data/supplements8/unnamed-chunk-1-5.png" identifier="1722" type="webcontent">
      <file href="data/supplements8/unnamed-chunk-1-5.png"/>
    </resource>
    <resource href="data/supplements8/unnamed-chunk-1-6.png" identifier="1723" type="webcontent">
      <file href="data/supplements8/unnamed-chunk-1-6.png"/>
    </resource>
    <resource href="data/supplements8/unnamed-chunk-1-7.png" identifier="1724" type="webcontent">
      <file href="data/supplements8/unnamed-chunk-1-7.png"/>
    </resource>
    <resource href="data/supplements8/unnamed-chunk-1-8.png" identifier="1725" type="webcontent">
      <file href="data/supplements8/unnamed-chunk-1-8.png"/>
    </resource>
    <resource href="data/supplements8/unnamed-chunk-1-9.png" identifier="1726" type="webcontent">
      <file href="data/supplements8/unnamed-chunk-1-9.png"/>
    </resource>
    <resource href="data/supplements9/unnamed-chunk-1-1.png" identifier="1727" type="webcontent">
      <file href="data/supplements9/unnamed-chunk-1-1.png"/>
    </resource>
    <resource href="data/supplements9/unnamed-chunk-1-10.png" identifier="1728" type="webcontent">
      <file href="data/supplements9/unnamed-chunk-1-10.png"/>
    </resource>
    <resource href="data/supplements9/unnamed-chunk-1-11.png" identifier="1729" type="webcontent">
      <file href="data/supplements9/unnamed-chunk-1-11.png"/>
    </resource>
    <resource href="data/supplements9/unnamed-chunk-1-12.png" identifier="1730" type="webcontent">
      <file href="data/supplements9/unnamed-chunk-1-12.png"/>
    </resource>
    <resource href="data/supplements9/unnamed-chunk-1-13.png" identifier="1731" type="webcontent">
      <file href="data/supplements9/unnamed-chunk-1-13.png"/>
    </resource>
    <resource href="data/supplements9/unnamed-chunk-1-14.png" identifier="1732" type="webcontent">
      <file href="data/supplements9/unnamed-chunk-1-14.png"/>
    </resource>
    <resource href="data/supplements9/unnamed-chunk-1-15.png" identifier="1733" type="webcontent">
      <file href="data/supplements9/unnamed-chunk-1-15.png"/>
    </resource>
    <resource href="data/supplements9/unnamed-chunk-1-16.png" identifier="1734" type="webcontent">
      <file href="data/supplements9/unnamed-chunk-1-16.png"/>
    </resource>
    <resource href="data/supplements9/unnamed-chunk-1-17.png" identifier="1735" type="webcontent">
      <file href="data/supplements9/unnamed-chunk-1-17.png"/>
    </resource>
    <resource href="data/supplements9/unnamed-chunk-1-2.png" identifier="1736" type="webcontent">
      <file href="data/supplements9/unnamed-chunk-1-2.png"/>
    </resource>
    <resource href="data/supplements9/unnamed-chunk-1-3.png" identifier="1737" type="webcontent">
      <file href="data/supplements9/unnamed-chunk-1-3.png"/>
    </resource>
    <resource href="data/supplements9/unnamed-chunk-1-4.png" identifier="1738" type="webcontent">
      <file href="data/supplements9/unnamed-chunk-1-4.png"/>
    </resource>
    <resource href="data/supplements9/unnamed-chunk-1-5.png" identifier="1739" type="webcontent">
      <file href="data/supplements9/unnamed-chunk-1-5.png"/>
    </resource>
    <resource href="data/supplements9/unnamed-chunk-1-6.png" identifier="1740" type="webcontent">
      <file href="data/supplements9/unnamed-chunk-1-6.png"/>
    </resource>
    <resource href="data/supplements9/unnamed-chunk-1-7.png" identifier="1741" type="webcontent">
      <file href="data/supplements9/unnamed-chunk-1-7.png"/>
    </resource>
    <resource href="data/supplements9/unnamed-chunk-1-8.png" identifier="1742" type="webcontent">
      <file href="data/supplements9/unnamed-chunk-1-8.png"/>
    </resource>
    <resource href="data/supplements9/unnamed-chunk-1-9.png" identifier="1743" type="webcontent">
      <file href="data/supplements9/unnamed-chunk-1-9.png"/>
    </resource>
  </resources>
</manifest>
