<?xml version="1.0" encoding="UTF-8"?>
<manifest identifier="MID_scattered_practice_DD_146404027" xmlns="http://www.imsglobal.org/xsd/imsccv1p1/imscp_v1p1" xmlns:lom="http://ltsc.ieee.org/xsd/imsccv1p1/LOM/resource" xmlns:imsmd="http://www.imsglobal.org/xsd/imsmd_v1p2" xmlns:xsi="http://www.w3.org/2001/XMLSchema-instance" xsi:schemaLocation="http://www.imsglobal.org/xsd/imsccv1p1/imscp_v1p1 http://www.imsglobal.org/xsd/imscp_v1p1.xsd http://ltsc.ieee.org/xsd/imsccv1p1/LOM/resource http://www.imsglobal.org/profile/cc/ccv1p1/LOM/ccv1p1_lomresource_v1p0.xsd http://www.imsglobal.org/xsd/imsmd_v1p2 http://www.imsglobal.org/xsd/imsmd_v1p2p2.xsd">
  <metadata>
    <schema>IMS Content</schema>
    <schemaversion>1.1.3</schemaversion>
    <imsmd:lom>
      <imsmd:general>
        <imsmd:title>
          <imsmd:string>scattered_practice_DD</imsmd:string>
        </imsmd:title>
      </imsmd:general>
      <imsmd:lifeCycle>
        <imsmd:contribute>
          <imsmd:date>
            <imsmd:dateTime>2024-02-20</imsmd:dateTime>
          </imsmd:date>
        </imsmd:contribute>
      </imsmd:lifeCycle>
      <imsmd:rights>
        <imsmd:copyrightAndOtherRestrictions>
          <imsmd:value>yes</imsmd:value>
        </imsmd:copyrightAndOtherRestrictions>
        <imsmd:description>
          <imsmd:string>Private (Copyrighted) - http://en.wikipedia.org/wiki/Copyright</imsmd:string>
        </imsmd:description>
      </imsmd:rights>
    </imsmd:lom>
  </metadata>
  <organizations/>
  <resources>
    <resource identifier="scattered_practice_DD_749635929" type="imsqti_xmlv1p2">
      <file href="scattered_practice_DD_749635929/scattered_practice_DD_749635929.xml"/>
      <dependency identifierref="MID_REF_scattered_practice_DD_146404027"/>
    </resource>
    <resource identifier="MID_REF_scattered_practice_DD_146404027" type="associatedcontent/imscc_xmlv1p1/learning-application-resource" href="scattered_practice_DD_749635929/assessment_meta.xml">
      <file href="scattered_practice_DD_749635929/assessment_meta.xml"/>
    </resource>
    <resource href="data/supplements1/XX1.png" identifier="1234" type="webcontent">
      <file href="data/supplements1/XX1.png"/>
    </resource>
    <resource href="data/supplements1/XX2.png" identifier="1235" type="webcontent">
      <file href="data/supplements1/XX2.png"/>
    </resource>
    <resource href="data/supplements1/XX3.png" identifier="1236" type="webcontent">
      <file href="data/supplements1/XX3.png"/>
    </resource>
    <resource href="data/supplements1/XX4.png" identifier="1237" type="webcontent">
      <file href="data/supplements1/XX4.png"/>
    </resource>
    <resource href="data/supplements1/XX5.png" identifier="1238" type="webcontent">
      <file href="data/supplements1/XX5.png"/>
    </resource>
    <resource href="data/supplements10/XX1.png" identifier="1239" type="webcontent">
      <file href="data/supplements10/XX1.png"/>
    </resource>
    <resource href="data/supplements10/XX2.png" identifier="1240" type="webcontent">
      <file href="data/supplements10/XX2.png"/>
    </resource>
    <resource href="data/supplements10/XX3.png" identifier="1241" type="webcontent">
      <file href="data/supplements10/XX3.png"/>
    </resource>
    <resource href="data/supplements10/XX4.png" identifier="1242" type="webcontent">
      <file href="data/supplements10/XX4.png"/>
    </resource>
    <resource href="data/supplements10/XX5.png" identifier="1243" type="webcontent">
      <file href="data/supplements10/XX5.png"/>
    </resource>
    <resource href="data/supplements11/XX1.png" identifier="1244" type="webcontent">
      <file href="data/supplements11/XX1.png"/>
    </resource>
    <resource href="data/supplements11/XX2.png" identifier="1245" type="webcontent">
      <file href="data/supplements11/XX2.png"/>
    </resource>
    <resource href="data/supplements11/XX3.png" identifier="1246" type="webcontent">
      <file href="data/supplements11/XX3.png"/>
    </resource>
    <resource href="data/supplements11/XX4.png" identifier="1247" type="webcontent">
      <file href="data/supplements11/XX4.png"/>
    </resource>
    <resource href="data/supplements11/XX5.png" identifier="1248" type="webcontent">
      <file href="data/supplements11/XX5.png"/>
    </resource>
    <resource href="data/supplements12/XX1.png" identifier="1249" type="webcontent">
      <file href="data/supplements12/XX1.png"/>
    </resource>
    <resource href="data/supplements12/XX2.png" identifier="1250" type="webcontent">
      <file href="data/supplements12/XX2.png"/>
    </resource>
    <resource href="data/supplements12/XX3.png" identifier="1251" type="webcontent">
      <file href="data/supplements12/XX3.png"/>
    </resource>
    <resource href="data/supplements12/XX4.png" identifier="1252" type="webcontent">
      <file href="data/supplements12/XX4.png"/>
    </resource>
    <resource href="data/supplements12/XX5.png" identifier="1253" type="webcontent">
      <file href="data/supplements12/XX5.png"/>
    </resource>
    <resource href="data/supplements2/XX1.png" identifier="1254" type="webcontent">
      <file href="data/supplements2/XX1.png"/>
    </resource>
    <resource href="data/supplements2/XX2.png" identifier="1255" type="webcontent">
      <file href="data/supplements2/XX2.png"/>
    </resource>
    <resource href="data/supplements2/XX3.png" identifier="1256" type="webcontent">
      <file href="data/supplements2/XX3.png"/>
    </resource>
    <resource href="data/supplements2/XX4.png" identifier="1257" type="webcontent">
      <file href="data/supplements2/XX4.png"/>
    </resource>
    <resource href="data/supplements2/XX5.png" identifier="1258" type="webcontent">
      <file href="data/supplements2/XX5.png"/>
    </resource>
    <resource href="data/supplements3/XX1.png" identifier="1259" type="webcontent">
      <file href="data/supplements3/XX1.png"/>
    </resource>
    <resource href="data/supplements3/XX2.png" identifier="1260" type="webcontent">
      <file href="data/supplements3/XX2.png"/>
    </resource>
    <resource href="data/supplements3/XX3.png" identifier="1261" type="webcontent">
      <file href="data/supplements3/XX3.png"/>
    </resource>
    <resource href="data/supplements3/XX4.png" identifier="1262" type="webcontent">
      <file href="data/supplements3/XX4.png"/>
    </resource>
    <resource href="data/supplements3/XX5.png" identifier="1263" type="webcontent">
      <file href="data/supplements3/XX5.png"/>
    </resource>
    <resource href="data/supplements4/XX1.png" identifier="1264" type="webcontent">
      <file href="data/supplements4/XX1.png"/>
    </resource>
    <resource href="data/supplements4/XX2.png" identifier="1265" type="webcontent">
      <file href="data/supplements4/XX2.png"/>
    </resource>
    <resource href="data/supplements4/XX3.png" identifier="1266" type="webcontent">
      <file href="data/supplements4/XX3.png"/>
    </resource>
    <resource href="data/supplements4/XX4.png" identifier="1267" type="webcontent">
      <file href="data/supplements4/XX4.png"/>
    </resource>
    <resource href="data/supplements4/XX5.png" identifier="1268" type="webcontent">
      <file href="data/supplements4/XX5.png"/>
    </resource>
    <resource href="data/supplements5/XX1.png" identifier="1269" type="webcontent">
      <file href="data/supplements5/XX1.png"/>
    </resource>
    <resource href="data/supplements5/XX2.png" identifier="1270" type="webcontent">
      <file href="data/supplements5/XX2.png"/>
    </resource>
    <resource href="data/supplements5/XX3.png" identifier="1271" type="webcontent">
      <file href="data/supplements5/XX3.png"/>
    </resource>
    <resource href="data/supplements5/XX4.png" identifier="1272" type="webcontent">
      <file href="data/supplements5/XX4.png"/>
    </resource>
    <resource href="data/supplements5/XX5.png" identifier="1273" type="webcontent">
      <file href="data/supplements5/XX5.png"/>
    </resource>
    <resource href="data/supplements6/XX1.png" identifier="1274" type="webcontent">
      <file href="data/supplements6/XX1.png"/>
    </resource>
    <resource href="data/supplements6/XX2.png" identifier="1275" type="webcontent">
      <file href="data/supplements6/XX2.png"/>
    </resource>
    <resource href="data/supplements6/XX3.png" identifier="1276" type="webcontent">
      <file href="data/supplements6/XX3.png"/>
    </resource>
    <resource href="data/supplements6/XX4.png" identifier="1277" type="webcontent">
      <file href="data/supplements6/XX4.png"/>
    </resource>
    <resource href="data/supplements6/XX5.png" identifier="1278" type="webcontent">
      <file href="data/supplements6/XX5.png"/>
    </resource>
    <resource href="data/supplements7/XX1.png" identifier="1279" type="webcontent">
      <file href="data/supplements7/XX1.png"/>
    </resource>
    <resource href="data/supplements7/XX2.png" identifier="1280" type="webcontent">
      <file href="data/supplements7/XX2.png"/>
    </resource>
    <resource href="data/supplements7/XX3.png" identifier="1281" type="webcontent">
      <file href="data/supplements7/XX3.png"/>
    </resource>
    <resource href="data/supplements7/XX4.png" identifier="1282" type="webcontent">
      <file href="data/supplements7/XX4.png"/>
    </resource>
    <resource href="data/supplements7/XX5.png" identifier="1283" type="webcontent">
      <file href="data/supplements7/XX5.png"/>
    </resource>
    <resource href="data/supplements8/XX1.png" identifier="1284" type="webcontent">
      <file href="data/supplements8/XX1.png"/>
    </resource>
    <resource href="data/supplements8/XX2.png" identifier="1285" type="webcontent">
      <file href="data/supplements8/XX2.png"/>
    </resource>
    <resource href="data/supplements8/XX3.png" identifier="1286" type="webcontent">
      <file href="data/supplements8/XX3.png"/>
    </resource>
    <resource href="data/supplements8/XX4.png" identifier="1287" type="webcontent">
      <file href="data/supplements8/XX4.png"/>
    </resource>
    <resource href="data/supplements8/XX5.png" identifier="1288" type="webcontent">
      <file href="data/supplements8/XX5.png"/>
    </resource>
    <resource href="data/supplements9/XX1.png" identifier="1289" type="webcontent">
      <file href="data/supplements9/XX1.png"/>
    </resource>
    <resource href="data/supplements9/XX2.png" identifier="1290" type="webcontent">
      <file href="data/supplements9/XX2.png"/>
    </resource>
    <resource href="data/supplements9/XX3.png" identifier="1291" type="webcontent">
      <file href="data/supplements9/XX3.png"/>
    </resource>
    <resource href="data/supplements9/XX4.png" identifier="1292" type="webcontent">
      <file href="data/supplements9/XX4.png"/>
    </resource>
    <resource href="data/supplements9/XX5.png" identifier="1293" type="webcontent">
      <file href="data/supplements9/XX5.png"/>
    </resource>
  </resources>
</manifest>
