<?xml version="1.0" encoding="UTF-8"?>
<!DOCTYPE questestinterop SYSTEM "ims_qtiasiv1p2p1.dtd">

<questestinterop>
<assessment ident="ET_193_536072465" title="ET_193">

<qtimetadata>
<qtimetadatafield>
<fieldlabel>cc_maxattempts</fieldlabel>
<fieldentry>3</fieldentry>
</qtimetadatafield>
<qtimetadatafield>
<fieldlabel>qmd_assessmenttype</fieldlabel>
<fieldentry>Assessment</fieldentry>
</qtimetadatafield>
</qtimetadata>
<objectives>
<material>
<mattext><![CDATA[Please solve the following exercises.]]></mattext>
</material>
</objectives>
<assessmentcontrol feedbackswitch="No" hintswitch="No" solutionswitch="No"/>
<outcomes_processing scoremodel="SumOfScores">
<outcomes>
<decvar varname="SCORE" vartype="Decimal" cutvalue="0"/>
</outcomes>
</outcomes_processing>
<assessfeedback title="AssessmentFeedback" ident="AssessmentFeedback">
<flow_mat>
<material>
<mattext>##AssessmentFeedback##</mattext>
</material>
</flow_mat>
</assessfeedback>

<section ident="ET_193_536072465_section_1" title="Exercise">

<objectives>
<material>
<mattext><![CDATA[Please answer the following question.]]></mattext>
</material>
</objectives>
<selection_ordering>
<selection>
<selection_number>1</selection_number>
<selection_extension>
<points_per_item>1</points_per_item>
</selection_extension>
</selection>
<order order_type="Random"/>
</selection_ordering>

<item ident="ET_193_536072465_section_1_item_1_schoice" title="Question" maxattempts="3">
<itemcontrol feedbackswitch="No" hintswitch="No" solutionswitch="No"/>
<itemmetadata>
<qtimetadata>
<qtimetadatafield>
<fieldlabel>question_type</fieldlabel>
<fieldentry>multiple_choice_question</fieldentry>
</qtimetadatafield>
</qtimetadata>
</itemmetadata>
<presentation>
<flow>
<material>
<matbreak/>
<mattext texttype="text/html" charset="utf-8"><![CDATA[
<p>Question ID: 06_409</p>
<p><img src="data/supplements1/xx.png" /></p>
]]></mattext>
<matbreak/>
</material>
<response_lid ident="ET_193_536072465_section_1_item_1_schoice_RESPONSE_1443491" rcardinality="Single" rtiming="No">
<render_choice shuffle="No">
<flow_label class="List">
<response_label ident="ET_193_536072465_section_1_item_1_schoice_4386997201" rshuffle="No">
<material>
<mattext texttype="text/html" charset="utf-8"><![CDATA[
 A
]]></mattext>
</material>
</response_label>
</flow_label>
<flow_label class="List">
<response_label ident="ET_193_536072465_section_1_item_1_schoice_9932462563" rshuffle="No">
<material>
<mattext texttype="text/html" charset="utf-8"><![CDATA[
 B
]]></mattext>
</material>
</response_label>
</flow_label>
<flow_label class="List">
<response_label ident="ET_193_536072465_section_1_item_1_schoice_4172898541" rshuffle="No">
<material>
<mattext texttype="text/html" charset="utf-8"><![CDATA[
 C
]]></mattext>
</material>
</response_label>
</flow_label>
<flow_label class="List">
<response_label ident="ET_193_536072465_section_1_item_1_schoice_4854152972" rshuffle="No">
<material>
<mattext texttype="text/html" charset="utf-8"><![CDATA[
 D
]]></mattext>
</material>
</response_label>
</flow_label>
</render_choice>
</response_lid>
</flow>
</presentation>
<resprocessing>
<outcomes>
<decvar varname="SCORE" vartype="Decimal" defaultval="0" minvalue="0" maxvalue="1" cutvalue="1"/>
</outcomes>
<respcondition title="Mastery" continue="No">
<conditionvar>
<and>
<varequal respident="ET_193_536072465_section_1_item_1_schoice_RESPONSE_1443491" case="Yes">ET_193_536072465_section_1_item_1_schoice_9932462563</varequal>
<not> <varequal respident="ET_193_536072465_section_1_item_1_schoice_RESPONSE_1443491" case="Yes">ET_193_536072465_section_1_item_1_schoice_4386997201</varequal> </not>
<not> <varequal respident="ET_193_536072465_section_1_item_1_schoice_RESPONSE_1443491" case="Yes">ET_193_536072465_section_1_item_1_schoice_4172898541</varequal> </not>
<not> <varequal respident="ET_193_536072465_section_1_item_1_schoice_RESPONSE_1443491" case="Yes">ET_193_536072465_section_1_item_1_schoice_4854152972</varequal> </not>
</and>
</conditionvar>
<setvar varname="SCORE" action="Set">1</setvar>
<displayfeedback feedbacktype="Response" linkrefid="correct_fb"/>
</respcondition>
<respcondition continue="Yes">
<conditionvar>
<other/>
</conditionvar>
<displayfeedback feedbacktype="Response" linkrefid="general_incorrect_fb"/>
</respcondition>
</resprocessing>
<itemfeedback ident="correct_fb" view="All">
<flow_mat>
<material>
<mattext texttype="text/html"><![CDATA[
<p>The correct answer is B</p>
]]></mattext>
</material>
</flow_mat>
</itemfeedback>
<itemfeedback ident="general_incorrect_fb" view="All">
<flow_mat>
<material>
<mattext texttype="text/html"><![CDATA[
<p>The correct answer is B</p>
]]></mattext>
</material>
</flow_mat>
</itemfeedback>
</item>


</section>
<section ident="ET_193_536072465_section_2" title="Exercise">

<objectives>
<material>
<mattext><![CDATA[Please answer the following question.]]></mattext>
</material>
</objectives>
<selection_ordering>
<selection>
<selection_number>1</selection_number>
<selection_extension>
<points_per_item>1</points_per_item>
</selection_extension>
</selection>
<order order_type="Random"/>
</selection_ordering>

<item ident="ET_193_536072465_section_2_item_1_schoice" title="Question" maxattempts="3">
<itemcontrol feedbackswitch="No" hintswitch="No" solutionswitch="No"/>
<itemmetadata>
<qtimetadata>
<qtimetadatafield>
<fieldlabel>question_type</fieldlabel>
<fieldentry>multiple_choice_question</fieldentry>
</qtimetadatafield>
</qtimetadata>
</itemmetadata>
<presentation>
<flow>
<material>
<matbreak/>
<mattext texttype="text/html" charset="utf-8"><![CDATA[
<p>Question ID: 03_426</p>
<p><img src="data/supplements2/xx.png" /></p>
]]></mattext>
<matbreak/>
</material>
<response_lid ident="ET_193_536072465_section_2_item_1_schoice_RESPONSE_7940482" rcardinality="Single" rtiming="No">
<render_choice shuffle="No">
<flow_label class="List">
<response_label ident="ET_193_536072465_section_2_item_1_schoice_3433337073" rshuffle="No">
<material>
<mattext texttype="text/html" charset="utf-8"><![CDATA[
 A
]]></mattext>
</material>
</response_label>
</flow_label>
<flow_label class="List">
<response_label ident="ET_193_536072465_section_2_item_1_schoice_8367303482" rshuffle="No">
<material>
<mattext texttype="text/html" charset="utf-8"><![CDATA[
 B
]]></mattext>
</material>
</response_label>
</flow_label>
<flow_label class="List">
<response_label ident="ET_193_536072465_section_2_item_1_schoice_4742151511" rshuffle="No">
<material>
<mattext texttype="text/html" charset="utf-8"><![CDATA[
 C
]]></mattext>
</material>
</response_label>
</flow_label>
<flow_label class="List">
<response_label ident="ET_193_536072465_section_2_item_1_schoice_9352198288" rshuffle="No">
<material>
<mattext texttype="text/html" charset="utf-8"><![CDATA[
 D
]]></mattext>
</material>
</response_label>
</flow_label>
</render_choice>
</response_lid>
</flow>
</presentation>
<resprocessing>
<outcomes>
<decvar varname="SCORE" vartype="Decimal" defaultval="0" minvalue="0" maxvalue="1" cutvalue="1"/>
</outcomes>
<respcondition title="Mastery" continue="No">
<conditionvar>
<and>
<varequal respident="ET_193_536072465_section_2_item_1_schoice_RESPONSE_7940482" case="Yes">ET_193_536072465_section_2_item_1_schoice_4742151511</varequal>
<not> <varequal respident="ET_193_536072465_section_2_item_1_schoice_RESPONSE_7940482" case="Yes">ET_193_536072465_section_2_item_1_schoice_3433337073</varequal> </not>
<not> <varequal respident="ET_193_536072465_section_2_item_1_schoice_RESPONSE_7940482" case="Yes">ET_193_536072465_section_2_item_1_schoice_8367303482</varequal> </not>
<not> <varequal respident="ET_193_536072465_section_2_item_1_schoice_RESPONSE_7940482" case="Yes">ET_193_536072465_section_2_item_1_schoice_9352198288</varequal> </not>
</and>
</conditionvar>
<setvar varname="SCORE" action="Set">1</setvar>
<displayfeedback feedbacktype="Response" linkrefid="correct_fb"/>
</respcondition>
<respcondition continue="Yes">
<conditionvar>
<other/>
</conditionvar>
<displayfeedback feedbacktype="Response" linkrefid="general_incorrect_fb"/>
</respcondition>
</resprocessing>
<itemfeedback ident="correct_fb" view="All">
<flow_mat>
<material>
<mattext texttype="text/html"><![CDATA[
<p>The correct answer is C</p>
]]></mattext>
</material>
</flow_mat>
</itemfeedback>
<itemfeedback ident="general_incorrect_fb" view="All">
<flow_mat>
<material>
<mattext texttype="text/html"><![CDATA[
<p>The correct answer is C</p>
]]></mattext>
</material>
</flow_mat>
</itemfeedback>
</item>


</section>
<section ident="ET_193_536072465_section_3" title="Exercise">

<objectives>
<material>
<mattext><![CDATA[Please answer the following question.]]></mattext>
</material>
</objectives>
<selection_ordering>
<selection>
<selection_number>1</selection_number>
<selection_extension>
<points_per_item>1</points_per_item>
</selection_extension>
</selection>
<order order_type="Random"/>
</selection_ordering>

<item ident="ET_193_536072465_section_3_item_1_schoice" title="Question" maxattempts="3">
<itemcontrol feedbackswitch="No" hintswitch="No" solutionswitch="No"/>
<itemmetadata>
<qtimetadata>
<qtimetadatafield>
<fieldlabel>question_type</fieldlabel>
<fieldentry>multiple_choice_question</fieldentry>
</qtimetadatafield>
</qtimetadata>
</itemmetadata>
<presentation>
<flow>
<material>
<matbreak/>
<mattext texttype="text/html" charset="utf-8"><![CDATA[
<p>Question ID: 01_427</p>
<p><img src="data/supplements3/xx.png" /></p>
]]></mattext>
<matbreak/>
</material>
<response_lid ident="ET_193_536072465_section_3_item_1_schoice_RESPONSE_8209703" rcardinality="Single" rtiming="No">
<render_choice shuffle="No">
<flow_label class="List">
<response_label ident="ET_193_536072465_section_3_item_1_schoice_5476420154" rshuffle="No">
<material>
<mattext texttype="text/html" charset="utf-8"><![CDATA[
 A
]]></mattext>
</material>
</response_label>
</flow_label>
<flow_label class="List">
<response_label ident="ET_193_536072465_section_3_item_1_schoice_8515469695" rshuffle="No">
<material>
<mattext texttype="text/html" charset="utf-8"><![CDATA[
 B
]]></mattext>
</material>
</response_label>
</flow_label>
<flow_label class="List">
<response_label ident="ET_193_536072465_section_3_item_1_schoice_8522162985" rshuffle="No">
<material>
<mattext texttype="text/html" charset="utf-8"><![CDATA[
 C
]]></mattext>
</material>
</response_label>
</flow_label>
<flow_label class="List">
<response_label ident="ET_193_536072465_section_3_item_1_schoice_6112238942" rshuffle="No">
<material>
<mattext texttype="text/html" charset="utf-8"><![CDATA[
 D
]]></mattext>
</material>
</response_label>
</flow_label>
</render_choice>
</response_lid>
</flow>
</presentation>
<resprocessing>
<outcomes>
<decvar varname="SCORE" vartype="Decimal" defaultval="0" minvalue="0" maxvalue="1" cutvalue="1"/>
</outcomes>
<respcondition title="Mastery" continue="No">
<conditionvar>
<and>
<varequal respident="ET_193_536072465_section_3_item_1_schoice_RESPONSE_8209703" case="Yes">ET_193_536072465_section_3_item_1_schoice_8522162985</varequal>
<not> <varequal respident="ET_193_536072465_section_3_item_1_schoice_RESPONSE_8209703" case="Yes">ET_193_536072465_section_3_item_1_schoice_5476420154</varequal> </not>
<not> <varequal respident="ET_193_536072465_section_3_item_1_schoice_RESPONSE_8209703" case="Yes">ET_193_536072465_section_3_item_1_schoice_8515469695</varequal> </not>
<not> <varequal respident="ET_193_536072465_section_3_item_1_schoice_RESPONSE_8209703" case="Yes">ET_193_536072465_section_3_item_1_schoice_6112238942</varequal> </not>
</and>
</conditionvar>
<setvar varname="SCORE" action="Set">1</setvar>
<displayfeedback feedbacktype="Response" linkrefid="correct_fb"/>
</respcondition>
<respcondition continue="Yes">
<conditionvar>
<other/>
</conditionvar>
<displayfeedback feedbacktype="Response" linkrefid="general_incorrect_fb"/>
</respcondition>
</resprocessing>
<itemfeedback ident="correct_fb" view="All">
<flow_mat>
<material>
<mattext texttype="text/html"><![CDATA[
<p>The correct answer is C</p>
]]></mattext>
</material>
</flow_mat>
</itemfeedback>
<itemfeedback ident="general_incorrect_fb" view="All">
<flow_mat>
<material>
<mattext texttype="text/html"><![CDATA[
<p>The correct answer is C</p>
]]></mattext>
</material>
</flow_mat>
</itemfeedback>
</item>


</section>

</assessment>
</questestinterop>
