<?xml version="1.0" encoding="UTF-8"?>
<manifest identifier="MID_at1202canvas_factor_887601168" xmlns="http://www.imsglobal.org/xsd/imsccv1p1/imscp_v1p1" xmlns:lom="http://ltsc.ieee.org/xsd/imsccv1p1/LOM/resource" xmlns:imsmd="http://www.imsglobal.org/xsd/imsmd_v1p2" xmlns:xsi="http://www.w3.org/2001/XMLSchema-instance" xsi:schemaLocation="http://www.imsglobal.org/xsd/imsccv1p1/imscp_v1p1 http://www.imsglobal.org/xsd/imscp_v1p1.xsd http://ltsc.ieee.org/xsd/imsccv1p1/LOM/resource http://www.imsglobal.org/profile/cc/ccv1p1/LOM/ccv1p1_lomresource_v1p0.xsd http://www.imsglobal.org/xsd/imsmd_v1p2 http://www.imsglobal.org/xsd/imsmd_v1p2p2.xsd">
  <metadata>
    <schema>IMS Content</schema>
    <schemaversion>1.1.3</schemaversion>
    <imsmd:lom>
      <imsmd:general>
        <imsmd:title>
          <imsmd:string>at1202canvas_factor</imsmd:string>
        </imsmd:title>
      </imsmd:general>
      <imsmd:lifeCycle>
        <imsmd:contribute>
          <imsmd:date>
            <imsmd:dateTime>2025-12-01</imsmd:dateTime>
          </imsmd:date>
        </imsmd:contribute>
      </imsmd:lifeCycle>
      <imsmd:rights>
        <imsmd:copyrightAndOtherRestrictions>
          <imsmd:value>yes</imsmd:value>
        </imsmd:copyrightAndOtherRestrictions>
        <imsmd:description>
          <imsmd:string>Private (Copyrighted) - http://en.wikipedia.org/wiki/Copyright</imsmd:string>
        </imsmd:description>
      </imsmd:rights>
    </imsmd:lom>
  </metadata>
  <organizations/>
  <resources>
    <resource identifier="at1202canvas_factor_116852444" type="imsqti_xmlv1p2">
      <file href="at1202canvas_factor_116852444/at1202canvas_factor_116852444.xml"/>
      <dependency identifierref="MID_REF_at1202canvas_factor_887601168"/>
    </resource>
    <resource identifier="MID_REF_at1202canvas_factor_887601168" type="associatedcontent/imscc_xmlv1p1/learning-application-resource" href="at1202canvas_factor_116852444/assessment_meta.xml">
      <file href="at1202canvas_factor_116852444/assessment_meta.xml"/>
    </resource>
    <resource href="data/supplements_1_1/unnamed-chunk-2-1.png" identifier="1234" type="webcontent">
      <file href="data/supplements_1_1/unnamed-chunk-2-1.png"/>
    </resource>
    <resource href="data/supplements_1_1/unnamed-chunk-3-1.png" identifier="1235" type="webcontent">
      <file href="data/supplements_1_1/unnamed-chunk-3-1.png"/>
    </resource>
    <resource href="data/supplements_1_2/unnamed-chunk-2-1.png" identifier="1236" type="webcontent">
      <file href="data/supplements_1_2/unnamed-chunk-2-1.png"/>
    </resource>
    <resource href="data/supplements_1_2/unnamed-chunk-3-1.png" identifier="1237" type="webcontent">
      <file href="data/supplements_1_2/unnamed-chunk-3-1.png"/>
    </resource>
    <resource href="data/supplements_10_1/unnamed-chunk-2-1.png" identifier="1238" type="webcontent">
      <file href="data/supplements_10_1/unnamed-chunk-2-1.png"/>
    </resource>
    <resource href="data/supplements_10_1/unnamed-chunk-3-1.png" identifier="1239" type="webcontent">
      <file href="data/supplements_10_1/unnamed-chunk-3-1.png"/>
    </resource>
    <resource href="data/supplements_10_2/unnamed-chunk-2-1.png" identifier="1240" type="webcontent">
      <file href="data/supplements_10_2/unnamed-chunk-2-1.png"/>
    </resource>
    <resource href="data/supplements_10_2/unnamed-chunk-3-1.png" identifier="1241" type="webcontent">
      <file href="data/supplements_10_2/unnamed-chunk-3-1.png"/>
    </resource>
    <resource href="data/supplements_11_1/unnamed-chunk-2-1.png" identifier="1242" type="webcontent">
      <file href="data/supplements_11_1/unnamed-chunk-2-1.png"/>
    </resource>
    <resource href="data/supplements_11_1/unnamed-chunk-3-1.png" identifier="1243" type="webcontent">
      <file href="data/supplements_11_1/unnamed-chunk-3-1.png"/>
    </resource>
    <resource href="data/supplements_11_2/unnamed-chunk-2-1.png" identifier="1244" type="webcontent">
      <file href="data/supplements_11_2/unnamed-chunk-2-1.png"/>
    </resource>
    <resource href="data/supplements_11_2/unnamed-chunk-3-1.png" identifier="1245" type="webcontent">
      <file href="data/supplements_11_2/unnamed-chunk-3-1.png"/>
    </resource>
    <resource href="data/supplements_12_1/unnamed-chunk-2-1.png" identifier="1246" type="webcontent">
      <file href="data/supplements_12_1/unnamed-chunk-2-1.png"/>
    </resource>
    <resource href="data/supplements_12_1/unnamed-chunk-3-1.png" identifier="1247" type="webcontent">
      <file href="data/supplements_12_1/unnamed-chunk-3-1.png"/>
    </resource>
    <resource href="data/supplements_12_2/unnamed-chunk-2-1.png" identifier="1248" type="webcontent">
      <file href="data/supplements_12_2/unnamed-chunk-2-1.png"/>
    </resource>
    <resource href="data/supplements_12_2/unnamed-chunk-3-1.png" identifier="1249" type="webcontent">
      <file href="data/supplements_12_2/unnamed-chunk-3-1.png"/>
    </resource>
    <resource href="data/supplements_13_1/unnamed-chunk-2-1.png" identifier="1250" type="webcontent">
      <file href="data/supplements_13_1/unnamed-chunk-2-1.png"/>
    </resource>
    <resource href="data/supplements_13_1/unnamed-chunk-3-1.png" identifier="1251" type="webcontent">
      <file href="data/supplements_13_1/unnamed-chunk-3-1.png"/>
    </resource>
    <resource href="data/supplements_13_2/unnamed-chunk-2-1.png" identifier="1252" type="webcontent">
      <file href="data/supplements_13_2/unnamed-chunk-2-1.png"/>
    </resource>
    <resource href="data/supplements_13_2/unnamed-chunk-3-1.png" identifier="1253" type="webcontent">
      <file href="data/supplements_13_2/unnamed-chunk-3-1.png"/>
    </resource>
    <resource href="data/supplements_14_1/unnamed-chunk-2-1.png" identifier="1254" type="webcontent">
      <file href="data/supplements_14_1/unnamed-chunk-2-1.png"/>
    </resource>
    <resource href="data/supplements_14_1/unnamed-chunk-3-1.png" identifier="1255" type="webcontent">
      <file href="data/supplements_14_1/unnamed-chunk-3-1.png"/>
    </resource>
    <resource href="data/supplements_14_2/unnamed-chunk-2-1.png" identifier="1256" type="webcontent">
      <file href="data/supplements_14_2/unnamed-chunk-2-1.png"/>
    </resource>
    <resource href="data/supplements_14_2/unnamed-chunk-3-1.png" identifier="1257" type="webcontent">
      <file href="data/supplements_14_2/unnamed-chunk-3-1.png"/>
    </resource>
    <resource href="data/supplements_15_1/unnamed-chunk-2-1.png" identifier="1258" type="webcontent">
      <file href="data/supplements_15_1/unnamed-chunk-2-1.png"/>
    </resource>
    <resource href="data/supplements_15_1/unnamed-chunk-3-1.png" identifier="1259" type="webcontent">
      <file href="data/supplements_15_1/unnamed-chunk-3-1.png"/>
    </resource>
    <resource href="data/supplements_15_2/unnamed-chunk-2-1.png" identifier="1260" type="webcontent">
      <file href="data/supplements_15_2/unnamed-chunk-2-1.png"/>
    </resource>
    <resource href="data/supplements_15_2/unnamed-chunk-3-1.png" identifier="1261" type="webcontent">
      <file href="data/supplements_15_2/unnamed-chunk-3-1.png"/>
    </resource>
    <resource href="data/supplements_16_1/unnamed-chunk-2-1.png" identifier="1262" type="webcontent">
      <file href="data/supplements_16_1/unnamed-chunk-2-1.png"/>
    </resource>
    <resource href="data/supplements_16_1/unnamed-chunk-3-1.png" identifier="1263" type="webcontent">
      <file href="data/supplements_16_1/unnamed-chunk-3-1.png"/>
    </resource>
    <resource href="data/supplements_16_2/unnamed-chunk-2-1.png" identifier="1264" type="webcontent">
      <file href="data/supplements_16_2/unnamed-chunk-2-1.png"/>
    </resource>
    <resource href="data/supplements_16_2/unnamed-chunk-3-1.png" identifier="1265" type="webcontent">
      <file href="data/supplements_16_2/unnamed-chunk-3-1.png"/>
    </resource>
    <resource href="data/supplements_17_1/unnamed-chunk-2-1.png" identifier="1266" type="webcontent">
      <file href="data/supplements_17_1/unnamed-chunk-2-1.png"/>
    </resource>
    <resource href="data/supplements_17_1/unnamed-chunk-3-1.png" identifier="1267" type="webcontent">
      <file href="data/supplements_17_1/unnamed-chunk-3-1.png"/>
    </resource>
    <resource href="data/supplements_17_2/unnamed-chunk-2-1.png" identifier="1268" type="webcontent">
      <file href="data/supplements_17_2/unnamed-chunk-2-1.png"/>
    </resource>
    <resource href="data/supplements_17_2/unnamed-chunk-3-1.png" identifier="1269" type="webcontent">
      <file href="data/supplements_17_2/unnamed-chunk-3-1.png"/>
    </resource>
    <resource href="data/supplements_18_1/unnamed-chunk-2-1.png" identifier="1270" type="webcontent">
      <file href="data/supplements_18_1/unnamed-chunk-2-1.png"/>
    </resource>
    <resource href="data/supplements_18_1/unnamed-chunk-3-1.png" identifier="1271" type="webcontent">
      <file href="data/supplements_18_1/unnamed-chunk-3-1.png"/>
    </resource>
    <resource href="data/supplements_18_2/unnamed-chunk-2-1.png" identifier="1272" type="webcontent">
      <file href="data/supplements_18_2/unnamed-chunk-2-1.png"/>
    </resource>
    <resource href="data/supplements_18_2/unnamed-chunk-3-1.png" identifier="1273" type="webcontent">
      <file href="data/supplements_18_2/unnamed-chunk-3-1.png"/>
    </resource>
    <resource href="data/supplements_19_1/unnamed-chunk-2-1.png" identifier="1274" type="webcontent">
      <file href="data/supplements_19_1/unnamed-chunk-2-1.png"/>
    </resource>
    <resource href="data/supplements_19_1/unnamed-chunk-3-1.png" identifier="1275" type="webcontent">
      <file href="data/supplements_19_1/unnamed-chunk-3-1.png"/>
    </resource>
    <resource href="data/supplements_19_2/unnamed-chunk-2-1.png" identifier="1276" type="webcontent">
      <file href="data/supplements_19_2/unnamed-chunk-2-1.png"/>
    </resource>
    <resource href="data/supplements_19_2/unnamed-chunk-3-1.png" identifier="1277" type="webcontent">
      <file href="data/supplements_19_2/unnamed-chunk-3-1.png"/>
    </resource>
    <resource href="data/supplements_2_1/unnamed-chunk-2-1.png" identifier="1278" type="webcontent">
      <file href="data/supplements_2_1/unnamed-chunk-2-1.png"/>
    </resource>
    <resource href="data/supplements_2_1/unnamed-chunk-3-1.png" identifier="1279" type="webcontent">
      <file href="data/supplements_2_1/unnamed-chunk-3-1.png"/>
    </resource>
    <resource href="data/supplements_2_2/unnamed-chunk-2-1.png" identifier="1280" type="webcontent">
      <file href="data/supplements_2_2/unnamed-chunk-2-1.png"/>
    </resource>
    <resource href="data/supplements_2_2/unnamed-chunk-3-1.png" identifier="1281" type="webcontent">
      <file href="data/supplements_2_2/unnamed-chunk-3-1.png"/>
    </resource>
    <resource href="data/supplements_20_1/unnamed-chunk-2-1.png" identifier="1282" type="webcontent">
      <file href="data/supplements_20_1/unnamed-chunk-2-1.png"/>
    </resource>
    <resource href="data/supplements_20_1/unnamed-chunk-3-1.png" identifier="1283" type="webcontent">
      <file href="data/supplements_20_1/unnamed-chunk-3-1.png"/>
    </resource>
    <resource href="data/supplements_20_2/unnamed-chunk-2-1.png" identifier="1284" type="webcontent">
      <file href="data/supplements_20_2/unnamed-chunk-2-1.png"/>
    </resource>
    <resource href="data/supplements_20_2/unnamed-chunk-3-1.png" identifier="1285" type="webcontent">
      <file href="data/supplements_20_2/unnamed-chunk-3-1.png"/>
    </resource>
    <resource href="data/supplements_3_1/unnamed-chunk-2-1.png" identifier="1286" type="webcontent">
      <file href="data/supplements_3_1/unnamed-chunk-2-1.png"/>
    </resource>
    <resource href="data/supplements_3_1/unnamed-chunk-3-1.png" identifier="1287" type="webcontent">
      <file href="data/supplements_3_1/unnamed-chunk-3-1.png"/>
    </resource>
    <resource href="data/supplements_3_2/unnamed-chunk-2-1.png" identifier="1288" type="webcontent">
      <file href="data/supplements_3_2/unnamed-chunk-2-1.png"/>
    </resource>
    <resource href="data/supplements_3_2/unnamed-chunk-3-1.png" identifier="1289" type="webcontent">
      <file href="data/supplements_3_2/unnamed-chunk-3-1.png"/>
    </resource>
    <resource href="data/supplements_4_1/unnamed-chunk-2-1.png" identifier="1290" type="webcontent">
      <file href="data/supplements_4_1/unnamed-chunk-2-1.png"/>
    </resource>
    <resource href="data/supplements_4_1/unnamed-chunk-3-1.png" identifier="1291" type="webcontent">
      <file href="data/supplements_4_1/unnamed-chunk-3-1.png"/>
    </resource>
    <resource href="data/supplements_4_2/unnamed-chunk-2-1.png" identifier="1292" type="webcontent">
      <file href="data/supplements_4_2/unnamed-chunk-2-1.png"/>
    </resource>
    <resource href="data/supplements_4_2/unnamed-chunk-3-1.png" identifier="1293" type="webcontent">
      <file href="data/supplements_4_2/unnamed-chunk-3-1.png"/>
    </resource>
    <resource href="data/supplements_5_1/unnamed-chunk-2-1.png" identifier="1294" type="webcontent">
      <file href="data/supplements_5_1/unnamed-chunk-2-1.png"/>
    </resource>
    <resource href="data/supplements_5_1/unnamed-chunk-3-1.png" identifier="1295" type="webcontent">
      <file href="data/supplements_5_1/unnamed-chunk-3-1.png"/>
    </resource>
    <resource href="data/supplements_5_2/unnamed-chunk-2-1.png" identifier="1296" type="webcontent">
      <file href="data/supplements_5_2/unnamed-chunk-2-1.png"/>
    </resource>
    <resource href="data/supplements_5_2/unnamed-chunk-3-1.png" identifier="1297" type="webcontent">
      <file href="data/supplements_5_2/unnamed-chunk-3-1.png"/>
    </resource>
    <resource href="data/supplements_6_1/unnamed-chunk-2-1.png" identifier="1298" type="webcontent">
      <file href="data/supplements_6_1/unnamed-chunk-2-1.png"/>
    </resource>
    <resource href="data/supplements_6_1/unnamed-chunk-3-1.png" identifier="1299" type="webcontent">
      <file href="data/supplements_6_1/unnamed-chunk-3-1.png"/>
    </resource>
    <resource href="data/supplements_6_2/unnamed-chunk-2-1.png" identifier="1300" type="webcontent">
      <file href="data/supplements_6_2/unnamed-chunk-2-1.png"/>
    </resource>
    <resource href="data/supplements_6_2/unnamed-chunk-3-1.png" identifier="1301" type="webcontent">
      <file href="data/supplements_6_2/unnamed-chunk-3-1.png"/>
    </resource>
    <resource href="data/supplements_7_1/unnamed-chunk-2-1.png" identifier="1302" type="webcontent">
      <file href="data/supplements_7_1/unnamed-chunk-2-1.png"/>
    </resource>
    <resource href="data/supplements_7_1/unnamed-chunk-3-1.png" identifier="1303" type="webcontent">
      <file href="data/supplements_7_1/unnamed-chunk-3-1.png"/>
    </resource>
    <resource href="data/supplements_7_2/unnamed-chunk-2-1.png" identifier="1304" type="webcontent">
      <file href="data/supplements_7_2/unnamed-chunk-2-1.png"/>
    </resource>
    <resource href="data/supplements_7_2/unnamed-chunk-3-1.png" identifier="1305" type="webcontent">
      <file href="data/supplements_7_2/unnamed-chunk-3-1.png"/>
    </resource>
    <resource href="data/supplements_8_1/unnamed-chunk-2-1.png" identifier="1306" type="webcontent">
      <file href="data/supplements_8_1/unnamed-chunk-2-1.png"/>
    </resource>
    <resource href="data/supplements_8_1/unnamed-chunk-3-1.png" identifier="1307" type="webcontent">
      <file href="data/supplements_8_1/unnamed-chunk-3-1.png"/>
    </resource>
    <resource href="data/supplements_8_2/unnamed-chunk-2-1.png" identifier="1308" type="webcontent">
      <file href="data/supplements_8_2/unnamed-chunk-2-1.png"/>
    </resource>
    <resource href="data/supplements_8_2/unnamed-chunk-3-1.png" identifier="1309" type="webcontent">
      <file href="data/supplements_8_2/unnamed-chunk-3-1.png"/>
    </resource>
    <resource href="data/supplements_9_1/unnamed-chunk-2-1.png" identifier="1310" type="webcontent">
      <file href="data/supplements_9_1/unnamed-chunk-2-1.png"/>
    </resource>
    <resource href="data/supplements_9_1/unnamed-chunk-3-1.png" identifier="1311" type="webcontent">
      <file href="data/supplements_9_1/unnamed-chunk-3-1.png"/>
    </resource>
    <resource href="data/supplements_9_2/unnamed-chunk-2-1.png" identifier="1312" type="webcontent">
      <file href="data/supplements_9_2/unnamed-chunk-2-1.png"/>
    </resource>
    <resource href="data/supplements_9_2/unnamed-chunk-3-1.png" identifier="1313" type="webcontent">
      <file href="data/supplements_9_2/unnamed-chunk-3-1.png"/>
    </resource>
  </resources>
</manifest>
