<?xml version="1.0" encoding="UTF-8"?>
<!DOCTYPE questestinterop SYSTEM "ims_qtiasiv1p2p1.dtd">

<questestinterop>
<assessment ident="u17_01_percent_of_940250659" title="u17_01_percent_of">

<qtimetadata>
<qtimetadatafield>
<fieldlabel>cc_maxattempts</fieldlabel>
<fieldentry>10</fieldentry>
</qtimetadatafield>
<qtimetadatafield>
<fieldlabel>qmd_assessmenttype</fieldlabel>
<fieldentry>Assessment</fieldentry>
</qtimetadatafield>
</qtimetadata>
<objectives>
<material>
<mattext><![CDATA[Please solve the following exercises.]]></mattext>
</material>
</objectives>
<assessmentcontrol feedbackswitch="No" hintswitch="No" solutionswitch="Yes"/>
<outcomes_processing scoremodel="SumOfScores">
<outcomes>
<decvar varname="SCORE" vartype="Decimal" cutvalue="0"/>
</outcomes>
</outcomes_processing>
<assessfeedback title="AssessmentFeedback" ident="AssessmentFeedback">
<flow_mat>
<material>
<mattext>##AssessmentFeedback##</mattext>
</material>
</flow_mat>
</assessfeedback>

<section ident="u17_01_percent_of_940250659_section_1" title="Exercise">

<objectives>
<material>
<mattext><![CDATA[Please answer the following question.]]></mattext>
</material>
</objectives>
<selection_ordering>
<selection>
<selection_number>1</selection_number>
<selection_extension>
<points_per_item>2</points_per_item>
</selection_extension>
</selection>
<order order_type="Random"/>
</selection_ordering>

<item ident="u17_01_percent_of_940250659_section_1_item_01_num" title="Question" maxattempts="10">
<itemcontrol feedbackswitch="No" hintswitch="No" solutionswitch="Yes"/>
<itemmetadata>
<qtimetadata>
<qtimetadatafield>
<fieldlabel>question_type</fieldlabel>
<fieldentry>numerical_question</fieldentry>
</qtimetadatafield>
</qtimetadata>
</itemmetadata>
<presentation>
<flow>
<material>
<matbreak/>
<mattext texttype="text/html" charset="utf-8"><![CDATA[
<p>What is 0.626% of 3.43?</p>
]]></mattext>
<matbreak/>
</material>
<response_num ident="u17_01_percent_of_940250659_section_1_item_01_num_RESPONSE_9959741" rcardinality="Single" numtype="Decimal">
<render_fib fibtype="Decimal" maxchars="12">
<flow_label class="Block">
<response_label ident="u17_01_percent_of_940250659_section_1_item_01_num_RESPONSE_9959741" rshuffle="No"/>
</flow_label>
</render_fib>
</response_num>
<material>
<matbreak/>
</material>
</flow>
</presentation>
<resprocessing>
<outcomes>
<decvar varname="SCORE" vartype="Decimal" defaultval="0" minvalue="0" maxvalue="2" cutvalue="2"/>
</outcomes>
<respcondition title="Mastery" continue="No">
<conditionvar>

<or>
<varequal respident="u17_01_percent_of_940250659_section_1_item_01_num_RESPONSE_9959741" case="No"><![CDATA[0.0214718]]></varequal>
<and>
<vargte respident="u17_01_percent_of_940250659_section_1_item_01_num_RESPONSE_9959741"><![CDATA[0.0213718]]></vargte>
<varlte respident="u17_01_percent_of_940250659_section_1_item_01_num_RESPONSE_9959741"><![CDATA[0.0215718]]></varlte>
</and>
</or>
</conditionvar>
<setvar varname="SCORE" action="Set">2</setvar>
<displayfeedback feedbacktype="Response" linkrefid="correct_fb"/>
</respcondition>
<respcondition continue="Yes">
<conditionvar>
<other/>
</conditionvar>
<displayfeedback feedbacktype="Response" linkrefid="general_incorrect_fb"/>
</respcondition>
</resprocessing>
<itemfeedback ident="correct_fb" view="All">
<flow_mat>
<material>
<mattext texttype="text/html"><![CDATA[
<p>For a “percent of” question, the scale factor is simply the given percentage number divided by 100.</p>
<p>Determine that the scale factor equals 0.00626 and multiply it by the given value.</p>
<p><math display="block" xmlns="http://www.w3.org/1998/Math/MathML"><semantics><mrow><mn>0.00626</mn><mo>⋅</mo><mn>3.43</mn><mspace width="0.222em"></mspace><mo>=</mo><mspace width="0.222em"></mspace><mn>0.0214718</mn></mrow><annotation encoding="application/x-tex">0.00626\cdot 3.43 ~=~ 0.0214718</annotation></semantics></math></p>
]]></mattext>
</material>
</flow_mat>
</itemfeedback>
<itemfeedback ident="general_incorrect_fb" view="All">
<flow_mat>
<material>
<mattext texttype="text/html"><![CDATA[
<p>For a “percent of” question, the scale factor is simply the given percentage number divided by 100.</p>
<p>Determine that the scale factor equals 0.00626 and multiply it by the given value.</p>
<p><math display="block" xmlns="http://www.w3.org/1998/Math/MathML"><semantics><mrow><mn>0.00626</mn><mo>⋅</mo><mn>3.43</mn><mspace width="0.222em"></mspace><mo>=</mo><mspace width="0.222em"></mspace><mn>0.0214718</mn></mrow><annotation encoding="application/x-tex">0.00626\cdot 3.43 ~=~ 0.0214718</annotation></semantics></math></p>
]]></mattext>
</material>
</flow_mat>
</itemfeedback>
</item>

<item ident="u17_01_percent_of_940250659_section_1_item_02_num" title="Question" maxattempts="10">
<itemcontrol feedbackswitch="No" hintswitch="No" solutionswitch="Yes"/>
<itemmetadata>
<qtimetadata>
<qtimetadatafield>
<fieldlabel>question_type</fieldlabel>
<fieldentry>numerical_question</fieldentry>
</qtimetadatafield>
</qtimetadata>
</itemmetadata>
<presentation>
<flow>
<material>
<matbreak/>
<mattext texttype="text/html" charset="utf-8"><![CDATA[
<p>What is 0.946% of 10.6?</p>
]]></mattext>
<matbreak/>
</material>
<response_num ident="u17_01_percent_of_940250659_section_1_item_02_num_RESPONSE_6902773" rcardinality="Single" numtype="Decimal">
<render_fib fibtype="Decimal" maxchars="12">
<flow_label class="Block">
<response_label ident="u17_01_percent_of_940250659_section_1_item_02_num_RESPONSE_6902773" rshuffle="No"/>
</flow_label>
</render_fib>
</response_num>
<material>
<matbreak/>
</material>
</flow>
</presentation>
<resprocessing>
<outcomes>
<decvar varname="SCORE" vartype="Decimal" defaultval="0" minvalue="0" maxvalue="2" cutvalue="2"/>
</outcomes>
<respcondition title="Mastery" continue="No">
<conditionvar>

<or>
<varequal respident="u17_01_percent_of_940250659_section_1_item_02_num_RESPONSE_6902773" case="No"><![CDATA[0.100276]]></varequal>
<and>
<vargte respident="u17_01_percent_of_940250659_section_1_item_02_num_RESPONSE_6902773"><![CDATA[0.099276]]></vargte>
<varlte respident="u17_01_percent_of_940250659_section_1_item_02_num_RESPONSE_6902773"><![CDATA[0.101276]]></varlte>
</and>
</or>
</conditionvar>
<setvar varname="SCORE" action="Set">2</setvar>
<displayfeedback feedbacktype="Response" linkrefid="correct_fb"/>
</respcondition>
<respcondition continue="Yes">
<conditionvar>
<other/>
</conditionvar>
<displayfeedback feedbacktype="Response" linkrefid="general_incorrect_fb"/>
</respcondition>
</resprocessing>
<itemfeedback ident="correct_fb" view="All">
<flow_mat>
<material>
<mattext texttype="text/html"><![CDATA[
<p>For a “percent of” question, the scale factor is simply the given percentage number divided by 100.</p>
<p>Determine that the scale factor equals 0.00946 and multiply it by the given value.</p>
<p><math display="block" xmlns="http://www.w3.org/1998/Math/MathML"><semantics><mrow><mn>0.00946</mn><mo>⋅</mo><mn>10.6</mn><mspace width="0.222em"></mspace><mo>=</mo><mspace width="0.222em"></mspace><mn>0.100276</mn></mrow><annotation encoding="application/x-tex">0.00946\cdot 10.6 ~=~ 0.100276</annotation></semantics></math></p>
]]></mattext>
</material>
</flow_mat>
</itemfeedback>
<itemfeedback ident="general_incorrect_fb" view="All">
<flow_mat>
<material>
<mattext texttype="text/html"><![CDATA[
<p>For a “percent of” question, the scale factor is simply the given percentage number divided by 100.</p>
<p>Determine that the scale factor equals 0.00946 and multiply it by the given value.</p>
<p><math display="block" xmlns="http://www.w3.org/1998/Math/MathML"><semantics><mrow><mn>0.00946</mn><mo>⋅</mo><mn>10.6</mn><mspace width="0.222em"></mspace><mo>=</mo><mspace width="0.222em"></mspace><mn>0.100276</mn></mrow><annotation encoding="application/x-tex">0.00946\cdot 10.6 ~=~ 0.100276</annotation></semantics></math></p>
]]></mattext>
</material>
</flow_mat>
</itemfeedback>
</item>

<item ident="u17_01_percent_of_940250659_section_1_item_03_num" title="Question" maxattempts="10">
<itemcontrol feedbackswitch="No" hintswitch="No" solutionswitch="Yes"/>
<itemmetadata>
<qtimetadata>
<qtimetadatafield>
<fieldlabel>question_type</fieldlabel>
<fieldentry>numerical_question</fieldentry>
</qtimetadatafield>
</qtimetadata>
</itemmetadata>
<presentation>
<flow>
<material>
<matbreak/>
<mattext texttype="text/html" charset="utf-8"><![CDATA[
<p>What is 473% of 5.07?</p>
]]></mattext>
<matbreak/>
</material>
<response_num ident="u17_01_percent_of_940250659_section_1_item_03_num_RESPONSE_9521572" rcardinality="Single" numtype="Decimal">
<render_fib fibtype="Decimal" maxchars="12">
<flow_label class="Block">
<response_label ident="u17_01_percent_of_940250659_section_1_item_03_num_RESPONSE_9521572" rshuffle="No"/>
</flow_label>
</render_fib>
</response_num>
<material>
<matbreak/>
</material>
</flow>
</presentation>
<resprocessing>
<outcomes>
<decvar varname="SCORE" vartype="Decimal" defaultval="0" minvalue="0" maxvalue="2" cutvalue="2"/>
</outcomes>
<respcondition title="Mastery" continue="No">
<conditionvar>

<or>
<varequal respident="u17_01_percent_of_940250659_section_1_item_03_num_RESPONSE_9521572" case="No"><![CDATA[23.9811]]></varequal>
<and>
<vargte respident="u17_01_percent_of_940250659_section_1_item_03_num_RESPONSE_9521572"><![CDATA[23.8811]]></vargte>
<varlte respident="u17_01_percent_of_940250659_section_1_item_03_num_RESPONSE_9521572"><![CDATA[24.0811]]></varlte>
</and>
</or>
</conditionvar>
<setvar varname="SCORE" action="Set">2</setvar>
<displayfeedback feedbacktype="Response" linkrefid="correct_fb"/>
</respcondition>
<respcondition continue="Yes">
<conditionvar>
<other/>
</conditionvar>
<displayfeedback feedbacktype="Response" linkrefid="general_incorrect_fb"/>
</respcondition>
</resprocessing>
<itemfeedback ident="correct_fb" view="All">
<flow_mat>
<material>
<mattext texttype="text/html"><![CDATA[
<p>For a “percent of” question, the scale factor is simply the given percentage number divided by 100.</p>
<p>Determine that the scale factor equals 4.73 and multiply it by the given value.</p>
<p><math display="block" xmlns="http://www.w3.org/1998/Math/MathML"><semantics><mrow><mn>4.73</mn><mo>⋅</mo><mn>5.07</mn><mspace width="0.222em"></mspace><mo>=</mo><mspace width="0.222em"></mspace><mn>23.9811</mn></mrow><annotation encoding="application/x-tex">4.73\cdot 5.07 ~=~ 23.9811</annotation></semantics></math></p>
]]></mattext>
</material>
</flow_mat>
</itemfeedback>
<itemfeedback ident="general_incorrect_fb" view="All">
<flow_mat>
<material>
<mattext texttype="text/html"><![CDATA[
<p>For a “percent of” question, the scale factor is simply the given percentage number divided by 100.</p>
<p>Determine that the scale factor equals 4.73 and multiply it by the given value.</p>
<p><math display="block" xmlns="http://www.w3.org/1998/Math/MathML"><semantics><mrow><mn>4.73</mn><mo>⋅</mo><mn>5.07</mn><mspace width="0.222em"></mspace><mo>=</mo><mspace width="0.222em"></mspace><mn>23.9811</mn></mrow><annotation encoding="application/x-tex">4.73\cdot 5.07 ~=~ 23.9811</annotation></semantics></math></p>
]]></mattext>
</material>
</flow_mat>
</itemfeedback>
</item>

<item ident="u17_01_percent_of_940250659_section_1_item_04_num" title="Question" maxattempts="10">
<itemcontrol feedbackswitch="No" hintswitch="No" solutionswitch="Yes"/>
<itemmetadata>
<qtimetadata>
<qtimetadatafield>
<fieldlabel>question_type</fieldlabel>
<fieldentry>numerical_question</fieldentry>
</qtimetadatafield>
</qtimetadata>
</itemmetadata>
<presentation>
<flow>
<material>
<matbreak/>
<mattext texttype="text/html" charset="utf-8"><![CDATA[
<p>What is 44.6% of 66.2?</p>
]]></mattext>
<matbreak/>
</material>
<response_num ident="u17_01_percent_of_940250659_section_1_item_04_num_RESPONSE_7489165" rcardinality="Single" numtype="Decimal">
<render_fib fibtype="Decimal" maxchars="12">
<flow_label class="Block">
<response_label ident="u17_01_percent_of_940250659_section_1_item_04_num_RESPONSE_7489165" rshuffle="No"/>
</flow_label>
</render_fib>
</response_num>
<material>
<matbreak/>
</material>
</flow>
</presentation>
<resprocessing>
<outcomes>
<decvar varname="SCORE" vartype="Decimal" defaultval="0" minvalue="0" maxvalue="2" cutvalue="2"/>
</outcomes>
<respcondition title="Mastery" continue="No">
<conditionvar>

<or>
<varequal respident="u17_01_percent_of_940250659_section_1_item_04_num_RESPONSE_7489165" case="No"><![CDATA[29.5252]]></varequal>
<and>
<vargte respident="u17_01_percent_of_940250659_section_1_item_04_num_RESPONSE_7489165"><![CDATA[29.4252]]></vargte>
<varlte respident="u17_01_percent_of_940250659_section_1_item_04_num_RESPONSE_7489165"><![CDATA[29.6252]]></varlte>
</and>
</or>
</conditionvar>
<setvar varname="SCORE" action="Set">2</setvar>
<displayfeedback feedbacktype="Response" linkrefid="correct_fb"/>
</respcondition>
<respcondition continue="Yes">
<conditionvar>
<other/>
</conditionvar>
<displayfeedback feedbacktype="Response" linkrefid="general_incorrect_fb"/>
</respcondition>
</resprocessing>
<itemfeedback ident="correct_fb" view="All">
<flow_mat>
<material>
<mattext texttype="text/html"><![CDATA[
<p>For a “percent of” question, the scale factor is simply the given percentage number divided by 100.</p>
<p>Determine that the scale factor equals 0.446 and multiply it by the given value.</p>
<p><math display="block" xmlns="http://www.w3.org/1998/Math/MathML"><semantics><mrow><mn>0.446</mn><mo>⋅</mo><mn>66.2</mn><mspace width="0.222em"></mspace><mo>=</mo><mspace width="0.222em"></mspace><mn>29.5252</mn></mrow><annotation encoding="application/x-tex">0.446\cdot 66.2 ~=~ 29.5252</annotation></semantics></math></p>
]]></mattext>
</material>
</flow_mat>
</itemfeedback>
<itemfeedback ident="general_incorrect_fb" view="All">
<flow_mat>
<material>
<mattext texttype="text/html"><![CDATA[
<p>For a “percent of” question, the scale factor is simply the given percentage number divided by 100.</p>
<p>Determine that the scale factor equals 0.446 and multiply it by the given value.</p>
<p><math display="block" xmlns="http://www.w3.org/1998/Math/MathML"><semantics><mrow><mn>0.446</mn><mo>⋅</mo><mn>66.2</mn><mspace width="0.222em"></mspace><mo>=</mo><mspace width="0.222em"></mspace><mn>29.5252</mn></mrow><annotation encoding="application/x-tex">0.446\cdot 66.2 ~=~ 29.5252</annotation></semantics></math></p>
]]></mattext>
</material>
</flow_mat>
</itemfeedback>
</item>

<item ident="u17_01_percent_of_940250659_section_1_item_05_num" title="Question" maxattempts="10">
<itemcontrol feedbackswitch="No" hintswitch="No" solutionswitch="Yes"/>
<itemmetadata>
<qtimetadata>
<qtimetadatafield>
<fieldlabel>question_type</fieldlabel>
<fieldentry>numerical_question</fieldentry>
</qtimetadatafield>
</qtimetadata>
</itemmetadata>
<presentation>
<flow>
<material>
<matbreak/>
<mattext texttype="text/html" charset="utf-8"><![CDATA[
<p>What is 397% of 794?</p>
]]></mattext>
<matbreak/>
</material>
<response_num ident="u17_01_percent_of_940250659_section_1_item_05_num_RESPONSE_5916229" rcardinality="Single" numtype="Decimal">
<render_fib fibtype="Decimal" maxchars="12">
<flow_label class="Block">
<response_label ident="u17_01_percent_of_940250659_section_1_item_05_num_RESPONSE_5916229" rshuffle="No"/>
</flow_label>
</render_fib>
</response_num>
<material>
<matbreak/>
</material>
</flow>
</presentation>
<resprocessing>
<outcomes>
<decvar varname="SCORE" vartype="Decimal" defaultval="0" minvalue="0" maxvalue="2" cutvalue="2"/>
</outcomes>
<respcondition title="Mastery" continue="No">
<conditionvar>

<or>
<varequal respident="u17_01_percent_of_940250659_section_1_item_05_num_RESPONSE_5916229" case="No"><![CDATA[3152.18]]></varequal>
<and>
<vargte respident="u17_01_percent_of_940250659_section_1_item_05_num_RESPONSE_5916229"><![CDATA[3142.18]]></vargte>
<varlte respident="u17_01_percent_of_940250659_section_1_item_05_num_RESPONSE_5916229"><![CDATA[3162.18]]></varlte>
</and>
</or>
</conditionvar>
<setvar varname="SCORE" action="Set">2</setvar>
<displayfeedback feedbacktype="Response" linkrefid="correct_fb"/>
</respcondition>
<respcondition continue="Yes">
<conditionvar>
<other/>
</conditionvar>
<displayfeedback feedbacktype="Response" linkrefid="general_incorrect_fb"/>
</respcondition>
</resprocessing>
<itemfeedback ident="correct_fb" view="All">
<flow_mat>
<material>
<mattext texttype="text/html"><![CDATA[
<p>For a “percent of” question, the scale factor is simply the given percentage number divided by 100.</p>
<p>Determine that the scale factor equals 3.97 and multiply it by the given value.</p>
<p><math display="block" xmlns="http://www.w3.org/1998/Math/MathML"><semantics><mrow><mn>3.97</mn><mo>⋅</mo><mn>794</mn><mspace width="0.222em"></mspace><mo>=</mo><mspace width="0.222em"></mspace><mn>3152.18</mn></mrow><annotation encoding="application/x-tex">3.97\cdot 794 ~=~ 3152.18</annotation></semantics></math></p>
]]></mattext>
</material>
</flow_mat>
</itemfeedback>
<itemfeedback ident="general_incorrect_fb" view="All">
<flow_mat>
<material>
<mattext texttype="text/html"><![CDATA[
<p>For a “percent of” question, the scale factor is simply the given percentage number divided by 100.</p>
<p>Determine that the scale factor equals 3.97 and multiply it by the given value.</p>
<p><math display="block" xmlns="http://www.w3.org/1998/Math/MathML"><semantics><mrow><mn>3.97</mn><mo>⋅</mo><mn>794</mn><mspace width="0.222em"></mspace><mo>=</mo><mspace width="0.222em"></mspace><mn>3152.18</mn></mrow><annotation encoding="application/x-tex">3.97\cdot 794 ~=~ 3152.18</annotation></semantics></math></p>
]]></mattext>
</material>
</flow_mat>
</itemfeedback>
</item>

<item ident="u17_01_percent_of_940250659_section_1_item_06_num" title="Question" maxattempts="10">
<itemcontrol feedbackswitch="No" hintswitch="No" solutionswitch="Yes"/>
<itemmetadata>
<qtimetadata>
<qtimetadatafield>
<fieldlabel>question_type</fieldlabel>
<fieldentry>numerical_question</fieldentry>
</qtimetadatafield>
</qtimetadata>
</itemmetadata>
<presentation>
<flow>
<material>
<matbreak/>
<mattext texttype="text/html" charset="utf-8"><![CDATA[
<p>What is 298% of 9.37?</p>
]]></mattext>
<matbreak/>
</material>
<response_num ident="u17_01_percent_of_940250659_section_1_item_06_num_RESPONSE_5313208" rcardinality="Single" numtype="Decimal">
<render_fib fibtype="Decimal" maxchars="12">
<flow_label class="Block">
<response_label ident="u17_01_percent_of_940250659_section_1_item_06_num_RESPONSE_5313208" rshuffle="No"/>
</flow_label>
</render_fib>
</response_num>
<material>
<matbreak/>
</material>
</flow>
</presentation>
<resprocessing>
<outcomes>
<decvar varname="SCORE" vartype="Decimal" defaultval="0" minvalue="0" maxvalue="2" cutvalue="2"/>
</outcomes>
<respcondition title="Mastery" continue="No">
<conditionvar>

<or>
<varequal respident="u17_01_percent_of_940250659_section_1_item_06_num_RESPONSE_5313208" case="No"><![CDATA[27.9226]]></varequal>
<and>
<vargte respident="u17_01_percent_of_940250659_section_1_item_06_num_RESPONSE_5313208"><![CDATA[27.8226]]></vargte>
<varlte respident="u17_01_percent_of_940250659_section_1_item_06_num_RESPONSE_5313208"><![CDATA[28.0226]]></varlte>
</and>
</or>
</conditionvar>
<setvar varname="SCORE" action="Set">2</setvar>
<displayfeedback feedbacktype="Response" linkrefid="correct_fb"/>
</respcondition>
<respcondition continue="Yes">
<conditionvar>
<other/>
</conditionvar>
<displayfeedback feedbacktype="Response" linkrefid="general_incorrect_fb"/>
</respcondition>
</resprocessing>
<itemfeedback ident="correct_fb" view="All">
<flow_mat>
<material>
<mattext texttype="text/html"><![CDATA[
<p>For a “percent of” question, the scale factor is simply the given percentage number divided by 100.</p>
<p>Determine that the scale factor equals 2.98 and multiply it by the given value.</p>
<p><math display="block" xmlns="http://www.w3.org/1998/Math/MathML"><semantics><mrow><mn>2.98</mn><mo>⋅</mo><mn>9.37</mn><mspace width="0.222em"></mspace><mo>=</mo><mspace width="0.222em"></mspace><mn>27.9226</mn></mrow><annotation encoding="application/x-tex">2.98\cdot 9.37 ~=~ 27.9226</annotation></semantics></math></p>
]]></mattext>
</material>
</flow_mat>
</itemfeedback>
<itemfeedback ident="general_incorrect_fb" view="All">
<flow_mat>
<material>
<mattext texttype="text/html"><![CDATA[
<p>For a “percent of” question, the scale factor is simply the given percentage number divided by 100.</p>
<p>Determine that the scale factor equals 2.98 and multiply it by the given value.</p>
<p><math display="block" xmlns="http://www.w3.org/1998/Math/MathML"><semantics><mrow><mn>2.98</mn><mo>⋅</mo><mn>9.37</mn><mspace width="0.222em"></mspace><mo>=</mo><mspace width="0.222em"></mspace><mn>27.9226</mn></mrow><annotation encoding="application/x-tex">2.98\cdot 9.37 ~=~ 27.9226</annotation></semantics></math></p>
]]></mattext>
</material>
</flow_mat>
</itemfeedback>
</item>

<item ident="u17_01_percent_of_940250659_section_1_item_07_num" title="Question" maxattempts="10">
<itemcontrol feedbackswitch="No" hintswitch="No" solutionswitch="Yes"/>
<itemmetadata>
<qtimetadata>
<qtimetadatafield>
<fieldlabel>question_type</fieldlabel>
<fieldentry>numerical_question</fieldentry>
</qtimetadatafield>
</qtimetadata>
</itemmetadata>
<presentation>
<flow>
<material>
<matbreak/>
<mattext texttype="text/html" charset="utf-8"><![CDATA[
<p>What is 72.3% of 8.32?</p>
]]></mattext>
<matbreak/>
</material>
<response_num ident="u17_01_percent_of_940250659_section_1_item_07_num_RESPONSE_1083754" rcardinality="Single" numtype="Decimal">
<render_fib fibtype="Decimal" maxchars="12">
<flow_label class="Block">
<response_label ident="u17_01_percent_of_940250659_section_1_item_07_num_RESPONSE_1083754" rshuffle="No"/>
</flow_label>
</render_fib>
</response_num>
<material>
<matbreak/>
</material>
</flow>
</presentation>
<resprocessing>
<outcomes>
<decvar varname="SCORE" vartype="Decimal" defaultval="0" minvalue="0" maxvalue="2" cutvalue="2"/>
</outcomes>
<respcondition title="Mastery" continue="No">
<conditionvar>

<or>
<varequal respident="u17_01_percent_of_940250659_section_1_item_07_num_RESPONSE_1083754" case="No"><![CDATA[6.01536]]></varequal>
<and>
<vargte respident="u17_01_percent_of_940250659_section_1_item_07_num_RESPONSE_1083754"><![CDATA[6.00536]]></vargte>
<varlte respident="u17_01_percent_of_940250659_section_1_item_07_num_RESPONSE_1083754"><![CDATA[6.02536]]></varlte>
</and>
</or>
</conditionvar>
<setvar varname="SCORE" action="Set">2</setvar>
<displayfeedback feedbacktype="Response" linkrefid="correct_fb"/>
</respcondition>
<respcondition continue="Yes">
<conditionvar>
<other/>
</conditionvar>
<displayfeedback feedbacktype="Response" linkrefid="general_incorrect_fb"/>
</respcondition>
</resprocessing>
<itemfeedback ident="correct_fb" view="All">
<flow_mat>
<material>
<mattext texttype="text/html"><![CDATA[
<p>For a “percent of” question, the scale factor is simply the given percentage number divided by 100.</p>
<p>Determine that the scale factor equals 0.723 and multiply it by the given value.</p>
<p><math display="block" xmlns="http://www.w3.org/1998/Math/MathML"><semantics><mrow><mn>0.723</mn><mo>⋅</mo><mn>8.32</mn><mspace width="0.222em"></mspace><mo>=</mo><mspace width="0.222em"></mspace><mn>6.01536</mn></mrow><annotation encoding="application/x-tex">0.723\cdot 8.32 ~=~ 6.01536</annotation></semantics></math></p>
]]></mattext>
</material>
</flow_mat>
</itemfeedback>
<itemfeedback ident="general_incorrect_fb" view="All">
<flow_mat>
<material>
<mattext texttype="text/html"><![CDATA[
<p>For a “percent of” question, the scale factor is simply the given percentage number divided by 100.</p>
<p>Determine that the scale factor equals 0.723 and multiply it by the given value.</p>
<p><math display="block" xmlns="http://www.w3.org/1998/Math/MathML"><semantics><mrow><mn>0.723</mn><mo>⋅</mo><mn>8.32</mn><mspace width="0.222em"></mspace><mo>=</mo><mspace width="0.222em"></mspace><mn>6.01536</mn></mrow><annotation encoding="application/x-tex">0.723\cdot 8.32 ~=~ 6.01536</annotation></semantics></math></p>
]]></mattext>
</material>
</flow_mat>
</itemfeedback>
</item>

<item ident="u17_01_percent_of_940250659_section_1_item_08_num" title="Question" maxattempts="10">
<itemcontrol feedbackswitch="No" hintswitch="No" solutionswitch="Yes"/>
<itemmetadata>
<qtimetadata>
<qtimetadatafield>
<fieldlabel>question_type</fieldlabel>
<fieldentry>numerical_question</fieldentry>
</qtimetadatafield>
</qtimetadata>
</itemmetadata>
<presentation>
<flow>
<material>
<matbreak/>
<mattext texttype="text/html" charset="utf-8"><![CDATA[
<p>What is 0.738% of 95.1?</p>
]]></mattext>
<matbreak/>
</material>
<response_num ident="u17_01_percent_of_940250659_section_1_item_08_num_RESPONSE_7707642" rcardinality="Single" numtype="Decimal">
<render_fib fibtype="Decimal" maxchars="12">
<flow_label class="Block">
<response_label ident="u17_01_percent_of_940250659_section_1_item_08_num_RESPONSE_7707642" rshuffle="No"/>
</flow_label>
</render_fib>
</response_num>
<material>
<matbreak/>
</material>
</flow>
</presentation>
<resprocessing>
<outcomes>
<decvar varname="SCORE" vartype="Decimal" defaultval="0" minvalue="0" maxvalue="2" cutvalue="2"/>
</outcomes>
<respcondition title="Mastery" continue="No">
<conditionvar>

<or>
<varequal respident="u17_01_percent_of_940250659_section_1_item_08_num_RESPONSE_7707642" case="No"><![CDATA[0.701838]]></varequal>
<and>
<vargte respident="u17_01_percent_of_940250659_section_1_item_08_num_RESPONSE_7707642"><![CDATA[0.700838]]></vargte>
<varlte respident="u17_01_percent_of_940250659_section_1_item_08_num_RESPONSE_7707642"><![CDATA[0.702838]]></varlte>
</and>
</or>
</conditionvar>
<setvar varname="SCORE" action="Set">2</setvar>
<displayfeedback feedbacktype="Response" linkrefid="correct_fb"/>
</respcondition>
<respcondition continue="Yes">
<conditionvar>
<other/>
</conditionvar>
<displayfeedback feedbacktype="Response" linkrefid="general_incorrect_fb"/>
</respcondition>
</resprocessing>
<itemfeedback ident="correct_fb" view="All">
<flow_mat>
<material>
<mattext texttype="text/html"><![CDATA[
<p>For a “percent of” question, the scale factor is simply the given percentage number divided by 100.</p>
<p>Determine that the scale factor equals 0.00738 and multiply it by the given value.</p>
<p><math display="block" xmlns="http://www.w3.org/1998/Math/MathML"><semantics><mrow><mn>0.00738</mn><mo>⋅</mo><mn>95.1</mn><mspace width="0.222em"></mspace><mo>=</mo><mspace width="0.222em"></mspace><mn>0.701838</mn></mrow><annotation encoding="application/x-tex">0.00738\cdot 95.1 ~=~ 0.701838</annotation></semantics></math></p>
]]></mattext>
</material>
</flow_mat>
</itemfeedback>
<itemfeedback ident="general_incorrect_fb" view="All">
<flow_mat>
<material>
<mattext texttype="text/html"><![CDATA[
<p>For a “percent of” question, the scale factor is simply the given percentage number divided by 100.</p>
<p>Determine that the scale factor equals 0.00738 and multiply it by the given value.</p>
<p><math display="block" xmlns="http://www.w3.org/1998/Math/MathML"><semantics><mrow><mn>0.00738</mn><mo>⋅</mo><mn>95.1</mn><mspace width="0.222em"></mspace><mo>=</mo><mspace width="0.222em"></mspace><mn>0.701838</mn></mrow><annotation encoding="application/x-tex">0.00738\cdot 95.1 ~=~ 0.701838</annotation></semantics></math></p>
]]></mattext>
</material>
</flow_mat>
</itemfeedback>
</item>

<item ident="u17_01_percent_of_940250659_section_1_item_09_num" title="Question" maxattempts="10">
<itemcontrol feedbackswitch="No" hintswitch="No" solutionswitch="Yes"/>
<itemmetadata>
<qtimetadata>
<qtimetadatafield>
<fieldlabel>question_type</fieldlabel>
<fieldentry>numerical_question</fieldentry>
</qtimetadatafield>
</qtimetadata>
</itemmetadata>
<presentation>
<flow>
<material>
<matbreak/>
<mattext texttype="text/html" charset="utf-8"><![CDATA[
<p>What is 8.61% of 58.3?</p>
]]></mattext>
<matbreak/>
</material>
<response_num ident="u17_01_percent_of_940250659_section_1_item_09_num_RESPONSE_5834907" rcardinality="Single" numtype="Decimal">
<render_fib fibtype="Decimal" maxchars="12">
<flow_label class="Block">
<response_label ident="u17_01_percent_of_940250659_section_1_item_09_num_RESPONSE_5834907" rshuffle="No"/>
</flow_label>
</render_fib>
</response_num>
<material>
<matbreak/>
</material>
</flow>
</presentation>
<resprocessing>
<outcomes>
<decvar varname="SCORE" vartype="Decimal" defaultval="0" minvalue="0" maxvalue="2" cutvalue="2"/>
</outcomes>
<respcondition title="Mastery" continue="No">
<conditionvar>

<or>
<varequal respident="u17_01_percent_of_940250659_section_1_item_09_num_RESPONSE_5834907" case="No"><![CDATA[5.01963]]></varequal>
<and>
<vargte respident="u17_01_percent_of_940250659_section_1_item_09_num_RESPONSE_5834907"><![CDATA[5.00963]]></vargte>
<varlte respident="u17_01_percent_of_940250659_section_1_item_09_num_RESPONSE_5834907"><![CDATA[5.02963]]></varlte>
</and>
</or>
</conditionvar>
<setvar varname="SCORE" action="Set">2</setvar>
<displayfeedback feedbacktype="Response" linkrefid="correct_fb"/>
</respcondition>
<respcondition continue="Yes">
<conditionvar>
<other/>
</conditionvar>
<displayfeedback feedbacktype="Response" linkrefid="general_incorrect_fb"/>
</respcondition>
</resprocessing>
<itemfeedback ident="correct_fb" view="All">
<flow_mat>
<material>
<mattext texttype="text/html"><![CDATA[
<p>For a “percent of” question, the scale factor is simply the given percentage number divided by 100.</p>
<p>Determine that the scale factor equals 0.0861 and multiply it by the given value.</p>
<p><math display="block" xmlns="http://www.w3.org/1998/Math/MathML"><semantics><mrow><mn>0.0861</mn><mo>⋅</mo><mn>58.3</mn><mspace width="0.222em"></mspace><mo>=</mo><mspace width="0.222em"></mspace><mn>5.01963</mn></mrow><annotation encoding="application/x-tex">0.0861\cdot 58.3 ~=~ 5.01963</annotation></semantics></math></p>
]]></mattext>
</material>
</flow_mat>
</itemfeedback>
<itemfeedback ident="general_incorrect_fb" view="All">
<flow_mat>
<material>
<mattext texttype="text/html"><![CDATA[
<p>For a “percent of” question, the scale factor is simply the given percentage number divided by 100.</p>
<p>Determine that the scale factor equals 0.0861 and multiply it by the given value.</p>
<p><math display="block" xmlns="http://www.w3.org/1998/Math/MathML"><semantics><mrow><mn>0.0861</mn><mo>⋅</mo><mn>58.3</mn><mspace width="0.222em"></mspace><mo>=</mo><mspace width="0.222em"></mspace><mn>5.01963</mn></mrow><annotation encoding="application/x-tex">0.0861\cdot 58.3 ~=~ 5.01963</annotation></semantics></math></p>
]]></mattext>
</material>
</flow_mat>
</itemfeedback>
</item>

<item ident="u17_01_percent_of_940250659_section_1_item_10_num" title="Question" maxattempts="10">
<itemcontrol feedbackswitch="No" hintswitch="No" solutionswitch="Yes"/>
<itemmetadata>
<qtimetadata>
<qtimetadatafield>
<fieldlabel>question_type</fieldlabel>
<fieldentry>numerical_question</fieldentry>
</qtimetadatafield>
</qtimetadata>
</itemmetadata>
<presentation>
<flow>
<material>
<matbreak/>
<mattext texttype="text/html" charset="utf-8"><![CDATA[
<p>What is 2.47% of 9.35?</p>
]]></mattext>
<matbreak/>
</material>
<response_num ident="u17_01_percent_of_940250659_section_1_item_10_num_RESPONSE_2076265" rcardinality="Single" numtype="Decimal">
<render_fib fibtype="Decimal" maxchars="12">
<flow_label class="Block">
<response_label ident="u17_01_percent_of_940250659_section_1_item_10_num_RESPONSE_2076265" rshuffle="No"/>
</flow_label>
</render_fib>
</response_num>
<material>
<matbreak/>
</material>
</flow>
</presentation>
<resprocessing>
<outcomes>
<decvar varname="SCORE" vartype="Decimal" defaultval="0" minvalue="0" maxvalue="2" cutvalue="2"/>
</outcomes>
<respcondition title="Mastery" continue="No">
<conditionvar>

<or>
<varequal respident="u17_01_percent_of_940250659_section_1_item_10_num_RESPONSE_2076265" case="No"><![CDATA[0.230945]]></varequal>
<and>
<vargte respident="u17_01_percent_of_940250659_section_1_item_10_num_RESPONSE_2076265"><![CDATA[0.229945]]></vargte>
<varlte respident="u17_01_percent_of_940250659_section_1_item_10_num_RESPONSE_2076265"><![CDATA[0.231945]]></varlte>
</and>
</or>
</conditionvar>
<setvar varname="SCORE" action="Set">2</setvar>
<displayfeedback feedbacktype="Response" linkrefid="correct_fb"/>
</respcondition>
<respcondition continue="Yes">
<conditionvar>
<other/>
</conditionvar>
<displayfeedback feedbacktype="Response" linkrefid="general_incorrect_fb"/>
</respcondition>
</resprocessing>
<itemfeedback ident="correct_fb" view="All">
<flow_mat>
<material>
<mattext texttype="text/html"><![CDATA[
<p>For a “percent of” question, the scale factor is simply the given percentage number divided by 100.</p>
<p>Determine that the scale factor equals 0.0247 and multiply it by the given value.</p>
<p><math display="block" xmlns="http://www.w3.org/1998/Math/MathML"><semantics><mrow><mn>0.0247</mn><mo>⋅</mo><mn>9.35</mn><mspace width="0.222em"></mspace><mo>=</mo><mspace width="0.222em"></mspace><mn>0.230945</mn></mrow><annotation encoding="application/x-tex">0.0247\cdot 9.35 ~=~ 0.230945</annotation></semantics></math></p>
]]></mattext>
</material>
</flow_mat>
</itemfeedback>
<itemfeedback ident="general_incorrect_fb" view="All">
<flow_mat>
<material>
<mattext texttype="text/html"><![CDATA[
<p>For a “percent of” question, the scale factor is simply the given percentage number divided by 100.</p>
<p>Determine that the scale factor equals 0.0247 and multiply it by the given value.</p>
<p><math display="block" xmlns="http://www.w3.org/1998/Math/MathML"><semantics><mrow><mn>0.0247</mn><mo>⋅</mo><mn>9.35</mn><mspace width="0.222em"></mspace><mo>=</mo><mspace width="0.222em"></mspace><mn>0.230945</mn></mrow><annotation encoding="application/x-tex">0.0247\cdot 9.35 ~=~ 0.230945</annotation></semantics></math></p>
]]></mattext>
</material>
</flow_mat>
</itemfeedback>
</item>

<item ident="u17_01_percent_of_940250659_section_1_item_11_num" title="Question" maxattempts="10">
<itemcontrol feedbackswitch="No" hintswitch="No" solutionswitch="Yes"/>
<itemmetadata>
<qtimetadata>
<qtimetadatafield>
<fieldlabel>question_type</fieldlabel>
<fieldentry>numerical_question</fieldentry>
</qtimetadatafield>
</qtimetadata>
</itemmetadata>
<presentation>
<flow>
<material>
<matbreak/>
<mattext texttype="text/html" charset="utf-8"><![CDATA[
<p>What is 0.832% of 313?</p>
]]></mattext>
<matbreak/>
</material>
<response_num ident="u17_01_percent_of_940250659_section_1_item_11_num_RESPONSE_1645034" rcardinality="Single" numtype="Decimal">
<render_fib fibtype="Decimal" maxchars="12">
<flow_label class="Block">
<response_label ident="u17_01_percent_of_940250659_section_1_item_11_num_RESPONSE_1645034" rshuffle="No"/>
</flow_label>
</render_fib>
</response_num>
<material>
<matbreak/>
</material>
</flow>
</presentation>
<resprocessing>
<outcomes>
<decvar varname="SCORE" vartype="Decimal" defaultval="0" minvalue="0" maxvalue="2" cutvalue="2"/>
</outcomes>
<respcondition title="Mastery" continue="No">
<conditionvar>

<or>
<varequal respident="u17_01_percent_of_940250659_section_1_item_11_num_RESPONSE_1645034" case="No"><![CDATA[2.60416]]></varequal>
<and>
<vargte respident="u17_01_percent_of_940250659_section_1_item_11_num_RESPONSE_1645034"><![CDATA[2.59416]]></vargte>
<varlte respident="u17_01_percent_of_940250659_section_1_item_11_num_RESPONSE_1645034"><![CDATA[2.61416]]></varlte>
</and>
</or>
</conditionvar>
<setvar varname="SCORE" action="Set">2</setvar>
<displayfeedback feedbacktype="Response" linkrefid="correct_fb"/>
</respcondition>
<respcondition continue="Yes">
<conditionvar>
<other/>
</conditionvar>
<displayfeedback feedbacktype="Response" linkrefid="general_incorrect_fb"/>
</respcondition>
</resprocessing>
<itemfeedback ident="correct_fb" view="All">
<flow_mat>
<material>
<mattext texttype="text/html"><![CDATA[
<p>For a “percent of” question, the scale factor is simply the given percentage number divided by 100.</p>
<p>Determine that the scale factor equals 0.00832 and multiply it by the given value.</p>
<p><math display="block" xmlns="http://www.w3.org/1998/Math/MathML"><semantics><mrow><mn>0.00832</mn><mo>⋅</mo><mn>313</mn><mspace width="0.222em"></mspace><mo>=</mo><mspace width="0.222em"></mspace><mn>2.60416</mn></mrow><annotation encoding="application/x-tex">0.00832\cdot 313 ~=~ 2.60416</annotation></semantics></math></p>
]]></mattext>
</material>
</flow_mat>
</itemfeedback>
<itemfeedback ident="general_incorrect_fb" view="All">
<flow_mat>
<material>
<mattext texttype="text/html"><![CDATA[
<p>For a “percent of” question, the scale factor is simply the given percentage number divided by 100.</p>
<p>Determine that the scale factor equals 0.00832 and multiply it by the given value.</p>
<p><math display="block" xmlns="http://www.w3.org/1998/Math/MathML"><semantics><mrow><mn>0.00832</mn><mo>⋅</mo><mn>313</mn><mspace width="0.222em"></mspace><mo>=</mo><mspace width="0.222em"></mspace><mn>2.60416</mn></mrow><annotation encoding="application/x-tex">0.00832\cdot 313 ~=~ 2.60416</annotation></semantics></math></p>
]]></mattext>
</material>
</flow_mat>
</itemfeedback>
</item>

<item ident="u17_01_percent_of_940250659_section_1_item_12_num" title="Question" maxattempts="10">
<itemcontrol feedbackswitch="No" hintswitch="No" solutionswitch="Yes"/>
<itemmetadata>
<qtimetadata>
<qtimetadatafield>
<fieldlabel>question_type</fieldlabel>
<fieldentry>numerical_question</fieldentry>
</qtimetadatafield>
</qtimetadata>
</itemmetadata>
<presentation>
<flow>
<material>
<matbreak/>
<mattext texttype="text/html" charset="utf-8"><![CDATA[
<p>What is 3.63% of 231?</p>
]]></mattext>
<matbreak/>
</material>
<response_num ident="u17_01_percent_of_940250659_section_1_item_12_num_RESPONSE_1249841" rcardinality="Single" numtype="Decimal">
<render_fib fibtype="Decimal" maxchars="12">
<flow_label class="Block">
<response_label ident="u17_01_percent_of_940250659_section_1_item_12_num_RESPONSE_1249841" rshuffle="No"/>
</flow_label>
</render_fib>
</response_num>
<material>
<matbreak/>
</material>
</flow>
</presentation>
<resprocessing>
<outcomes>
<decvar varname="SCORE" vartype="Decimal" defaultval="0" minvalue="0" maxvalue="2" cutvalue="2"/>
</outcomes>
<respcondition title="Mastery" continue="No">
<conditionvar>

<or>
<varequal respident="u17_01_percent_of_940250659_section_1_item_12_num_RESPONSE_1249841" case="No"><![CDATA[8.3853]]></varequal>
<and>
<vargte respident="u17_01_percent_of_940250659_section_1_item_12_num_RESPONSE_1249841"><![CDATA[8.3753]]></vargte>
<varlte respident="u17_01_percent_of_940250659_section_1_item_12_num_RESPONSE_1249841"><![CDATA[8.3953]]></varlte>
</and>
</or>
</conditionvar>
<setvar varname="SCORE" action="Set">2</setvar>
<displayfeedback feedbacktype="Response" linkrefid="correct_fb"/>
</respcondition>
<respcondition continue="Yes">
<conditionvar>
<other/>
</conditionvar>
<displayfeedback feedbacktype="Response" linkrefid="general_incorrect_fb"/>
</respcondition>
</resprocessing>
<itemfeedback ident="correct_fb" view="All">
<flow_mat>
<material>
<mattext texttype="text/html"><![CDATA[
<p>For a “percent of” question, the scale factor is simply the given percentage number divided by 100.</p>
<p>Determine that the scale factor equals 0.0363 and multiply it by the given value.</p>
<p><math display="block" xmlns="http://www.w3.org/1998/Math/MathML"><semantics><mrow><mn>0.0363</mn><mo>⋅</mo><mn>231</mn><mspace width="0.222em"></mspace><mo>=</mo><mspace width="0.222em"></mspace><mn>8.3853</mn></mrow><annotation encoding="application/x-tex">0.0363\cdot 231 ~=~ 8.3853</annotation></semantics></math></p>
]]></mattext>
</material>
</flow_mat>
</itemfeedback>
<itemfeedback ident="general_incorrect_fb" view="All">
<flow_mat>
<material>
<mattext texttype="text/html"><![CDATA[
<p>For a “percent of” question, the scale factor is simply the given percentage number divided by 100.</p>
<p>Determine that the scale factor equals 0.0363 and multiply it by the given value.</p>
<p><math display="block" xmlns="http://www.w3.org/1998/Math/MathML"><semantics><mrow><mn>0.0363</mn><mo>⋅</mo><mn>231</mn><mspace width="0.222em"></mspace><mo>=</mo><mspace width="0.222em"></mspace><mn>8.3853</mn></mrow><annotation encoding="application/x-tex">0.0363\cdot 231 ~=~ 8.3853</annotation></semantics></math></p>
]]></mattext>
</material>
</flow_mat>
</itemfeedback>
</item>

<item ident="u17_01_percent_of_940250659_section_1_item_13_num" title="Question" maxattempts="10">
<itemcontrol feedbackswitch="No" hintswitch="No" solutionswitch="Yes"/>
<itemmetadata>
<qtimetadata>
<qtimetadatafield>
<fieldlabel>question_type</fieldlabel>
<fieldentry>numerical_question</fieldentry>
</qtimetadatafield>
</qtimetadata>
</itemmetadata>
<presentation>
<flow>
<material>
<matbreak/>
<mattext texttype="text/html" charset="utf-8"><![CDATA[
<p>What is 263% of 2.09?</p>
]]></mattext>
<matbreak/>
</material>
<response_num ident="u17_01_percent_of_940250659_section_1_item_13_num_RESPONSE_4071177" rcardinality="Single" numtype="Decimal">
<render_fib fibtype="Decimal" maxchars="12">
<flow_label class="Block">
<response_label ident="u17_01_percent_of_940250659_section_1_item_13_num_RESPONSE_4071177" rshuffle="No"/>
</flow_label>
</render_fib>
</response_num>
<material>
<matbreak/>
</material>
</flow>
</presentation>
<resprocessing>
<outcomes>
<decvar varname="SCORE" vartype="Decimal" defaultval="0" minvalue="0" maxvalue="2" cutvalue="2"/>
</outcomes>
<respcondition title="Mastery" continue="No">
<conditionvar>

<or>
<varequal respident="u17_01_percent_of_940250659_section_1_item_13_num_RESPONSE_4071177" case="No"><![CDATA[5.4967]]></varequal>
<and>
<vargte respident="u17_01_percent_of_940250659_section_1_item_13_num_RESPONSE_4071177"><![CDATA[5.4867]]></vargte>
<varlte respident="u17_01_percent_of_940250659_section_1_item_13_num_RESPONSE_4071177"><![CDATA[5.5067]]></varlte>
</and>
</or>
</conditionvar>
<setvar varname="SCORE" action="Set">2</setvar>
<displayfeedback feedbacktype="Response" linkrefid="correct_fb"/>
</respcondition>
<respcondition continue="Yes">
<conditionvar>
<other/>
</conditionvar>
<displayfeedback feedbacktype="Response" linkrefid="general_incorrect_fb"/>
</respcondition>
</resprocessing>
<itemfeedback ident="correct_fb" view="All">
<flow_mat>
<material>
<mattext texttype="text/html"><![CDATA[
<p>For a “percent of” question, the scale factor is simply the given percentage number divided by 100.</p>
<p>Determine that the scale factor equals 2.63 and multiply it by the given value.</p>
<p><math display="block" xmlns="http://www.w3.org/1998/Math/MathML"><semantics><mrow><mn>2.63</mn><mo>⋅</mo><mn>2.09</mn><mspace width="0.222em"></mspace><mo>=</mo><mspace width="0.222em"></mspace><mn>5.4967</mn></mrow><annotation encoding="application/x-tex">2.63\cdot 2.09 ~=~ 5.4967</annotation></semantics></math></p>
]]></mattext>
</material>
</flow_mat>
</itemfeedback>
<itemfeedback ident="general_incorrect_fb" view="All">
<flow_mat>
<material>
<mattext texttype="text/html"><![CDATA[
<p>For a “percent of” question, the scale factor is simply the given percentage number divided by 100.</p>
<p>Determine that the scale factor equals 2.63 and multiply it by the given value.</p>
<p><math display="block" xmlns="http://www.w3.org/1998/Math/MathML"><semantics><mrow><mn>2.63</mn><mo>⋅</mo><mn>2.09</mn><mspace width="0.222em"></mspace><mo>=</mo><mspace width="0.222em"></mspace><mn>5.4967</mn></mrow><annotation encoding="application/x-tex">2.63\cdot 2.09 ~=~ 5.4967</annotation></semantics></math></p>
]]></mattext>
</material>
</flow_mat>
</itemfeedback>
</item>

<item ident="u17_01_percent_of_940250659_section_1_item_14_num" title="Question" maxattempts="10">
<itemcontrol feedbackswitch="No" hintswitch="No" solutionswitch="Yes"/>
<itemmetadata>
<qtimetadata>
<qtimetadatafield>
<fieldlabel>question_type</fieldlabel>
<fieldentry>numerical_question</fieldentry>
</qtimetadatafield>
</qtimetadata>
</itemmetadata>
<presentation>
<flow>
<material>
<matbreak/>
<mattext texttype="text/html" charset="utf-8"><![CDATA[
<p>What is 197% of 73.1?</p>
]]></mattext>
<matbreak/>
</material>
<response_num ident="u17_01_percent_of_940250659_section_1_item_14_num_RESPONSE_3891412" rcardinality="Single" numtype="Decimal">
<render_fib fibtype="Decimal" maxchars="12">
<flow_label class="Block">
<response_label ident="u17_01_percent_of_940250659_section_1_item_14_num_RESPONSE_3891412" rshuffle="No"/>
</flow_label>
</render_fib>
</response_num>
<material>
<matbreak/>
</material>
</flow>
</presentation>
<resprocessing>
<outcomes>
<decvar varname="SCORE" vartype="Decimal" defaultval="0" minvalue="0" maxvalue="2" cutvalue="2"/>
</outcomes>
<respcondition title="Mastery" continue="No">
<conditionvar>

<or>
<varequal respident="u17_01_percent_of_940250659_section_1_item_14_num_RESPONSE_3891412" case="No"><![CDATA[144.007]]></varequal>
<and>
<vargte respident="u17_01_percent_of_940250659_section_1_item_14_num_RESPONSE_3891412"><![CDATA[143.007]]></vargte>
<varlte respident="u17_01_percent_of_940250659_section_1_item_14_num_RESPONSE_3891412"><![CDATA[145.007]]></varlte>
</and>
</or>
</conditionvar>
<setvar varname="SCORE" action="Set">2</setvar>
<displayfeedback feedbacktype="Response" linkrefid="correct_fb"/>
</respcondition>
<respcondition continue="Yes">
<conditionvar>
<other/>
</conditionvar>
<displayfeedback feedbacktype="Response" linkrefid="general_incorrect_fb"/>
</respcondition>
</resprocessing>
<itemfeedback ident="correct_fb" view="All">
<flow_mat>
<material>
<mattext texttype="text/html"><![CDATA[
<p>For a “percent of” question, the scale factor is simply the given percentage number divided by 100.</p>
<p>Determine that the scale factor equals 1.97 and multiply it by the given value.</p>
<p><math display="block" xmlns="http://www.w3.org/1998/Math/MathML"><semantics><mrow><mn>1.97</mn><mo>⋅</mo><mn>73.1</mn><mspace width="0.222em"></mspace><mo>=</mo><mspace width="0.222em"></mspace><mn>144.007</mn></mrow><annotation encoding="application/x-tex">1.97\cdot 73.1 ~=~ 144.007</annotation></semantics></math></p>
]]></mattext>
</material>
</flow_mat>
</itemfeedback>
<itemfeedback ident="general_incorrect_fb" view="All">
<flow_mat>
<material>
<mattext texttype="text/html"><![CDATA[
<p>For a “percent of” question, the scale factor is simply the given percentage number divided by 100.</p>
<p>Determine that the scale factor equals 1.97 and multiply it by the given value.</p>
<p><math display="block" xmlns="http://www.w3.org/1998/Math/MathML"><semantics><mrow><mn>1.97</mn><mo>⋅</mo><mn>73.1</mn><mspace width="0.222em"></mspace><mo>=</mo><mspace width="0.222em"></mspace><mn>144.007</mn></mrow><annotation encoding="application/x-tex">1.97\cdot 73.1 ~=~ 144.007</annotation></semantics></math></p>
]]></mattext>
</material>
</flow_mat>
</itemfeedback>
</item>

<item ident="u17_01_percent_of_940250659_section_1_item_15_num" title="Question" maxattempts="10">
<itemcontrol feedbackswitch="No" hintswitch="No" solutionswitch="Yes"/>
<itemmetadata>
<qtimetadata>
<qtimetadatafield>
<fieldlabel>question_type</fieldlabel>
<fieldentry>numerical_question</fieldentry>
</qtimetadatafield>
</qtimetadata>
</itemmetadata>
<presentation>
<flow>
<material>
<matbreak/>
<mattext texttype="text/html" charset="utf-8"><![CDATA[
<p>What is 0.404% of 184?</p>
]]></mattext>
<matbreak/>
</material>
<response_num ident="u17_01_percent_of_940250659_section_1_item_15_num_RESPONSE_7223503" rcardinality="Single" numtype="Decimal">
<render_fib fibtype="Decimal" maxchars="12">
<flow_label class="Block">
<response_label ident="u17_01_percent_of_940250659_section_1_item_15_num_RESPONSE_7223503" rshuffle="No"/>
</flow_label>
</render_fib>
</response_num>
<material>
<matbreak/>
</material>
</flow>
</presentation>
<resprocessing>
<outcomes>
<decvar varname="SCORE" vartype="Decimal" defaultval="0" minvalue="0" maxvalue="2" cutvalue="2"/>
</outcomes>
<respcondition title="Mastery" continue="No">
<conditionvar>

<or>
<varequal respident="u17_01_percent_of_940250659_section_1_item_15_num_RESPONSE_7223503" case="No"><![CDATA[0.74336]]></varequal>
<and>
<vargte respident="u17_01_percent_of_940250659_section_1_item_15_num_RESPONSE_7223503"><![CDATA[0.74236]]></vargte>
<varlte respident="u17_01_percent_of_940250659_section_1_item_15_num_RESPONSE_7223503"><![CDATA[0.74436]]></varlte>
</and>
</or>
</conditionvar>
<setvar varname="SCORE" action="Set">2</setvar>
<displayfeedback feedbacktype="Response" linkrefid="correct_fb"/>
</respcondition>
<respcondition continue="Yes">
<conditionvar>
<other/>
</conditionvar>
<displayfeedback feedbacktype="Response" linkrefid="general_incorrect_fb"/>
</respcondition>
</resprocessing>
<itemfeedback ident="correct_fb" view="All">
<flow_mat>
<material>
<mattext texttype="text/html"><![CDATA[
<p>For a “percent of” question, the scale factor is simply the given percentage number divided by 100.</p>
<p>Determine that the scale factor equals 0.00404 and multiply it by the given value.</p>
<p><math display="block" xmlns="http://www.w3.org/1998/Math/MathML"><semantics><mrow><mn>0.00404</mn><mo>⋅</mo><mn>184</mn><mspace width="0.222em"></mspace><mo>=</mo><mspace width="0.222em"></mspace><mn>0.74336</mn></mrow><annotation encoding="application/x-tex">0.00404\cdot 184 ~=~ 0.74336</annotation></semantics></math></p>
]]></mattext>
</material>
</flow_mat>
</itemfeedback>
<itemfeedback ident="general_incorrect_fb" view="All">
<flow_mat>
<material>
<mattext texttype="text/html"><![CDATA[
<p>For a “percent of” question, the scale factor is simply the given percentage number divided by 100.</p>
<p>Determine that the scale factor equals 0.00404 and multiply it by the given value.</p>
<p><math display="block" xmlns="http://www.w3.org/1998/Math/MathML"><semantics><mrow><mn>0.00404</mn><mo>⋅</mo><mn>184</mn><mspace width="0.222em"></mspace><mo>=</mo><mspace width="0.222em"></mspace><mn>0.74336</mn></mrow><annotation encoding="application/x-tex">0.00404\cdot 184 ~=~ 0.74336</annotation></semantics></math></p>
]]></mattext>
</material>
</flow_mat>
</itemfeedback>
</item>

<item ident="u17_01_percent_of_940250659_section_1_item_16_num" title="Question" maxattempts="10">
<itemcontrol feedbackswitch="No" hintswitch="No" solutionswitch="Yes"/>
<itemmetadata>
<qtimetadata>
<qtimetadatafield>
<fieldlabel>question_type</fieldlabel>
<fieldentry>numerical_question</fieldentry>
</qtimetadatafield>
</qtimetadata>
</itemmetadata>
<presentation>
<flow>
<material>
<matbreak/>
<mattext texttype="text/html" charset="utf-8"><![CDATA[
<p>What is 0.876% of 107?</p>
]]></mattext>
<matbreak/>
</material>
<response_num ident="u17_01_percent_of_940250659_section_1_item_16_num_RESPONSE_5430437" rcardinality="Single" numtype="Decimal">
<render_fib fibtype="Decimal" maxchars="12">
<flow_label class="Block">
<response_label ident="u17_01_percent_of_940250659_section_1_item_16_num_RESPONSE_5430437" rshuffle="No"/>
</flow_label>
</render_fib>
</response_num>
<material>
<matbreak/>
</material>
</flow>
</presentation>
<resprocessing>
<outcomes>
<decvar varname="SCORE" vartype="Decimal" defaultval="0" minvalue="0" maxvalue="2" cutvalue="2"/>
</outcomes>
<respcondition title="Mastery" continue="No">
<conditionvar>

<or>
<varequal respident="u17_01_percent_of_940250659_section_1_item_16_num_RESPONSE_5430437" case="No"><![CDATA[0.93732]]></varequal>
<and>
<vargte respident="u17_01_percent_of_940250659_section_1_item_16_num_RESPONSE_5430437"><![CDATA[0.93632]]></vargte>
<varlte respident="u17_01_percent_of_940250659_section_1_item_16_num_RESPONSE_5430437"><![CDATA[0.93832]]></varlte>
</and>
</or>
</conditionvar>
<setvar varname="SCORE" action="Set">2</setvar>
<displayfeedback feedbacktype="Response" linkrefid="correct_fb"/>
</respcondition>
<respcondition continue="Yes">
<conditionvar>
<other/>
</conditionvar>
<displayfeedback feedbacktype="Response" linkrefid="general_incorrect_fb"/>
</respcondition>
</resprocessing>
<itemfeedback ident="correct_fb" view="All">
<flow_mat>
<material>
<mattext texttype="text/html"><![CDATA[
<p>For a “percent of” question, the scale factor is simply the given percentage number divided by 100.</p>
<p>Determine that the scale factor equals 0.00876 and multiply it by the given value.</p>
<p><math display="block" xmlns="http://www.w3.org/1998/Math/MathML"><semantics><mrow><mn>0.00876</mn><mo>⋅</mo><mn>107</mn><mspace width="0.222em"></mspace><mo>=</mo><mspace width="0.222em"></mspace><mn>0.93732</mn></mrow><annotation encoding="application/x-tex">0.00876\cdot 107 ~=~ 0.93732</annotation></semantics></math></p>
]]></mattext>
</material>
</flow_mat>
</itemfeedback>
<itemfeedback ident="general_incorrect_fb" view="All">
<flow_mat>
<material>
<mattext texttype="text/html"><![CDATA[
<p>For a “percent of” question, the scale factor is simply the given percentage number divided by 100.</p>
<p>Determine that the scale factor equals 0.00876 and multiply it by the given value.</p>
<p><math display="block" xmlns="http://www.w3.org/1998/Math/MathML"><semantics><mrow><mn>0.00876</mn><mo>⋅</mo><mn>107</mn><mspace width="0.222em"></mspace><mo>=</mo><mspace width="0.222em"></mspace><mn>0.93732</mn></mrow><annotation encoding="application/x-tex">0.00876\cdot 107 ~=~ 0.93732</annotation></semantics></math></p>
]]></mattext>
</material>
</flow_mat>
</itemfeedback>
</item>

<item ident="u17_01_percent_of_940250659_section_1_item_17_num" title="Question" maxattempts="10">
<itemcontrol feedbackswitch="No" hintswitch="No" solutionswitch="Yes"/>
<itemmetadata>
<qtimetadata>
<qtimetadatafield>
<fieldlabel>question_type</fieldlabel>
<fieldentry>numerical_question</fieldentry>
</qtimetadatafield>
</qtimetadata>
</itemmetadata>
<presentation>
<flow>
<material>
<matbreak/>
<mattext texttype="text/html" charset="utf-8"><![CDATA[
<p>What is 64.2% of 561?</p>
]]></mattext>
<matbreak/>
</material>
<response_num ident="u17_01_percent_of_940250659_section_1_item_17_num_RESPONSE_4075534" rcardinality="Single" numtype="Decimal">
<render_fib fibtype="Decimal" maxchars="12">
<flow_label class="Block">
<response_label ident="u17_01_percent_of_940250659_section_1_item_17_num_RESPONSE_4075534" rshuffle="No"/>
</flow_label>
</render_fib>
</response_num>
<material>
<matbreak/>
</material>
</flow>
</presentation>
<resprocessing>
<outcomes>
<decvar varname="SCORE" vartype="Decimal" defaultval="0" minvalue="0" maxvalue="2" cutvalue="2"/>
</outcomes>
<respcondition title="Mastery" continue="No">
<conditionvar>

<or>
<varequal respident="u17_01_percent_of_940250659_section_1_item_17_num_RESPONSE_4075534" case="No"><![CDATA[360.162]]></varequal>
<and>
<vargte respident="u17_01_percent_of_940250659_section_1_item_17_num_RESPONSE_4075534"><![CDATA[359.162]]></vargte>
<varlte respident="u17_01_percent_of_940250659_section_1_item_17_num_RESPONSE_4075534"><![CDATA[361.162]]></varlte>
</and>
</or>
</conditionvar>
<setvar varname="SCORE" action="Set">2</setvar>
<displayfeedback feedbacktype="Response" linkrefid="correct_fb"/>
</respcondition>
<respcondition continue="Yes">
<conditionvar>
<other/>
</conditionvar>
<displayfeedback feedbacktype="Response" linkrefid="general_incorrect_fb"/>
</respcondition>
</resprocessing>
<itemfeedback ident="correct_fb" view="All">
<flow_mat>
<material>
<mattext texttype="text/html"><![CDATA[
<p>For a “percent of” question, the scale factor is simply the given percentage number divided by 100.</p>
<p>Determine that the scale factor equals 0.642 and multiply it by the given value.</p>
<p><math display="block" xmlns="http://www.w3.org/1998/Math/MathML"><semantics><mrow><mn>0.642</mn><mo>⋅</mo><mn>561</mn><mspace width="0.222em"></mspace><mo>=</mo><mspace width="0.222em"></mspace><mn>360.162</mn></mrow><annotation encoding="application/x-tex">0.642\cdot 561 ~=~ 360.162</annotation></semantics></math></p>
]]></mattext>
</material>
</flow_mat>
</itemfeedback>
<itemfeedback ident="general_incorrect_fb" view="All">
<flow_mat>
<material>
<mattext texttype="text/html"><![CDATA[
<p>For a “percent of” question, the scale factor is simply the given percentage number divided by 100.</p>
<p>Determine that the scale factor equals 0.642 and multiply it by the given value.</p>
<p><math display="block" xmlns="http://www.w3.org/1998/Math/MathML"><semantics><mrow><mn>0.642</mn><mo>⋅</mo><mn>561</mn><mspace width="0.222em"></mspace><mo>=</mo><mspace width="0.222em"></mspace><mn>360.162</mn></mrow><annotation encoding="application/x-tex">0.642\cdot 561 ~=~ 360.162</annotation></semantics></math></p>
]]></mattext>
</material>
</flow_mat>
</itemfeedback>
</item>

<item ident="u17_01_percent_of_940250659_section_1_item_18_num" title="Question" maxattempts="10">
<itemcontrol feedbackswitch="No" hintswitch="No" solutionswitch="Yes"/>
<itemmetadata>
<qtimetadata>
<qtimetadatafield>
<fieldlabel>question_type</fieldlabel>
<fieldentry>numerical_question</fieldentry>
</qtimetadatafield>
</qtimetadata>
</itemmetadata>
<presentation>
<flow>
<material>
<matbreak/>
<mattext texttype="text/html" charset="utf-8"><![CDATA[
<p>What is 0.291% of 5?</p>
]]></mattext>
<matbreak/>
</material>
<response_num ident="u17_01_percent_of_940250659_section_1_item_18_num_RESPONSE_6526587" rcardinality="Single" numtype="Decimal">
<render_fib fibtype="Decimal" maxchars="12">
<flow_label class="Block">
<response_label ident="u17_01_percent_of_940250659_section_1_item_18_num_RESPONSE_6526587" rshuffle="No"/>
</flow_label>
</render_fib>
</response_num>
<material>
<matbreak/>
</material>
</flow>
</presentation>
<resprocessing>
<outcomes>
<decvar varname="SCORE" vartype="Decimal" defaultval="0" minvalue="0" maxvalue="2" cutvalue="2"/>
</outcomes>
<respcondition title="Mastery" continue="No">
<conditionvar>

<or>
<varequal respident="u17_01_percent_of_940250659_section_1_item_18_num_RESPONSE_6526587" case="No"><![CDATA[0.01455]]></varequal>
<and>
<vargte respident="u17_01_percent_of_940250659_section_1_item_18_num_RESPONSE_6526587"><![CDATA[0.01445]]></vargte>
<varlte respident="u17_01_percent_of_940250659_section_1_item_18_num_RESPONSE_6526587"><![CDATA[0.01465]]></varlte>
</and>
</or>
</conditionvar>
<setvar varname="SCORE" action="Set">2</setvar>
<displayfeedback feedbacktype="Response" linkrefid="correct_fb"/>
</respcondition>
<respcondition continue="Yes">
<conditionvar>
<other/>
</conditionvar>
<displayfeedback feedbacktype="Response" linkrefid="general_incorrect_fb"/>
</respcondition>
</resprocessing>
<itemfeedback ident="correct_fb" view="All">
<flow_mat>
<material>
<mattext texttype="text/html"><![CDATA[
<p>For a “percent of” question, the scale factor is simply the given percentage number divided by 100.</p>
<p>Determine that the scale factor equals 0.00291 and multiply it by the given value.</p>
<p><math display="block" xmlns="http://www.w3.org/1998/Math/MathML"><semantics><mrow><mn>0.00291</mn><mo>⋅</mo><mn>5</mn><mspace width="0.222em"></mspace><mo>=</mo><mspace width="0.222em"></mspace><mn>0.01455</mn></mrow><annotation encoding="application/x-tex">0.00291\cdot 5 ~=~ 0.01455</annotation></semantics></math></p>
]]></mattext>
</material>
</flow_mat>
</itemfeedback>
<itemfeedback ident="general_incorrect_fb" view="All">
<flow_mat>
<material>
<mattext texttype="text/html"><![CDATA[
<p>For a “percent of” question, the scale factor is simply the given percentage number divided by 100.</p>
<p>Determine that the scale factor equals 0.00291 and multiply it by the given value.</p>
<p><math display="block" xmlns="http://www.w3.org/1998/Math/MathML"><semantics><mrow><mn>0.00291</mn><mo>⋅</mo><mn>5</mn><mspace width="0.222em"></mspace><mo>=</mo><mspace width="0.222em"></mspace><mn>0.01455</mn></mrow><annotation encoding="application/x-tex">0.00291\cdot 5 ~=~ 0.01455</annotation></semantics></math></p>
]]></mattext>
</material>
</flow_mat>
</itemfeedback>
</item>

<item ident="u17_01_percent_of_940250659_section_1_item_19_num" title="Question" maxattempts="10">
<itemcontrol feedbackswitch="No" hintswitch="No" solutionswitch="Yes"/>
<itemmetadata>
<qtimetadata>
<qtimetadatafield>
<fieldlabel>question_type</fieldlabel>
<fieldentry>numerical_question</fieldentry>
</qtimetadatafield>
</qtimetadata>
</itemmetadata>
<presentation>
<flow>
<material>
<matbreak/>
<mattext texttype="text/html" charset="utf-8"><![CDATA[
<p>What is 7.47% of 4.63?</p>
]]></mattext>
<matbreak/>
</material>
<response_num ident="u17_01_percent_of_940250659_section_1_item_19_num_RESPONSE_9958505" rcardinality="Single" numtype="Decimal">
<render_fib fibtype="Decimal" maxchars="12">
<flow_label class="Block">
<response_label ident="u17_01_percent_of_940250659_section_1_item_19_num_RESPONSE_9958505" rshuffle="No"/>
</flow_label>
</render_fib>
</response_num>
<material>
<matbreak/>
</material>
</flow>
</presentation>
<resprocessing>
<outcomes>
<decvar varname="SCORE" vartype="Decimal" defaultval="0" minvalue="0" maxvalue="2" cutvalue="2"/>
</outcomes>
<respcondition title="Mastery" continue="No">
<conditionvar>

<or>
<varequal respident="u17_01_percent_of_940250659_section_1_item_19_num_RESPONSE_9958505" case="No"><![CDATA[0.345861]]></varequal>
<and>
<vargte respident="u17_01_percent_of_940250659_section_1_item_19_num_RESPONSE_9958505"><![CDATA[0.344861]]></vargte>
<varlte respident="u17_01_percent_of_940250659_section_1_item_19_num_RESPONSE_9958505"><![CDATA[0.346861]]></varlte>
</and>
</or>
</conditionvar>
<setvar varname="SCORE" action="Set">2</setvar>
<displayfeedback feedbacktype="Response" linkrefid="correct_fb"/>
</respcondition>
<respcondition continue="Yes">
<conditionvar>
<other/>
</conditionvar>
<displayfeedback feedbacktype="Response" linkrefid="general_incorrect_fb"/>
</respcondition>
</resprocessing>
<itemfeedback ident="correct_fb" view="All">
<flow_mat>
<material>
<mattext texttype="text/html"><![CDATA[
<p>For a “percent of” question, the scale factor is simply the given percentage number divided by 100.</p>
<p>Determine that the scale factor equals 0.0747 and multiply it by the given value.</p>
<p><math display="block" xmlns="http://www.w3.org/1998/Math/MathML"><semantics><mrow><mn>0.0747</mn><mo>⋅</mo><mn>4.63</mn><mspace width="0.222em"></mspace><mo>=</mo><mspace width="0.222em"></mspace><mn>0.345861</mn></mrow><annotation encoding="application/x-tex">0.0747\cdot 4.63 ~=~ 0.345861</annotation></semantics></math></p>
]]></mattext>
</material>
</flow_mat>
</itemfeedback>
<itemfeedback ident="general_incorrect_fb" view="All">
<flow_mat>
<material>
<mattext texttype="text/html"><![CDATA[
<p>For a “percent of” question, the scale factor is simply the given percentage number divided by 100.</p>
<p>Determine that the scale factor equals 0.0747 and multiply it by the given value.</p>
<p><math display="block" xmlns="http://www.w3.org/1998/Math/MathML"><semantics><mrow><mn>0.0747</mn><mo>⋅</mo><mn>4.63</mn><mspace width="0.222em"></mspace><mo>=</mo><mspace width="0.222em"></mspace><mn>0.345861</mn></mrow><annotation encoding="application/x-tex">0.0747\cdot 4.63 ~=~ 0.345861</annotation></semantics></math></p>
]]></mattext>
</material>
</flow_mat>
</itemfeedback>
</item>

<item ident="u17_01_percent_of_940250659_section_1_item_20_num" title="Question" maxattempts="10">
<itemcontrol feedbackswitch="No" hintswitch="No" solutionswitch="Yes"/>
<itemmetadata>
<qtimetadata>
<qtimetadatafield>
<fieldlabel>question_type</fieldlabel>
<fieldentry>numerical_question</fieldentry>
</qtimetadatafield>
</qtimetadata>
</itemmetadata>
<presentation>
<flow>
<material>
<matbreak/>
<mattext texttype="text/html" charset="utf-8"><![CDATA[
<p>What is 165% of 340?</p>
]]></mattext>
<matbreak/>
</material>
<response_num ident="u17_01_percent_of_940250659_section_1_item_20_num_RESPONSE_4366332" rcardinality="Single" numtype="Decimal">
<render_fib fibtype="Decimal" maxchars="12">
<flow_label class="Block">
<response_label ident="u17_01_percent_of_940250659_section_1_item_20_num_RESPONSE_4366332" rshuffle="No"/>
</flow_label>
</render_fib>
</response_num>
<material>
<matbreak/>
</material>
</flow>
</presentation>
<resprocessing>
<outcomes>
<decvar varname="SCORE" vartype="Decimal" defaultval="0" minvalue="0" maxvalue="2" cutvalue="2"/>
</outcomes>
<respcondition title="Mastery" continue="No">
<conditionvar>

<or>
<varequal respident="u17_01_percent_of_940250659_section_1_item_20_num_RESPONSE_4366332" case="No"><![CDATA[561]]></varequal>
<and>
<vargte respident="u17_01_percent_of_940250659_section_1_item_20_num_RESPONSE_4366332"><![CDATA[560]]></vargte>
<varlte respident="u17_01_percent_of_940250659_section_1_item_20_num_RESPONSE_4366332"><![CDATA[562]]></varlte>
</and>
</or>
</conditionvar>
<setvar varname="SCORE" action="Set">2</setvar>
<displayfeedback feedbacktype="Response" linkrefid="correct_fb"/>
</respcondition>
<respcondition continue="Yes">
<conditionvar>
<other/>
</conditionvar>
<displayfeedback feedbacktype="Response" linkrefid="general_incorrect_fb"/>
</respcondition>
</resprocessing>
<itemfeedback ident="correct_fb" view="All">
<flow_mat>
<material>
<mattext texttype="text/html"><![CDATA[
<p>For a “percent of” question, the scale factor is simply the given percentage number divided by 100.</p>
<p>Determine that the scale factor equals 1.65 and multiply it by the given value.</p>
<p><math display="block" xmlns="http://www.w3.org/1998/Math/MathML"><semantics><mrow><mn>1.65</mn><mo>⋅</mo><mn>340</mn><mspace width="0.222em"></mspace><mo>=</mo><mspace width="0.222em"></mspace><mn>561</mn></mrow><annotation encoding="application/x-tex">1.65\cdot 340 ~=~ 561</annotation></semantics></math></p>
]]></mattext>
</material>
</flow_mat>
</itemfeedback>
<itemfeedback ident="general_incorrect_fb" view="All">
<flow_mat>
<material>
<mattext texttype="text/html"><![CDATA[
<p>For a “percent of” question, the scale factor is simply the given percentage number divided by 100.</p>
<p>Determine that the scale factor equals 1.65 and multiply it by the given value.</p>
<p><math display="block" xmlns="http://www.w3.org/1998/Math/MathML"><semantics><mrow><mn>1.65</mn><mo>⋅</mo><mn>340</mn><mspace width="0.222em"></mspace><mo>=</mo><mspace width="0.222em"></mspace><mn>561</mn></mrow><annotation encoding="application/x-tex">1.65\cdot 340 ~=~ 561</annotation></semantics></math></p>
]]></mattext>
</material>
</flow_mat>
</itemfeedback>
</item>

<item ident="u17_01_percent_of_940250659_section_1_item_21_num" title="Question" maxattempts="10">
<itemcontrol feedbackswitch="No" hintswitch="No" solutionswitch="Yes"/>
<itemmetadata>
<qtimetadata>
<qtimetadatafield>
<fieldlabel>question_type</fieldlabel>
<fieldentry>numerical_question</fieldentry>
</qtimetadatafield>
</qtimetadata>
</itemmetadata>
<presentation>
<flow>
<material>
<matbreak/>
<mattext texttype="text/html" charset="utf-8"><![CDATA[
<p>What is 0.893% of 7.99?</p>
]]></mattext>
<matbreak/>
</material>
<response_num ident="u17_01_percent_of_940250659_section_1_item_21_num_RESPONSE_2915467" rcardinality="Single" numtype="Decimal">
<render_fib fibtype="Decimal" maxchars="12">
<flow_label class="Block">
<response_label ident="u17_01_percent_of_940250659_section_1_item_21_num_RESPONSE_2915467" rshuffle="No"/>
</flow_label>
</render_fib>
</response_num>
<material>
<matbreak/>
</material>
</flow>
</presentation>
<resprocessing>
<outcomes>
<decvar varname="SCORE" vartype="Decimal" defaultval="0" minvalue="0" maxvalue="2" cutvalue="2"/>
</outcomes>
<respcondition title="Mastery" continue="No">
<conditionvar>

<or>
<varequal respident="u17_01_percent_of_940250659_section_1_item_21_num_RESPONSE_2915467" case="No"><![CDATA[0.0713507]]></varequal>
<and>
<vargte respident="u17_01_percent_of_940250659_section_1_item_21_num_RESPONSE_2915467"><![CDATA[0.0712507]]></vargte>
<varlte respident="u17_01_percent_of_940250659_section_1_item_21_num_RESPONSE_2915467"><![CDATA[0.0714507]]></varlte>
</and>
</or>
</conditionvar>
<setvar varname="SCORE" action="Set">2</setvar>
<displayfeedback feedbacktype="Response" linkrefid="correct_fb"/>
</respcondition>
<respcondition continue="Yes">
<conditionvar>
<other/>
</conditionvar>
<displayfeedback feedbacktype="Response" linkrefid="general_incorrect_fb"/>
</respcondition>
</resprocessing>
<itemfeedback ident="correct_fb" view="All">
<flow_mat>
<material>
<mattext texttype="text/html"><![CDATA[
<p>For a “percent of” question, the scale factor is simply the given percentage number divided by 100.</p>
<p>Determine that the scale factor equals 0.00893 and multiply it by the given value.</p>
<p><math display="block" xmlns="http://www.w3.org/1998/Math/MathML"><semantics><mrow><mn>0.00893</mn><mo>⋅</mo><mn>7.99</mn><mspace width="0.222em"></mspace><mo>=</mo><mspace width="0.222em"></mspace><mn>0.0713507</mn></mrow><annotation encoding="application/x-tex">0.00893\cdot 7.99 ~=~ 0.0713507</annotation></semantics></math></p>
]]></mattext>
</material>
</flow_mat>
</itemfeedback>
<itemfeedback ident="general_incorrect_fb" view="All">
<flow_mat>
<material>
<mattext texttype="text/html"><![CDATA[
<p>For a “percent of” question, the scale factor is simply the given percentage number divided by 100.</p>
<p>Determine that the scale factor equals 0.00893 and multiply it by the given value.</p>
<p><math display="block" xmlns="http://www.w3.org/1998/Math/MathML"><semantics><mrow><mn>0.00893</mn><mo>⋅</mo><mn>7.99</mn><mspace width="0.222em"></mspace><mo>=</mo><mspace width="0.222em"></mspace><mn>0.0713507</mn></mrow><annotation encoding="application/x-tex">0.00893\cdot 7.99 ~=~ 0.0713507</annotation></semantics></math></p>
]]></mattext>
</material>
</flow_mat>
</itemfeedback>
</item>

<item ident="u17_01_percent_of_940250659_section_1_item_22_num" title="Question" maxattempts="10">
<itemcontrol feedbackswitch="No" hintswitch="No" solutionswitch="Yes"/>
<itemmetadata>
<qtimetadata>
<qtimetadatafield>
<fieldlabel>question_type</fieldlabel>
<fieldentry>numerical_question</fieldentry>
</qtimetadatafield>
</qtimetadata>
</itemmetadata>
<presentation>
<flow>
<material>
<matbreak/>
<mattext texttype="text/html" charset="utf-8"><![CDATA[
<p>What is 0.285% of 156?</p>
]]></mattext>
<matbreak/>
</material>
<response_num ident="u17_01_percent_of_940250659_section_1_item_22_num_RESPONSE_1098986" rcardinality="Single" numtype="Decimal">
<render_fib fibtype="Decimal" maxchars="12">
<flow_label class="Block">
<response_label ident="u17_01_percent_of_940250659_section_1_item_22_num_RESPONSE_1098986" rshuffle="No"/>
</flow_label>
</render_fib>
</response_num>
<material>
<matbreak/>
</material>
</flow>
</presentation>
<resprocessing>
<outcomes>
<decvar varname="SCORE" vartype="Decimal" defaultval="0" minvalue="0" maxvalue="2" cutvalue="2"/>
</outcomes>
<respcondition title="Mastery" continue="No">
<conditionvar>

<or>
<varequal respident="u17_01_percent_of_940250659_section_1_item_22_num_RESPONSE_1098986" case="No"><![CDATA[0.4446]]></varequal>
<and>
<vargte respident="u17_01_percent_of_940250659_section_1_item_22_num_RESPONSE_1098986"><![CDATA[0.4436]]></vargte>
<varlte respident="u17_01_percent_of_940250659_section_1_item_22_num_RESPONSE_1098986"><![CDATA[0.4456]]></varlte>
</and>
</or>
</conditionvar>
<setvar varname="SCORE" action="Set">2</setvar>
<displayfeedback feedbacktype="Response" linkrefid="correct_fb"/>
</respcondition>
<respcondition continue="Yes">
<conditionvar>
<other/>
</conditionvar>
<displayfeedback feedbacktype="Response" linkrefid="general_incorrect_fb"/>
</respcondition>
</resprocessing>
<itemfeedback ident="correct_fb" view="All">
<flow_mat>
<material>
<mattext texttype="text/html"><![CDATA[
<p>For a “percent of” question, the scale factor is simply the given percentage number divided by 100.</p>
<p>Determine that the scale factor equals 0.00285 and multiply it by the given value.</p>
<p><math display="block" xmlns="http://www.w3.org/1998/Math/MathML"><semantics><mrow><mn>0.00285</mn><mo>⋅</mo><mn>156</mn><mspace width="0.222em"></mspace><mo>=</mo><mspace width="0.222em"></mspace><mn>0.4446</mn></mrow><annotation encoding="application/x-tex">0.00285\cdot 156 ~=~ 0.4446</annotation></semantics></math></p>
]]></mattext>
</material>
</flow_mat>
</itemfeedback>
<itemfeedback ident="general_incorrect_fb" view="All">
<flow_mat>
<material>
<mattext texttype="text/html"><![CDATA[
<p>For a “percent of” question, the scale factor is simply the given percentage number divided by 100.</p>
<p>Determine that the scale factor equals 0.00285 and multiply it by the given value.</p>
<p><math display="block" xmlns="http://www.w3.org/1998/Math/MathML"><semantics><mrow><mn>0.00285</mn><mo>⋅</mo><mn>156</mn><mspace width="0.222em"></mspace><mo>=</mo><mspace width="0.222em"></mspace><mn>0.4446</mn></mrow><annotation encoding="application/x-tex">0.00285\cdot 156 ~=~ 0.4446</annotation></semantics></math></p>
]]></mattext>
</material>
</flow_mat>
</itemfeedback>
</item>

<item ident="u17_01_percent_of_940250659_section_1_item_23_num" title="Question" maxattempts="10">
<itemcontrol feedbackswitch="No" hintswitch="No" solutionswitch="Yes"/>
<itemmetadata>
<qtimetadata>
<qtimetadatafield>
<fieldlabel>question_type</fieldlabel>
<fieldentry>numerical_question</fieldentry>
</qtimetadatafield>
</qtimetadata>
</itemmetadata>
<presentation>
<flow>
<material>
<matbreak/>
<mattext texttype="text/html" charset="utf-8"><![CDATA[
<p>What is 817% of 130?</p>
]]></mattext>
<matbreak/>
</material>
<response_num ident="u17_01_percent_of_940250659_section_1_item_23_num_RESPONSE_6633613" rcardinality="Single" numtype="Decimal">
<render_fib fibtype="Decimal" maxchars="12">
<flow_label class="Block">
<response_label ident="u17_01_percent_of_940250659_section_1_item_23_num_RESPONSE_6633613" rshuffle="No"/>
</flow_label>
</render_fib>
</response_num>
<material>
<matbreak/>
</material>
</flow>
</presentation>
<resprocessing>
<outcomes>
<decvar varname="SCORE" vartype="Decimal" defaultval="0" minvalue="0" maxvalue="2" cutvalue="2"/>
</outcomes>
<respcondition title="Mastery" continue="No">
<conditionvar>

<or>
<varequal respident="u17_01_percent_of_940250659_section_1_item_23_num_RESPONSE_6633613" case="No"><![CDATA[1062.1]]></varequal>
<and>
<vargte respident="u17_01_percent_of_940250659_section_1_item_23_num_RESPONSE_6633613"><![CDATA[1052.1]]></vargte>
<varlte respident="u17_01_percent_of_940250659_section_1_item_23_num_RESPONSE_6633613"><![CDATA[1072.1]]></varlte>
</and>
</or>
</conditionvar>
<setvar varname="SCORE" action="Set">2</setvar>
<displayfeedback feedbacktype="Response" linkrefid="correct_fb"/>
</respcondition>
<respcondition continue="Yes">
<conditionvar>
<other/>
</conditionvar>
<displayfeedback feedbacktype="Response" linkrefid="general_incorrect_fb"/>
</respcondition>
</resprocessing>
<itemfeedback ident="correct_fb" view="All">
<flow_mat>
<material>
<mattext texttype="text/html"><![CDATA[
<p>For a “percent of” question, the scale factor is simply the given percentage number divided by 100.</p>
<p>Determine that the scale factor equals 8.17 and multiply it by the given value.</p>
<p><math display="block" xmlns="http://www.w3.org/1998/Math/MathML"><semantics><mrow><mn>8.17</mn><mo>⋅</mo><mn>130</mn><mspace width="0.222em"></mspace><mo>=</mo><mspace width="0.222em"></mspace><mn>1062.1</mn></mrow><annotation encoding="application/x-tex">8.17\cdot 130 ~=~ 1062.1</annotation></semantics></math></p>
]]></mattext>
</material>
</flow_mat>
</itemfeedback>
<itemfeedback ident="general_incorrect_fb" view="All">
<flow_mat>
<material>
<mattext texttype="text/html"><![CDATA[
<p>For a “percent of” question, the scale factor is simply the given percentage number divided by 100.</p>
<p>Determine that the scale factor equals 8.17 and multiply it by the given value.</p>
<p><math display="block" xmlns="http://www.w3.org/1998/Math/MathML"><semantics><mrow><mn>8.17</mn><mo>⋅</mo><mn>130</mn><mspace width="0.222em"></mspace><mo>=</mo><mspace width="0.222em"></mspace><mn>1062.1</mn></mrow><annotation encoding="application/x-tex">8.17\cdot 130 ~=~ 1062.1</annotation></semantics></math></p>
]]></mattext>
</material>
</flow_mat>
</itemfeedback>
</item>

<item ident="u17_01_percent_of_940250659_section_1_item_24_num" title="Question" maxattempts="10">
<itemcontrol feedbackswitch="No" hintswitch="No" solutionswitch="Yes"/>
<itemmetadata>
<qtimetadata>
<qtimetadatafield>
<fieldlabel>question_type</fieldlabel>
<fieldentry>numerical_question</fieldentry>
</qtimetadatafield>
</qtimetadata>
</itemmetadata>
<presentation>
<flow>
<material>
<matbreak/>
<mattext texttype="text/html" charset="utf-8"><![CDATA[
<p>What is 0.539% of 2.89?</p>
]]></mattext>
<matbreak/>
</material>
<response_num ident="u17_01_percent_of_940250659_section_1_item_24_num_RESPONSE_3701764" rcardinality="Single" numtype="Decimal">
<render_fib fibtype="Decimal" maxchars="12">
<flow_label class="Block">
<response_label ident="u17_01_percent_of_940250659_section_1_item_24_num_RESPONSE_3701764" rshuffle="No"/>
</flow_label>
</render_fib>
</response_num>
<material>
<matbreak/>
</material>
</flow>
</presentation>
<resprocessing>
<outcomes>
<decvar varname="SCORE" vartype="Decimal" defaultval="0" minvalue="0" maxvalue="2" cutvalue="2"/>
</outcomes>
<respcondition title="Mastery" continue="No">
<conditionvar>

<or>
<varequal respident="u17_01_percent_of_940250659_section_1_item_24_num_RESPONSE_3701764" case="No"><![CDATA[0.0155771]]></varequal>
<and>
<vargte respident="u17_01_percent_of_940250659_section_1_item_24_num_RESPONSE_3701764"><![CDATA[0.0154771]]></vargte>
<varlte respident="u17_01_percent_of_940250659_section_1_item_24_num_RESPONSE_3701764"><![CDATA[0.0156771]]></varlte>
</and>
</or>
</conditionvar>
<setvar varname="SCORE" action="Set">2</setvar>
<displayfeedback feedbacktype="Response" linkrefid="correct_fb"/>
</respcondition>
<respcondition continue="Yes">
<conditionvar>
<other/>
</conditionvar>
<displayfeedback feedbacktype="Response" linkrefid="general_incorrect_fb"/>
</respcondition>
</resprocessing>
<itemfeedback ident="correct_fb" view="All">
<flow_mat>
<material>
<mattext texttype="text/html"><![CDATA[
<p>For a “percent of” question, the scale factor is simply the given percentage number divided by 100.</p>
<p>Determine that the scale factor equals 0.00539 and multiply it by the given value.</p>
<p><math display="block" xmlns="http://www.w3.org/1998/Math/MathML"><semantics><mrow><mn>0.00539</mn><mo>⋅</mo><mn>2.89</mn><mspace width="0.222em"></mspace><mo>=</mo><mspace width="0.222em"></mspace><mn>0.0155771</mn></mrow><annotation encoding="application/x-tex">0.00539\cdot 2.89 ~=~ 0.0155771</annotation></semantics></math></p>
]]></mattext>
</material>
</flow_mat>
</itemfeedback>
<itemfeedback ident="general_incorrect_fb" view="All">
<flow_mat>
<material>
<mattext texttype="text/html"><![CDATA[
<p>For a “percent of” question, the scale factor is simply the given percentage number divided by 100.</p>
<p>Determine that the scale factor equals 0.00539 and multiply it by the given value.</p>
<p><math display="block" xmlns="http://www.w3.org/1998/Math/MathML"><semantics><mrow><mn>0.00539</mn><mo>⋅</mo><mn>2.89</mn><mspace width="0.222em"></mspace><mo>=</mo><mspace width="0.222em"></mspace><mn>0.0155771</mn></mrow><annotation encoding="application/x-tex">0.00539\cdot 2.89 ~=~ 0.0155771</annotation></semantics></math></p>
]]></mattext>
</material>
</flow_mat>
</itemfeedback>
</item>

<item ident="u17_01_percent_of_940250659_section_1_item_25_num" title="Question" maxattempts="10">
<itemcontrol feedbackswitch="No" hintswitch="No" solutionswitch="Yes"/>
<itemmetadata>
<qtimetadata>
<qtimetadatafield>
<fieldlabel>question_type</fieldlabel>
<fieldentry>numerical_question</fieldentry>
</qtimetadatafield>
</qtimetadata>
</itemmetadata>
<presentation>
<flow>
<material>
<matbreak/>
<mattext texttype="text/html" charset="utf-8"><![CDATA[
<p>What is 3.31% of 99.2?</p>
]]></mattext>
<matbreak/>
</material>
<response_num ident="u17_01_percent_of_940250659_section_1_item_25_num_RESPONSE_1701372" rcardinality="Single" numtype="Decimal">
<render_fib fibtype="Decimal" maxchars="12">
<flow_label class="Block">
<response_label ident="u17_01_percent_of_940250659_section_1_item_25_num_RESPONSE_1701372" rshuffle="No"/>
</flow_label>
</render_fib>
</response_num>
<material>
<matbreak/>
</material>
</flow>
</presentation>
<resprocessing>
<outcomes>
<decvar varname="SCORE" vartype="Decimal" defaultval="0" minvalue="0" maxvalue="2" cutvalue="2"/>
</outcomes>
<respcondition title="Mastery" continue="No">
<conditionvar>

<or>
<varequal respident="u17_01_percent_of_940250659_section_1_item_25_num_RESPONSE_1701372" case="No"><![CDATA[3.28352]]></varequal>
<and>
<vargte respident="u17_01_percent_of_940250659_section_1_item_25_num_RESPONSE_1701372"><![CDATA[3.27352]]></vargte>
<varlte respident="u17_01_percent_of_940250659_section_1_item_25_num_RESPONSE_1701372"><![CDATA[3.29352]]></varlte>
</and>
</or>
</conditionvar>
<setvar varname="SCORE" action="Set">2</setvar>
<displayfeedback feedbacktype="Response" linkrefid="correct_fb"/>
</respcondition>
<respcondition continue="Yes">
<conditionvar>
<other/>
</conditionvar>
<displayfeedback feedbacktype="Response" linkrefid="general_incorrect_fb"/>
</respcondition>
</resprocessing>
<itemfeedback ident="correct_fb" view="All">
<flow_mat>
<material>
<mattext texttype="text/html"><![CDATA[
<p>For a “percent of” question, the scale factor is simply the given percentage number divided by 100.</p>
<p>Determine that the scale factor equals 0.0331 and multiply it by the given value.</p>
<p><math display="block" xmlns="http://www.w3.org/1998/Math/MathML"><semantics><mrow><mn>0.0331</mn><mo>⋅</mo><mn>99.2</mn><mspace width="0.222em"></mspace><mo>=</mo><mspace width="0.222em"></mspace><mn>3.28352</mn></mrow><annotation encoding="application/x-tex">0.0331\cdot 99.2 ~=~ 3.28352</annotation></semantics></math></p>
]]></mattext>
</material>
</flow_mat>
</itemfeedback>
<itemfeedback ident="general_incorrect_fb" view="All">
<flow_mat>
<material>
<mattext texttype="text/html"><![CDATA[
<p>For a “percent of” question, the scale factor is simply the given percentage number divided by 100.</p>
<p>Determine that the scale factor equals 0.0331 and multiply it by the given value.</p>
<p><math display="block" xmlns="http://www.w3.org/1998/Math/MathML"><semantics><mrow><mn>0.0331</mn><mo>⋅</mo><mn>99.2</mn><mspace width="0.222em"></mspace><mo>=</mo><mspace width="0.222em"></mspace><mn>3.28352</mn></mrow><annotation encoding="application/x-tex">0.0331\cdot 99.2 ~=~ 3.28352</annotation></semantics></math></p>
]]></mattext>
</material>
</flow_mat>
</itemfeedback>
</item>

<item ident="u17_01_percent_of_940250659_section_1_item_26_num" title="Question" maxattempts="10">
<itemcontrol feedbackswitch="No" hintswitch="No" solutionswitch="Yes"/>
<itemmetadata>
<qtimetadata>
<qtimetadatafield>
<fieldlabel>question_type</fieldlabel>
<fieldentry>numerical_question</fieldentry>
</qtimetadatafield>
</qtimetadata>
</itemmetadata>
<presentation>
<flow>
<material>
<matbreak/>
<mattext texttype="text/html" charset="utf-8"><![CDATA[
<p>What is 936% of 152?</p>
]]></mattext>
<matbreak/>
</material>
<response_num ident="u17_01_percent_of_940250659_section_1_item_26_num_RESPONSE_1153595" rcardinality="Single" numtype="Decimal">
<render_fib fibtype="Decimal" maxchars="12">
<flow_label class="Block">
<response_label ident="u17_01_percent_of_940250659_section_1_item_26_num_RESPONSE_1153595" rshuffle="No"/>
</flow_label>
</render_fib>
</response_num>
<material>
<matbreak/>
</material>
</flow>
</presentation>
<resprocessing>
<outcomes>
<decvar varname="SCORE" vartype="Decimal" defaultval="0" minvalue="0" maxvalue="2" cutvalue="2"/>
</outcomes>
<respcondition title="Mastery" continue="No">
<conditionvar>

<or>
<varequal respident="u17_01_percent_of_940250659_section_1_item_26_num_RESPONSE_1153595" case="No"><![CDATA[1422.72]]></varequal>
<and>
<vargte respident="u17_01_percent_of_940250659_section_1_item_26_num_RESPONSE_1153595"><![CDATA[1412.72]]></vargte>
<varlte respident="u17_01_percent_of_940250659_section_1_item_26_num_RESPONSE_1153595"><![CDATA[1432.72]]></varlte>
</and>
</or>
</conditionvar>
<setvar varname="SCORE" action="Set">2</setvar>
<displayfeedback feedbacktype="Response" linkrefid="correct_fb"/>
</respcondition>
<respcondition continue="Yes">
<conditionvar>
<other/>
</conditionvar>
<displayfeedback feedbacktype="Response" linkrefid="general_incorrect_fb"/>
</respcondition>
</resprocessing>
<itemfeedback ident="correct_fb" view="All">
<flow_mat>
<material>
<mattext texttype="text/html"><![CDATA[
<p>For a “percent of” question, the scale factor is simply the given percentage number divided by 100.</p>
<p>Determine that the scale factor equals 9.36 and multiply it by the given value.</p>
<p><math display="block" xmlns="http://www.w3.org/1998/Math/MathML"><semantics><mrow><mn>9.36</mn><mo>⋅</mo><mn>152</mn><mspace width="0.222em"></mspace><mo>=</mo><mspace width="0.222em"></mspace><mn>1422.72</mn></mrow><annotation encoding="application/x-tex">9.36\cdot 152 ~=~ 1422.72</annotation></semantics></math></p>
]]></mattext>
</material>
</flow_mat>
</itemfeedback>
<itemfeedback ident="general_incorrect_fb" view="All">
<flow_mat>
<material>
<mattext texttype="text/html"><![CDATA[
<p>For a “percent of” question, the scale factor is simply the given percentage number divided by 100.</p>
<p>Determine that the scale factor equals 9.36 and multiply it by the given value.</p>
<p><math display="block" xmlns="http://www.w3.org/1998/Math/MathML"><semantics><mrow><mn>9.36</mn><mo>⋅</mo><mn>152</mn><mspace width="0.222em"></mspace><mo>=</mo><mspace width="0.222em"></mspace><mn>1422.72</mn></mrow><annotation encoding="application/x-tex">9.36\cdot 152 ~=~ 1422.72</annotation></semantics></math></p>
]]></mattext>
</material>
</flow_mat>
</itemfeedback>
</item>

<item ident="u17_01_percent_of_940250659_section_1_item_27_num" title="Question" maxattempts="10">
<itemcontrol feedbackswitch="No" hintswitch="No" solutionswitch="Yes"/>
<itemmetadata>
<qtimetadata>
<qtimetadatafield>
<fieldlabel>question_type</fieldlabel>
<fieldentry>numerical_question</fieldentry>
</qtimetadatafield>
</qtimetadata>
</itemmetadata>
<presentation>
<flow>
<material>
<matbreak/>
<mattext texttype="text/html" charset="utf-8"><![CDATA[
<p>What is 8.84% of 51.6?</p>
]]></mattext>
<matbreak/>
</material>
<response_num ident="u17_01_percent_of_940250659_section_1_item_27_num_RESPONSE_2671616" rcardinality="Single" numtype="Decimal">
<render_fib fibtype="Decimal" maxchars="12">
<flow_label class="Block">
<response_label ident="u17_01_percent_of_940250659_section_1_item_27_num_RESPONSE_2671616" rshuffle="No"/>
</flow_label>
</render_fib>
</response_num>
<material>
<matbreak/>
</material>
</flow>
</presentation>
<resprocessing>
<outcomes>
<decvar varname="SCORE" vartype="Decimal" defaultval="0" minvalue="0" maxvalue="2" cutvalue="2"/>
</outcomes>
<respcondition title="Mastery" continue="No">
<conditionvar>

<or>
<varequal respident="u17_01_percent_of_940250659_section_1_item_27_num_RESPONSE_2671616" case="No"><![CDATA[4.56144]]></varequal>
<and>
<vargte respident="u17_01_percent_of_940250659_section_1_item_27_num_RESPONSE_2671616"><![CDATA[4.55144]]></vargte>
<varlte respident="u17_01_percent_of_940250659_section_1_item_27_num_RESPONSE_2671616"><![CDATA[4.57144]]></varlte>
</and>
</or>
</conditionvar>
<setvar varname="SCORE" action="Set">2</setvar>
<displayfeedback feedbacktype="Response" linkrefid="correct_fb"/>
</respcondition>
<respcondition continue="Yes">
<conditionvar>
<other/>
</conditionvar>
<displayfeedback feedbacktype="Response" linkrefid="general_incorrect_fb"/>
</respcondition>
</resprocessing>
<itemfeedback ident="correct_fb" view="All">
<flow_mat>
<material>
<mattext texttype="text/html"><![CDATA[
<p>For a “percent of” question, the scale factor is simply the given percentage number divided by 100.</p>
<p>Determine that the scale factor equals 0.0884 and multiply it by the given value.</p>
<p><math display="block" xmlns="http://www.w3.org/1998/Math/MathML"><semantics><mrow><mn>0.0884</mn><mo>⋅</mo><mn>51.6</mn><mspace width="0.222em"></mspace><mo>=</mo><mspace width="0.222em"></mspace><mn>4.56144</mn></mrow><annotation encoding="application/x-tex">0.0884\cdot 51.6 ~=~ 4.56144</annotation></semantics></math></p>
]]></mattext>
</material>
</flow_mat>
</itemfeedback>
<itemfeedback ident="general_incorrect_fb" view="All">
<flow_mat>
<material>
<mattext texttype="text/html"><![CDATA[
<p>For a “percent of” question, the scale factor is simply the given percentage number divided by 100.</p>
<p>Determine that the scale factor equals 0.0884 and multiply it by the given value.</p>
<p><math display="block" xmlns="http://www.w3.org/1998/Math/MathML"><semantics><mrow><mn>0.0884</mn><mo>⋅</mo><mn>51.6</mn><mspace width="0.222em"></mspace><mo>=</mo><mspace width="0.222em"></mspace><mn>4.56144</mn></mrow><annotation encoding="application/x-tex">0.0884\cdot 51.6 ~=~ 4.56144</annotation></semantics></math></p>
]]></mattext>
</material>
</flow_mat>
</itemfeedback>
</item>

<item ident="u17_01_percent_of_940250659_section_1_item_28_num" title="Question" maxattempts="10">
<itemcontrol feedbackswitch="No" hintswitch="No" solutionswitch="Yes"/>
<itemmetadata>
<qtimetadata>
<qtimetadatafield>
<fieldlabel>question_type</fieldlabel>
<fieldentry>numerical_question</fieldentry>
</qtimetadatafield>
</qtimetadata>
</itemmetadata>
<presentation>
<flow>
<material>
<matbreak/>
<mattext texttype="text/html" charset="utf-8"><![CDATA[
<p>What is 58.5% of 185?</p>
]]></mattext>
<matbreak/>
</material>
<response_num ident="u17_01_percent_of_940250659_section_1_item_28_num_RESPONSE_2428099" rcardinality="Single" numtype="Decimal">
<render_fib fibtype="Decimal" maxchars="12">
<flow_label class="Block">
<response_label ident="u17_01_percent_of_940250659_section_1_item_28_num_RESPONSE_2428099" rshuffle="No"/>
</flow_label>
</render_fib>
</response_num>
<material>
<matbreak/>
</material>
</flow>
</presentation>
<resprocessing>
<outcomes>
<decvar varname="SCORE" vartype="Decimal" defaultval="0" minvalue="0" maxvalue="2" cutvalue="2"/>
</outcomes>
<respcondition title="Mastery" continue="No">
<conditionvar>

<or>
<varequal respident="u17_01_percent_of_940250659_section_1_item_28_num_RESPONSE_2428099" case="No"><![CDATA[108.225]]></varequal>
<and>
<vargte respident="u17_01_percent_of_940250659_section_1_item_28_num_RESPONSE_2428099"><![CDATA[107.225]]></vargte>
<varlte respident="u17_01_percent_of_940250659_section_1_item_28_num_RESPONSE_2428099"><![CDATA[109.225]]></varlte>
</and>
</or>
</conditionvar>
<setvar varname="SCORE" action="Set">2</setvar>
<displayfeedback feedbacktype="Response" linkrefid="correct_fb"/>
</respcondition>
<respcondition continue="Yes">
<conditionvar>
<other/>
</conditionvar>
<displayfeedback feedbacktype="Response" linkrefid="general_incorrect_fb"/>
</respcondition>
</resprocessing>
<itemfeedback ident="correct_fb" view="All">
<flow_mat>
<material>
<mattext texttype="text/html"><![CDATA[
<p>For a “percent of” question, the scale factor is simply the given percentage number divided by 100.</p>
<p>Determine that the scale factor equals 0.585 and multiply it by the given value.</p>
<p><math display="block" xmlns="http://www.w3.org/1998/Math/MathML"><semantics><mrow><mn>0.585</mn><mo>⋅</mo><mn>185</mn><mspace width="0.222em"></mspace><mo>=</mo><mspace width="0.222em"></mspace><mn>108.225</mn></mrow><annotation encoding="application/x-tex">0.585\cdot 185 ~=~ 108.225</annotation></semantics></math></p>
]]></mattext>
</material>
</flow_mat>
</itemfeedback>
<itemfeedback ident="general_incorrect_fb" view="All">
<flow_mat>
<material>
<mattext texttype="text/html"><![CDATA[
<p>For a “percent of” question, the scale factor is simply the given percentage number divided by 100.</p>
<p>Determine that the scale factor equals 0.585 and multiply it by the given value.</p>
<p><math display="block" xmlns="http://www.w3.org/1998/Math/MathML"><semantics><mrow><mn>0.585</mn><mo>⋅</mo><mn>185</mn><mspace width="0.222em"></mspace><mo>=</mo><mspace width="0.222em"></mspace><mn>108.225</mn></mrow><annotation encoding="application/x-tex">0.585\cdot 185 ~=~ 108.225</annotation></semantics></math></p>
]]></mattext>
</material>
</flow_mat>
</itemfeedback>
</item>

<item ident="u17_01_percent_of_940250659_section_1_item_29_num" title="Question" maxattempts="10">
<itemcontrol feedbackswitch="No" hintswitch="No" solutionswitch="Yes"/>
<itemmetadata>
<qtimetadata>
<qtimetadatafield>
<fieldlabel>question_type</fieldlabel>
<fieldentry>numerical_question</fieldentry>
</qtimetadatafield>
</qtimetadata>
</itemmetadata>
<presentation>
<flow>
<material>
<matbreak/>
<mattext texttype="text/html" charset="utf-8"><![CDATA[
<p>What is 90.7% of 3.78?</p>
]]></mattext>
<matbreak/>
</material>
<response_num ident="u17_01_percent_of_940250659_section_1_item_29_num_RESPONSE_2473494" rcardinality="Single" numtype="Decimal">
<render_fib fibtype="Decimal" maxchars="12">
<flow_label class="Block">
<response_label ident="u17_01_percent_of_940250659_section_1_item_29_num_RESPONSE_2473494" rshuffle="No"/>
</flow_label>
</render_fib>
</response_num>
<material>
<matbreak/>
</material>
</flow>
</presentation>
<resprocessing>
<outcomes>
<decvar varname="SCORE" vartype="Decimal" defaultval="0" minvalue="0" maxvalue="2" cutvalue="2"/>
</outcomes>
<respcondition title="Mastery" continue="No">
<conditionvar>

<or>
<varequal respident="u17_01_percent_of_940250659_section_1_item_29_num_RESPONSE_2473494" case="No"><![CDATA[3.42846]]></varequal>
<and>
<vargte respident="u17_01_percent_of_940250659_section_1_item_29_num_RESPONSE_2473494"><![CDATA[3.41846]]></vargte>
<varlte respident="u17_01_percent_of_940250659_section_1_item_29_num_RESPONSE_2473494"><![CDATA[3.43846]]></varlte>
</and>
</or>
</conditionvar>
<setvar varname="SCORE" action="Set">2</setvar>
<displayfeedback feedbacktype="Response" linkrefid="correct_fb"/>
</respcondition>
<respcondition continue="Yes">
<conditionvar>
<other/>
</conditionvar>
<displayfeedback feedbacktype="Response" linkrefid="general_incorrect_fb"/>
</respcondition>
</resprocessing>
<itemfeedback ident="correct_fb" view="All">
<flow_mat>
<material>
<mattext texttype="text/html"><![CDATA[
<p>For a “percent of” question, the scale factor is simply the given percentage number divided by 100.</p>
<p>Determine that the scale factor equals 0.907 and multiply it by the given value.</p>
<p><math display="block" xmlns="http://www.w3.org/1998/Math/MathML"><semantics><mrow><mn>0.907</mn><mo>⋅</mo><mn>3.78</mn><mspace width="0.222em"></mspace><mo>=</mo><mspace width="0.222em"></mspace><mn>3.42846</mn></mrow><annotation encoding="application/x-tex">0.907\cdot 3.78 ~=~ 3.42846</annotation></semantics></math></p>
]]></mattext>
</material>
</flow_mat>
</itemfeedback>
<itemfeedback ident="general_incorrect_fb" view="All">
<flow_mat>
<material>
<mattext texttype="text/html"><![CDATA[
<p>For a “percent of” question, the scale factor is simply the given percentage number divided by 100.</p>
<p>Determine that the scale factor equals 0.907 and multiply it by the given value.</p>
<p><math display="block" xmlns="http://www.w3.org/1998/Math/MathML"><semantics><mrow><mn>0.907</mn><mo>⋅</mo><mn>3.78</mn><mspace width="0.222em"></mspace><mo>=</mo><mspace width="0.222em"></mspace><mn>3.42846</mn></mrow><annotation encoding="application/x-tex">0.907\cdot 3.78 ~=~ 3.42846</annotation></semantics></math></p>
]]></mattext>
</material>
</flow_mat>
</itemfeedback>
</item>

<item ident="u17_01_percent_of_940250659_section_1_item_30_num" title="Question" maxattempts="10">
<itemcontrol feedbackswitch="No" hintswitch="No" solutionswitch="Yes"/>
<itemmetadata>
<qtimetadata>
<qtimetadatafield>
<fieldlabel>question_type</fieldlabel>
<fieldentry>numerical_question</fieldentry>
</qtimetadatafield>
</qtimetadata>
</itemmetadata>
<presentation>
<flow>
<material>
<matbreak/>
<mattext texttype="text/html" charset="utf-8"><![CDATA[
<p>What is 935% of 15.6?</p>
]]></mattext>
<matbreak/>
</material>
<response_num ident="u17_01_percent_of_940250659_section_1_item_30_num_RESPONSE_2191476" rcardinality="Single" numtype="Decimal">
<render_fib fibtype="Decimal" maxchars="12">
<flow_label class="Block">
<response_label ident="u17_01_percent_of_940250659_section_1_item_30_num_RESPONSE_2191476" rshuffle="No"/>
</flow_label>
</render_fib>
</response_num>
<material>
<matbreak/>
</material>
</flow>
</presentation>
<resprocessing>
<outcomes>
<decvar varname="SCORE" vartype="Decimal" defaultval="0" minvalue="0" maxvalue="2" cutvalue="2"/>
</outcomes>
<respcondition title="Mastery" continue="No">
<conditionvar>

<or>
<varequal respident="u17_01_percent_of_940250659_section_1_item_30_num_RESPONSE_2191476" case="No"><![CDATA[145.86]]></varequal>
<and>
<vargte respident="u17_01_percent_of_940250659_section_1_item_30_num_RESPONSE_2191476"><![CDATA[144.86]]></vargte>
<varlte respident="u17_01_percent_of_940250659_section_1_item_30_num_RESPONSE_2191476"><![CDATA[146.86]]></varlte>
</and>
</or>
</conditionvar>
<setvar varname="SCORE" action="Set">2</setvar>
<displayfeedback feedbacktype="Response" linkrefid="correct_fb"/>
</respcondition>
<respcondition continue="Yes">
<conditionvar>
<other/>
</conditionvar>
<displayfeedback feedbacktype="Response" linkrefid="general_incorrect_fb"/>
</respcondition>
</resprocessing>
<itemfeedback ident="correct_fb" view="All">
<flow_mat>
<material>
<mattext texttype="text/html"><![CDATA[
<p>For a “percent of” question, the scale factor is simply the given percentage number divided by 100.</p>
<p>Determine that the scale factor equals 9.35 and multiply it by the given value.</p>
<p><math display="block" xmlns="http://www.w3.org/1998/Math/MathML"><semantics><mrow><mn>9.35</mn><mo>⋅</mo><mn>15.6</mn><mspace width="0.222em"></mspace><mo>=</mo><mspace width="0.222em"></mspace><mn>145.86</mn></mrow><annotation encoding="application/x-tex">9.35\cdot 15.6 ~=~ 145.86</annotation></semantics></math></p>
]]></mattext>
</material>
</flow_mat>
</itemfeedback>
<itemfeedback ident="general_incorrect_fb" view="All">
<flow_mat>
<material>
<mattext texttype="text/html"><![CDATA[
<p>For a “percent of” question, the scale factor is simply the given percentage number divided by 100.</p>
<p>Determine that the scale factor equals 9.35 and multiply it by the given value.</p>
<p><math display="block" xmlns="http://www.w3.org/1998/Math/MathML"><semantics><mrow><mn>9.35</mn><mo>⋅</mo><mn>15.6</mn><mspace width="0.222em"></mspace><mo>=</mo><mspace width="0.222em"></mspace><mn>145.86</mn></mrow><annotation encoding="application/x-tex">9.35\cdot 15.6 ~=~ 145.86</annotation></semantics></math></p>
]]></mattext>
</material>
</flow_mat>
</itemfeedback>
</item>


</section>

</assessment>
</questestinterop>
