<?xml version="1.0" encoding="UTF-8"?>
<!DOCTYPE questestinterop SYSTEM "ims_qtiasiv1p2p1.dtd">

<questestinterop>
<assessment ident="u17_14_half_life_from_graph_733929458" title="u17_14_half_life_from_graph">

<qtimetadata>
<qtimetadatafield>
<fieldlabel>cc_maxattempts</fieldlabel>
<fieldentry>10</fieldentry>
</qtimetadatafield>
<qtimetadatafield>
<fieldlabel>qmd_assessmenttype</fieldlabel>
<fieldentry>Assessment</fieldentry>
</qtimetadatafield>
</qtimetadata>
<objectives>
<material>
<mattext><![CDATA[Please solve the following exercises.]]></mattext>
</material>
</objectives>
<assessmentcontrol feedbackswitch="No" hintswitch="No" solutionswitch="Yes"/>
<outcomes_processing scoremodel="SumOfScores">
<outcomes>
<decvar varname="SCORE" vartype="Decimal" cutvalue="0"/>
</outcomes>
</outcomes_processing>
<assessfeedback title="AssessmentFeedback" ident="AssessmentFeedback">
<flow_mat>
<material>
<mattext>##AssessmentFeedback##</mattext>
</material>
</flow_mat>
</assessfeedback>

<section ident="u17_14_half_life_from_graph_733929458_section_1" title="Exercise">

<objectives>
<material>
<mattext><![CDATA[Please answer the following question.]]></mattext>
</material>
</objectives>
<selection_ordering>
<selection>
<selection_number>1</selection_number>
<selection_extension>
<points_per_item>2</points_per_item>
</selection_extension>
</selection>
<order order_type="Random"/>
</selection_ordering>

<item ident="u17_14_half_life_from_graph_733929458_section_1_item_01_num" title="Question" maxattempts="10">
<itemcontrol feedbackswitch="No" hintswitch="No" solutionswitch="Yes"/>
<itemmetadata>
<qtimetadata>
<qtimetadatafield>
<fieldlabel>question_type</fieldlabel>
<fieldentry>numerical_question</fieldentry>
</qtimetadatafield>
</qtimetadata>
</itemmetadata>
<presentation>
<flow>
<material>
<matbreak/>
<mattext texttype="text/html" charset="utf-8"><![CDATA[
<p>The <a href="https://en.wikipedia.org/wiki/Half-life">half-life</a> of an exponentially decaying function is the amount of time it takes for the population to halve.</p>
<p><img src="data/supplements1/unnamed-chunk-2-1.png" alt="plot of chunk unnamed-chunk-2" /><br />
</p>
<p>What is the half-life (in minutes) of the exponential function graphed above? (The answer is an integer.)</p>
]]></mattext>
<matbreak/>
</material>
<response_num ident="u17_14_half_life_from_graph_733929458_section_1_item_01_num_RESPONSE_4655683" rcardinality="Single" numtype="Decimal">
<render_fib fibtype="Decimal" maxchars="12">
<flow_label class="Block">
<response_label ident="u17_14_half_life_from_graph_733929458_section_1_item_01_num_RESPONSE_4655683" rshuffle="No"/>
</flow_label>
</render_fib>
</response_num>
<material>
<matbreak/>
</material>
</flow>
</presentation>
<resprocessing>
<outcomes>
<decvar varname="SCORE" vartype="Decimal" defaultval="0" minvalue="0" maxvalue="2" cutvalue="2"/>
</outcomes>
<respcondition title="Mastery" continue="No">
<conditionvar>

<or>
<varequal respident="u17_14_half_life_from_graph_733929458_section_1_item_01_num_RESPONSE_4655683" case="No"><![CDATA[2]]></varequal>
<and>
<vargte respident="u17_14_half_life_from_graph_733929458_section_1_item_01_num_RESPONSE_4655683"><![CDATA[1.9]]></vargte>
<varlte respident="u17_14_half_life_from_graph_733929458_section_1_item_01_num_RESPONSE_4655683"><![CDATA[2.1]]></varlte>
</and>
</or>
</conditionvar>
<setvar varname="SCORE" action="Set">2</setvar>
<displayfeedback feedbacktype="Response" linkrefid="correct_fb"/>
</respcondition>
<respcondition continue="Yes">
<conditionvar>
<other/>
</conditionvar>
<displayfeedback feedbacktype="Response" linkrefid="general_incorrect_fb"/>
</respcondition>
</resprocessing>
<itemfeedback ident="correct_fb" view="All">
<flow_mat>
<material>
<mattext texttype="text/html"><![CDATA[
<p>The half-life is 2 minutes.</p>
<p><img src="data/supplements1/unnamed-chunk-3-1.png" alt="plot of chunk unnamed-chunk-3" /><br />
</p>
<p>Every 2 minutes, the population halves again.</p>
]]></mattext>
</material>
</flow_mat>
</itemfeedback>
<itemfeedback ident="general_incorrect_fb" view="All">
<flow_mat>
<material>
<mattext texttype="text/html"><![CDATA[
<p>The half-life is 2 minutes.</p>
<p><img src="data/supplements1/unnamed-chunk-3-1.png" alt="plot of chunk unnamed-chunk-3" /><br />
</p>
<p>Every 2 minutes, the population halves again.</p>
]]></mattext>
</material>
</flow_mat>
</itemfeedback>
</item>

<item ident="u17_14_half_life_from_graph_733929458_section_1_item_02_num" title="Question" maxattempts="10">
<itemcontrol feedbackswitch="No" hintswitch="No" solutionswitch="Yes"/>
<itemmetadata>
<qtimetadata>
<qtimetadatafield>
<fieldlabel>question_type</fieldlabel>
<fieldentry>numerical_question</fieldentry>
</qtimetadatafield>
</qtimetadata>
</itemmetadata>
<presentation>
<flow>
<material>
<matbreak/>
<mattext texttype="text/html" charset="utf-8"><![CDATA[
<p>The <a href="https://en.wikipedia.org/wiki/Half-life">half-life</a> of an exponentially decaying function is the amount of time it takes for the population to halve.</p>
<p><img src="data/supplements2/unnamed-chunk-2-1.png" alt="plot of chunk unnamed-chunk-2" /><br />
</p>
<p>What is the half-life (in minutes) of the exponential function graphed above? (The answer is an integer.)</p>
]]></mattext>
<matbreak/>
</material>
<response_num ident="u17_14_half_life_from_graph_733929458_section_1_item_02_num_RESPONSE_4046447" rcardinality="Single" numtype="Decimal">
<render_fib fibtype="Decimal" maxchars="12">
<flow_label class="Block">
<response_label ident="u17_14_half_life_from_graph_733929458_section_1_item_02_num_RESPONSE_4046447" rshuffle="No"/>
</flow_label>
</render_fib>
</response_num>
<material>
<matbreak/>
</material>
</flow>
</presentation>
<resprocessing>
<outcomes>
<decvar varname="SCORE" vartype="Decimal" defaultval="0" minvalue="0" maxvalue="2" cutvalue="2"/>
</outcomes>
<respcondition title="Mastery" continue="No">
<conditionvar>

<or>
<varequal respident="u17_14_half_life_from_graph_733929458_section_1_item_02_num_RESPONSE_4046447" case="No"><![CDATA[7]]></varequal>
<and>
<vargte respident="u17_14_half_life_from_graph_733929458_section_1_item_02_num_RESPONSE_4046447"><![CDATA[6.9]]></vargte>
<varlte respident="u17_14_half_life_from_graph_733929458_section_1_item_02_num_RESPONSE_4046447"><![CDATA[7.1]]></varlte>
</and>
</or>
</conditionvar>
<setvar varname="SCORE" action="Set">2</setvar>
<displayfeedback feedbacktype="Response" linkrefid="correct_fb"/>
</respcondition>
<respcondition continue="Yes">
<conditionvar>
<other/>
</conditionvar>
<displayfeedback feedbacktype="Response" linkrefid="general_incorrect_fb"/>
</respcondition>
</resprocessing>
<itemfeedback ident="correct_fb" view="All">
<flow_mat>
<material>
<mattext texttype="text/html"><![CDATA[
<p>The half-life is 7 minutes.</p>
<p><img src="data/supplements2/unnamed-chunk-3-1.png" alt="plot of chunk unnamed-chunk-3" /><br />
</p>
<p>Every 7 minutes, the population halves again.</p>
]]></mattext>
</material>
</flow_mat>
</itemfeedback>
<itemfeedback ident="general_incorrect_fb" view="All">
<flow_mat>
<material>
<mattext texttype="text/html"><![CDATA[
<p>The half-life is 7 minutes.</p>
<p><img src="data/supplements2/unnamed-chunk-3-1.png" alt="plot of chunk unnamed-chunk-3" /><br />
</p>
<p>Every 7 minutes, the population halves again.</p>
]]></mattext>
</material>
</flow_mat>
</itemfeedback>
</item>

<item ident="u17_14_half_life_from_graph_733929458_section_1_item_03_num" title="Question" maxattempts="10">
<itemcontrol feedbackswitch="No" hintswitch="No" solutionswitch="Yes"/>
<itemmetadata>
<qtimetadata>
<qtimetadatafield>
<fieldlabel>question_type</fieldlabel>
<fieldentry>numerical_question</fieldentry>
</qtimetadatafield>
</qtimetadata>
</itemmetadata>
<presentation>
<flow>
<material>
<matbreak/>
<mattext texttype="text/html" charset="utf-8"><![CDATA[
<p>The <a href="https://en.wikipedia.org/wiki/Half-life">half-life</a> of an exponentially decaying function is the amount of time it takes for the population to halve.</p>
<p><img src="data/supplements3/unnamed-chunk-2-1.png" alt="plot of chunk unnamed-chunk-2" /><br />
</p>
<p>What is the half-life (in minutes) of the exponential function graphed above? (The answer is an integer.)</p>
]]></mattext>
<matbreak/>
</material>
<response_num ident="u17_14_half_life_from_graph_733929458_section_1_item_03_num_RESPONSE_9780939" rcardinality="Single" numtype="Decimal">
<render_fib fibtype="Decimal" maxchars="12">
<flow_label class="Block">
<response_label ident="u17_14_half_life_from_graph_733929458_section_1_item_03_num_RESPONSE_9780939" rshuffle="No"/>
</flow_label>
</render_fib>
</response_num>
<material>
<matbreak/>
</material>
</flow>
</presentation>
<resprocessing>
<outcomes>
<decvar varname="SCORE" vartype="Decimal" defaultval="0" minvalue="0" maxvalue="2" cutvalue="2"/>
</outcomes>
<respcondition title="Mastery" continue="No">
<conditionvar>

<or>
<varequal respident="u17_14_half_life_from_graph_733929458_section_1_item_03_num_RESPONSE_9780939" case="No"><![CDATA[8]]></varequal>
<and>
<vargte respident="u17_14_half_life_from_graph_733929458_section_1_item_03_num_RESPONSE_9780939"><![CDATA[7.9]]></vargte>
<varlte respident="u17_14_half_life_from_graph_733929458_section_1_item_03_num_RESPONSE_9780939"><![CDATA[8.1]]></varlte>
</and>
</or>
</conditionvar>
<setvar varname="SCORE" action="Set">2</setvar>
<displayfeedback feedbacktype="Response" linkrefid="correct_fb"/>
</respcondition>
<respcondition continue="Yes">
<conditionvar>
<other/>
</conditionvar>
<displayfeedback feedbacktype="Response" linkrefid="general_incorrect_fb"/>
</respcondition>
</resprocessing>
<itemfeedback ident="correct_fb" view="All">
<flow_mat>
<material>
<mattext texttype="text/html"><![CDATA[
<p>The half-life is 8 minutes.</p>
<p><img src="data/supplements3/unnamed-chunk-3-1.png" alt="plot of chunk unnamed-chunk-3" /><br />
</p>
<p>Every 8 minutes, the population halves again.</p>
]]></mattext>
</material>
</flow_mat>
</itemfeedback>
<itemfeedback ident="general_incorrect_fb" view="All">
<flow_mat>
<material>
<mattext texttype="text/html"><![CDATA[
<p>The half-life is 8 minutes.</p>
<p><img src="data/supplements3/unnamed-chunk-3-1.png" alt="plot of chunk unnamed-chunk-3" /><br />
</p>
<p>Every 8 minutes, the population halves again.</p>
]]></mattext>
</material>
</flow_mat>
</itemfeedback>
</item>

<item ident="u17_14_half_life_from_graph_733929458_section_1_item_04_num" title="Question" maxattempts="10">
<itemcontrol feedbackswitch="No" hintswitch="No" solutionswitch="Yes"/>
<itemmetadata>
<qtimetadata>
<qtimetadatafield>
<fieldlabel>question_type</fieldlabel>
<fieldentry>numerical_question</fieldentry>
</qtimetadatafield>
</qtimetadata>
</itemmetadata>
<presentation>
<flow>
<material>
<matbreak/>
<mattext texttype="text/html" charset="utf-8"><![CDATA[
<p>The <a href="https://en.wikipedia.org/wiki/Half-life">half-life</a> of an exponentially decaying function is the amount of time it takes for the population to halve.</p>
<p><img src="data/supplements4/unnamed-chunk-2-1.png" alt="plot of chunk unnamed-chunk-2" /><br />
</p>
<p>What is the half-life (in minutes) of the exponential function graphed above? (The answer is an integer.)</p>
]]></mattext>
<matbreak/>
</material>
<response_num ident="u17_14_half_life_from_graph_733929458_section_1_item_04_num_RESPONSE_8246258" rcardinality="Single" numtype="Decimal">
<render_fib fibtype="Decimal" maxchars="12">
<flow_label class="Block">
<response_label ident="u17_14_half_life_from_graph_733929458_section_1_item_04_num_RESPONSE_8246258" rshuffle="No"/>
</flow_label>
</render_fib>
</response_num>
<material>
<matbreak/>
</material>
</flow>
</presentation>
<resprocessing>
<outcomes>
<decvar varname="SCORE" vartype="Decimal" defaultval="0" minvalue="0" maxvalue="2" cutvalue="2"/>
</outcomes>
<respcondition title="Mastery" continue="No">
<conditionvar>

<or>
<varequal respident="u17_14_half_life_from_graph_733929458_section_1_item_04_num_RESPONSE_8246258" case="No"><![CDATA[3]]></varequal>
<and>
<vargte respident="u17_14_half_life_from_graph_733929458_section_1_item_04_num_RESPONSE_8246258"><![CDATA[2.9]]></vargte>
<varlte respident="u17_14_half_life_from_graph_733929458_section_1_item_04_num_RESPONSE_8246258"><![CDATA[3.1]]></varlte>
</and>
</or>
</conditionvar>
<setvar varname="SCORE" action="Set">2</setvar>
<displayfeedback feedbacktype="Response" linkrefid="correct_fb"/>
</respcondition>
<respcondition continue="Yes">
<conditionvar>
<other/>
</conditionvar>
<displayfeedback feedbacktype="Response" linkrefid="general_incorrect_fb"/>
</respcondition>
</resprocessing>
<itemfeedback ident="correct_fb" view="All">
<flow_mat>
<material>
<mattext texttype="text/html"><![CDATA[
<p>The half-life is 3 minutes.</p>
<p><img src="data/supplements4/unnamed-chunk-3-1.png" alt="plot of chunk unnamed-chunk-3" /><br />
</p>
<p>Every 3 minutes, the population halves again.</p>
]]></mattext>
</material>
</flow_mat>
</itemfeedback>
<itemfeedback ident="general_incorrect_fb" view="All">
<flow_mat>
<material>
<mattext texttype="text/html"><![CDATA[
<p>The half-life is 3 minutes.</p>
<p><img src="data/supplements4/unnamed-chunk-3-1.png" alt="plot of chunk unnamed-chunk-3" /><br />
</p>
<p>Every 3 minutes, the population halves again.</p>
]]></mattext>
</material>
</flow_mat>
</itemfeedback>
</item>

<item ident="u17_14_half_life_from_graph_733929458_section_1_item_05_num" title="Question" maxattempts="10">
<itemcontrol feedbackswitch="No" hintswitch="No" solutionswitch="Yes"/>
<itemmetadata>
<qtimetadata>
<qtimetadatafield>
<fieldlabel>question_type</fieldlabel>
<fieldentry>numerical_question</fieldentry>
</qtimetadatafield>
</qtimetadata>
</itemmetadata>
<presentation>
<flow>
<material>
<matbreak/>
<mattext texttype="text/html" charset="utf-8"><![CDATA[
<p>The <a href="https://en.wikipedia.org/wiki/Half-life">half-life</a> of an exponentially decaying function is the amount of time it takes for the population to halve.</p>
<p><img src="data/supplements5/unnamed-chunk-2-1.png" alt="plot of chunk unnamed-chunk-2" /><br />
</p>
<p>What is the half-life (in minutes) of the exponential function graphed above? (The answer is an integer.)</p>
]]></mattext>
<matbreak/>
</material>
<response_num ident="u17_14_half_life_from_graph_733929458_section_1_item_05_num_RESPONSE_1356407" rcardinality="Single" numtype="Decimal">
<render_fib fibtype="Decimal" maxchars="12">
<flow_label class="Block">
<response_label ident="u17_14_half_life_from_graph_733929458_section_1_item_05_num_RESPONSE_1356407" rshuffle="No"/>
</flow_label>
</render_fib>
</response_num>
<material>
<matbreak/>
</material>
</flow>
</presentation>
<resprocessing>
<outcomes>
<decvar varname="SCORE" vartype="Decimal" defaultval="0" minvalue="0" maxvalue="2" cutvalue="2"/>
</outcomes>
<respcondition title="Mastery" continue="No">
<conditionvar>

<or>
<varequal respident="u17_14_half_life_from_graph_733929458_section_1_item_05_num_RESPONSE_1356407" case="No"><![CDATA[6]]></varequal>
<and>
<vargte respident="u17_14_half_life_from_graph_733929458_section_1_item_05_num_RESPONSE_1356407"><![CDATA[5.9]]></vargte>
<varlte respident="u17_14_half_life_from_graph_733929458_section_1_item_05_num_RESPONSE_1356407"><![CDATA[6.1]]></varlte>
</and>
</or>
</conditionvar>
<setvar varname="SCORE" action="Set">2</setvar>
<displayfeedback feedbacktype="Response" linkrefid="correct_fb"/>
</respcondition>
<respcondition continue="Yes">
<conditionvar>
<other/>
</conditionvar>
<displayfeedback feedbacktype="Response" linkrefid="general_incorrect_fb"/>
</respcondition>
</resprocessing>
<itemfeedback ident="correct_fb" view="All">
<flow_mat>
<material>
<mattext texttype="text/html"><![CDATA[
<p>The half-life is 6 minutes.</p>
<p><img src="data/supplements5/unnamed-chunk-3-1.png" alt="plot of chunk unnamed-chunk-3" /><br />
</p>
<p>Every 6 minutes, the population halves again.</p>
]]></mattext>
</material>
</flow_mat>
</itemfeedback>
<itemfeedback ident="general_incorrect_fb" view="All">
<flow_mat>
<material>
<mattext texttype="text/html"><![CDATA[
<p>The half-life is 6 minutes.</p>
<p><img src="data/supplements5/unnamed-chunk-3-1.png" alt="plot of chunk unnamed-chunk-3" /><br />
</p>
<p>Every 6 minutes, the population halves again.</p>
]]></mattext>
</material>
</flow_mat>
</itemfeedback>
</item>

<item ident="u17_14_half_life_from_graph_733929458_section_1_item_06_num" title="Question" maxattempts="10">
<itemcontrol feedbackswitch="No" hintswitch="No" solutionswitch="Yes"/>
<itemmetadata>
<qtimetadata>
<qtimetadatafield>
<fieldlabel>question_type</fieldlabel>
<fieldentry>numerical_question</fieldentry>
</qtimetadatafield>
</qtimetadata>
</itemmetadata>
<presentation>
<flow>
<material>
<matbreak/>
<mattext texttype="text/html" charset="utf-8"><![CDATA[
<p>The <a href="https://en.wikipedia.org/wiki/Half-life">half-life</a> of an exponentially decaying function is the amount of time it takes for the population to halve.</p>
<p><img src="data/supplements6/unnamed-chunk-2-1.png" alt="plot of chunk unnamed-chunk-2" /><br />
</p>
<p>What is the half-life (in minutes) of the exponential function graphed above? (The answer is an integer.)</p>
]]></mattext>
<matbreak/>
</material>
<response_num ident="u17_14_half_life_from_graph_733929458_section_1_item_06_num_RESPONSE_7356433" rcardinality="Single" numtype="Decimal">
<render_fib fibtype="Decimal" maxchars="12">
<flow_label class="Block">
<response_label ident="u17_14_half_life_from_graph_733929458_section_1_item_06_num_RESPONSE_7356433" rshuffle="No"/>
</flow_label>
</render_fib>
</response_num>
<material>
<matbreak/>
</material>
</flow>
</presentation>
<resprocessing>
<outcomes>
<decvar varname="SCORE" vartype="Decimal" defaultval="0" minvalue="0" maxvalue="2" cutvalue="2"/>
</outcomes>
<respcondition title="Mastery" continue="No">
<conditionvar>

<or>
<varequal respident="u17_14_half_life_from_graph_733929458_section_1_item_06_num_RESPONSE_7356433" case="No"><![CDATA[4]]></varequal>
<and>
<vargte respident="u17_14_half_life_from_graph_733929458_section_1_item_06_num_RESPONSE_7356433"><![CDATA[3.9]]></vargte>
<varlte respident="u17_14_half_life_from_graph_733929458_section_1_item_06_num_RESPONSE_7356433"><![CDATA[4.1]]></varlte>
</and>
</or>
</conditionvar>
<setvar varname="SCORE" action="Set">2</setvar>
<displayfeedback feedbacktype="Response" linkrefid="correct_fb"/>
</respcondition>
<respcondition continue="Yes">
<conditionvar>
<other/>
</conditionvar>
<displayfeedback feedbacktype="Response" linkrefid="general_incorrect_fb"/>
</respcondition>
</resprocessing>
<itemfeedback ident="correct_fb" view="All">
<flow_mat>
<material>
<mattext texttype="text/html"><![CDATA[
<p>The half-life is 4 minutes.</p>
<p><img src="data/supplements6/unnamed-chunk-3-1.png" alt="plot of chunk unnamed-chunk-3" /><br />
</p>
<p>Every 4 minutes, the population halves again.</p>
]]></mattext>
</material>
</flow_mat>
</itemfeedback>
<itemfeedback ident="general_incorrect_fb" view="All">
<flow_mat>
<material>
<mattext texttype="text/html"><![CDATA[
<p>The half-life is 4 minutes.</p>
<p><img src="data/supplements6/unnamed-chunk-3-1.png" alt="plot of chunk unnamed-chunk-3" /><br />
</p>
<p>Every 4 minutes, the population halves again.</p>
]]></mattext>
</material>
</flow_mat>
</itemfeedback>
</item>

<item ident="u17_14_half_life_from_graph_733929458_section_1_item_07_num" title="Question" maxattempts="10">
<itemcontrol feedbackswitch="No" hintswitch="No" solutionswitch="Yes"/>
<itemmetadata>
<qtimetadata>
<qtimetadatafield>
<fieldlabel>question_type</fieldlabel>
<fieldentry>numerical_question</fieldentry>
</qtimetadatafield>
</qtimetadata>
</itemmetadata>
<presentation>
<flow>
<material>
<matbreak/>
<mattext texttype="text/html" charset="utf-8"><![CDATA[
<p>The <a href="https://en.wikipedia.org/wiki/Half-life">half-life</a> of an exponentially decaying function is the amount of time it takes for the population to halve.</p>
<p><img src="data/supplements7/unnamed-chunk-2-1.png" alt="plot of chunk unnamed-chunk-2" /><br />
</p>
<p>What is the half-life (in minutes) of the exponential function graphed above? (The answer is an integer.)</p>
]]></mattext>
<matbreak/>
</material>
<response_num ident="u17_14_half_life_from_graph_733929458_section_1_item_07_num_RESPONSE_2563063" rcardinality="Single" numtype="Decimal">
<render_fib fibtype="Decimal" maxchars="12">
<flow_label class="Block">
<response_label ident="u17_14_half_life_from_graph_733929458_section_1_item_07_num_RESPONSE_2563063" rshuffle="No"/>
</flow_label>
</render_fib>
</response_num>
<material>
<matbreak/>
</material>
</flow>
</presentation>
<resprocessing>
<outcomes>
<decvar varname="SCORE" vartype="Decimal" defaultval="0" minvalue="0" maxvalue="2" cutvalue="2"/>
</outcomes>
<respcondition title="Mastery" continue="No">
<conditionvar>

<or>
<varequal respident="u17_14_half_life_from_graph_733929458_section_1_item_07_num_RESPONSE_2563063" case="No"><![CDATA[3]]></varequal>
<and>
<vargte respident="u17_14_half_life_from_graph_733929458_section_1_item_07_num_RESPONSE_2563063"><![CDATA[2.9]]></vargte>
<varlte respident="u17_14_half_life_from_graph_733929458_section_1_item_07_num_RESPONSE_2563063"><![CDATA[3.1]]></varlte>
</and>
</or>
</conditionvar>
<setvar varname="SCORE" action="Set">2</setvar>
<displayfeedback feedbacktype="Response" linkrefid="correct_fb"/>
</respcondition>
<respcondition continue="Yes">
<conditionvar>
<other/>
</conditionvar>
<displayfeedback feedbacktype="Response" linkrefid="general_incorrect_fb"/>
</respcondition>
</resprocessing>
<itemfeedback ident="correct_fb" view="All">
<flow_mat>
<material>
<mattext texttype="text/html"><![CDATA[
<p>The half-life is 3 minutes.</p>
<p><img src="data/supplements7/unnamed-chunk-3-1.png" alt="plot of chunk unnamed-chunk-3" /><br />
</p>
<p>Every 3 minutes, the population halves again.</p>
]]></mattext>
</material>
</flow_mat>
</itemfeedback>
<itemfeedback ident="general_incorrect_fb" view="All">
<flow_mat>
<material>
<mattext texttype="text/html"><![CDATA[
<p>The half-life is 3 minutes.</p>
<p><img src="data/supplements7/unnamed-chunk-3-1.png" alt="plot of chunk unnamed-chunk-3" /><br />
</p>
<p>Every 3 minutes, the population halves again.</p>
]]></mattext>
</material>
</flow_mat>
</itemfeedback>
</item>

<item ident="u17_14_half_life_from_graph_733929458_section_1_item_08_num" title="Question" maxattempts="10">
<itemcontrol feedbackswitch="No" hintswitch="No" solutionswitch="Yes"/>
<itemmetadata>
<qtimetadata>
<qtimetadatafield>
<fieldlabel>question_type</fieldlabel>
<fieldentry>numerical_question</fieldentry>
</qtimetadatafield>
</qtimetadata>
</itemmetadata>
<presentation>
<flow>
<material>
<matbreak/>
<mattext texttype="text/html" charset="utf-8"><![CDATA[
<p>The <a href="https://en.wikipedia.org/wiki/Half-life">half-life</a> of an exponentially decaying function is the amount of time it takes for the population to halve.</p>
<p><img src="data/supplements8/unnamed-chunk-2-1.png" alt="plot of chunk unnamed-chunk-2" /><br />
</p>
<p>What is the half-life (in minutes) of the exponential function graphed above? (The answer is an integer.)</p>
]]></mattext>
<matbreak/>
</material>
<response_num ident="u17_14_half_life_from_graph_733929458_section_1_item_08_num_RESPONSE_7107029" rcardinality="Single" numtype="Decimal">
<render_fib fibtype="Decimal" maxchars="12">
<flow_label class="Block">
<response_label ident="u17_14_half_life_from_graph_733929458_section_1_item_08_num_RESPONSE_7107029" rshuffle="No"/>
</flow_label>
</render_fib>
</response_num>
<material>
<matbreak/>
</material>
</flow>
</presentation>
<resprocessing>
<outcomes>
<decvar varname="SCORE" vartype="Decimal" defaultval="0" minvalue="0" maxvalue="2" cutvalue="2"/>
</outcomes>
<respcondition title="Mastery" continue="No">
<conditionvar>

<or>
<varequal respident="u17_14_half_life_from_graph_733929458_section_1_item_08_num_RESPONSE_7107029" case="No"><![CDATA[4]]></varequal>
<and>
<vargte respident="u17_14_half_life_from_graph_733929458_section_1_item_08_num_RESPONSE_7107029"><![CDATA[3.9]]></vargte>
<varlte respident="u17_14_half_life_from_graph_733929458_section_1_item_08_num_RESPONSE_7107029"><![CDATA[4.1]]></varlte>
</and>
</or>
</conditionvar>
<setvar varname="SCORE" action="Set">2</setvar>
<displayfeedback feedbacktype="Response" linkrefid="correct_fb"/>
</respcondition>
<respcondition continue="Yes">
<conditionvar>
<other/>
</conditionvar>
<displayfeedback feedbacktype="Response" linkrefid="general_incorrect_fb"/>
</respcondition>
</resprocessing>
<itemfeedback ident="correct_fb" view="All">
<flow_mat>
<material>
<mattext texttype="text/html"><![CDATA[
<p>The half-life is 4 minutes.</p>
<p><img src="data/supplements8/unnamed-chunk-3-1.png" alt="plot of chunk unnamed-chunk-3" /><br />
</p>
<p>Every 4 minutes, the population halves again.</p>
]]></mattext>
</material>
</flow_mat>
</itemfeedback>
<itemfeedback ident="general_incorrect_fb" view="All">
<flow_mat>
<material>
<mattext texttype="text/html"><![CDATA[
<p>The half-life is 4 minutes.</p>
<p><img src="data/supplements8/unnamed-chunk-3-1.png" alt="plot of chunk unnamed-chunk-3" /><br />
</p>
<p>Every 4 minutes, the population halves again.</p>
]]></mattext>
</material>
</flow_mat>
</itemfeedback>
</item>

<item ident="u17_14_half_life_from_graph_733929458_section_1_item_09_num" title="Question" maxattempts="10">
<itemcontrol feedbackswitch="No" hintswitch="No" solutionswitch="Yes"/>
<itemmetadata>
<qtimetadata>
<qtimetadatafield>
<fieldlabel>question_type</fieldlabel>
<fieldentry>numerical_question</fieldentry>
</qtimetadatafield>
</qtimetadata>
</itemmetadata>
<presentation>
<flow>
<material>
<matbreak/>
<mattext texttype="text/html" charset="utf-8"><![CDATA[
<p>The <a href="https://en.wikipedia.org/wiki/Half-life">half-life</a> of an exponentially decaying function is the amount of time it takes for the population to halve.</p>
<p><img src="data/supplements9/unnamed-chunk-2-1.png" alt="plot of chunk unnamed-chunk-2" /><br />
</p>
<p>What is the half-life (in minutes) of the exponential function graphed above? (The answer is an integer.)</p>
]]></mattext>
<matbreak/>
</material>
<response_num ident="u17_14_half_life_from_graph_733929458_section_1_item_09_num_RESPONSE_7701431" rcardinality="Single" numtype="Decimal">
<render_fib fibtype="Decimal" maxchars="12">
<flow_label class="Block">
<response_label ident="u17_14_half_life_from_graph_733929458_section_1_item_09_num_RESPONSE_7701431" rshuffle="No"/>
</flow_label>
</render_fib>
</response_num>
<material>
<matbreak/>
</material>
</flow>
</presentation>
<resprocessing>
<outcomes>
<decvar varname="SCORE" vartype="Decimal" defaultval="0" minvalue="0" maxvalue="2" cutvalue="2"/>
</outcomes>
<respcondition title="Mastery" continue="No">
<conditionvar>

<or>
<varequal respident="u17_14_half_life_from_graph_733929458_section_1_item_09_num_RESPONSE_7701431" case="No"><![CDATA[2]]></varequal>
<and>
<vargte respident="u17_14_half_life_from_graph_733929458_section_1_item_09_num_RESPONSE_7701431"><![CDATA[1.9]]></vargte>
<varlte respident="u17_14_half_life_from_graph_733929458_section_1_item_09_num_RESPONSE_7701431"><![CDATA[2.1]]></varlte>
</and>
</or>
</conditionvar>
<setvar varname="SCORE" action="Set">2</setvar>
<displayfeedback feedbacktype="Response" linkrefid="correct_fb"/>
</respcondition>
<respcondition continue="Yes">
<conditionvar>
<other/>
</conditionvar>
<displayfeedback feedbacktype="Response" linkrefid="general_incorrect_fb"/>
</respcondition>
</resprocessing>
<itemfeedback ident="correct_fb" view="All">
<flow_mat>
<material>
<mattext texttype="text/html"><![CDATA[
<p>The half-life is 2 minutes.</p>
<p><img src="data/supplements9/unnamed-chunk-3-1.png" alt="plot of chunk unnamed-chunk-3" /><br />
</p>
<p>Every 2 minutes, the population halves again.</p>
]]></mattext>
</material>
</flow_mat>
</itemfeedback>
<itemfeedback ident="general_incorrect_fb" view="All">
<flow_mat>
<material>
<mattext texttype="text/html"><![CDATA[
<p>The half-life is 2 minutes.</p>
<p><img src="data/supplements9/unnamed-chunk-3-1.png" alt="plot of chunk unnamed-chunk-3" /><br />
</p>
<p>Every 2 minutes, the population halves again.</p>
]]></mattext>
</material>
</flow_mat>
</itemfeedback>
</item>

<item ident="u17_14_half_life_from_graph_733929458_section_1_item_10_num" title="Question" maxattempts="10">
<itemcontrol feedbackswitch="No" hintswitch="No" solutionswitch="Yes"/>
<itemmetadata>
<qtimetadata>
<qtimetadatafield>
<fieldlabel>question_type</fieldlabel>
<fieldentry>numerical_question</fieldentry>
</qtimetadatafield>
</qtimetadata>
</itemmetadata>
<presentation>
<flow>
<material>
<matbreak/>
<mattext texttype="text/html" charset="utf-8"><![CDATA[
<p>The <a href="https://en.wikipedia.org/wiki/Half-life">half-life</a> of an exponentially decaying function is the amount of time it takes for the population to halve.</p>
<p><img src="data/supplements10/unnamed-chunk-2-1.png" alt="plot of chunk unnamed-chunk-2" /><br />
</p>
<p>What is the half-life (in minutes) of the exponential function graphed above? (The answer is an integer.)</p>
]]></mattext>
<matbreak/>
</material>
<response_num ident="u17_14_half_life_from_graph_733929458_section_1_item_10_num_RESPONSE_1755987" rcardinality="Single" numtype="Decimal">
<render_fib fibtype="Decimal" maxchars="12">
<flow_label class="Block">
<response_label ident="u17_14_half_life_from_graph_733929458_section_1_item_10_num_RESPONSE_1755987" rshuffle="No"/>
</flow_label>
</render_fib>
</response_num>
<material>
<matbreak/>
</material>
</flow>
</presentation>
<resprocessing>
<outcomes>
<decvar varname="SCORE" vartype="Decimal" defaultval="0" minvalue="0" maxvalue="2" cutvalue="2"/>
</outcomes>
<respcondition title="Mastery" continue="No">
<conditionvar>

<or>
<varequal respident="u17_14_half_life_from_graph_733929458_section_1_item_10_num_RESPONSE_1755987" case="No"><![CDATA[8]]></varequal>
<and>
<vargte respident="u17_14_half_life_from_graph_733929458_section_1_item_10_num_RESPONSE_1755987"><![CDATA[7.9]]></vargte>
<varlte respident="u17_14_half_life_from_graph_733929458_section_1_item_10_num_RESPONSE_1755987"><![CDATA[8.1]]></varlte>
</and>
</or>
</conditionvar>
<setvar varname="SCORE" action="Set">2</setvar>
<displayfeedback feedbacktype="Response" linkrefid="correct_fb"/>
</respcondition>
<respcondition continue="Yes">
<conditionvar>
<other/>
</conditionvar>
<displayfeedback feedbacktype="Response" linkrefid="general_incorrect_fb"/>
</respcondition>
</resprocessing>
<itemfeedback ident="correct_fb" view="All">
<flow_mat>
<material>
<mattext texttype="text/html"><![CDATA[
<p>The half-life is 8 minutes.</p>
<p><img src="data/supplements10/unnamed-chunk-3-1.png" alt="plot of chunk unnamed-chunk-3" /><br />
</p>
<p>Every 8 minutes, the population halves again.</p>
]]></mattext>
</material>
</flow_mat>
</itemfeedback>
<itemfeedback ident="general_incorrect_fb" view="All">
<flow_mat>
<material>
<mattext texttype="text/html"><![CDATA[
<p>The half-life is 8 minutes.</p>
<p><img src="data/supplements10/unnamed-chunk-3-1.png" alt="plot of chunk unnamed-chunk-3" /><br />
</p>
<p>Every 8 minutes, the population halves again.</p>
]]></mattext>
</material>
</flow_mat>
</itemfeedback>
</item>

<item ident="u17_14_half_life_from_graph_733929458_section_1_item_11_num" title="Question" maxattempts="10">
<itemcontrol feedbackswitch="No" hintswitch="No" solutionswitch="Yes"/>
<itemmetadata>
<qtimetadata>
<qtimetadatafield>
<fieldlabel>question_type</fieldlabel>
<fieldentry>numerical_question</fieldentry>
</qtimetadatafield>
</qtimetadata>
</itemmetadata>
<presentation>
<flow>
<material>
<matbreak/>
<mattext texttype="text/html" charset="utf-8"><![CDATA[
<p>The <a href="https://en.wikipedia.org/wiki/Half-life">half-life</a> of an exponentially decaying function is the amount of time it takes for the population to halve.</p>
<p><img src="data/supplements11/unnamed-chunk-2-1.png" alt="plot of chunk unnamed-chunk-2" /><br />
</p>
<p>What is the half-life (in minutes) of the exponential function graphed above? (The answer is an integer.)</p>
]]></mattext>
<matbreak/>
</material>
<response_num ident="u17_14_half_life_from_graph_733929458_section_1_item_11_num_RESPONSE_5729812" rcardinality="Single" numtype="Decimal">
<render_fib fibtype="Decimal" maxchars="12">
<flow_label class="Block">
<response_label ident="u17_14_half_life_from_graph_733929458_section_1_item_11_num_RESPONSE_5729812" rshuffle="No"/>
</flow_label>
</render_fib>
</response_num>
<material>
<matbreak/>
</material>
</flow>
</presentation>
<resprocessing>
<outcomes>
<decvar varname="SCORE" vartype="Decimal" defaultval="0" minvalue="0" maxvalue="2" cutvalue="2"/>
</outcomes>
<respcondition title="Mastery" continue="No">
<conditionvar>

<or>
<varequal respident="u17_14_half_life_from_graph_733929458_section_1_item_11_num_RESPONSE_5729812" case="No"><![CDATA[3]]></varequal>
<and>
<vargte respident="u17_14_half_life_from_graph_733929458_section_1_item_11_num_RESPONSE_5729812"><![CDATA[2.9]]></vargte>
<varlte respident="u17_14_half_life_from_graph_733929458_section_1_item_11_num_RESPONSE_5729812"><![CDATA[3.1]]></varlte>
</and>
</or>
</conditionvar>
<setvar varname="SCORE" action="Set">2</setvar>
<displayfeedback feedbacktype="Response" linkrefid="correct_fb"/>
</respcondition>
<respcondition continue="Yes">
<conditionvar>
<other/>
</conditionvar>
<displayfeedback feedbacktype="Response" linkrefid="general_incorrect_fb"/>
</respcondition>
</resprocessing>
<itemfeedback ident="correct_fb" view="All">
<flow_mat>
<material>
<mattext texttype="text/html"><![CDATA[
<p>The half-life is 3 minutes.</p>
<p><img src="data/supplements11/unnamed-chunk-3-1.png" alt="plot of chunk unnamed-chunk-3" /><br />
</p>
<p>Every 3 minutes, the population halves again.</p>
]]></mattext>
</material>
</flow_mat>
</itemfeedback>
<itemfeedback ident="general_incorrect_fb" view="All">
<flow_mat>
<material>
<mattext texttype="text/html"><![CDATA[
<p>The half-life is 3 minutes.</p>
<p><img src="data/supplements11/unnamed-chunk-3-1.png" alt="plot of chunk unnamed-chunk-3" /><br />
</p>
<p>Every 3 minutes, the population halves again.</p>
]]></mattext>
</material>
</flow_mat>
</itemfeedback>
</item>

<item ident="u17_14_half_life_from_graph_733929458_section_1_item_12_num" title="Question" maxattempts="10">
<itemcontrol feedbackswitch="No" hintswitch="No" solutionswitch="Yes"/>
<itemmetadata>
<qtimetadata>
<qtimetadatafield>
<fieldlabel>question_type</fieldlabel>
<fieldentry>numerical_question</fieldentry>
</qtimetadatafield>
</qtimetadata>
</itemmetadata>
<presentation>
<flow>
<material>
<matbreak/>
<mattext texttype="text/html" charset="utf-8"><![CDATA[
<p>The <a href="https://en.wikipedia.org/wiki/Half-life">half-life</a> of an exponentially decaying function is the amount of time it takes for the population to halve.</p>
<p><img src="data/supplements12/unnamed-chunk-2-1.png" alt="plot of chunk unnamed-chunk-2" /><br />
</p>
<p>What is the half-life (in minutes) of the exponential function graphed above? (The answer is an integer.)</p>
]]></mattext>
<matbreak/>
</material>
<response_num ident="u17_14_half_life_from_graph_733929458_section_1_item_12_num_RESPONSE_3008633" rcardinality="Single" numtype="Decimal">
<render_fib fibtype="Decimal" maxchars="12">
<flow_label class="Block">
<response_label ident="u17_14_half_life_from_graph_733929458_section_1_item_12_num_RESPONSE_3008633" rshuffle="No"/>
</flow_label>
</render_fib>
</response_num>
<material>
<matbreak/>
</material>
</flow>
</presentation>
<resprocessing>
<outcomes>
<decvar varname="SCORE" vartype="Decimal" defaultval="0" minvalue="0" maxvalue="2" cutvalue="2"/>
</outcomes>
<respcondition title="Mastery" continue="No">
<conditionvar>

<or>
<varequal respident="u17_14_half_life_from_graph_733929458_section_1_item_12_num_RESPONSE_3008633" case="No"><![CDATA[3]]></varequal>
<and>
<vargte respident="u17_14_half_life_from_graph_733929458_section_1_item_12_num_RESPONSE_3008633"><![CDATA[2.9]]></vargte>
<varlte respident="u17_14_half_life_from_graph_733929458_section_1_item_12_num_RESPONSE_3008633"><![CDATA[3.1]]></varlte>
</and>
</or>
</conditionvar>
<setvar varname="SCORE" action="Set">2</setvar>
<displayfeedback feedbacktype="Response" linkrefid="correct_fb"/>
</respcondition>
<respcondition continue="Yes">
<conditionvar>
<other/>
</conditionvar>
<displayfeedback feedbacktype="Response" linkrefid="general_incorrect_fb"/>
</respcondition>
</resprocessing>
<itemfeedback ident="correct_fb" view="All">
<flow_mat>
<material>
<mattext texttype="text/html"><![CDATA[
<p>The half-life is 3 minutes.</p>
<p><img src="data/supplements12/unnamed-chunk-3-1.png" alt="plot of chunk unnamed-chunk-3" /><br />
</p>
<p>Every 3 minutes, the population halves again.</p>
]]></mattext>
</material>
</flow_mat>
</itemfeedback>
<itemfeedback ident="general_incorrect_fb" view="All">
<flow_mat>
<material>
<mattext texttype="text/html"><![CDATA[
<p>The half-life is 3 minutes.</p>
<p><img src="data/supplements12/unnamed-chunk-3-1.png" alt="plot of chunk unnamed-chunk-3" /><br />
</p>
<p>Every 3 minutes, the population halves again.</p>
]]></mattext>
</material>
</flow_mat>
</itemfeedback>
</item>

<item ident="u17_14_half_life_from_graph_733929458_section_1_item_13_num" title="Question" maxattempts="10">
<itemcontrol feedbackswitch="No" hintswitch="No" solutionswitch="Yes"/>
<itemmetadata>
<qtimetadata>
<qtimetadatafield>
<fieldlabel>question_type</fieldlabel>
<fieldentry>numerical_question</fieldentry>
</qtimetadatafield>
</qtimetadata>
</itemmetadata>
<presentation>
<flow>
<material>
<matbreak/>
<mattext texttype="text/html" charset="utf-8"><![CDATA[
<p>The <a href="https://en.wikipedia.org/wiki/Half-life">half-life</a> of an exponentially decaying function is the amount of time it takes for the population to halve.</p>
<p><img src="data/supplements13/unnamed-chunk-2-1.png" alt="plot of chunk unnamed-chunk-2" /><br />
</p>
<p>What is the half-life (in minutes) of the exponential function graphed above? (The answer is an integer.)</p>
]]></mattext>
<matbreak/>
</material>
<response_num ident="u17_14_half_life_from_graph_733929458_section_1_item_13_num_RESPONSE_1965763" rcardinality="Single" numtype="Decimal">
<render_fib fibtype="Decimal" maxchars="12">
<flow_label class="Block">
<response_label ident="u17_14_half_life_from_graph_733929458_section_1_item_13_num_RESPONSE_1965763" rshuffle="No"/>
</flow_label>
</render_fib>
</response_num>
<material>
<matbreak/>
</material>
</flow>
</presentation>
<resprocessing>
<outcomes>
<decvar varname="SCORE" vartype="Decimal" defaultval="0" minvalue="0" maxvalue="2" cutvalue="2"/>
</outcomes>
<respcondition title="Mastery" continue="No">
<conditionvar>

<or>
<varequal respident="u17_14_half_life_from_graph_733929458_section_1_item_13_num_RESPONSE_1965763" case="No"><![CDATA[4]]></varequal>
<and>
<vargte respident="u17_14_half_life_from_graph_733929458_section_1_item_13_num_RESPONSE_1965763"><![CDATA[3.9]]></vargte>
<varlte respident="u17_14_half_life_from_graph_733929458_section_1_item_13_num_RESPONSE_1965763"><![CDATA[4.1]]></varlte>
</and>
</or>
</conditionvar>
<setvar varname="SCORE" action="Set">2</setvar>
<displayfeedback feedbacktype="Response" linkrefid="correct_fb"/>
</respcondition>
<respcondition continue="Yes">
<conditionvar>
<other/>
</conditionvar>
<displayfeedback feedbacktype="Response" linkrefid="general_incorrect_fb"/>
</respcondition>
</resprocessing>
<itemfeedback ident="correct_fb" view="All">
<flow_mat>
<material>
<mattext texttype="text/html"><![CDATA[
<p>The half-life is 4 minutes.</p>
<p><img src="data/supplements13/unnamed-chunk-3-1.png" alt="plot of chunk unnamed-chunk-3" /><br />
</p>
<p>Every 4 minutes, the population halves again.</p>
]]></mattext>
</material>
</flow_mat>
</itemfeedback>
<itemfeedback ident="general_incorrect_fb" view="All">
<flow_mat>
<material>
<mattext texttype="text/html"><![CDATA[
<p>The half-life is 4 minutes.</p>
<p><img src="data/supplements13/unnamed-chunk-3-1.png" alt="plot of chunk unnamed-chunk-3" /><br />
</p>
<p>Every 4 minutes, the population halves again.</p>
]]></mattext>
</material>
</flow_mat>
</itemfeedback>
</item>

<item ident="u17_14_half_life_from_graph_733929458_section_1_item_14_num" title="Question" maxattempts="10">
<itemcontrol feedbackswitch="No" hintswitch="No" solutionswitch="Yes"/>
<itemmetadata>
<qtimetadata>
<qtimetadatafield>
<fieldlabel>question_type</fieldlabel>
<fieldentry>numerical_question</fieldentry>
</qtimetadatafield>
</qtimetadata>
</itemmetadata>
<presentation>
<flow>
<material>
<matbreak/>
<mattext texttype="text/html" charset="utf-8"><![CDATA[
<p>The <a href="https://en.wikipedia.org/wiki/Half-life">half-life</a> of an exponentially decaying function is the amount of time it takes for the population to halve.</p>
<p><img src="data/supplements14/unnamed-chunk-2-1.png" alt="plot of chunk unnamed-chunk-2" /><br />
</p>
<p>What is the half-life (in minutes) of the exponential function graphed above? (The answer is an integer.)</p>
]]></mattext>
<matbreak/>
</material>
<response_num ident="u17_14_half_life_from_graph_733929458_section_1_item_14_num_RESPONSE_6257529" rcardinality="Single" numtype="Decimal">
<render_fib fibtype="Decimal" maxchars="12">
<flow_label class="Block">
<response_label ident="u17_14_half_life_from_graph_733929458_section_1_item_14_num_RESPONSE_6257529" rshuffle="No"/>
</flow_label>
</render_fib>
</response_num>
<material>
<matbreak/>
</material>
</flow>
</presentation>
<resprocessing>
<outcomes>
<decvar varname="SCORE" vartype="Decimal" defaultval="0" minvalue="0" maxvalue="2" cutvalue="2"/>
</outcomes>
<respcondition title="Mastery" continue="No">
<conditionvar>

<or>
<varequal respident="u17_14_half_life_from_graph_733929458_section_1_item_14_num_RESPONSE_6257529" case="No"><![CDATA[8]]></varequal>
<and>
<vargte respident="u17_14_half_life_from_graph_733929458_section_1_item_14_num_RESPONSE_6257529"><![CDATA[7.9]]></vargte>
<varlte respident="u17_14_half_life_from_graph_733929458_section_1_item_14_num_RESPONSE_6257529"><![CDATA[8.1]]></varlte>
</and>
</or>
</conditionvar>
<setvar varname="SCORE" action="Set">2</setvar>
<displayfeedback feedbacktype="Response" linkrefid="correct_fb"/>
</respcondition>
<respcondition continue="Yes">
<conditionvar>
<other/>
</conditionvar>
<displayfeedback feedbacktype="Response" linkrefid="general_incorrect_fb"/>
</respcondition>
</resprocessing>
<itemfeedback ident="correct_fb" view="All">
<flow_mat>
<material>
<mattext texttype="text/html"><![CDATA[
<p>The half-life is 8 minutes.</p>
<p><img src="data/supplements14/unnamed-chunk-3-1.png" alt="plot of chunk unnamed-chunk-3" /><br />
</p>
<p>Every 8 minutes, the population halves again.</p>
]]></mattext>
</material>
</flow_mat>
</itemfeedback>
<itemfeedback ident="general_incorrect_fb" view="All">
<flow_mat>
<material>
<mattext texttype="text/html"><![CDATA[
<p>The half-life is 8 minutes.</p>
<p><img src="data/supplements14/unnamed-chunk-3-1.png" alt="plot of chunk unnamed-chunk-3" /><br />
</p>
<p>Every 8 minutes, the population halves again.</p>
]]></mattext>
</material>
</flow_mat>
</itemfeedback>
</item>

<item ident="u17_14_half_life_from_graph_733929458_section_1_item_15_num" title="Question" maxattempts="10">
<itemcontrol feedbackswitch="No" hintswitch="No" solutionswitch="Yes"/>
<itemmetadata>
<qtimetadata>
<qtimetadatafield>
<fieldlabel>question_type</fieldlabel>
<fieldentry>numerical_question</fieldentry>
</qtimetadatafield>
</qtimetadata>
</itemmetadata>
<presentation>
<flow>
<material>
<matbreak/>
<mattext texttype="text/html" charset="utf-8"><![CDATA[
<p>The <a href="https://en.wikipedia.org/wiki/Half-life">half-life</a> of an exponentially decaying function is the amount of time it takes for the population to halve.</p>
<p><img src="data/supplements15/unnamed-chunk-2-1.png" alt="plot of chunk unnamed-chunk-2" /><br />
</p>
<p>What is the half-life (in minutes) of the exponential function graphed above? (The answer is an integer.)</p>
]]></mattext>
<matbreak/>
</material>
<response_num ident="u17_14_half_life_from_graph_733929458_section_1_item_15_num_RESPONSE_3833732" rcardinality="Single" numtype="Decimal">
<render_fib fibtype="Decimal" maxchars="12">
<flow_label class="Block">
<response_label ident="u17_14_half_life_from_graph_733929458_section_1_item_15_num_RESPONSE_3833732" rshuffle="No"/>
</flow_label>
</render_fib>
</response_num>
<material>
<matbreak/>
</material>
</flow>
</presentation>
<resprocessing>
<outcomes>
<decvar varname="SCORE" vartype="Decimal" defaultval="0" minvalue="0" maxvalue="2" cutvalue="2"/>
</outcomes>
<respcondition title="Mastery" continue="No">
<conditionvar>

<or>
<varequal respident="u17_14_half_life_from_graph_733929458_section_1_item_15_num_RESPONSE_3833732" case="No"><![CDATA[6]]></varequal>
<and>
<vargte respident="u17_14_half_life_from_graph_733929458_section_1_item_15_num_RESPONSE_3833732"><![CDATA[5.9]]></vargte>
<varlte respident="u17_14_half_life_from_graph_733929458_section_1_item_15_num_RESPONSE_3833732"><![CDATA[6.1]]></varlte>
</and>
</or>
</conditionvar>
<setvar varname="SCORE" action="Set">2</setvar>
<displayfeedback feedbacktype="Response" linkrefid="correct_fb"/>
</respcondition>
<respcondition continue="Yes">
<conditionvar>
<other/>
</conditionvar>
<displayfeedback feedbacktype="Response" linkrefid="general_incorrect_fb"/>
</respcondition>
</resprocessing>
<itemfeedback ident="correct_fb" view="All">
<flow_mat>
<material>
<mattext texttype="text/html"><![CDATA[
<p>The half-life is 6 minutes.</p>
<p><img src="data/supplements15/unnamed-chunk-3-1.png" alt="plot of chunk unnamed-chunk-3" /><br />
</p>
<p>Every 6 minutes, the population halves again.</p>
]]></mattext>
</material>
</flow_mat>
</itemfeedback>
<itemfeedback ident="general_incorrect_fb" view="All">
<flow_mat>
<material>
<mattext texttype="text/html"><![CDATA[
<p>The half-life is 6 minutes.</p>
<p><img src="data/supplements15/unnamed-chunk-3-1.png" alt="plot of chunk unnamed-chunk-3" /><br />
</p>
<p>Every 6 minutes, the population halves again.</p>
]]></mattext>
</material>
</flow_mat>
</itemfeedback>
</item>

<item ident="u17_14_half_life_from_graph_733929458_section_1_item_16_num" title="Question" maxattempts="10">
<itemcontrol feedbackswitch="No" hintswitch="No" solutionswitch="Yes"/>
<itemmetadata>
<qtimetadata>
<qtimetadatafield>
<fieldlabel>question_type</fieldlabel>
<fieldentry>numerical_question</fieldentry>
</qtimetadatafield>
</qtimetadata>
</itemmetadata>
<presentation>
<flow>
<material>
<matbreak/>
<mattext texttype="text/html" charset="utf-8"><![CDATA[
<p>The <a href="https://en.wikipedia.org/wiki/Half-life">half-life</a> of an exponentially decaying function is the amount of time it takes for the population to halve.</p>
<p><img src="data/supplements16/unnamed-chunk-2-1.png" alt="plot of chunk unnamed-chunk-2" /><br />
</p>
<p>What is the half-life (in minutes) of the exponential function graphed above? (The answer is an integer.)</p>
]]></mattext>
<matbreak/>
</material>
<response_num ident="u17_14_half_life_from_graph_733929458_section_1_item_16_num_RESPONSE_1385923" rcardinality="Single" numtype="Decimal">
<render_fib fibtype="Decimal" maxchars="12">
<flow_label class="Block">
<response_label ident="u17_14_half_life_from_graph_733929458_section_1_item_16_num_RESPONSE_1385923" rshuffle="No"/>
</flow_label>
</render_fib>
</response_num>
<material>
<matbreak/>
</material>
</flow>
</presentation>
<resprocessing>
<outcomes>
<decvar varname="SCORE" vartype="Decimal" defaultval="0" minvalue="0" maxvalue="2" cutvalue="2"/>
</outcomes>
<respcondition title="Mastery" continue="No">
<conditionvar>

<or>
<varequal respident="u17_14_half_life_from_graph_733929458_section_1_item_16_num_RESPONSE_1385923" case="No"><![CDATA[6]]></varequal>
<and>
<vargte respident="u17_14_half_life_from_graph_733929458_section_1_item_16_num_RESPONSE_1385923"><![CDATA[5.9]]></vargte>
<varlte respident="u17_14_half_life_from_graph_733929458_section_1_item_16_num_RESPONSE_1385923"><![CDATA[6.1]]></varlte>
</and>
</or>
</conditionvar>
<setvar varname="SCORE" action="Set">2</setvar>
<displayfeedback feedbacktype="Response" linkrefid="correct_fb"/>
</respcondition>
<respcondition continue="Yes">
<conditionvar>
<other/>
</conditionvar>
<displayfeedback feedbacktype="Response" linkrefid="general_incorrect_fb"/>
</respcondition>
</resprocessing>
<itemfeedback ident="correct_fb" view="All">
<flow_mat>
<material>
<mattext texttype="text/html"><![CDATA[
<p>The half-life is 6 minutes.</p>
<p><img src="data/supplements16/unnamed-chunk-3-1.png" alt="plot of chunk unnamed-chunk-3" /><br />
</p>
<p>Every 6 minutes, the population halves again.</p>
]]></mattext>
</material>
</flow_mat>
</itemfeedback>
<itemfeedback ident="general_incorrect_fb" view="All">
<flow_mat>
<material>
<mattext texttype="text/html"><![CDATA[
<p>The half-life is 6 minutes.</p>
<p><img src="data/supplements16/unnamed-chunk-3-1.png" alt="plot of chunk unnamed-chunk-3" /><br />
</p>
<p>Every 6 minutes, the population halves again.</p>
]]></mattext>
</material>
</flow_mat>
</itemfeedback>
</item>

<item ident="u17_14_half_life_from_graph_733929458_section_1_item_17_num" title="Question" maxattempts="10">
<itemcontrol feedbackswitch="No" hintswitch="No" solutionswitch="Yes"/>
<itemmetadata>
<qtimetadata>
<qtimetadatafield>
<fieldlabel>question_type</fieldlabel>
<fieldentry>numerical_question</fieldentry>
</qtimetadatafield>
</qtimetadata>
</itemmetadata>
<presentation>
<flow>
<material>
<matbreak/>
<mattext texttype="text/html" charset="utf-8"><![CDATA[
<p>The <a href="https://en.wikipedia.org/wiki/Half-life">half-life</a> of an exponentially decaying function is the amount of time it takes for the population to halve.</p>
<p><img src="data/supplements17/unnamed-chunk-2-1.png" alt="plot of chunk unnamed-chunk-2" /><br />
</p>
<p>What is the half-life (in minutes) of the exponential function graphed above? (The answer is an integer.)</p>
]]></mattext>
<matbreak/>
</material>
<response_num ident="u17_14_half_life_from_graph_733929458_section_1_item_17_num_RESPONSE_3726778" rcardinality="Single" numtype="Decimal">
<render_fib fibtype="Decimal" maxchars="12">
<flow_label class="Block">
<response_label ident="u17_14_half_life_from_graph_733929458_section_1_item_17_num_RESPONSE_3726778" rshuffle="No"/>
</flow_label>
</render_fib>
</response_num>
<material>
<matbreak/>
</material>
</flow>
</presentation>
<resprocessing>
<outcomes>
<decvar varname="SCORE" vartype="Decimal" defaultval="0" minvalue="0" maxvalue="2" cutvalue="2"/>
</outcomes>
<respcondition title="Mastery" continue="No">
<conditionvar>

<or>
<varequal respident="u17_14_half_life_from_graph_733929458_section_1_item_17_num_RESPONSE_3726778" case="No"><![CDATA[2]]></varequal>
<and>
<vargte respident="u17_14_half_life_from_graph_733929458_section_1_item_17_num_RESPONSE_3726778"><![CDATA[1.9]]></vargte>
<varlte respident="u17_14_half_life_from_graph_733929458_section_1_item_17_num_RESPONSE_3726778"><![CDATA[2.1]]></varlte>
</and>
</or>
</conditionvar>
<setvar varname="SCORE" action="Set">2</setvar>
<displayfeedback feedbacktype="Response" linkrefid="correct_fb"/>
</respcondition>
<respcondition continue="Yes">
<conditionvar>
<other/>
</conditionvar>
<displayfeedback feedbacktype="Response" linkrefid="general_incorrect_fb"/>
</respcondition>
</resprocessing>
<itemfeedback ident="correct_fb" view="All">
<flow_mat>
<material>
<mattext texttype="text/html"><![CDATA[
<p>The half-life is 2 minutes.</p>
<p><img src="data/supplements17/unnamed-chunk-3-1.png" alt="plot of chunk unnamed-chunk-3" /><br />
</p>
<p>Every 2 minutes, the population halves again.</p>
]]></mattext>
</material>
</flow_mat>
</itemfeedback>
<itemfeedback ident="general_incorrect_fb" view="All">
<flow_mat>
<material>
<mattext texttype="text/html"><![CDATA[
<p>The half-life is 2 minutes.</p>
<p><img src="data/supplements17/unnamed-chunk-3-1.png" alt="plot of chunk unnamed-chunk-3" /><br />
</p>
<p>Every 2 minutes, the population halves again.</p>
]]></mattext>
</material>
</flow_mat>
</itemfeedback>
</item>

<item ident="u17_14_half_life_from_graph_733929458_section_1_item_18_num" title="Question" maxattempts="10">
<itemcontrol feedbackswitch="No" hintswitch="No" solutionswitch="Yes"/>
<itemmetadata>
<qtimetadata>
<qtimetadatafield>
<fieldlabel>question_type</fieldlabel>
<fieldentry>numerical_question</fieldentry>
</qtimetadatafield>
</qtimetadata>
</itemmetadata>
<presentation>
<flow>
<material>
<matbreak/>
<mattext texttype="text/html" charset="utf-8"><![CDATA[
<p>The <a href="https://en.wikipedia.org/wiki/Half-life">half-life</a> of an exponentially decaying function is the amount of time it takes for the population to halve.</p>
<p><img src="data/supplements18/unnamed-chunk-2-1.png" alt="plot of chunk unnamed-chunk-2" /><br />
</p>
<p>What is the half-life (in minutes) of the exponential function graphed above? (The answer is an integer.)</p>
]]></mattext>
<matbreak/>
</material>
<response_num ident="u17_14_half_life_from_graph_733929458_section_1_item_18_num_RESPONSE_9588180" rcardinality="Single" numtype="Decimal">
<render_fib fibtype="Decimal" maxchars="12">
<flow_label class="Block">
<response_label ident="u17_14_half_life_from_graph_733929458_section_1_item_18_num_RESPONSE_9588180" rshuffle="No"/>
</flow_label>
</render_fib>
</response_num>
<material>
<matbreak/>
</material>
</flow>
</presentation>
<resprocessing>
<outcomes>
<decvar varname="SCORE" vartype="Decimal" defaultval="0" minvalue="0" maxvalue="2" cutvalue="2"/>
</outcomes>
<respcondition title="Mastery" continue="No">
<conditionvar>

<or>
<varequal respident="u17_14_half_life_from_graph_733929458_section_1_item_18_num_RESPONSE_9588180" case="No"><![CDATA[5]]></varequal>
<and>
<vargte respident="u17_14_half_life_from_graph_733929458_section_1_item_18_num_RESPONSE_9588180"><![CDATA[4.9]]></vargte>
<varlte respident="u17_14_half_life_from_graph_733929458_section_1_item_18_num_RESPONSE_9588180"><![CDATA[5.1]]></varlte>
</and>
</or>
</conditionvar>
<setvar varname="SCORE" action="Set">2</setvar>
<displayfeedback feedbacktype="Response" linkrefid="correct_fb"/>
</respcondition>
<respcondition continue="Yes">
<conditionvar>
<other/>
</conditionvar>
<displayfeedback feedbacktype="Response" linkrefid="general_incorrect_fb"/>
</respcondition>
</resprocessing>
<itemfeedback ident="correct_fb" view="All">
<flow_mat>
<material>
<mattext texttype="text/html"><![CDATA[
<p>The half-life is 5 minutes.</p>
<p><img src="data/supplements18/unnamed-chunk-3-1.png" alt="plot of chunk unnamed-chunk-3" /><br />
</p>
<p>Every 5 minutes, the population halves again.</p>
]]></mattext>
</material>
</flow_mat>
</itemfeedback>
<itemfeedback ident="general_incorrect_fb" view="All">
<flow_mat>
<material>
<mattext texttype="text/html"><![CDATA[
<p>The half-life is 5 minutes.</p>
<p><img src="data/supplements18/unnamed-chunk-3-1.png" alt="plot of chunk unnamed-chunk-3" /><br />
</p>
<p>Every 5 minutes, the population halves again.</p>
]]></mattext>
</material>
</flow_mat>
</itemfeedback>
</item>

<item ident="u17_14_half_life_from_graph_733929458_section_1_item_19_num" title="Question" maxattempts="10">
<itemcontrol feedbackswitch="No" hintswitch="No" solutionswitch="Yes"/>
<itemmetadata>
<qtimetadata>
<qtimetadatafield>
<fieldlabel>question_type</fieldlabel>
<fieldentry>numerical_question</fieldentry>
</qtimetadatafield>
</qtimetadata>
</itemmetadata>
<presentation>
<flow>
<material>
<matbreak/>
<mattext texttype="text/html" charset="utf-8"><![CDATA[
<p>The <a href="https://en.wikipedia.org/wiki/Half-life">half-life</a> of an exponentially decaying function is the amount of time it takes for the population to halve.</p>
<p><img src="data/supplements19/unnamed-chunk-2-1.png" alt="plot of chunk unnamed-chunk-2" /><br />
</p>
<p>What is the half-life (in minutes) of the exponential function graphed above? (The answer is an integer.)</p>
]]></mattext>
<matbreak/>
</material>
<response_num ident="u17_14_half_life_from_graph_733929458_section_1_item_19_num_RESPONSE_7297053" rcardinality="Single" numtype="Decimal">
<render_fib fibtype="Decimal" maxchars="12">
<flow_label class="Block">
<response_label ident="u17_14_half_life_from_graph_733929458_section_1_item_19_num_RESPONSE_7297053" rshuffle="No"/>
</flow_label>
</render_fib>
</response_num>
<material>
<matbreak/>
</material>
</flow>
</presentation>
<resprocessing>
<outcomes>
<decvar varname="SCORE" vartype="Decimal" defaultval="0" minvalue="0" maxvalue="2" cutvalue="2"/>
</outcomes>
<respcondition title="Mastery" continue="No">
<conditionvar>

<or>
<varequal respident="u17_14_half_life_from_graph_733929458_section_1_item_19_num_RESPONSE_7297053" case="No"><![CDATA[5]]></varequal>
<and>
<vargte respident="u17_14_half_life_from_graph_733929458_section_1_item_19_num_RESPONSE_7297053"><![CDATA[4.9]]></vargte>
<varlte respident="u17_14_half_life_from_graph_733929458_section_1_item_19_num_RESPONSE_7297053"><![CDATA[5.1]]></varlte>
</and>
</or>
</conditionvar>
<setvar varname="SCORE" action="Set">2</setvar>
<displayfeedback feedbacktype="Response" linkrefid="correct_fb"/>
</respcondition>
<respcondition continue="Yes">
<conditionvar>
<other/>
</conditionvar>
<displayfeedback feedbacktype="Response" linkrefid="general_incorrect_fb"/>
</respcondition>
</resprocessing>
<itemfeedback ident="correct_fb" view="All">
<flow_mat>
<material>
<mattext texttype="text/html"><![CDATA[
<p>The half-life is 5 minutes.</p>
<p><img src="data/supplements19/unnamed-chunk-3-1.png" alt="plot of chunk unnamed-chunk-3" /><br />
</p>
<p>Every 5 minutes, the population halves again.</p>
]]></mattext>
</material>
</flow_mat>
</itemfeedback>
<itemfeedback ident="general_incorrect_fb" view="All">
<flow_mat>
<material>
<mattext texttype="text/html"><![CDATA[
<p>The half-life is 5 minutes.</p>
<p><img src="data/supplements19/unnamed-chunk-3-1.png" alt="plot of chunk unnamed-chunk-3" /><br />
</p>
<p>Every 5 minutes, the population halves again.</p>
]]></mattext>
</material>
</flow_mat>
</itemfeedback>
</item>

<item ident="u17_14_half_life_from_graph_733929458_section_1_item_20_num" title="Question" maxattempts="10">
<itemcontrol feedbackswitch="No" hintswitch="No" solutionswitch="Yes"/>
<itemmetadata>
<qtimetadata>
<qtimetadatafield>
<fieldlabel>question_type</fieldlabel>
<fieldentry>numerical_question</fieldentry>
</qtimetadatafield>
</qtimetadata>
</itemmetadata>
<presentation>
<flow>
<material>
<matbreak/>
<mattext texttype="text/html" charset="utf-8"><![CDATA[
<p>The <a href="https://en.wikipedia.org/wiki/Half-life">half-life</a> of an exponentially decaying function is the amount of time it takes for the population to halve.</p>
<p><img src="data/supplements20/unnamed-chunk-2-1.png" alt="plot of chunk unnamed-chunk-2" /><br />
</p>
<p>What is the half-life (in minutes) of the exponential function graphed above? (The answer is an integer.)</p>
]]></mattext>
<matbreak/>
</material>
<response_num ident="u17_14_half_life_from_graph_733929458_section_1_item_20_num_RESPONSE_6570774" rcardinality="Single" numtype="Decimal">
<render_fib fibtype="Decimal" maxchars="12">
<flow_label class="Block">
<response_label ident="u17_14_half_life_from_graph_733929458_section_1_item_20_num_RESPONSE_6570774" rshuffle="No"/>
</flow_label>
</render_fib>
</response_num>
<material>
<matbreak/>
</material>
</flow>
</presentation>
<resprocessing>
<outcomes>
<decvar varname="SCORE" vartype="Decimal" defaultval="0" minvalue="0" maxvalue="2" cutvalue="2"/>
</outcomes>
<respcondition title="Mastery" continue="No">
<conditionvar>

<or>
<varequal respident="u17_14_half_life_from_graph_733929458_section_1_item_20_num_RESPONSE_6570774" case="No"><![CDATA[2]]></varequal>
<and>
<vargte respident="u17_14_half_life_from_graph_733929458_section_1_item_20_num_RESPONSE_6570774"><![CDATA[1.9]]></vargte>
<varlte respident="u17_14_half_life_from_graph_733929458_section_1_item_20_num_RESPONSE_6570774"><![CDATA[2.1]]></varlte>
</and>
</or>
</conditionvar>
<setvar varname="SCORE" action="Set">2</setvar>
<displayfeedback feedbacktype="Response" linkrefid="correct_fb"/>
</respcondition>
<respcondition continue="Yes">
<conditionvar>
<other/>
</conditionvar>
<displayfeedback feedbacktype="Response" linkrefid="general_incorrect_fb"/>
</respcondition>
</resprocessing>
<itemfeedback ident="correct_fb" view="All">
<flow_mat>
<material>
<mattext texttype="text/html"><![CDATA[
<p>The half-life is 2 minutes.</p>
<p><img src="data/supplements20/unnamed-chunk-3-1.png" alt="plot of chunk unnamed-chunk-3" /><br />
</p>
<p>Every 2 minutes, the population halves again.</p>
]]></mattext>
</material>
</flow_mat>
</itemfeedback>
<itemfeedback ident="general_incorrect_fb" view="All">
<flow_mat>
<material>
<mattext texttype="text/html"><![CDATA[
<p>The half-life is 2 minutes.</p>
<p><img src="data/supplements20/unnamed-chunk-3-1.png" alt="plot of chunk unnamed-chunk-3" /><br />
</p>
<p>Every 2 minutes, the population halves again.</p>
]]></mattext>
</material>
</flow_mat>
</itemfeedback>
</item>

<item ident="u17_14_half_life_from_graph_733929458_section_1_item_21_num" title="Question" maxattempts="10">
<itemcontrol feedbackswitch="No" hintswitch="No" solutionswitch="Yes"/>
<itemmetadata>
<qtimetadata>
<qtimetadatafield>
<fieldlabel>question_type</fieldlabel>
<fieldentry>numerical_question</fieldentry>
</qtimetadatafield>
</qtimetadata>
</itemmetadata>
<presentation>
<flow>
<material>
<matbreak/>
<mattext texttype="text/html" charset="utf-8"><![CDATA[
<p>The <a href="https://en.wikipedia.org/wiki/Half-life">half-life</a> of an exponentially decaying function is the amount of time it takes for the population to halve.</p>
<p><img src="data/supplements21/unnamed-chunk-2-1.png" alt="plot of chunk unnamed-chunk-2" /><br />
</p>
<p>What is the half-life (in minutes) of the exponential function graphed above? (The answer is an integer.)</p>
]]></mattext>
<matbreak/>
</material>
<response_num ident="u17_14_half_life_from_graph_733929458_section_1_item_21_num_RESPONSE_6134116" rcardinality="Single" numtype="Decimal">
<render_fib fibtype="Decimal" maxchars="12">
<flow_label class="Block">
<response_label ident="u17_14_half_life_from_graph_733929458_section_1_item_21_num_RESPONSE_6134116" rshuffle="No"/>
</flow_label>
</render_fib>
</response_num>
<material>
<matbreak/>
</material>
</flow>
</presentation>
<resprocessing>
<outcomes>
<decvar varname="SCORE" vartype="Decimal" defaultval="0" minvalue="0" maxvalue="2" cutvalue="2"/>
</outcomes>
<respcondition title="Mastery" continue="No">
<conditionvar>

<or>
<varequal respident="u17_14_half_life_from_graph_733929458_section_1_item_21_num_RESPONSE_6134116" case="No"><![CDATA[7]]></varequal>
<and>
<vargte respident="u17_14_half_life_from_graph_733929458_section_1_item_21_num_RESPONSE_6134116"><![CDATA[6.9]]></vargte>
<varlte respident="u17_14_half_life_from_graph_733929458_section_1_item_21_num_RESPONSE_6134116"><![CDATA[7.1]]></varlte>
</and>
</or>
</conditionvar>
<setvar varname="SCORE" action="Set">2</setvar>
<displayfeedback feedbacktype="Response" linkrefid="correct_fb"/>
</respcondition>
<respcondition continue="Yes">
<conditionvar>
<other/>
</conditionvar>
<displayfeedback feedbacktype="Response" linkrefid="general_incorrect_fb"/>
</respcondition>
</resprocessing>
<itemfeedback ident="correct_fb" view="All">
<flow_mat>
<material>
<mattext texttype="text/html"><![CDATA[
<p>The half-life is 7 minutes.</p>
<p><img src="data/supplements21/unnamed-chunk-3-1.png" alt="plot of chunk unnamed-chunk-3" /><br />
</p>
<p>Every 7 minutes, the population halves again.</p>
]]></mattext>
</material>
</flow_mat>
</itemfeedback>
<itemfeedback ident="general_incorrect_fb" view="All">
<flow_mat>
<material>
<mattext texttype="text/html"><![CDATA[
<p>The half-life is 7 minutes.</p>
<p><img src="data/supplements21/unnamed-chunk-3-1.png" alt="plot of chunk unnamed-chunk-3" /><br />
</p>
<p>Every 7 minutes, the population halves again.</p>
]]></mattext>
</material>
</flow_mat>
</itemfeedback>
</item>

<item ident="u17_14_half_life_from_graph_733929458_section_1_item_22_num" title="Question" maxattempts="10">
<itemcontrol feedbackswitch="No" hintswitch="No" solutionswitch="Yes"/>
<itemmetadata>
<qtimetadata>
<qtimetadatafield>
<fieldlabel>question_type</fieldlabel>
<fieldentry>numerical_question</fieldentry>
</qtimetadatafield>
</qtimetadata>
</itemmetadata>
<presentation>
<flow>
<material>
<matbreak/>
<mattext texttype="text/html" charset="utf-8"><![CDATA[
<p>The <a href="https://en.wikipedia.org/wiki/Half-life">half-life</a> of an exponentially decaying function is the amount of time it takes for the population to halve.</p>
<p><img src="data/supplements22/unnamed-chunk-2-1.png" alt="plot of chunk unnamed-chunk-2" /><br />
</p>
<p>What is the half-life (in minutes) of the exponential function graphed above? (The answer is an integer.)</p>
]]></mattext>
<matbreak/>
</material>
<response_num ident="u17_14_half_life_from_graph_733929458_section_1_item_22_num_RESPONSE_3394801" rcardinality="Single" numtype="Decimal">
<render_fib fibtype="Decimal" maxchars="12">
<flow_label class="Block">
<response_label ident="u17_14_half_life_from_graph_733929458_section_1_item_22_num_RESPONSE_3394801" rshuffle="No"/>
</flow_label>
</render_fib>
</response_num>
<material>
<matbreak/>
</material>
</flow>
</presentation>
<resprocessing>
<outcomes>
<decvar varname="SCORE" vartype="Decimal" defaultval="0" minvalue="0" maxvalue="2" cutvalue="2"/>
</outcomes>
<respcondition title="Mastery" continue="No">
<conditionvar>

<or>
<varequal respident="u17_14_half_life_from_graph_733929458_section_1_item_22_num_RESPONSE_3394801" case="No"><![CDATA[3]]></varequal>
<and>
<vargte respident="u17_14_half_life_from_graph_733929458_section_1_item_22_num_RESPONSE_3394801"><![CDATA[2.9]]></vargte>
<varlte respident="u17_14_half_life_from_graph_733929458_section_1_item_22_num_RESPONSE_3394801"><![CDATA[3.1]]></varlte>
</and>
</or>
</conditionvar>
<setvar varname="SCORE" action="Set">2</setvar>
<displayfeedback feedbacktype="Response" linkrefid="correct_fb"/>
</respcondition>
<respcondition continue="Yes">
<conditionvar>
<other/>
</conditionvar>
<displayfeedback feedbacktype="Response" linkrefid="general_incorrect_fb"/>
</respcondition>
</resprocessing>
<itemfeedback ident="correct_fb" view="All">
<flow_mat>
<material>
<mattext texttype="text/html"><![CDATA[
<p>The half-life is 3 minutes.</p>
<p><img src="data/supplements22/unnamed-chunk-3-1.png" alt="plot of chunk unnamed-chunk-3" /><br />
</p>
<p>Every 3 minutes, the population halves again.</p>
]]></mattext>
</material>
</flow_mat>
</itemfeedback>
<itemfeedback ident="general_incorrect_fb" view="All">
<flow_mat>
<material>
<mattext texttype="text/html"><![CDATA[
<p>The half-life is 3 minutes.</p>
<p><img src="data/supplements22/unnamed-chunk-3-1.png" alt="plot of chunk unnamed-chunk-3" /><br />
</p>
<p>Every 3 minutes, the population halves again.</p>
]]></mattext>
</material>
</flow_mat>
</itemfeedback>
</item>

<item ident="u17_14_half_life_from_graph_733929458_section_1_item_23_num" title="Question" maxattempts="10">
<itemcontrol feedbackswitch="No" hintswitch="No" solutionswitch="Yes"/>
<itemmetadata>
<qtimetadata>
<qtimetadatafield>
<fieldlabel>question_type</fieldlabel>
<fieldentry>numerical_question</fieldentry>
</qtimetadatafield>
</qtimetadata>
</itemmetadata>
<presentation>
<flow>
<material>
<matbreak/>
<mattext texttype="text/html" charset="utf-8"><![CDATA[
<p>The <a href="https://en.wikipedia.org/wiki/Half-life">half-life</a> of an exponentially decaying function is the amount of time it takes for the population to halve.</p>
<p><img src="data/supplements23/unnamed-chunk-2-1.png" alt="plot of chunk unnamed-chunk-2" /><br />
</p>
<p>What is the half-life (in minutes) of the exponential function graphed above? (The answer is an integer.)</p>
]]></mattext>
<matbreak/>
</material>
<response_num ident="u17_14_half_life_from_graph_733929458_section_1_item_23_num_RESPONSE_1385275" rcardinality="Single" numtype="Decimal">
<render_fib fibtype="Decimal" maxchars="12">
<flow_label class="Block">
<response_label ident="u17_14_half_life_from_graph_733929458_section_1_item_23_num_RESPONSE_1385275" rshuffle="No"/>
</flow_label>
</render_fib>
</response_num>
<material>
<matbreak/>
</material>
</flow>
</presentation>
<resprocessing>
<outcomes>
<decvar varname="SCORE" vartype="Decimal" defaultval="0" minvalue="0" maxvalue="2" cutvalue="2"/>
</outcomes>
<respcondition title="Mastery" continue="No">
<conditionvar>

<or>
<varequal respident="u17_14_half_life_from_graph_733929458_section_1_item_23_num_RESPONSE_1385275" case="No"><![CDATA[2]]></varequal>
<and>
<vargte respident="u17_14_half_life_from_graph_733929458_section_1_item_23_num_RESPONSE_1385275"><![CDATA[1.9]]></vargte>
<varlte respident="u17_14_half_life_from_graph_733929458_section_1_item_23_num_RESPONSE_1385275"><![CDATA[2.1]]></varlte>
</and>
</or>
</conditionvar>
<setvar varname="SCORE" action="Set">2</setvar>
<displayfeedback feedbacktype="Response" linkrefid="correct_fb"/>
</respcondition>
<respcondition continue="Yes">
<conditionvar>
<other/>
</conditionvar>
<displayfeedback feedbacktype="Response" linkrefid="general_incorrect_fb"/>
</respcondition>
</resprocessing>
<itemfeedback ident="correct_fb" view="All">
<flow_mat>
<material>
<mattext texttype="text/html"><![CDATA[
<p>The half-life is 2 minutes.</p>
<p><img src="data/supplements23/unnamed-chunk-3-1.png" alt="plot of chunk unnamed-chunk-3" /><br />
</p>
<p>Every 2 minutes, the population halves again.</p>
]]></mattext>
</material>
</flow_mat>
</itemfeedback>
<itemfeedback ident="general_incorrect_fb" view="All">
<flow_mat>
<material>
<mattext texttype="text/html"><![CDATA[
<p>The half-life is 2 minutes.</p>
<p><img src="data/supplements23/unnamed-chunk-3-1.png" alt="plot of chunk unnamed-chunk-3" /><br />
</p>
<p>Every 2 minutes, the population halves again.</p>
]]></mattext>
</material>
</flow_mat>
</itemfeedback>
</item>

<item ident="u17_14_half_life_from_graph_733929458_section_1_item_24_num" title="Question" maxattempts="10">
<itemcontrol feedbackswitch="No" hintswitch="No" solutionswitch="Yes"/>
<itemmetadata>
<qtimetadata>
<qtimetadatafield>
<fieldlabel>question_type</fieldlabel>
<fieldentry>numerical_question</fieldentry>
</qtimetadatafield>
</qtimetadata>
</itemmetadata>
<presentation>
<flow>
<material>
<matbreak/>
<mattext texttype="text/html" charset="utf-8"><![CDATA[
<p>The <a href="https://en.wikipedia.org/wiki/Half-life">half-life</a> of an exponentially decaying function is the amount of time it takes for the population to halve.</p>
<p><img src="data/supplements24/unnamed-chunk-2-1.png" alt="plot of chunk unnamed-chunk-2" /><br />
</p>
<p>What is the half-life (in minutes) of the exponential function graphed above? (The answer is an integer.)</p>
]]></mattext>
<matbreak/>
</material>
<response_num ident="u17_14_half_life_from_graph_733929458_section_1_item_24_num_RESPONSE_7893068" rcardinality="Single" numtype="Decimal">
<render_fib fibtype="Decimal" maxchars="12">
<flow_label class="Block">
<response_label ident="u17_14_half_life_from_graph_733929458_section_1_item_24_num_RESPONSE_7893068" rshuffle="No"/>
</flow_label>
</render_fib>
</response_num>
<material>
<matbreak/>
</material>
</flow>
</presentation>
<resprocessing>
<outcomes>
<decvar varname="SCORE" vartype="Decimal" defaultval="0" minvalue="0" maxvalue="2" cutvalue="2"/>
</outcomes>
<respcondition title="Mastery" continue="No">
<conditionvar>

<or>
<varequal respident="u17_14_half_life_from_graph_733929458_section_1_item_24_num_RESPONSE_7893068" case="No"><![CDATA[8]]></varequal>
<and>
<vargte respident="u17_14_half_life_from_graph_733929458_section_1_item_24_num_RESPONSE_7893068"><![CDATA[7.9]]></vargte>
<varlte respident="u17_14_half_life_from_graph_733929458_section_1_item_24_num_RESPONSE_7893068"><![CDATA[8.1]]></varlte>
</and>
</or>
</conditionvar>
<setvar varname="SCORE" action="Set">2</setvar>
<displayfeedback feedbacktype="Response" linkrefid="correct_fb"/>
</respcondition>
<respcondition continue="Yes">
<conditionvar>
<other/>
</conditionvar>
<displayfeedback feedbacktype="Response" linkrefid="general_incorrect_fb"/>
</respcondition>
</resprocessing>
<itemfeedback ident="correct_fb" view="All">
<flow_mat>
<material>
<mattext texttype="text/html"><![CDATA[
<p>The half-life is 8 minutes.</p>
<p><img src="data/supplements24/unnamed-chunk-3-1.png" alt="plot of chunk unnamed-chunk-3" /><br />
</p>
<p>Every 8 minutes, the population halves again.</p>
]]></mattext>
</material>
</flow_mat>
</itemfeedback>
<itemfeedback ident="general_incorrect_fb" view="All">
<flow_mat>
<material>
<mattext texttype="text/html"><![CDATA[
<p>The half-life is 8 minutes.</p>
<p><img src="data/supplements24/unnamed-chunk-3-1.png" alt="plot of chunk unnamed-chunk-3" /><br />
</p>
<p>Every 8 minutes, the population halves again.</p>
]]></mattext>
</material>
</flow_mat>
</itemfeedback>
</item>

<item ident="u17_14_half_life_from_graph_733929458_section_1_item_25_num" title="Question" maxattempts="10">
<itemcontrol feedbackswitch="No" hintswitch="No" solutionswitch="Yes"/>
<itemmetadata>
<qtimetadata>
<qtimetadatafield>
<fieldlabel>question_type</fieldlabel>
<fieldentry>numerical_question</fieldentry>
</qtimetadatafield>
</qtimetadata>
</itemmetadata>
<presentation>
<flow>
<material>
<matbreak/>
<mattext texttype="text/html" charset="utf-8"><![CDATA[
<p>The <a href="https://en.wikipedia.org/wiki/Half-life">half-life</a> of an exponentially decaying function is the amount of time it takes for the population to halve.</p>
<p><img src="data/supplements25/unnamed-chunk-2-1.png" alt="plot of chunk unnamed-chunk-2" /><br />
</p>
<p>What is the half-life (in minutes) of the exponential function graphed above? (The answer is an integer.)</p>
]]></mattext>
<matbreak/>
</material>
<response_num ident="u17_14_half_life_from_graph_733929458_section_1_item_25_num_RESPONSE_5892895" rcardinality="Single" numtype="Decimal">
<render_fib fibtype="Decimal" maxchars="12">
<flow_label class="Block">
<response_label ident="u17_14_half_life_from_graph_733929458_section_1_item_25_num_RESPONSE_5892895" rshuffle="No"/>
</flow_label>
</render_fib>
</response_num>
<material>
<matbreak/>
</material>
</flow>
</presentation>
<resprocessing>
<outcomes>
<decvar varname="SCORE" vartype="Decimal" defaultval="0" minvalue="0" maxvalue="2" cutvalue="2"/>
</outcomes>
<respcondition title="Mastery" continue="No">
<conditionvar>

<or>
<varequal respident="u17_14_half_life_from_graph_733929458_section_1_item_25_num_RESPONSE_5892895" case="No"><![CDATA[8]]></varequal>
<and>
<vargte respident="u17_14_half_life_from_graph_733929458_section_1_item_25_num_RESPONSE_5892895"><![CDATA[7.9]]></vargte>
<varlte respident="u17_14_half_life_from_graph_733929458_section_1_item_25_num_RESPONSE_5892895"><![CDATA[8.1]]></varlte>
</and>
</or>
</conditionvar>
<setvar varname="SCORE" action="Set">2</setvar>
<displayfeedback feedbacktype="Response" linkrefid="correct_fb"/>
</respcondition>
<respcondition continue="Yes">
<conditionvar>
<other/>
</conditionvar>
<displayfeedback feedbacktype="Response" linkrefid="general_incorrect_fb"/>
</respcondition>
</resprocessing>
<itemfeedback ident="correct_fb" view="All">
<flow_mat>
<material>
<mattext texttype="text/html"><![CDATA[
<p>The half-life is 8 minutes.</p>
<p><img src="data/supplements25/unnamed-chunk-3-1.png" alt="plot of chunk unnamed-chunk-3" /><br />
</p>
<p>Every 8 minutes, the population halves again.</p>
]]></mattext>
</material>
</flow_mat>
</itemfeedback>
<itemfeedback ident="general_incorrect_fb" view="All">
<flow_mat>
<material>
<mattext texttype="text/html"><![CDATA[
<p>The half-life is 8 minutes.</p>
<p><img src="data/supplements25/unnamed-chunk-3-1.png" alt="plot of chunk unnamed-chunk-3" /><br />
</p>
<p>Every 8 minutes, the population halves again.</p>
]]></mattext>
</material>
</flow_mat>
</itemfeedback>
</item>

<item ident="u17_14_half_life_from_graph_733929458_section_1_item_26_num" title="Question" maxattempts="10">
<itemcontrol feedbackswitch="No" hintswitch="No" solutionswitch="Yes"/>
<itemmetadata>
<qtimetadata>
<qtimetadatafield>
<fieldlabel>question_type</fieldlabel>
<fieldentry>numerical_question</fieldentry>
</qtimetadatafield>
</qtimetadata>
</itemmetadata>
<presentation>
<flow>
<material>
<matbreak/>
<mattext texttype="text/html" charset="utf-8"><![CDATA[
<p>The <a href="https://en.wikipedia.org/wiki/Half-life">half-life</a> of an exponentially decaying function is the amount of time it takes for the population to halve.</p>
<p><img src="data/supplements26/unnamed-chunk-2-1.png" alt="plot of chunk unnamed-chunk-2" /><br />
</p>
<p>What is the half-life (in minutes) of the exponential function graphed above? (The answer is an integer.)</p>
]]></mattext>
<matbreak/>
</material>
<response_num ident="u17_14_half_life_from_graph_733929458_section_1_item_26_num_RESPONSE_9318615" rcardinality="Single" numtype="Decimal">
<render_fib fibtype="Decimal" maxchars="12">
<flow_label class="Block">
<response_label ident="u17_14_half_life_from_graph_733929458_section_1_item_26_num_RESPONSE_9318615" rshuffle="No"/>
</flow_label>
</render_fib>
</response_num>
<material>
<matbreak/>
</material>
</flow>
</presentation>
<resprocessing>
<outcomes>
<decvar varname="SCORE" vartype="Decimal" defaultval="0" minvalue="0" maxvalue="2" cutvalue="2"/>
</outcomes>
<respcondition title="Mastery" continue="No">
<conditionvar>

<or>
<varequal respident="u17_14_half_life_from_graph_733929458_section_1_item_26_num_RESPONSE_9318615" case="No"><![CDATA[8]]></varequal>
<and>
<vargte respident="u17_14_half_life_from_graph_733929458_section_1_item_26_num_RESPONSE_9318615"><![CDATA[7.9]]></vargte>
<varlte respident="u17_14_half_life_from_graph_733929458_section_1_item_26_num_RESPONSE_9318615"><![CDATA[8.1]]></varlte>
</and>
</or>
</conditionvar>
<setvar varname="SCORE" action="Set">2</setvar>
<displayfeedback feedbacktype="Response" linkrefid="correct_fb"/>
</respcondition>
<respcondition continue="Yes">
<conditionvar>
<other/>
</conditionvar>
<displayfeedback feedbacktype="Response" linkrefid="general_incorrect_fb"/>
</respcondition>
</resprocessing>
<itemfeedback ident="correct_fb" view="All">
<flow_mat>
<material>
<mattext texttype="text/html"><![CDATA[
<p>The half-life is 8 minutes.</p>
<p><img src="data/supplements26/unnamed-chunk-3-1.png" alt="plot of chunk unnamed-chunk-3" /><br />
</p>
<p>Every 8 minutes, the population halves again.</p>
]]></mattext>
</material>
</flow_mat>
</itemfeedback>
<itemfeedback ident="general_incorrect_fb" view="All">
<flow_mat>
<material>
<mattext texttype="text/html"><![CDATA[
<p>The half-life is 8 minutes.</p>
<p><img src="data/supplements26/unnamed-chunk-3-1.png" alt="plot of chunk unnamed-chunk-3" /><br />
</p>
<p>Every 8 minutes, the population halves again.</p>
]]></mattext>
</material>
</flow_mat>
</itemfeedback>
</item>

<item ident="u17_14_half_life_from_graph_733929458_section_1_item_27_num" title="Question" maxattempts="10">
<itemcontrol feedbackswitch="No" hintswitch="No" solutionswitch="Yes"/>
<itemmetadata>
<qtimetadata>
<qtimetadatafield>
<fieldlabel>question_type</fieldlabel>
<fieldentry>numerical_question</fieldentry>
</qtimetadatafield>
</qtimetadata>
</itemmetadata>
<presentation>
<flow>
<material>
<matbreak/>
<mattext texttype="text/html" charset="utf-8"><![CDATA[
<p>The <a href="https://en.wikipedia.org/wiki/Half-life">half-life</a> of an exponentially decaying function is the amount of time it takes for the population to halve.</p>
<p><img src="data/supplements27/unnamed-chunk-2-1.png" alt="plot of chunk unnamed-chunk-2" /><br />
</p>
<p>What is the half-life (in minutes) of the exponential function graphed above? (The answer is an integer.)</p>
]]></mattext>
<matbreak/>
</material>
<response_num ident="u17_14_half_life_from_graph_733929458_section_1_item_27_num_RESPONSE_3630234" rcardinality="Single" numtype="Decimal">
<render_fib fibtype="Decimal" maxchars="12">
<flow_label class="Block">
<response_label ident="u17_14_half_life_from_graph_733929458_section_1_item_27_num_RESPONSE_3630234" rshuffle="No"/>
</flow_label>
</render_fib>
</response_num>
<material>
<matbreak/>
</material>
</flow>
</presentation>
<resprocessing>
<outcomes>
<decvar varname="SCORE" vartype="Decimal" defaultval="0" minvalue="0" maxvalue="2" cutvalue="2"/>
</outcomes>
<respcondition title="Mastery" continue="No">
<conditionvar>

<or>
<varequal respident="u17_14_half_life_from_graph_733929458_section_1_item_27_num_RESPONSE_3630234" case="No"><![CDATA[2]]></varequal>
<and>
<vargte respident="u17_14_half_life_from_graph_733929458_section_1_item_27_num_RESPONSE_3630234"><![CDATA[1.9]]></vargte>
<varlte respident="u17_14_half_life_from_graph_733929458_section_1_item_27_num_RESPONSE_3630234"><![CDATA[2.1]]></varlte>
</and>
</or>
</conditionvar>
<setvar varname="SCORE" action="Set">2</setvar>
<displayfeedback feedbacktype="Response" linkrefid="correct_fb"/>
</respcondition>
<respcondition continue="Yes">
<conditionvar>
<other/>
</conditionvar>
<displayfeedback feedbacktype="Response" linkrefid="general_incorrect_fb"/>
</respcondition>
</resprocessing>
<itemfeedback ident="correct_fb" view="All">
<flow_mat>
<material>
<mattext texttype="text/html"><![CDATA[
<p>The half-life is 2 minutes.</p>
<p><img src="data/supplements27/unnamed-chunk-3-1.png" alt="plot of chunk unnamed-chunk-3" /><br />
</p>
<p>Every 2 minutes, the population halves again.</p>
]]></mattext>
</material>
</flow_mat>
</itemfeedback>
<itemfeedback ident="general_incorrect_fb" view="All">
<flow_mat>
<material>
<mattext texttype="text/html"><![CDATA[
<p>The half-life is 2 minutes.</p>
<p><img src="data/supplements27/unnamed-chunk-3-1.png" alt="plot of chunk unnamed-chunk-3" /><br />
</p>
<p>Every 2 minutes, the population halves again.</p>
]]></mattext>
</material>
</flow_mat>
</itemfeedback>
</item>

<item ident="u17_14_half_life_from_graph_733929458_section_1_item_28_num" title="Question" maxattempts="10">
<itemcontrol feedbackswitch="No" hintswitch="No" solutionswitch="Yes"/>
<itemmetadata>
<qtimetadata>
<qtimetadatafield>
<fieldlabel>question_type</fieldlabel>
<fieldentry>numerical_question</fieldentry>
</qtimetadatafield>
</qtimetadata>
</itemmetadata>
<presentation>
<flow>
<material>
<matbreak/>
<mattext texttype="text/html" charset="utf-8"><![CDATA[
<p>The <a href="https://en.wikipedia.org/wiki/Half-life">half-life</a> of an exponentially decaying function is the amount of time it takes for the population to halve.</p>
<p><img src="data/supplements28/unnamed-chunk-2-1.png" alt="plot of chunk unnamed-chunk-2" /><br />
</p>
<p>What is the half-life (in minutes) of the exponential function graphed above? (The answer is an integer.)</p>
]]></mattext>
<matbreak/>
</material>
<response_num ident="u17_14_half_life_from_graph_733929458_section_1_item_28_num_RESPONSE_6079811" rcardinality="Single" numtype="Decimal">
<render_fib fibtype="Decimal" maxchars="12">
<flow_label class="Block">
<response_label ident="u17_14_half_life_from_graph_733929458_section_1_item_28_num_RESPONSE_6079811" rshuffle="No"/>
</flow_label>
</render_fib>
</response_num>
<material>
<matbreak/>
</material>
</flow>
</presentation>
<resprocessing>
<outcomes>
<decvar varname="SCORE" vartype="Decimal" defaultval="0" minvalue="0" maxvalue="2" cutvalue="2"/>
</outcomes>
<respcondition title="Mastery" continue="No">
<conditionvar>

<or>
<varequal respident="u17_14_half_life_from_graph_733929458_section_1_item_28_num_RESPONSE_6079811" case="No"><![CDATA[5]]></varequal>
<and>
<vargte respident="u17_14_half_life_from_graph_733929458_section_1_item_28_num_RESPONSE_6079811"><![CDATA[4.9]]></vargte>
<varlte respident="u17_14_half_life_from_graph_733929458_section_1_item_28_num_RESPONSE_6079811"><![CDATA[5.1]]></varlte>
</and>
</or>
</conditionvar>
<setvar varname="SCORE" action="Set">2</setvar>
<displayfeedback feedbacktype="Response" linkrefid="correct_fb"/>
</respcondition>
<respcondition continue="Yes">
<conditionvar>
<other/>
</conditionvar>
<displayfeedback feedbacktype="Response" linkrefid="general_incorrect_fb"/>
</respcondition>
</resprocessing>
<itemfeedback ident="correct_fb" view="All">
<flow_mat>
<material>
<mattext texttype="text/html"><![CDATA[
<p>The half-life is 5 minutes.</p>
<p><img src="data/supplements28/unnamed-chunk-3-1.png" alt="plot of chunk unnamed-chunk-3" /><br />
</p>
<p>Every 5 minutes, the population halves again.</p>
]]></mattext>
</material>
</flow_mat>
</itemfeedback>
<itemfeedback ident="general_incorrect_fb" view="All">
<flow_mat>
<material>
<mattext texttype="text/html"><![CDATA[
<p>The half-life is 5 minutes.</p>
<p><img src="data/supplements28/unnamed-chunk-3-1.png" alt="plot of chunk unnamed-chunk-3" /><br />
</p>
<p>Every 5 minutes, the population halves again.</p>
]]></mattext>
</material>
</flow_mat>
</itemfeedback>
</item>

<item ident="u17_14_half_life_from_graph_733929458_section_1_item_29_num" title="Question" maxattempts="10">
<itemcontrol feedbackswitch="No" hintswitch="No" solutionswitch="Yes"/>
<itemmetadata>
<qtimetadata>
<qtimetadatafield>
<fieldlabel>question_type</fieldlabel>
<fieldentry>numerical_question</fieldentry>
</qtimetadatafield>
</qtimetadata>
</itemmetadata>
<presentation>
<flow>
<material>
<matbreak/>
<mattext texttype="text/html" charset="utf-8"><![CDATA[
<p>The <a href="https://en.wikipedia.org/wiki/Half-life">half-life</a> of an exponentially decaying function is the amount of time it takes for the population to halve.</p>
<p><img src="data/supplements29/unnamed-chunk-2-1.png" alt="plot of chunk unnamed-chunk-2" /><br />
</p>
<p>What is the half-life (in minutes) of the exponential function graphed above? (The answer is an integer.)</p>
]]></mattext>
<matbreak/>
</material>
<response_num ident="u17_14_half_life_from_graph_733929458_section_1_item_29_num_RESPONSE_7037019" rcardinality="Single" numtype="Decimal">
<render_fib fibtype="Decimal" maxchars="12">
<flow_label class="Block">
<response_label ident="u17_14_half_life_from_graph_733929458_section_1_item_29_num_RESPONSE_7037019" rshuffle="No"/>
</flow_label>
</render_fib>
</response_num>
<material>
<matbreak/>
</material>
</flow>
</presentation>
<resprocessing>
<outcomes>
<decvar varname="SCORE" vartype="Decimal" defaultval="0" minvalue="0" maxvalue="2" cutvalue="2"/>
</outcomes>
<respcondition title="Mastery" continue="No">
<conditionvar>

<or>
<varequal respident="u17_14_half_life_from_graph_733929458_section_1_item_29_num_RESPONSE_7037019" case="No"><![CDATA[6]]></varequal>
<and>
<vargte respident="u17_14_half_life_from_graph_733929458_section_1_item_29_num_RESPONSE_7037019"><![CDATA[5.9]]></vargte>
<varlte respident="u17_14_half_life_from_graph_733929458_section_1_item_29_num_RESPONSE_7037019"><![CDATA[6.1]]></varlte>
</and>
</or>
</conditionvar>
<setvar varname="SCORE" action="Set">2</setvar>
<displayfeedback feedbacktype="Response" linkrefid="correct_fb"/>
</respcondition>
<respcondition continue="Yes">
<conditionvar>
<other/>
</conditionvar>
<displayfeedback feedbacktype="Response" linkrefid="general_incorrect_fb"/>
</respcondition>
</resprocessing>
<itemfeedback ident="correct_fb" view="All">
<flow_mat>
<material>
<mattext texttype="text/html"><![CDATA[
<p>The half-life is 6 minutes.</p>
<p><img src="data/supplements29/unnamed-chunk-3-1.png" alt="plot of chunk unnamed-chunk-3" /><br />
</p>
<p>Every 6 minutes, the population halves again.</p>
]]></mattext>
</material>
</flow_mat>
</itemfeedback>
<itemfeedback ident="general_incorrect_fb" view="All">
<flow_mat>
<material>
<mattext texttype="text/html"><![CDATA[
<p>The half-life is 6 minutes.</p>
<p><img src="data/supplements29/unnamed-chunk-3-1.png" alt="plot of chunk unnamed-chunk-3" /><br />
</p>
<p>Every 6 minutes, the population halves again.</p>
]]></mattext>
</material>
</flow_mat>
</itemfeedback>
</item>

<item ident="u17_14_half_life_from_graph_733929458_section_1_item_30_num" title="Question" maxattempts="10">
<itemcontrol feedbackswitch="No" hintswitch="No" solutionswitch="Yes"/>
<itemmetadata>
<qtimetadata>
<qtimetadatafield>
<fieldlabel>question_type</fieldlabel>
<fieldentry>numerical_question</fieldentry>
</qtimetadatafield>
</qtimetadata>
</itemmetadata>
<presentation>
<flow>
<material>
<matbreak/>
<mattext texttype="text/html" charset="utf-8"><![CDATA[
<p>The <a href="https://en.wikipedia.org/wiki/Half-life">half-life</a> of an exponentially decaying function is the amount of time it takes for the population to halve.</p>
<p><img src="data/supplements30/unnamed-chunk-2-1.png" alt="plot of chunk unnamed-chunk-2" /><br />
</p>
<p>What is the half-life (in minutes) of the exponential function graphed above? (The answer is an integer.)</p>
]]></mattext>
<matbreak/>
</material>
<response_num ident="u17_14_half_life_from_graph_733929458_section_1_item_30_num_RESPONSE_8106880" rcardinality="Single" numtype="Decimal">
<render_fib fibtype="Decimal" maxchars="12">
<flow_label class="Block">
<response_label ident="u17_14_half_life_from_graph_733929458_section_1_item_30_num_RESPONSE_8106880" rshuffle="No"/>
</flow_label>
</render_fib>
</response_num>
<material>
<matbreak/>
</material>
</flow>
</presentation>
<resprocessing>
<outcomes>
<decvar varname="SCORE" vartype="Decimal" defaultval="0" minvalue="0" maxvalue="2" cutvalue="2"/>
</outcomes>
<respcondition title="Mastery" continue="No">
<conditionvar>

<or>
<varequal respident="u17_14_half_life_from_graph_733929458_section_1_item_30_num_RESPONSE_8106880" case="No"><![CDATA[8]]></varequal>
<and>
<vargte respident="u17_14_half_life_from_graph_733929458_section_1_item_30_num_RESPONSE_8106880"><![CDATA[7.9]]></vargte>
<varlte respident="u17_14_half_life_from_graph_733929458_section_1_item_30_num_RESPONSE_8106880"><![CDATA[8.1]]></varlte>
</and>
</or>
</conditionvar>
<setvar varname="SCORE" action="Set">2</setvar>
<displayfeedback feedbacktype="Response" linkrefid="correct_fb"/>
</respcondition>
<respcondition continue="Yes">
<conditionvar>
<other/>
</conditionvar>
<displayfeedback feedbacktype="Response" linkrefid="general_incorrect_fb"/>
</respcondition>
</resprocessing>
<itemfeedback ident="correct_fb" view="All">
<flow_mat>
<material>
<mattext texttype="text/html"><![CDATA[
<p>The half-life is 8 minutes.</p>
<p><img src="data/supplements30/unnamed-chunk-3-1.png" alt="plot of chunk unnamed-chunk-3" /><br />
</p>
<p>Every 8 minutes, the population halves again.</p>
]]></mattext>
</material>
</flow_mat>
</itemfeedback>
<itemfeedback ident="general_incorrect_fb" view="All">
<flow_mat>
<material>
<mattext texttype="text/html"><![CDATA[
<p>The half-life is 8 minutes.</p>
<p><img src="data/supplements30/unnamed-chunk-3-1.png" alt="plot of chunk unnamed-chunk-3" /><br />
</p>
<p>Every 8 minutes, the population halves again.</p>
]]></mattext>
</material>
</flow_mat>
</itemfeedback>
</item>


</section>

</assessment>
</questestinterop>
