<?xml version="1.0" encoding="UTF-8"?>
<!DOCTYPE questestinterop SYSTEM "ims_qtiasiv1p2p1.dtd">

<questestinterop>
<assessment ident="u17_13_doubling_time_from_graph_724062331" title="u17_13_doubling_time_from_graph">

<qtimetadata>
<qtimetadatafield>
<fieldlabel>cc_maxattempts</fieldlabel>
<fieldentry>10</fieldentry>
</qtimetadatafield>
<qtimetadatafield>
<fieldlabel>qmd_assessmenttype</fieldlabel>
<fieldentry>Assessment</fieldentry>
</qtimetadatafield>
</qtimetadata>
<objectives>
<material>
<mattext><![CDATA[Please solve the following exercises.]]></mattext>
</material>
</objectives>
<assessmentcontrol feedbackswitch="No" hintswitch="No" solutionswitch="Yes"/>
<outcomes_processing scoremodel="SumOfScores">
<outcomes>
<decvar varname="SCORE" vartype="Decimal" cutvalue="0"/>
</outcomes>
</outcomes_processing>
<assessfeedback title="AssessmentFeedback" ident="AssessmentFeedback">
<flow_mat>
<material>
<mattext>##AssessmentFeedback##</mattext>
</material>
</flow_mat>
</assessfeedback>

<section ident="u17_13_doubling_time_from_graph_724062331_section_1" title="Exercise">

<objectives>
<material>
<mattext><![CDATA[Please answer the following question.]]></mattext>
</material>
</objectives>
<selection_ordering>
<selection>
<selection_number>1</selection_number>
<selection_extension>
<points_per_item>2</points_per_item>
</selection_extension>
</selection>
<order order_type="Random"/>
</selection_ordering>

<item ident="u17_13_doubling_time_from_graph_724062331_section_1_item_01_num" title="Question" maxattempts="10">
<itemcontrol feedbackswitch="No" hintswitch="No" solutionswitch="Yes"/>
<itemmetadata>
<qtimetadata>
<qtimetadatafield>
<fieldlabel>question_type</fieldlabel>
<fieldentry>numerical_question</fieldentry>
</qtimetadatafield>
</qtimetadata>
</itemmetadata>
<presentation>
<flow>
<material>
<matbreak/>
<mattext texttype="text/html" charset="utf-8"><![CDATA[
<p>The doubling time of an exponentially growing function is the amount of time it takes for the population to double.</p>
<p><img src="data/supplements1/unnamed-chunk-2-1.png" alt="plot of chunk unnamed-chunk-2" /><br />
</p>
<p>What is the doubling time (in minutes) of the exponential function graphed above? (The answer is an integer.)</p>
]]></mattext>
<matbreak/>
</material>
<response_num ident="u17_13_doubling_time_from_graph_724062331_section_1_item_01_num_RESPONSE_5219118" rcardinality="Single" numtype="Decimal">
<render_fib fibtype="Decimal" maxchars="12">
<flow_label class="Block">
<response_label ident="u17_13_doubling_time_from_graph_724062331_section_1_item_01_num_RESPONSE_5219118" rshuffle="No"/>
</flow_label>
</render_fib>
</response_num>
<material>
<matbreak/>
</material>
</flow>
</presentation>
<resprocessing>
<outcomes>
<decvar varname="SCORE" vartype="Decimal" defaultval="0" minvalue="0" maxvalue="2" cutvalue="2"/>
</outcomes>
<respcondition title="Mastery" continue="No">
<conditionvar>

<or>
<varequal respident="u17_13_doubling_time_from_graph_724062331_section_1_item_01_num_RESPONSE_5219118" case="No"><![CDATA[2]]></varequal>
<and>
<vargte respident="u17_13_doubling_time_from_graph_724062331_section_1_item_01_num_RESPONSE_5219118"><![CDATA[1.9]]></vargte>
<varlte respident="u17_13_doubling_time_from_graph_724062331_section_1_item_01_num_RESPONSE_5219118"><![CDATA[2.1]]></varlte>
</and>
</or>
</conditionvar>
<setvar varname="SCORE" action="Set">2</setvar>
<displayfeedback feedbacktype="Response" linkrefid="correct_fb"/>
</respcondition>
<respcondition continue="Yes">
<conditionvar>
<other/>
</conditionvar>
<displayfeedback feedbacktype="Response" linkrefid="general_incorrect_fb"/>
</respcondition>
</resprocessing>
<itemfeedback ident="correct_fb" view="All">
<flow_mat>
<material>
<mattext texttype="text/html"><![CDATA[
<p>The doubling time is 2 minutes.</p>
<p><img src="data/supplements1/unnamed-chunk-3-1.png" alt="plot of chunk unnamed-chunk-3" /><br />
</p>
<p>Every 2 minutes, the population doubles again.</p>
]]></mattext>
</material>
</flow_mat>
</itemfeedback>
<itemfeedback ident="general_incorrect_fb" view="All">
<flow_mat>
<material>
<mattext texttype="text/html"><![CDATA[
<p>The doubling time is 2 minutes.</p>
<p><img src="data/supplements1/unnamed-chunk-3-1.png" alt="plot of chunk unnamed-chunk-3" /><br />
</p>
<p>Every 2 minutes, the population doubles again.</p>
]]></mattext>
</material>
</flow_mat>
</itemfeedback>
</item>

<item ident="u17_13_doubling_time_from_graph_724062331_section_1_item_02_num" title="Question" maxattempts="10">
<itemcontrol feedbackswitch="No" hintswitch="No" solutionswitch="Yes"/>
<itemmetadata>
<qtimetadata>
<qtimetadatafield>
<fieldlabel>question_type</fieldlabel>
<fieldentry>numerical_question</fieldentry>
</qtimetadatafield>
</qtimetadata>
</itemmetadata>
<presentation>
<flow>
<material>
<matbreak/>
<mattext texttype="text/html" charset="utf-8"><![CDATA[
<p>The doubling time of an exponentially growing function is the amount of time it takes for the population to double.</p>
<p><img src="data/supplements2/unnamed-chunk-2-1.png" alt="plot of chunk unnamed-chunk-2" /><br />
</p>
<p>What is the doubling time (in minutes) of the exponential function graphed above? (The answer is an integer.)</p>
]]></mattext>
<matbreak/>
</material>
<response_num ident="u17_13_doubling_time_from_graph_724062331_section_1_item_02_num_RESPONSE_9325433" rcardinality="Single" numtype="Decimal">
<render_fib fibtype="Decimal" maxchars="12">
<flow_label class="Block">
<response_label ident="u17_13_doubling_time_from_graph_724062331_section_1_item_02_num_RESPONSE_9325433" rshuffle="No"/>
</flow_label>
</render_fib>
</response_num>
<material>
<matbreak/>
</material>
</flow>
</presentation>
<resprocessing>
<outcomes>
<decvar varname="SCORE" vartype="Decimal" defaultval="0" minvalue="0" maxvalue="2" cutvalue="2"/>
</outcomes>
<respcondition title="Mastery" continue="No">
<conditionvar>

<or>
<varequal respident="u17_13_doubling_time_from_graph_724062331_section_1_item_02_num_RESPONSE_9325433" case="No"><![CDATA[6]]></varequal>
<and>
<vargte respident="u17_13_doubling_time_from_graph_724062331_section_1_item_02_num_RESPONSE_9325433"><![CDATA[5.9]]></vargte>
<varlte respident="u17_13_doubling_time_from_graph_724062331_section_1_item_02_num_RESPONSE_9325433"><![CDATA[6.1]]></varlte>
</and>
</or>
</conditionvar>
<setvar varname="SCORE" action="Set">2</setvar>
<displayfeedback feedbacktype="Response" linkrefid="correct_fb"/>
</respcondition>
<respcondition continue="Yes">
<conditionvar>
<other/>
</conditionvar>
<displayfeedback feedbacktype="Response" linkrefid="general_incorrect_fb"/>
</respcondition>
</resprocessing>
<itemfeedback ident="correct_fb" view="All">
<flow_mat>
<material>
<mattext texttype="text/html"><![CDATA[
<p>The doubling time is 6 minutes.</p>
<p><img src="data/supplements2/unnamed-chunk-3-1.png" alt="plot of chunk unnamed-chunk-3" /><br />
</p>
<p>Every 6 minutes, the population doubles again.</p>
]]></mattext>
</material>
</flow_mat>
</itemfeedback>
<itemfeedback ident="general_incorrect_fb" view="All">
<flow_mat>
<material>
<mattext texttype="text/html"><![CDATA[
<p>The doubling time is 6 minutes.</p>
<p><img src="data/supplements2/unnamed-chunk-3-1.png" alt="plot of chunk unnamed-chunk-3" /><br />
</p>
<p>Every 6 minutes, the population doubles again.</p>
]]></mattext>
</material>
</flow_mat>
</itemfeedback>
</item>

<item ident="u17_13_doubling_time_from_graph_724062331_section_1_item_03_num" title="Question" maxattempts="10">
<itemcontrol feedbackswitch="No" hintswitch="No" solutionswitch="Yes"/>
<itemmetadata>
<qtimetadata>
<qtimetadatafield>
<fieldlabel>question_type</fieldlabel>
<fieldentry>numerical_question</fieldentry>
</qtimetadatafield>
</qtimetadata>
</itemmetadata>
<presentation>
<flow>
<material>
<matbreak/>
<mattext texttype="text/html" charset="utf-8"><![CDATA[
<p>The doubling time of an exponentially growing function is the amount of time it takes for the population to double.</p>
<p><img src="data/supplements3/unnamed-chunk-2-1.png" alt="plot of chunk unnamed-chunk-2" /><br />
</p>
<p>What is the doubling time (in minutes) of the exponential function graphed above? (The answer is an integer.)</p>
]]></mattext>
<matbreak/>
</material>
<response_num ident="u17_13_doubling_time_from_graph_724062331_section_1_item_03_num_RESPONSE_1698935" rcardinality="Single" numtype="Decimal">
<render_fib fibtype="Decimal" maxchars="12">
<flow_label class="Block">
<response_label ident="u17_13_doubling_time_from_graph_724062331_section_1_item_03_num_RESPONSE_1698935" rshuffle="No"/>
</flow_label>
</render_fib>
</response_num>
<material>
<matbreak/>
</material>
</flow>
</presentation>
<resprocessing>
<outcomes>
<decvar varname="SCORE" vartype="Decimal" defaultval="0" minvalue="0" maxvalue="2" cutvalue="2"/>
</outcomes>
<respcondition title="Mastery" continue="No">
<conditionvar>

<or>
<varequal respident="u17_13_doubling_time_from_graph_724062331_section_1_item_03_num_RESPONSE_1698935" case="No"><![CDATA[4]]></varequal>
<and>
<vargte respident="u17_13_doubling_time_from_graph_724062331_section_1_item_03_num_RESPONSE_1698935"><![CDATA[3.9]]></vargte>
<varlte respident="u17_13_doubling_time_from_graph_724062331_section_1_item_03_num_RESPONSE_1698935"><![CDATA[4.1]]></varlte>
</and>
</or>
</conditionvar>
<setvar varname="SCORE" action="Set">2</setvar>
<displayfeedback feedbacktype="Response" linkrefid="correct_fb"/>
</respcondition>
<respcondition continue="Yes">
<conditionvar>
<other/>
</conditionvar>
<displayfeedback feedbacktype="Response" linkrefid="general_incorrect_fb"/>
</respcondition>
</resprocessing>
<itemfeedback ident="correct_fb" view="All">
<flow_mat>
<material>
<mattext texttype="text/html"><![CDATA[
<p>The doubling time is 4 minutes.</p>
<p><img src="data/supplements3/unnamed-chunk-3-1.png" alt="plot of chunk unnamed-chunk-3" /><br />
</p>
<p>Every 4 minutes, the population doubles again.</p>
]]></mattext>
</material>
</flow_mat>
</itemfeedback>
<itemfeedback ident="general_incorrect_fb" view="All">
<flow_mat>
<material>
<mattext texttype="text/html"><![CDATA[
<p>The doubling time is 4 minutes.</p>
<p><img src="data/supplements3/unnamed-chunk-3-1.png" alt="plot of chunk unnamed-chunk-3" /><br />
</p>
<p>Every 4 minutes, the population doubles again.</p>
]]></mattext>
</material>
</flow_mat>
</itemfeedback>
</item>

<item ident="u17_13_doubling_time_from_graph_724062331_section_1_item_04_num" title="Question" maxattempts="10">
<itemcontrol feedbackswitch="No" hintswitch="No" solutionswitch="Yes"/>
<itemmetadata>
<qtimetadata>
<qtimetadatafield>
<fieldlabel>question_type</fieldlabel>
<fieldentry>numerical_question</fieldentry>
</qtimetadatafield>
</qtimetadata>
</itemmetadata>
<presentation>
<flow>
<material>
<matbreak/>
<mattext texttype="text/html" charset="utf-8"><![CDATA[
<p>The doubling time of an exponentially growing function is the amount of time it takes for the population to double.</p>
<p><img src="data/supplements4/unnamed-chunk-2-1.png" alt="plot of chunk unnamed-chunk-2" /><br />
</p>
<p>What is the doubling time (in minutes) of the exponential function graphed above? (The answer is an integer.)</p>
]]></mattext>
<matbreak/>
</material>
<response_num ident="u17_13_doubling_time_from_graph_724062331_section_1_item_04_num_RESPONSE_7857966" rcardinality="Single" numtype="Decimal">
<render_fib fibtype="Decimal" maxchars="12">
<flow_label class="Block">
<response_label ident="u17_13_doubling_time_from_graph_724062331_section_1_item_04_num_RESPONSE_7857966" rshuffle="No"/>
</flow_label>
</render_fib>
</response_num>
<material>
<matbreak/>
</material>
</flow>
</presentation>
<resprocessing>
<outcomes>
<decvar varname="SCORE" vartype="Decimal" defaultval="0" minvalue="0" maxvalue="2" cutvalue="2"/>
</outcomes>
<respcondition title="Mastery" continue="No">
<conditionvar>

<or>
<varequal respident="u17_13_doubling_time_from_graph_724062331_section_1_item_04_num_RESPONSE_7857966" case="No"><![CDATA[3]]></varequal>
<and>
<vargte respident="u17_13_doubling_time_from_graph_724062331_section_1_item_04_num_RESPONSE_7857966"><![CDATA[2.9]]></vargte>
<varlte respident="u17_13_doubling_time_from_graph_724062331_section_1_item_04_num_RESPONSE_7857966"><![CDATA[3.1]]></varlte>
</and>
</or>
</conditionvar>
<setvar varname="SCORE" action="Set">2</setvar>
<displayfeedback feedbacktype="Response" linkrefid="correct_fb"/>
</respcondition>
<respcondition continue="Yes">
<conditionvar>
<other/>
</conditionvar>
<displayfeedback feedbacktype="Response" linkrefid="general_incorrect_fb"/>
</respcondition>
</resprocessing>
<itemfeedback ident="correct_fb" view="All">
<flow_mat>
<material>
<mattext texttype="text/html"><![CDATA[
<p>The doubling time is 3 minutes.</p>
<p><img src="data/supplements4/unnamed-chunk-3-1.png" alt="plot of chunk unnamed-chunk-3" /><br />
</p>
<p>Every 3 minutes, the population doubles again.</p>
]]></mattext>
</material>
</flow_mat>
</itemfeedback>
<itemfeedback ident="general_incorrect_fb" view="All">
<flow_mat>
<material>
<mattext texttype="text/html"><![CDATA[
<p>The doubling time is 3 minutes.</p>
<p><img src="data/supplements4/unnamed-chunk-3-1.png" alt="plot of chunk unnamed-chunk-3" /><br />
</p>
<p>Every 3 minutes, the population doubles again.</p>
]]></mattext>
</material>
</flow_mat>
</itemfeedback>
</item>

<item ident="u17_13_doubling_time_from_graph_724062331_section_1_item_05_num" title="Question" maxattempts="10">
<itemcontrol feedbackswitch="No" hintswitch="No" solutionswitch="Yes"/>
<itemmetadata>
<qtimetadata>
<qtimetadatafield>
<fieldlabel>question_type</fieldlabel>
<fieldentry>numerical_question</fieldentry>
</qtimetadatafield>
</qtimetadata>
</itemmetadata>
<presentation>
<flow>
<material>
<matbreak/>
<mattext texttype="text/html" charset="utf-8"><![CDATA[
<p>The doubling time of an exponentially growing function is the amount of time it takes for the population to double.</p>
<p><img src="data/supplements5/unnamed-chunk-2-1.png" alt="plot of chunk unnamed-chunk-2" /><br />
</p>
<p>What is the doubling time (in minutes) of the exponential function graphed above? (The answer is an integer.)</p>
]]></mattext>
<matbreak/>
</material>
<response_num ident="u17_13_doubling_time_from_graph_724062331_section_1_item_05_num_RESPONSE_1121421" rcardinality="Single" numtype="Decimal">
<render_fib fibtype="Decimal" maxchars="12">
<flow_label class="Block">
<response_label ident="u17_13_doubling_time_from_graph_724062331_section_1_item_05_num_RESPONSE_1121421" rshuffle="No"/>
</flow_label>
</render_fib>
</response_num>
<material>
<matbreak/>
</material>
</flow>
</presentation>
<resprocessing>
<outcomes>
<decvar varname="SCORE" vartype="Decimal" defaultval="0" minvalue="0" maxvalue="2" cutvalue="2"/>
</outcomes>
<respcondition title="Mastery" continue="No">
<conditionvar>

<or>
<varequal respident="u17_13_doubling_time_from_graph_724062331_section_1_item_05_num_RESPONSE_1121421" case="No"><![CDATA[5]]></varequal>
<and>
<vargte respident="u17_13_doubling_time_from_graph_724062331_section_1_item_05_num_RESPONSE_1121421"><![CDATA[4.9]]></vargte>
<varlte respident="u17_13_doubling_time_from_graph_724062331_section_1_item_05_num_RESPONSE_1121421"><![CDATA[5.1]]></varlte>
</and>
</or>
</conditionvar>
<setvar varname="SCORE" action="Set">2</setvar>
<displayfeedback feedbacktype="Response" linkrefid="correct_fb"/>
</respcondition>
<respcondition continue="Yes">
<conditionvar>
<other/>
</conditionvar>
<displayfeedback feedbacktype="Response" linkrefid="general_incorrect_fb"/>
</respcondition>
</resprocessing>
<itemfeedback ident="correct_fb" view="All">
<flow_mat>
<material>
<mattext texttype="text/html"><![CDATA[
<p>The doubling time is 5 minutes.</p>
<p><img src="data/supplements5/unnamed-chunk-3-1.png" alt="plot of chunk unnamed-chunk-3" /><br />
</p>
<p>Every 5 minutes, the population doubles again.</p>
]]></mattext>
</material>
</flow_mat>
</itemfeedback>
<itemfeedback ident="general_incorrect_fb" view="All">
<flow_mat>
<material>
<mattext texttype="text/html"><![CDATA[
<p>The doubling time is 5 minutes.</p>
<p><img src="data/supplements5/unnamed-chunk-3-1.png" alt="plot of chunk unnamed-chunk-3" /><br />
</p>
<p>Every 5 minutes, the population doubles again.</p>
]]></mattext>
</material>
</flow_mat>
</itemfeedback>
</item>

<item ident="u17_13_doubling_time_from_graph_724062331_section_1_item_06_num" title="Question" maxattempts="10">
<itemcontrol feedbackswitch="No" hintswitch="No" solutionswitch="Yes"/>
<itemmetadata>
<qtimetadata>
<qtimetadatafield>
<fieldlabel>question_type</fieldlabel>
<fieldentry>numerical_question</fieldentry>
</qtimetadatafield>
</qtimetadata>
</itemmetadata>
<presentation>
<flow>
<material>
<matbreak/>
<mattext texttype="text/html" charset="utf-8"><![CDATA[
<p>The doubling time of an exponentially growing function is the amount of time it takes for the population to double.</p>
<p><img src="data/supplements6/unnamed-chunk-2-1.png" alt="plot of chunk unnamed-chunk-2" /><br />
</p>
<p>What is the doubling time (in minutes) of the exponential function graphed above? (The answer is an integer.)</p>
]]></mattext>
<matbreak/>
</material>
<response_num ident="u17_13_doubling_time_from_graph_724062331_section_1_item_06_num_RESPONSE_7424551" rcardinality="Single" numtype="Decimal">
<render_fib fibtype="Decimal" maxchars="12">
<flow_label class="Block">
<response_label ident="u17_13_doubling_time_from_graph_724062331_section_1_item_06_num_RESPONSE_7424551" rshuffle="No"/>
</flow_label>
</render_fib>
</response_num>
<material>
<matbreak/>
</material>
</flow>
</presentation>
<resprocessing>
<outcomes>
<decvar varname="SCORE" vartype="Decimal" defaultval="0" minvalue="0" maxvalue="2" cutvalue="2"/>
</outcomes>
<respcondition title="Mastery" continue="No">
<conditionvar>

<or>
<varequal respident="u17_13_doubling_time_from_graph_724062331_section_1_item_06_num_RESPONSE_7424551" case="No"><![CDATA[6]]></varequal>
<and>
<vargte respident="u17_13_doubling_time_from_graph_724062331_section_1_item_06_num_RESPONSE_7424551"><![CDATA[5.9]]></vargte>
<varlte respident="u17_13_doubling_time_from_graph_724062331_section_1_item_06_num_RESPONSE_7424551"><![CDATA[6.1]]></varlte>
</and>
</or>
</conditionvar>
<setvar varname="SCORE" action="Set">2</setvar>
<displayfeedback feedbacktype="Response" linkrefid="correct_fb"/>
</respcondition>
<respcondition continue="Yes">
<conditionvar>
<other/>
</conditionvar>
<displayfeedback feedbacktype="Response" linkrefid="general_incorrect_fb"/>
</respcondition>
</resprocessing>
<itemfeedback ident="correct_fb" view="All">
<flow_mat>
<material>
<mattext texttype="text/html"><![CDATA[
<p>The doubling time is 6 minutes.</p>
<p><img src="data/supplements6/unnamed-chunk-3-1.png" alt="plot of chunk unnamed-chunk-3" /><br />
</p>
<p>Every 6 minutes, the population doubles again.</p>
]]></mattext>
</material>
</flow_mat>
</itemfeedback>
<itemfeedback ident="general_incorrect_fb" view="All">
<flow_mat>
<material>
<mattext texttype="text/html"><![CDATA[
<p>The doubling time is 6 minutes.</p>
<p><img src="data/supplements6/unnamed-chunk-3-1.png" alt="plot of chunk unnamed-chunk-3" /><br />
</p>
<p>Every 6 minutes, the population doubles again.</p>
]]></mattext>
</material>
</flow_mat>
</itemfeedback>
</item>

<item ident="u17_13_doubling_time_from_graph_724062331_section_1_item_07_num" title="Question" maxattempts="10">
<itemcontrol feedbackswitch="No" hintswitch="No" solutionswitch="Yes"/>
<itemmetadata>
<qtimetadata>
<qtimetadatafield>
<fieldlabel>question_type</fieldlabel>
<fieldentry>numerical_question</fieldentry>
</qtimetadatafield>
</qtimetadata>
</itemmetadata>
<presentation>
<flow>
<material>
<matbreak/>
<mattext texttype="text/html" charset="utf-8"><![CDATA[
<p>The doubling time of an exponentially growing function is the amount of time it takes for the population to double.</p>
<p><img src="data/supplements7/unnamed-chunk-2-1.png" alt="plot of chunk unnamed-chunk-2" /><br />
</p>
<p>What is the doubling time (in minutes) of the exponential function graphed above? (The answer is an integer.)</p>
]]></mattext>
<matbreak/>
</material>
<response_num ident="u17_13_doubling_time_from_graph_724062331_section_1_item_07_num_RESPONSE_6768638" rcardinality="Single" numtype="Decimal">
<render_fib fibtype="Decimal" maxchars="12">
<flow_label class="Block">
<response_label ident="u17_13_doubling_time_from_graph_724062331_section_1_item_07_num_RESPONSE_6768638" rshuffle="No"/>
</flow_label>
</render_fib>
</response_num>
<material>
<matbreak/>
</material>
</flow>
</presentation>
<resprocessing>
<outcomes>
<decvar varname="SCORE" vartype="Decimal" defaultval="0" minvalue="0" maxvalue="2" cutvalue="2"/>
</outcomes>
<respcondition title="Mastery" continue="No">
<conditionvar>

<or>
<varequal respident="u17_13_doubling_time_from_graph_724062331_section_1_item_07_num_RESPONSE_6768638" case="No"><![CDATA[4]]></varequal>
<and>
<vargte respident="u17_13_doubling_time_from_graph_724062331_section_1_item_07_num_RESPONSE_6768638"><![CDATA[3.9]]></vargte>
<varlte respident="u17_13_doubling_time_from_graph_724062331_section_1_item_07_num_RESPONSE_6768638"><![CDATA[4.1]]></varlte>
</and>
</or>
</conditionvar>
<setvar varname="SCORE" action="Set">2</setvar>
<displayfeedback feedbacktype="Response" linkrefid="correct_fb"/>
</respcondition>
<respcondition continue="Yes">
<conditionvar>
<other/>
</conditionvar>
<displayfeedback feedbacktype="Response" linkrefid="general_incorrect_fb"/>
</respcondition>
</resprocessing>
<itemfeedback ident="correct_fb" view="All">
<flow_mat>
<material>
<mattext texttype="text/html"><![CDATA[
<p>The doubling time is 4 minutes.</p>
<p><img src="data/supplements7/unnamed-chunk-3-1.png" alt="plot of chunk unnamed-chunk-3" /><br />
</p>
<p>Every 4 minutes, the population doubles again.</p>
]]></mattext>
</material>
</flow_mat>
</itemfeedback>
<itemfeedback ident="general_incorrect_fb" view="All">
<flow_mat>
<material>
<mattext texttype="text/html"><![CDATA[
<p>The doubling time is 4 minutes.</p>
<p><img src="data/supplements7/unnamed-chunk-3-1.png" alt="plot of chunk unnamed-chunk-3" /><br />
</p>
<p>Every 4 minutes, the population doubles again.</p>
]]></mattext>
</material>
</flow_mat>
</itemfeedback>
</item>

<item ident="u17_13_doubling_time_from_graph_724062331_section_1_item_08_num" title="Question" maxattempts="10">
<itemcontrol feedbackswitch="No" hintswitch="No" solutionswitch="Yes"/>
<itemmetadata>
<qtimetadata>
<qtimetadatafield>
<fieldlabel>question_type</fieldlabel>
<fieldentry>numerical_question</fieldentry>
</qtimetadatafield>
</qtimetadata>
</itemmetadata>
<presentation>
<flow>
<material>
<matbreak/>
<mattext texttype="text/html" charset="utf-8"><![CDATA[
<p>The doubling time of an exponentially growing function is the amount of time it takes for the population to double.</p>
<p><img src="data/supplements8/unnamed-chunk-2-1.png" alt="plot of chunk unnamed-chunk-2" /><br />
</p>
<p>What is the doubling time (in minutes) of the exponential function graphed above? (The answer is an integer.)</p>
]]></mattext>
<matbreak/>
</material>
<response_num ident="u17_13_doubling_time_from_graph_724062331_section_1_item_08_num_RESPONSE_4320369" rcardinality="Single" numtype="Decimal">
<render_fib fibtype="Decimal" maxchars="12">
<flow_label class="Block">
<response_label ident="u17_13_doubling_time_from_graph_724062331_section_1_item_08_num_RESPONSE_4320369" rshuffle="No"/>
</flow_label>
</render_fib>
</response_num>
<material>
<matbreak/>
</material>
</flow>
</presentation>
<resprocessing>
<outcomes>
<decvar varname="SCORE" vartype="Decimal" defaultval="0" minvalue="0" maxvalue="2" cutvalue="2"/>
</outcomes>
<respcondition title="Mastery" continue="No">
<conditionvar>

<or>
<varequal respident="u17_13_doubling_time_from_graph_724062331_section_1_item_08_num_RESPONSE_4320369" case="No"><![CDATA[3]]></varequal>
<and>
<vargte respident="u17_13_doubling_time_from_graph_724062331_section_1_item_08_num_RESPONSE_4320369"><![CDATA[2.9]]></vargte>
<varlte respident="u17_13_doubling_time_from_graph_724062331_section_1_item_08_num_RESPONSE_4320369"><![CDATA[3.1]]></varlte>
</and>
</or>
</conditionvar>
<setvar varname="SCORE" action="Set">2</setvar>
<displayfeedback feedbacktype="Response" linkrefid="correct_fb"/>
</respcondition>
<respcondition continue="Yes">
<conditionvar>
<other/>
</conditionvar>
<displayfeedback feedbacktype="Response" linkrefid="general_incorrect_fb"/>
</respcondition>
</resprocessing>
<itemfeedback ident="correct_fb" view="All">
<flow_mat>
<material>
<mattext texttype="text/html"><![CDATA[
<p>The doubling time is 3 minutes.</p>
<p><img src="data/supplements8/unnamed-chunk-3-1.png" alt="plot of chunk unnamed-chunk-3" /><br />
</p>
<p>Every 3 minutes, the population doubles again.</p>
]]></mattext>
</material>
</flow_mat>
</itemfeedback>
<itemfeedback ident="general_incorrect_fb" view="All">
<flow_mat>
<material>
<mattext texttype="text/html"><![CDATA[
<p>The doubling time is 3 minutes.</p>
<p><img src="data/supplements8/unnamed-chunk-3-1.png" alt="plot of chunk unnamed-chunk-3" /><br />
</p>
<p>Every 3 minutes, the population doubles again.</p>
]]></mattext>
</material>
</flow_mat>
</itemfeedback>
</item>

<item ident="u17_13_doubling_time_from_graph_724062331_section_1_item_09_num" title="Question" maxattempts="10">
<itemcontrol feedbackswitch="No" hintswitch="No" solutionswitch="Yes"/>
<itemmetadata>
<qtimetadata>
<qtimetadatafield>
<fieldlabel>question_type</fieldlabel>
<fieldentry>numerical_question</fieldentry>
</qtimetadatafield>
</qtimetadata>
</itemmetadata>
<presentation>
<flow>
<material>
<matbreak/>
<mattext texttype="text/html" charset="utf-8"><![CDATA[
<p>The doubling time of an exponentially growing function is the amount of time it takes for the population to double.</p>
<p><img src="data/supplements9/unnamed-chunk-2-1.png" alt="plot of chunk unnamed-chunk-2" /><br />
</p>
<p>What is the doubling time (in minutes) of the exponential function graphed above? (The answer is an integer.)</p>
]]></mattext>
<matbreak/>
</material>
<response_num ident="u17_13_doubling_time_from_graph_724062331_section_1_item_09_num_RESPONSE_8074715" rcardinality="Single" numtype="Decimal">
<render_fib fibtype="Decimal" maxchars="12">
<flow_label class="Block">
<response_label ident="u17_13_doubling_time_from_graph_724062331_section_1_item_09_num_RESPONSE_8074715" rshuffle="No"/>
</flow_label>
</render_fib>
</response_num>
<material>
<matbreak/>
</material>
</flow>
</presentation>
<resprocessing>
<outcomes>
<decvar varname="SCORE" vartype="Decimal" defaultval="0" minvalue="0" maxvalue="2" cutvalue="2"/>
</outcomes>
<respcondition title="Mastery" continue="No">
<conditionvar>

<or>
<varequal respident="u17_13_doubling_time_from_graph_724062331_section_1_item_09_num_RESPONSE_8074715" case="No"><![CDATA[8]]></varequal>
<and>
<vargte respident="u17_13_doubling_time_from_graph_724062331_section_1_item_09_num_RESPONSE_8074715"><![CDATA[7.9]]></vargte>
<varlte respident="u17_13_doubling_time_from_graph_724062331_section_1_item_09_num_RESPONSE_8074715"><![CDATA[8.1]]></varlte>
</and>
</or>
</conditionvar>
<setvar varname="SCORE" action="Set">2</setvar>
<displayfeedback feedbacktype="Response" linkrefid="correct_fb"/>
</respcondition>
<respcondition continue="Yes">
<conditionvar>
<other/>
</conditionvar>
<displayfeedback feedbacktype="Response" linkrefid="general_incorrect_fb"/>
</respcondition>
</resprocessing>
<itemfeedback ident="correct_fb" view="All">
<flow_mat>
<material>
<mattext texttype="text/html"><![CDATA[
<p>The doubling time is 8 minutes.</p>
<p><img src="data/supplements9/unnamed-chunk-3-1.png" alt="plot of chunk unnamed-chunk-3" /><br />
</p>
<p>Every 8 minutes, the population doubles again.</p>
]]></mattext>
</material>
</flow_mat>
</itemfeedback>
<itemfeedback ident="general_incorrect_fb" view="All">
<flow_mat>
<material>
<mattext texttype="text/html"><![CDATA[
<p>The doubling time is 8 minutes.</p>
<p><img src="data/supplements9/unnamed-chunk-3-1.png" alt="plot of chunk unnamed-chunk-3" /><br />
</p>
<p>Every 8 minutes, the population doubles again.</p>
]]></mattext>
</material>
</flow_mat>
</itemfeedback>
</item>

<item ident="u17_13_doubling_time_from_graph_724062331_section_1_item_10_num" title="Question" maxattempts="10">
<itemcontrol feedbackswitch="No" hintswitch="No" solutionswitch="Yes"/>
<itemmetadata>
<qtimetadata>
<qtimetadatafield>
<fieldlabel>question_type</fieldlabel>
<fieldentry>numerical_question</fieldentry>
</qtimetadatafield>
</qtimetadata>
</itemmetadata>
<presentation>
<flow>
<material>
<matbreak/>
<mattext texttype="text/html" charset="utf-8"><![CDATA[
<p>The doubling time of an exponentially growing function is the amount of time it takes for the population to double.</p>
<p><img src="data/supplements10/unnamed-chunk-2-1.png" alt="plot of chunk unnamed-chunk-2" /><br />
</p>
<p>What is the doubling time (in minutes) of the exponential function graphed above? (The answer is an integer.)</p>
]]></mattext>
<matbreak/>
</material>
<response_num ident="u17_13_doubling_time_from_graph_724062331_section_1_item_10_num_RESPONSE_4789716" rcardinality="Single" numtype="Decimal">
<render_fib fibtype="Decimal" maxchars="12">
<flow_label class="Block">
<response_label ident="u17_13_doubling_time_from_graph_724062331_section_1_item_10_num_RESPONSE_4789716" rshuffle="No"/>
</flow_label>
</render_fib>
</response_num>
<material>
<matbreak/>
</material>
</flow>
</presentation>
<resprocessing>
<outcomes>
<decvar varname="SCORE" vartype="Decimal" defaultval="0" minvalue="0" maxvalue="2" cutvalue="2"/>
</outcomes>
<respcondition title="Mastery" continue="No">
<conditionvar>

<or>
<varequal respident="u17_13_doubling_time_from_graph_724062331_section_1_item_10_num_RESPONSE_4789716" case="No"><![CDATA[8]]></varequal>
<and>
<vargte respident="u17_13_doubling_time_from_graph_724062331_section_1_item_10_num_RESPONSE_4789716"><![CDATA[7.9]]></vargte>
<varlte respident="u17_13_doubling_time_from_graph_724062331_section_1_item_10_num_RESPONSE_4789716"><![CDATA[8.1]]></varlte>
</and>
</or>
</conditionvar>
<setvar varname="SCORE" action="Set">2</setvar>
<displayfeedback feedbacktype="Response" linkrefid="correct_fb"/>
</respcondition>
<respcondition continue="Yes">
<conditionvar>
<other/>
</conditionvar>
<displayfeedback feedbacktype="Response" linkrefid="general_incorrect_fb"/>
</respcondition>
</resprocessing>
<itemfeedback ident="correct_fb" view="All">
<flow_mat>
<material>
<mattext texttype="text/html"><![CDATA[
<p>The doubling time is 8 minutes.</p>
<p><img src="data/supplements10/unnamed-chunk-3-1.png" alt="plot of chunk unnamed-chunk-3" /><br />
</p>
<p>Every 8 minutes, the population doubles again.</p>
]]></mattext>
</material>
</flow_mat>
</itemfeedback>
<itemfeedback ident="general_incorrect_fb" view="All">
<flow_mat>
<material>
<mattext texttype="text/html"><![CDATA[
<p>The doubling time is 8 minutes.</p>
<p><img src="data/supplements10/unnamed-chunk-3-1.png" alt="plot of chunk unnamed-chunk-3" /><br />
</p>
<p>Every 8 minutes, the population doubles again.</p>
]]></mattext>
</material>
</flow_mat>
</itemfeedback>
</item>

<item ident="u17_13_doubling_time_from_graph_724062331_section_1_item_11_num" title="Question" maxattempts="10">
<itemcontrol feedbackswitch="No" hintswitch="No" solutionswitch="Yes"/>
<itemmetadata>
<qtimetadata>
<qtimetadatafield>
<fieldlabel>question_type</fieldlabel>
<fieldentry>numerical_question</fieldentry>
</qtimetadatafield>
</qtimetadata>
</itemmetadata>
<presentation>
<flow>
<material>
<matbreak/>
<mattext texttype="text/html" charset="utf-8"><![CDATA[
<p>The doubling time of an exponentially growing function is the amount of time it takes for the population to double.</p>
<p><img src="data/supplements11/unnamed-chunk-2-1.png" alt="plot of chunk unnamed-chunk-2" /><br />
</p>
<p>What is the doubling time (in minutes) of the exponential function graphed above? (The answer is an integer.)</p>
]]></mattext>
<matbreak/>
</material>
<response_num ident="u17_13_doubling_time_from_graph_724062331_section_1_item_11_num_RESPONSE_1676337" rcardinality="Single" numtype="Decimal">
<render_fib fibtype="Decimal" maxchars="12">
<flow_label class="Block">
<response_label ident="u17_13_doubling_time_from_graph_724062331_section_1_item_11_num_RESPONSE_1676337" rshuffle="No"/>
</flow_label>
</render_fib>
</response_num>
<material>
<matbreak/>
</material>
</flow>
</presentation>
<resprocessing>
<outcomes>
<decvar varname="SCORE" vartype="Decimal" defaultval="0" minvalue="0" maxvalue="2" cutvalue="2"/>
</outcomes>
<respcondition title="Mastery" continue="No">
<conditionvar>

<or>
<varequal respident="u17_13_doubling_time_from_graph_724062331_section_1_item_11_num_RESPONSE_1676337" case="No"><![CDATA[7]]></varequal>
<and>
<vargte respident="u17_13_doubling_time_from_graph_724062331_section_1_item_11_num_RESPONSE_1676337"><![CDATA[6.9]]></vargte>
<varlte respident="u17_13_doubling_time_from_graph_724062331_section_1_item_11_num_RESPONSE_1676337"><![CDATA[7.1]]></varlte>
</and>
</or>
</conditionvar>
<setvar varname="SCORE" action="Set">2</setvar>
<displayfeedback feedbacktype="Response" linkrefid="correct_fb"/>
</respcondition>
<respcondition continue="Yes">
<conditionvar>
<other/>
</conditionvar>
<displayfeedback feedbacktype="Response" linkrefid="general_incorrect_fb"/>
</respcondition>
</resprocessing>
<itemfeedback ident="correct_fb" view="All">
<flow_mat>
<material>
<mattext texttype="text/html"><![CDATA[
<p>The doubling time is 7 minutes.</p>
<p><img src="data/supplements11/unnamed-chunk-3-1.png" alt="plot of chunk unnamed-chunk-3" /><br />
</p>
<p>Every 7 minutes, the population doubles again.</p>
]]></mattext>
</material>
</flow_mat>
</itemfeedback>
<itemfeedback ident="general_incorrect_fb" view="All">
<flow_mat>
<material>
<mattext texttype="text/html"><![CDATA[
<p>The doubling time is 7 minutes.</p>
<p><img src="data/supplements11/unnamed-chunk-3-1.png" alt="plot of chunk unnamed-chunk-3" /><br />
</p>
<p>Every 7 minutes, the population doubles again.</p>
]]></mattext>
</material>
</flow_mat>
</itemfeedback>
</item>

<item ident="u17_13_doubling_time_from_graph_724062331_section_1_item_12_num" title="Question" maxattempts="10">
<itemcontrol feedbackswitch="No" hintswitch="No" solutionswitch="Yes"/>
<itemmetadata>
<qtimetadata>
<qtimetadatafield>
<fieldlabel>question_type</fieldlabel>
<fieldentry>numerical_question</fieldentry>
</qtimetadatafield>
</qtimetadata>
</itemmetadata>
<presentation>
<flow>
<material>
<matbreak/>
<mattext texttype="text/html" charset="utf-8"><![CDATA[
<p>The doubling time of an exponentially growing function is the amount of time it takes for the population to double.</p>
<p><img src="data/supplements12/unnamed-chunk-2-1.png" alt="plot of chunk unnamed-chunk-2" /><br />
</p>
<p>What is the doubling time (in minutes) of the exponential function graphed above? (The answer is an integer.)</p>
]]></mattext>
<matbreak/>
</material>
<response_num ident="u17_13_doubling_time_from_graph_724062331_section_1_item_12_num_RESPONSE_1664268" rcardinality="Single" numtype="Decimal">
<render_fib fibtype="Decimal" maxchars="12">
<flow_label class="Block">
<response_label ident="u17_13_doubling_time_from_graph_724062331_section_1_item_12_num_RESPONSE_1664268" rshuffle="No"/>
</flow_label>
</render_fib>
</response_num>
<material>
<matbreak/>
</material>
</flow>
</presentation>
<resprocessing>
<outcomes>
<decvar varname="SCORE" vartype="Decimal" defaultval="0" minvalue="0" maxvalue="2" cutvalue="2"/>
</outcomes>
<respcondition title="Mastery" continue="No">
<conditionvar>

<or>
<varequal respident="u17_13_doubling_time_from_graph_724062331_section_1_item_12_num_RESPONSE_1664268" case="No"><![CDATA[6]]></varequal>
<and>
<vargte respident="u17_13_doubling_time_from_graph_724062331_section_1_item_12_num_RESPONSE_1664268"><![CDATA[5.9]]></vargte>
<varlte respident="u17_13_doubling_time_from_graph_724062331_section_1_item_12_num_RESPONSE_1664268"><![CDATA[6.1]]></varlte>
</and>
</or>
</conditionvar>
<setvar varname="SCORE" action="Set">2</setvar>
<displayfeedback feedbacktype="Response" linkrefid="correct_fb"/>
</respcondition>
<respcondition continue="Yes">
<conditionvar>
<other/>
</conditionvar>
<displayfeedback feedbacktype="Response" linkrefid="general_incorrect_fb"/>
</respcondition>
</resprocessing>
<itemfeedback ident="correct_fb" view="All">
<flow_mat>
<material>
<mattext texttype="text/html"><![CDATA[
<p>The doubling time is 6 minutes.</p>
<p><img src="data/supplements12/unnamed-chunk-3-1.png" alt="plot of chunk unnamed-chunk-3" /><br />
</p>
<p>Every 6 minutes, the population doubles again.</p>
]]></mattext>
</material>
</flow_mat>
</itemfeedback>
<itemfeedback ident="general_incorrect_fb" view="All">
<flow_mat>
<material>
<mattext texttype="text/html"><![CDATA[
<p>The doubling time is 6 minutes.</p>
<p><img src="data/supplements12/unnamed-chunk-3-1.png" alt="plot of chunk unnamed-chunk-3" /><br />
</p>
<p>Every 6 minutes, the population doubles again.</p>
]]></mattext>
</material>
</flow_mat>
</itemfeedback>
</item>

<item ident="u17_13_doubling_time_from_graph_724062331_section_1_item_13_num" title="Question" maxattempts="10">
<itemcontrol feedbackswitch="No" hintswitch="No" solutionswitch="Yes"/>
<itemmetadata>
<qtimetadata>
<qtimetadatafield>
<fieldlabel>question_type</fieldlabel>
<fieldentry>numerical_question</fieldentry>
</qtimetadatafield>
</qtimetadata>
</itemmetadata>
<presentation>
<flow>
<material>
<matbreak/>
<mattext texttype="text/html" charset="utf-8"><![CDATA[
<p>The doubling time of an exponentially growing function is the amount of time it takes for the population to double.</p>
<p><img src="data/supplements13/unnamed-chunk-2-1.png" alt="plot of chunk unnamed-chunk-2" /><br />
</p>
<p>What is the doubling time (in minutes) of the exponential function graphed above? (The answer is an integer.)</p>
]]></mattext>
<matbreak/>
</material>
<response_num ident="u17_13_doubling_time_from_graph_724062331_section_1_item_13_num_RESPONSE_2014107" rcardinality="Single" numtype="Decimal">
<render_fib fibtype="Decimal" maxchars="12">
<flow_label class="Block">
<response_label ident="u17_13_doubling_time_from_graph_724062331_section_1_item_13_num_RESPONSE_2014107" rshuffle="No"/>
</flow_label>
</render_fib>
</response_num>
<material>
<matbreak/>
</material>
</flow>
</presentation>
<resprocessing>
<outcomes>
<decvar varname="SCORE" vartype="Decimal" defaultval="0" minvalue="0" maxvalue="2" cutvalue="2"/>
</outcomes>
<respcondition title="Mastery" continue="No">
<conditionvar>

<or>
<varequal respident="u17_13_doubling_time_from_graph_724062331_section_1_item_13_num_RESPONSE_2014107" case="No"><![CDATA[2]]></varequal>
<and>
<vargte respident="u17_13_doubling_time_from_graph_724062331_section_1_item_13_num_RESPONSE_2014107"><![CDATA[1.9]]></vargte>
<varlte respident="u17_13_doubling_time_from_graph_724062331_section_1_item_13_num_RESPONSE_2014107"><![CDATA[2.1]]></varlte>
</and>
</or>
</conditionvar>
<setvar varname="SCORE" action="Set">2</setvar>
<displayfeedback feedbacktype="Response" linkrefid="correct_fb"/>
</respcondition>
<respcondition continue="Yes">
<conditionvar>
<other/>
</conditionvar>
<displayfeedback feedbacktype="Response" linkrefid="general_incorrect_fb"/>
</respcondition>
</resprocessing>
<itemfeedback ident="correct_fb" view="All">
<flow_mat>
<material>
<mattext texttype="text/html"><![CDATA[
<p>The doubling time is 2 minutes.</p>
<p><img src="data/supplements13/unnamed-chunk-3-1.png" alt="plot of chunk unnamed-chunk-3" /><br />
</p>
<p>Every 2 minutes, the population doubles again.</p>
]]></mattext>
</material>
</flow_mat>
</itemfeedback>
<itemfeedback ident="general_incorrect_fb" view="All">
<flow_mat>
<material>
<mattext texttype="text/html"><![CDATA[
<p>The doubling time is 2 minutes.</p>
<p><img src="data/supplements13/unnamed-chunk-3-1.png" alt="plot of chunk unnamed-chunk-3" /><br />
</p>
<p>Every 2 minutes, the population doubles again.</p>
]]></mattext>
</material>
</flow_mat>
</itemfeedback>
</item>

<item ident="u17_13_doubling_time_from_graph_724062331_section_1_item_14_num" title="Question" maxattempts="10">
<itemcontrol feedbackswitch="No" hintswitch="No" solutionswitch="Yes"/>
<itemmetadata>
<qtimetadata>
<qtimetadatafield>
<fieldlabel>question_type</fieldlabel>
<fieldentry>numerical_question</fieldentry>
</qtimetadatafield>
</qtimetadata>
</itemmetadata>
<presentation>
<flow>
<material>
<matbreak/>
<mattext texttype="text/html" charset="utf-8"><![CDATA[
<p>The doubling time of an exponentially growing function is the amount of time it takes for the population to double.</p>
<p><img src="data/supplements14/unnamed-chunk-2-1.png" alt="plot of chunk unnamed-chunk-2" /><br />
</p>
<p>What is the doubling time (in minutes) of the exponential function graphed above? (The answer is an integer.)</p>
]]></mattext>
<matbreak/>
</material>
<response_num ident="u17_13_doubling_time_from_graph_724062331_section_1_item_14_num_RESPONSE_1291976" rcardinality="Single" numtype="Decimal">
<render_fib fibtype="Decimal" maxchars="12">
<flow_label class="Block">
<response_label ident="u17_13_doubling_time_from_graph_724062331_section_1_item_14_num_RESPONSE_1291976" rshuffle="No"/>
</flow_label>
</render_fib>
</response_num>
<material>
<matbreak/>
</material>
</flow>
</presentation>
<resprocessing>
<outcomes>
<decvar varname="SCORE" vartype="Decimal" defaultval="0" minvalue="0" maxvalue="2" cutvalue="2"/>
</outcomes>
<respcondition title="Mastery" continue="No">
<conditionvar>

<or>
<varequal respident="u17_13_doubling_time_from_graph_724062331_section_1_item_14_num_RESPONSE_1291976" case="No"><![CDATA[7]]></varequal>
<and>
<vargte respident="u17_13_doubling_time_from_graph_724062331_section_1_item_14_num_RESPONSE_1291976"><![CDATA[6.9]]></vargte>
<varlte respident="u17_13_doubling_time_from_graph_724062331_section_1_item_14_num_RESPONSE_1291976"><![CDATA[7.1]]></varlte>
</and>
</or>
</conditionvar>
<setvar varname="SCORE" action="Set">2</setvar>
<displayfeedback feedbacktype="Response" linkrefid="correct_fb"/>
</respcondition>
<respcondition continue="Yes">
<conditionvar>
<other/>
</conditionvar>
<displayfeedback feedbacktype="Response" linkrefid="general_incorrect_fb"/>
</respcondition>
</resprocessing>
<itemfeedback ident="correct_fb" view="All">
<flow_mat>
<material>
<mattext texttype="text/html"><![CDATA[
<p>The doubling time is 7 minutes.</p>
<p><img src="data/supplements14/unnamed-chunk-3-1.png" alt="plot of chunk unnamed-chunk-3" /><br />
</p>
<p>Every 7 minutes, the population doubles again.</p>
]]></mattext>
</material>
</flow_mat>
</itemfeedback>
<itemfeedback ident="general_incorrect_fb" view="All">
<flow_mat>
<material>
<mattext texttype="text/html"><![CDATA[
<p>The doubling time is 7 minutes.</p>
<p><img src="data/supplements14/unnamed-chunk-3-1.png" alt="plot of chunk unnamed-chunk-3" /><br />
</p>
<p>Every 7 minutes, the population doubles again.</p>
]]></mattext>
</material>
</flow_mat>
</itemfeedback>
</item>

<item ident="u17_13_doubling_time_from_graph_724062331_section_1_item_15_num" title="Question" maxattempts="10">
<itemcontrol feedbackswitch="No" hintswitch="No" solutionswitch="Yes"/>
<itemmetadata>
<qtimetadata>
<qtimetadatafield>
<fieldlabel>question_type</fieldlabel>
<fieldentry>numerical_question</fieldentry>
</qtimetadatafield>
</qtimetadata>
</itemmetadata>
<presentation>
<flow>
<material>
<matbreak/>
<mattext texttype="text/html" charset="utf-8"><![CDATA[
<p>The doubling time of an exponentially growing function is the amount of time it takes for the population to double.</p>
<p><img src="data/supplements15/unnamed-chunk-2-1.png" alt="plot of chunk unnamed-chunk-2" /><br />
</p>
<p>What is the doubling time (in minutes) of the exponential function graphed above? (The answer is an integer.)</p>
]]></mattext>
<matbreak/>
</material>
<response_num ident="u17_13_doubling_time_from_graph_724062331_section_1_item_15_num_RESPONSE_1128939" rcardinality="Single" numtype="Decimal">
<render_fib fibtype="Decimal" maxchars="12">
<flow_label class="Block">
<response_label ident="u17_13_doubling_time_from_graph_724062331_section_1_item_15_num_RESPONSE_1128939" rshuffle="No"/>
</flow_label>
</render_fib>
</response_num>
<material>
<matbreak/>
</material>
</flow>
</presentation>
<resprocessing>
<outcomes>
<decvar varname="SCORE" vartype="Decimal" defaultval="0" minvalue="0" maxvalue="2" cutvalue="2"/>
</outcomes>
<respcondition title="Mastery" continue="No">
<conditionvar>

<or>
<varequal respident="u17_13_doubling_time_from_graph_724062331_section_1_item_15_num_RESPONSE_1128939" case="No"><![CDATA[8]]></varequal>
<and>
<vargte respident="u17_13_doubling_time_from_graph_724062331_section_1_item_15_num_RESPONSE_1128939"><![CDATA[7.9]]></vargte>
<varlte respident="u17_13_doubling_time_from_graph_724062331_section_1_item_15_num_RESPONSE_1128939"><![CDATA[8.1]]></varlte>
</and>
</or>
</conditionvar>
<setvar varname="SCORE" action="Set">2</setvar>
<displayfeedback feedbacktype="Response" linkrefid="correct_fb"/>
</respcondition>
<respcondition continue="Yes">
<conditionvar>
<other/>
</conditionvar>
<displayfeedback feedbacktype="Response" linkrefid="general_incorrect_fb"/>
</respcondition>
</resprocessing>
<itemfeedback ident="correct_fb" view="All">
<flow_mat>
<material>
<mattext texttype="text/html"><![CDATA[
<p>The doubling time is 8 minutes.</p>
<p><img src="data/supplements15/unnamed-chunk-3-1.png" alt="plot of chunk unnamed-chunk-3" /><br />
</p>
<p>Every 8 minutes, the population doubles again.</p>
]]></mattext>
</material>
</flow_mat>
</itemfeedback>
<itemfeedback ident="general_incorrect_fb" view="All">
<flow_mat>
<material>
<mattext texttype="text/html"><![CDATA[
<p>The doubling time is 8 minutes.</p>
<p><img src="data/supplements15/unnamed-chunk-3-1.png" alt="plot of chunk unnamed-chunk-3" /><br />
</p>
<p>Every 8 minutes, the population doubles again.</p>
]]></mattext>
</material>
</flow_mat>
</itemfeedback>
</item>

<item ident="u17_13_doubling_time_from_graph_724062331_section_1_item_16_num" title="Question" maxattempts="10">
<itemcontrol feedbackswitch="No" hintswitch="No" solutionswitch="Yes"/>
<itemmetadata>
<qtimetadata>
<qtimetadatafield>
<fieldlabel>question_type</fieldlabel>
<fieldentry>numerical_question</fieldentry>
</qtimetadatafield>
</qtimetadata>
</itemmetadata>
<presentation>
<flow>
<material>
<matbreak/>
<mattext texttype="text/html" charset="utf-8"><![CDATA[
<p>The doubling time of an exponentially growing function is the amount of time it takes for the population to double.</p>
<p><img src="data/supplements16/unnamed-chunk-2-1.png" alt="plot of chunk unnamed-chunk-2" /><br />
</p>
<p>What is the doubling time (in minutes) of the exponential function graphed above? (The answer is an integer.)</p>
]]></mattext>
<matbreak/>
</material>
<response_num ident="u17_13_doubling_time_from_graph_724062331_section_1_item_16_num_RESPONSE_5614327" rcardinality="Single" numtype="Decimal">
<render_fib fibtype="Decimal" maxchars="12">
<flow_label class="Block">
<response_label ident="u17_13_doubling_time_from_graph_724062331_section_1_item_16_num_RESPONSE_5614327" rshuffle="No"/>
</flow_label>
</render_fib>
</response_num>
<material>
<matbreak/>
</material>
</flow>
</presentation>
<resprocessing>
<outcomes>
<decvar varname="SCORE" vartype="Decimal" defaultval="0" minvalue="0" maxvalue="2" cutvalue="2"/>
</outcomes>
<respcondition title="Mastery" continue="No">
<conditionvar>

<or>
<varequal respident="u17_13_doubling_time_from_graph_724062331_section_1_item_16_num_RESPONSE_5614327" case="No"><![CDATA[7]]></varequal>
<and>
<vargte respident="u17_13_doubling_time_from_graph_724062331_section_1_item_16_num_RESPONSE_5614327"><![CDATA[6.9]]></vargte>
<varlte respident="u17_13_doubling_time_from_graph_724062331_section_1_item_16_num_RESPONSE_5614327"><![CDATA[7.1]]></varlte>
</and>
</or>
</conditionvar>
<setvar varname="SCORE" action="Set">2</setvar>
<displayfeedback feedbacktype="Response" linkrefid="correct_fb"/>
</respcondition>
<respcondition continue="Yes">
<conditionvar>
<other/>
</conditionvar>
<displayfeedback feedbacktype="Response" linkrefid="general_incorrect_fb"/>
</respcondition>
</resprocessing>
<itemfeedback ident="correct_fb" view="All">
<flow_mat>
<material>
<mattext texttype="text/html"><![CDATA[
<p>The doubling time is 7 minutes.</p>
<p><img src="data/supplements16/unnamed-chunk-3-1.png" alt="plot of chunk unnamed-chunk-3" /><br />
</p>
<p>Every 7 minutes, the population doubles again.</p>
]]></mattext>
</material>
</flow_mat>
</itemfeedback>
<itemfeedback ident="general_incorrect_fb" view="All">
<flow_mat>
<material>
<mattext texttype="text/html"><![CDATA[
<p>The doubling time is 7 minutes.</p>
<p><img src="data/supplements16/unnamed-chunk-3-1.png" alt="plot of chunk unnamed-chunk-3" /><br />
</p>
<p>Every 7 minutes, the population doubles again.</p>
]]></mattext>
</material>
</flow_mat>
</itemfeedback>
</item>

<item ident="u17_13_doubling_time_from_graph_724062331_section_1_item_17_num" title="Question" maxattempts="10">
<itemcontrol feedbackswitch="No" hintswitch="No" solutionswitch="Yes"/>
<itemmetadata>
<qtimetadata>
<qtimetadatafield>
<fieldlabel>question_type</fieldlabel>
<fieldentry>numerical_question</fieldentry>
</qtimetadatafield>
</qtimetadata>
</itemmetadata>
<presentation>
<flow>
<material>
<matbreak/>
<mattext texttype="text/html" charset="utf-8"><![CDATA[
<p>The doubling time of an exponentially growing function is the amount of time it takes for the population to double.</p>
<p><img src="data/supplements17/unnamed-chunk-2-1.png" alt="plot of chunk unnamed-chunk-2" /><br />
</p>
<p>What is the doubling time (in minutes) of the exponential function graphed above? (The answer is an integer.)</p>
]]></mattext>
<matbreak/>
</material>
<response_num ident="u17_13_doubling_time_from_graph_724062331_section_1_item_17_num_RESPONSE_6485765" rcardinality="Single" numtype="Decimal">
<render_fib fibtype="Decimal" maxchars="12">
<flow_label class="Block">
<response_label ident="u17_13_doubling_time_from_graph_724062331_section_1_item_17_num_RESPONSE_6485765" rshuffle="No"/>
</flow_label>
</render_fib>
</response_num>
<material>
<matbreak/>
</material>
</flow>
</presentation>
<resprocessing>
<outcomes>
<decvar varname="SCORE" vartype="Decimal" defaultval="0" minvalue="0" maxvalue="2" cutvalue="2"/>
</outcomes>
<respcondition title="Mastery" continue="No">
<conditionvar>

<or>
<varequal respident="u17_13_doubling_time_from_graph_724062331_section_1_item_17_num_RESPONSE_6485765" case="No"><![CDATA[2]]></varequal>
<and>
<vargte respident="u17_13_doubling_time_from_graph_724062331_section_1_item_17_num_RESPONSE_6485765"><![CDATA[1.9]]></vargte>
<varlte respident="u17_13_doubling_time_from_graph_724062331_section_1_item_17_num_RESPONSE_6485765"><![CDATA[2.1]]></varlte>
</and>
</or>
</conditionvar>
<setvar varname="SCORE" action="Set">2</setvar>
<displayfeedback feedbacktype="Response" linkrefid="correct_fb"/>
</respcondition>
<respcondition continue="Yes">
<conditionvar>
<other/>
</conditionvar>
<displayfeedback feedbacktype="Response" linkrefid="general_incorrect_fb"/>
</respcondition>
</resprocessing>
<itemfeedback ident="correct_fb" view="All">
<flow_mat>
<material>
<mattext texttype="text/html"><![CDATA[
<p>The doubling time is 2 minutes.</p>
<p><img src="data/supplements17/unnamed-chunk-3-1.png" alt="plot of chunk unnamed-chunk-3" /><br />
</p>
<p>Every 2 minutes, the population doubles again.</p>
]]></mattext>
</material>
</flow_mat>
</itemfeedback>
<itemfeedback ident="general_incorrect_fb" view="All">
<flow_mat>
<material>
<mattext texttype="text/html"><![CDATA[
<p>The doubling time is 2 minutes.</p>
<p><img src="data/supplements17/unnamed-chunk-3-1.png" alt="plot of chunk unnamed-chunk-3" /><br />
</p>
<p>Every 2 minutes, the population doubles again.</p>
]]></mattext>
</material>
</flow_mat>
</itemfeedback>
</item>

<item ident="u17_13_doubling_time_from_graph_724062331_section_1_item_18_num" title="Question" maxattempts="10">
<itemcontrol feedbackswitch="No" hintswitch="No" solutionswitch="Yes"/>
<itemmetadata>
<qtimetadata>
<qtimetadatafield>
<fieldlabel>question_type</fieldlabel>
<fieldentry>numerical_question</fieldentry>
</qtimetadatafield>
</qtimetadata>
</itemmetadata>
<presentation>
<flow>
<material>
<matbreak/>
<mattext texttype="text/html" charset="utf-8"><![CDATA[
<p>The doubling time of an exponentially growing function is the amount of time it takes for the population to double.</p>
<p><img src="data/supplements18/unnamed-chunk-2-1.png" alt="plot of chunk unnamed-chunk-2" /><br />
</p>
<p>What is the doubling time (in minutes) of the exponential function graphed above? (The answer is an integer.)</p>
]]></mattext>
<matbreak/>
</material>
<response_num ident="u17_13_doubling_time_from_graph_724062331_section_1_item_18_num_RESPONSE_6784865" rcardinality="Single" numtype="Decimal">
<render_fib fibtype="Decimal" maxchars="12">
<flow_label class="Block">
<response_label ident="u17_13_doubling_time_from_graph_724062331_section_1_item_18_num_RESPONSE_6784865" rshuffle="No"/>
</flow_label>
</render_fib>
</response_num>
<material>
<matbreak/>
</material>
</flow>
</presentation>
<resprocessing>
<outcomes>
<decvar varname="SCORE" vartype="Decimal" defaultval="0" minvalue="0" maxvalue="2" cutvalue="2"/>
</outcomes>
<respcondition title="Mastery" continue="No">
<conditionvar>

<or>
<varequal respident="u17_13_doubling_time_from_graph_724062331_section_1_item_18_num_RESPONSE_6784865" case="No"><![CDATA[3]]></varequal>
<and>
<vargte respident="u17_13_doubling_time_from_graph_724062331_section_1_item_18_num_RESPONSE_6784865"><![CDATA[2.9]]></vargte>
<varlte respident="u17_13_doubling_time_from_graph_724062331_section_1_item_18_num_RESPONSE_6784865"><![CDATA[3.1]]></varlte>
</and>
</or>
</conditionvar>
<setvar varname="SCORE" action="Set">2</setvar>
<displayfeedback feedbacktype="Response" linkrefid="correct_fb"/>
</respcondition>
<respcondition continue="Yes">
<conditionvar>
<other/>
</conditionvar>
<displayfeedback feedbacktype="Response" linkrefid="general_incorrect_fb"/>
</respcondition>
</resprocessing>
<itemfeedback ident="correct_fb" view="All">
<flow_mat>
<material>
<mattext texttype="text/html"><![CDATA[
<p>The doubling time is 3 minutes.</p>
<p><img src="data/supplements18/unnamed-chunk-3-1.png" alt="plot of chunk unnamed-chunk-3" /><br />
</p>
<p>Every 3 minutes, the population doubles again.</p>
]]></mattext>
</material>
</flow_mat>
</itemfeedback>
<itemfeedback ident="general_incorrect_fb" view="All">
<flow_mat>
<material>
<mattext texttype="text/html"><![CDATA[
<p>The doubling time is 3 minutes.</p>
<p><img src="data/supplements18/unnamed-chunk-3-1.png" alt="plot of chunk unnamed-chunk-3" /><br />
</p>
<p>Every 3 minutes, the population doubles again.</p>
]]></mattext>
</material>
</flow_mat>
</itemfeedback>
</item>

<item ident="u17_13_doubling_time_from_graph_724062331_section_1_item_19_num" title="Question" maxattempts="10">
<itemcontrol feedbackswitch="No" hintswitch="No" solutionswitch="Yes"/>
<itemmetadata>
<qtimetadata>
<qtimetadatafield>
<fieldlabel>question_type</fieldlabel>
<fieldentry>numerical_question</fieldentry>
</qtimetadatafield>
</qtimetadata>
</itemmetadata>
<presentation>
<flow>
<material>
<matbreak/>
<mattext texttype="text/html" charset="utf-8"><![CDATA[
<p>The doubling time of an exponentially growing function is the amount of time it takes for the population to double.</p>
<p><img src="data/supplements19/unnamed-chunk-2-1.png" alt="plot of chunk unnamed-chunk-2" /><br />
</p>
<p>What is the doubling time (in minutes) of the exponential function graphed above? (The answer is an integer.)</p>
]]></mattext>
<matbreak/>
</material>
<response_num ident="u17_13_doubling_time_from_graph_724062331_section_1_item_19_num_RESPONSE_1338643" rcardinality="Single" numtype="Decimal">
<render_fib fibtype="Decimal" maxchars="12">
<flow_label class="Block">
<response_label ident="u17_13_doubling_time_from_graph_724062331_section_1_item_19_num_RESPONSE_1338643" rshuffle="No"/>
</flow_label>
</render_fib>
</response_num>
<material>
<matbreak/>
</material>
</flow>
</presentation>
<resprocessing>
<outcomes>
<decvar varname="SCORE" vartype="Decimal" defaultval="0" minvalue="0" maxvalue="2" cutvalue="2"/>
</outcomes>
<respcondition title="Mastery" continue="No">
<conditionvar>

<or>
<varequal respident="u17_13_doubling_time_from_graph_724062331_section_1_item_19_num_RESPONSE_1338643" case="No"><![CDATA[7]]></varequal>
<and>
<vargte respident="u17_13_doubling_time_from_graph_724062331_section_1_item_19_num_RESPONSE_1338643"><![CDATA[6.9]]></vargte>
<varlte respident="u17_13_doubling_time_from_graph_724062331_section_1_item_19_num_RESPONSE_1338643"><![CDATA[7.1]]></varlte>
</and>
</or>
</conditionvar>
<setvar varname="SCORE" action="Set">2</setvar>
<displayfeedback feedbacktype="Response" linkrefid="correct_fb"/>
</respcondition>
<respcondition continue="Yes">
<conditionvar>
<other/>
</conditionvar>
<displayfeedback feedbacktype="Response" linkrefid="general_incorrect_fb"/>
</respcondition>
</resprocessing>
<itemfeedback ident="correct_fb" view="All">
<flow_mat>
<material>
<mattext texttype="text/html"><![CDATA[
<p>The doubling time is 7 minutes.</p>
<p><img src="data/supplements19/unnamed-chunk-3-1.png" alt="plot of chunk unnamed-chunk-3" /><br />
</p>
<p>Every 7 minutes, the population doubles again.</p>
]]></mattext>
</material>
</flow_mat>
</itemfeedback>
<itemfeedback ident="general_incorrect_fb" view="All">
<flow_mat>
<material>
<mattext texttype="text/html"><![CDATA[
<p>The doubling time is 7 minutes.</p>
<p><img src="data/supplements19/unnamed-chunk-3-1.png" alt="plot of chunk unnamed-chunk-3" /><br />
</p>
<p>Every 7 minutes, the population doubles again.</p>
]]></mattext>
</material>
</flow_mat>
</itemfeedback>
</item>

<item ident="u17_13_doubling_time_from_graph_724062331_section_1_item_20_num" title="Question" maxattempts="10">
<itemcontrol feedbackswitch="No" hintswitch="No" solutionswitch="Yes"/>
<itemmetadata>
<qtimetadata>
<qtimetadatafield>
<fieldlabel>question_type</fieldlabel>
<fieldentry>numerical_question</fieldentry>
</qtimetadatafield>
</qtimetadata>
</itemmetadata>
<presentation>
<flow>
<material>
<matbreak/>
<mattext texttype="text/html" charset="utf-8"><![CDATA[
<p>The doubling time of an exponentially growing function is the amount of time it takes for the population to double.</p>
<p><img src="data/supplements20/unnamed-chunk-2-1.png" alt="plot of chunk unnamed-chunk-2" /><br />
</p>
<p>What is the doubling time (in minutes) of the exponential function graphed above? (The answer is an integer.)</p>
]]></mattext>
<matbreak/>
</material>
<response_num ident="u17_13_doubling_time_from_graph_724062331_section_1_item_20_num_RESPONSE_1291532" rcardinality="Single" numtype="Decimal">
<render_fib fibtype="Decimal" maxchars="12">
<flow_label class="Block">
<response_label ident="u17_13_doubling_time_from_graph_724062331_section_1_item_20_num_RESPONSE_1291532" rshuffle="No"/>
</flow_label>
</render_fib>
</response_num>
<material>
<matbreak/>
</material>
</flow>
</presentation>
<resprocessing>
<outcomes>
<decvar varname="SCORE" vartype="Decimal" defaultval="0" minvalue="0" maxvalue="2" cutvalue="2"/>
</outcomes>
<respcondition title="Mastery" continue="No">
<conditionvar>

<or>
<varequal respident="u17_13_doubling_time_from_graph_724062331_section_1_item_20_num_RESPONSE_1291532" case="No"><![CDATA[6]]></varequal>
<and>
<vargte respident="u17_13_doubling_time_from_graph_724062331_section_1_item_20_num_RESPONSE_1291532"><![CDATA[5.9]]></vargte>
<varlte respident="u17_13_doubling_time_from_graph_724062331_section_1_item_20_num_RESPONSE_1291532"><![CDATA[6.1]]></varlte>
</and>
</or>
</conditionvar>
<setvar varname="SCORE" action="Set">2</setvar>
<displayfeedback feedbacktype="Response" linkrefid="correct_fb"/>
</respcondition>
<respcondition continue="Yes">
<conditionvar>
<other/>
</conditionvar>
<displayfeedback feedbacktype="Response" linkrefid="general_incorrect_fb"/>
</respcondition>
</resprocessing>
<itemfeedback ident="correct_fb" view="All">
<flow_mat>
<material>
<mattext texttype="text/html"><![CDATA[
<p>The doubling time is 6 minutes.</p>
<p><img src="data/supplements20/unnamed-chunk-3-1.png" alt="plot of chunk unnamed-chunk-3" /><br />
</p>
<p>Every 6 minutes, the population doubles again.</p>
]]></mattext>
</material>
</flow_mat>
</itemfeedback>
<itemfeedback ident="general_incorrect_fb" view="All">
<flow_mat>
<material>
<mattext texttype="text/html"><![CDATA[
<p>The doubling time is 6 minutes.</p>
<p><img src="data/supplements20/unnamed-chunk-3-1.png" alt="plot of chunk unnamed-chunk-3" /><br />
</p>
<p>Every 6 minutes, the population doubles again.</p>
]]></mattext>
</material>
</flow_mat>
</itemfeedback>
</item>

<item ident="u17_13_doubling_time_from_graph_724062331_section_1_item_21_num" title="Question" maxattempts="10">
<itemcontrol feedbackswitch="No" hintswitch="No" solutionswitch="Yes"/>
<itemmetadata>
<qtimetadata>
<qtimetadatafield>
<fieldlabel>question_type</fieldlabel>
<fieldentry>numerical_question</fieldentry>
</qtimetadatafield>
</qtimetadata>
</itemmetadata>
<presentation>
<flow>
<material>
<matbreak/>
<mattext texttype="text/html" charset="utf-8"><![CDATA[
<p>The doubling time of an exponentially growing function is the amount of time it takes for the population to double.</p>
<p><img src="data/supplements21/unnamed-chunk-2-1.png" alt="plot of chunk unnamed-chunk-2" /><br />
</p>
<p>What is the doubling time (in minutes) of the exponential function graphed above? (The answer is an integer.)</p>
]]></mattext>
<matbreak/>
</material>
<response_num ident="u17_13_doubling_time_from_graph_724062331_section_1_item_21_num_RESPONSE_5404873" rcardinality="Single" numtype="Decimal">
<render_fib fibtype="Decimal" maxchars="12">
<flow_label class="Block">
<response_label ident="u17_13_doubling_time_from_graph_724062331_section_1_item_21_num_RESPONSE_5404873" rshuffle="No"/>
</flow_label>
</render_fib>
</response_num>
<material>
<matbreak/>
</material>
</flow>
</presentation>
<resprocessing>
<outcomes>
<decvar varname="SCORE" vartype="Decimal" defaultval="0" minvalue="0" maxvalue="2" cutvalue="2"/>
</outcomes>
<respcondition title="Mastery" continue="No">
<conditionvar>

<or>
<varequal respident="u17_13_doubling_time_from_graph_724062331_section_1_item_21_num_RESPONSE_5404873" case="No"><![CDATA[2]]></varequal>
<and>
<vargte respident="u17_13_doubling_time_from_graph_724062331_section_1_item_21_num_RESPONSE_5404873"><![CDATA[1.9]]></vargte>
<varlte respident="u17_13_doubling_time_from_graph_724062331_section_1_item_21_num_RESPONSE_5404873"><![CDATA[2.1]]></varlte>
</and>
</or>
</conditionvar>
<setvar varname="SCORE" action="Set">2</setvar>
<displayfeedback feedbacktype="Response" linkrefid="correct_fb"/>
</respcondition>
<respcondition continue="Yes">
<conditionvar>
<other/>
</conditionvar>
<displayfeedback feedbacktype="Response" linkrefid="general_incorrect_fb"/>
</respcondition>
</resprocessing>
<itemfeedback ident="correct_fb" view="All">
<flow_mat>
<material>
<mattext texttype="text/html"><![CDATA[
<p>The doubling time is 2 minutes.</p>
<p><img src="data/supplements21/unnamed-chunk-3-1.png" alt="plot of chunk unnamed-chunk-3" /><br />
</p>
<p>Every 2 minutes, the population doubles again.</p>
]]></mattext>
</material>
</flow_mat>
</itemfeedback>
<itemfeedback ident="general_incorrect_fb" view="All">
<flow_mat>
<material>
<mattext texttype="text/html"><![CDATA[
<p>The doubling time is 2 minutes.</p>
<p><img src="data/supplements21/unnamed-chunk-3-1.png" alt="plot of chunk unnamed-chunk-3" /><br />
</p>
<p>Every 2 minutes, the population doubles again.</p>
]]></mattext>
</material>
</flow_mat>
</itemfeedback>
</item>

<item ident="u17_13_doubling_time_from_graph_724062331_section_1_item_22_num" title="Question" maxattempts="10">
<itemcontrol feedbackswitch="No" hintswitch="No" solutionswitch="Yes"/>
<itemmetadata>
<qtimetadata>
<qtimetadatafield>
<fieldlabel>question_type</fieldlabel>
<fieldentry>numerical_question</fieldentry>
</qtimetadatafield>
</qtimetadata>
</itemmetadata>
<presentation>
<flow>
<material>
<matbreak/>
<mattext texttype="text/html" charset="utf-8"><![CDATA[
<p>The doubling time of an exponentially growing function is the amount of time it takes for the population to double.</p>
<p><img src="data/supplements22/unnamed-chunk-2-1.png" alt="plot of chunk unnamed-chunk-2" /><br />
</p>
<p>What is the doubling time (in minutes) of the exponential function graphed above? (The answer is an integer.)</p>
]]></mattext>
<matbreak/>
</material>
<response_num ident="u17_13_doubling_time_from_graph_724062331_section_1_item_22_num_RESPONSE_2779983" rcardinality="Single" numtype="Decimal">
<render_fib fibtype="Decimal" maxchars="12">
<flow_label class="Block">
<response_label ident="u17_13_doubling_time_from_graph_724062331_section_1_item_22_num_RESPONSE_2779983" rshuffle="No"/>
</flow_label>
</render_fib>
</response_num>
<material>
<matbreak/>
</material>
</flow>
</presentation>
<resprocessing>
<outcomes>
<decvar varname="SCORE" vartype="Decimal" defaultval="0" minvalue="0" maxvalue="2" cutvalue="2"/>
</outcomes>
<respcondition title="Mastery" continue="No">
<conditionvar>

<or>
<varequal respident="u17_13_doubling_time_from_graph_724062331_section_1_item_22_num_RESPONSE_2779983" case="No"><![CDATA[7]]></varequal>
<and>
<vargte respident="u17_13_doubling_time_from_graph_724062331_section_1_item_22_num_RESPONSE_2779983"><![CDATA[6.9]]></vargte>
<varlte respident="u17_13_doubling_time_from_graph_724062331_section_1_item_22_num_RESPONSE_2779983"><![CDATA[7.1]]></varlte>
</and>
</or>
</conditionvar>
<setvar varname="SCORE" action="Set">2</setvar>
<displayfeedback feedbacktype="Response" linkrefid="correct_fb"/>
</respcondition>
<respcondition continue="Yes">
<conditionvar>
<other/>
</conditionvar>
<displayfeedback feedbacktype="Response" linkrefid="general_incorrect_fb"/>
</respcondition>
</resprocessing>
<itemfeedback ident="correct_fb" view="All">
<flow_mat>
<material>
<mattext texttype="text/html"><![CDATA[
<p>The doubling time is 7 minutes.</p>
<p><img src="data/supplements22/unnamed-chunk-3-1.png" alt="plot of chunk unnamed-chunk-3" /><br />
</p>
<p>Every 7 minutes, the population doubles again.</p>
]]></mattext>
</material>
</flow_mat>
</itemfeedback>
<itemfeedback ident="general_incorrect_fb" view="All">
<flow_mat>
<material>
<mattext texttype="text/html"><![CDATA[
<p>The doubling time is 7 minutes.</p>
<p><img src="data/supplements22/unnamed-chunk-3-1.png" alt="plot of chunk unnamed-chunk-3" /><br />
</p>
<p>Every 7 minutes, the population doubles again.</p>
]]></mattext>
</material>
</flow_mat>
</itemfeedback>
</item>

<item ident="u17_13_doubling_time_from_graph_724062331_section_1_item_23_num" title="Question" maxattempts="10">
<itemcontrol feedbackswitch="No" hintswitch="No" solutionswitch="Yes"/>
<itemmetadata>
<qtimetadata>
<qtimetadatafield>
<fieldlabel>question_type</fieldlabel>
<fieldentry>numerical_question</fieldentry>
</qtimetadatafield>
</qtimetadata>
</itemmetadata>
<presentation>
<flow>
<material>
<matbreak/>
<mattext texttype="text/html" charset="utf-8"><![CDATA[
<p>The doubling time of an exponentially growing function is the amount of time it takes for the population to double.</p>
<p><img src="data/supplements23/unnamed-chunk-2-1.png" alt="plot of chunk unnamed-chunk-2" /><br />
</p>
<p>What is the doubling time (in minutes) of the exponential function graphed above? (The answer is an integer.)</p>
]]></mattext>
<matbreak/>
</material>
<response_num ident="u17_13_doubling_time_from_graph_724062331_section_1_item_23_num_RESPONSE_7282297" rcardinality="Single" numtype="Decimal">
<render_fib fibtype="Decimal" maxchars="12">
<flow_label class="Block">
<response_label ident="u17_13_doubling_time_from_graph_724062331_section_1_item_23_num_RESPONSE_7282297" rshuffle="No"/>
</flow_label>
</render_fib>
</response_num>
<material>
<matbreak/>
</material>
</flow>
</presentation>
<resprocessing>
<outcomes>
<decvar varname="SCORE" vartype="Decimal" defaultval="0" minvalue="0" maxvalue="2" cutvalue="2"/>
</outcomes>
<respcondition title="Mastery" continue="No">
<conditionvar>

<or>
<varequal respident="u17_13_doubling_time_from_graph_724062331_section_1_item_23_num_RESPONSE_7282297" case="No"><![CDATA[3]]></varequal>
<and>
<vargte respident="u17_13_doubling_time_from_graph_724062331_section_1_item_23_num_RESPONSE_7282297"><![CDATA[2.9]]></vargte>
<varlte respident="u17_13_doubling_time_from_graph_724062331_section_1_item_23_num_RESPONSE_7282297"><![CDATA[3.1]]></varlte>
</and>
</or>
</conditionvar>
<setvar varname="SCORE" action="Set">2</setvar>
<displayfeedback feedbacktype="Response" linkrefid="correct_fb"/>
</respcondition>
<respcondition continue="Yes">
<conditionvar>
<other/>
</conditionvar>
<displayfeedback feedbacktype="Response" linkrefid="general_incorrect_fb"/>
</respcondition>
</resprocessing>
<itemfeedback ident="correct_fb" view="All">
<flow_mat>
<material>
<mattext texttype="text/html"><![CDATA[
<p>The doubling time is 3 minutes.</p>
<p><img src="data/supplements23/unnamed-chunk-3-1.png" alt="plot of chunk unnamed-chunk-3" /><br />
</p>
<p>Every 3 minutes, the population doubles again.</p>
]]></mattext>
</material>
</flow_mat>
</itemfeedback>
<itemfeedback ident="general_incorrect_fb" view="All">
<flow_mat>
<material>
<mattext texttype="text/html"><![CDATA[
<p>The doubling time is 3 minutes.</p>
<p><img src="data/supplements23/unnamed-chunk-3-1.png" alt="plot of chunk unnamed-chunk-3" /><br />
</p>
<p>Every 3 minutes, the population doubles again.</p>
]]></mattext>
</material>
</flow_mat>
</itemfeedback>
</item>

<item ident="u17_13_doubling_time_from_graph_724062331_section_1_item_24_num" title="Question" maxattempts="10">
<itemcontrol feedbackswitch="No" hintswitch="No" solutionswitch="Yes"/>
<itemmetadata>
<qtimetadata>
<qtimetadatafield>
<fieldlabel>question_type</fieldlabel>
<fieldentry>numerical_question</fieldentry>
</qtimetadatafield>
</qtimetadata>
</itemmetadata>
<presentation>
<flow>
<material>
<matbreak/>
<mattext texttype="text/html" charset="utf-8"><![CDATA[
<p>The doubling time of an exponentially growing function is the amount of time it takes for the population to double.</p>
<p><img src="data/supplements24/unnamed-chunk-2-1.png" alt="plot of chunk unnamed-chunk-2" /><br />
</p>
<p>What is the doubling time (in minutes) of the exponential function graphed above? (The answer is an integer.)</p>
]]></mattext>
<matbreak/>
</material>
<response_num ident="u17_13_doubling_time_from_graph_724062331_section_1_item_24_num_RESPONSE_6802214" rcardinality="Single" numtype="Decimal">
<render_fib fibtype="Decimal" maxchars="12">
<flow_label class="Block">
<response_label ident="u17_13_doubling_time_from_graph_724062331_section_1_item_24_num_RESPONSE_6802214" rshuffle="No"/>
</flow_label>
</render_fib>
</response_num>
<material>
<matbreak/>
</material>
</flow>
</presentation>
<resprocessing>
<outcomes>
<decvar varname="SCORE" vartype="Decimal" defaultval="0" minvalue="0" maxvalue="2" cutvalue="2"/>
</outcomes>
<respcondition title="Mastery" continue="No">
<conditionvar>

<or>
<varequal respident="u17_13_doubling_time_from_graph_724062331_section_1_item_24_num_RESPONSE_6802214" case="No"><![CDATA[7]]></varequal>
<and>
<vargte respident="u17_13_doubling_time_from_graph_724062331_section_1_item_24_num_RESPONSE_6802214"><![CDATA[6.9]]></vargte>
<varlte respident="u17_13_doubling_time_from_graph_724062331_section_1_item_24_num_RESPONSE_6802214"><![CDATA[7.1]]></varlte>
</and>
</or>
</conditionvar>
<setvar varname="SCORE" action="Set">2</setvar>
<displayfeedback feedbacktype="Response" linkrefid="correct_fb"/>
</respcondition>
<respcondition continue="Yes">
<conditionvar>
<other/>
</conditionvar>
<displayfeedback feedbacktype="Response" linkrefid="general_incorrect_fb"/>
</respcondition>
</resprocessing>
<itemfeedback ident="correct_fb" view="All">
<flow_mat>
<material>
<mattext texttype="text/html"><![CDATA[
<p>The doubling time is 7 minutes.</p>
<p><img src="data/supplements24/unnamed-chunk-3-1.png" alt="plot of chunk unnamed-chunk-3" /><br />
</p>
<p>Every 7 minutes, the population doubles again.</p>
]]></mattext>
</material>
</flow_mat>
</itemfeedback>
<itemfeedback ident="general_incorrect_fb" view="All">
<flow_mat>
<material>
<mattext texttype="text/html"><![CDATA[
<p>The doubling time is 7 minutes.</p>
<p><img src="data/supplements24/unnamed-chunk-3-1.png" alt="plot of chunk unnamed-chunk-3" /><br />
</p>
<p>Every 7 minutes, the population doubles again.</p>
]]></mattext>
</material>
</flow_mat>
</itemfeedback>
</item>

<item ident="u17_13_doubling_time_from_graph_724062331_section_1_item_25_num" title="Question" maxattempts="10">
<itemcontrol feedbackswitch="No" hintswitch="No" solutionswitch="Yes"/>
<itemmetadata>
<qtimetadata>
<qtimetadatafield>
<fieldlabel>question_type</fieldlabel>
<fieldentry>numerical_question</fieldentry>
</qtimetadatafield>
</qtimetadata>
</itemmetadata>
<presentation>
<flow>
<material>
<matbreak/>
<mattext texttype="text/html" charset="utf-8"><![CDATA[
<p>The doubling time of an exponentially growing function is the amount of time it takes for the population to double.</p>
<p><img src="data/supplements25/unnamed-chunk-2-1.png" alt="plot of chunk unnamed-chunk-2" /><br />
</p>
<p>What is the doubling time (in minutes) of the exponential function graphed above? (The answer is an integer.)</p>
]]></mattext>
<matbreak/>
</material>
<response_num ident="u17_13_doubling_time_from_graph_724062331_section_1_item_25_num_RESPONSE_5949849" rcardinality="Single" numtype="Decimal">
<render_fib fibtype="Decimal" maxchars="12">
<flow_label class="Block">
<response_label ident="u17_13_doubling_time_from_graph_724062331_section_1_item_25_num_RESPONSE_5949849" rshuffle="No"/>
</flow_label>
</render_fib>
</response_num>
<material>
<matbreak/>
</material>
</flow>
</presentation>
<resprocessing>
<outcomes>
<decvar varname="SCORE" vartype="Decimal" defaultval="0" minvalue="0" maxvalue="2" cutvalue="2"/>
</outcomes>
<respcondition title="Mastery" continue="No">
<conditionvar>

<or>
<varequal respident="u17_13_doubling_time_from_graph_724062331_section_1_item_25_num_RESPONSE_5949849" case="No"><![CDATA[4]]></varequal>
<and>
<vargte respident="u17_13_doubling_time_from_graph_724062331_section_1_item_25_num_RESPONSE_5949849"><![CDATA[3.9]]></vargte>
<varlte respident="u17_13_doubling_time_from_graph_724062331_section_1_item_25_num_RESPONSE_5949849"><![CDATA[4.1]]></varlte>
</and>
</or>
</conditionvar>
<setvar varname="SCORE" action="Set">2</setvar>
<displayfeedback feedbacktype="Response" linkrefid="correct_fb"/>
</respcondition>
<respcondition continue="Yes">
<conditionvar>
<other/>
</conditionvar>
<displayfeedback feedbacktype="Response" linkrefid="general_incorrect_fb"/>
</respcondition>
</resprocessing>
<itemfeedback ident="correct_fb" view="All">
<flow_mat>
<material>
<mattext texttype="text/html"><![CDATA[
<p>The doubling time is 4 minutes.</p>
<p><img src="data/supplements25/unnamed-chunk-3-1.png" alt="plot of chunk unnamed-chunk-3" /><br />
</p>
<p>Every 4 minutes, the population doubles again.</p>
]]></mattext>
</material>
</flow_mat>
</itemfeedback>
<itemfeedback ident="general_incorrect_fb" view="All">
<flow_mat>
<material>
<mattext texttype="text/html"><![CDATA[
<p>The doubling time is 4 minutes.</p>
<p><img src="data/supplements25/unnamed-chunk-3-1.png" alt="plot of chunk unnamed-chunk-3" /><br />
</p>
<p>Every 4 minutes, the population doubles again.</p>
]]></mattext>
</material>
</flow_mat>
</itemfeedback>
</item>

<item ident="u17_13_doubling_time_from_graph_724062331_section_1_item_26_num" title="Question" maxattempts="10">
<itemcontrol feedbackswitch="No" hintswitch="No" solutionswitch="Yes"/>
<itemmetadata>
<qtimetadata>
<qtimetadatafield>
<fieldlabel>question_type</fieldlabel>
<fieldentry>numerical_question</fieldentry>
</qtimetadatafield>
</qtimetadata>
</itemmetadata>
<presentation>
<flow>
<material>
<matbreak/>
<mattext texttype="text/html" charset="utf-8"><![CDATA[
<p>The doubling time of an exponentially growing function is the amount of time it takes for the population to double.</p>
<p><img src="data/supplements26/unnamed-chunk-2-1.png" alt="plot of chunk unnamed-chunk-2" /><br />
</p>
<p>What is the doubling time (in minutes) of the exponential function graphed above? (The answer is an integer.)</p>
]]></mattext>
<matbreak/>
</material>
<response_num ident="u17_13_doubling_time_from_graph_724062331_section_1_item_26_num_RESPONSE_3369965" rcardinality="Single" numtype="Decimal">
<render_fib fibtype="Decimal" maxchars="12">
<flow_label class="Block">
<response_label ident="u17_13_doubling_time_from_graph_724062331_section_1_item_26_num_RESPONSE_3369965" rshuffle="No"/>
</flow_label>
</render_fib>
</response_num>
<material>
<matbreak/>
</material>
</flow>
</presentation>
<resprocessing>
<outcomes>
<decvar varname="SCORE" vartype="Decimal" defaultval="0" minvalue="0" maxvalue="2" cutvalue="2"/>
</outcomes>
<respcondition title="Mastery" continue="No">
<conditionvar>

<or>
<varequal respident="u17_13_doubling_time_from_graph_724062331_section_1_item_26_num_RESPONSE_3369965" case="No"><![CDATA[6]]></varequal>
<and>
<vargte respident="u17_13_doubling_time_from_graph_724062331_section_1_item_26_num_RESPONSE_3369965"><![CDATA[5.9]]></vargte>
<varlte respident="u17_13_doubling_time_from_graph_724062331_section_1_item_26_num_RESPONSE_3369965"><![CDATA[6.1]]></varlte>
</and>
</or>
</conditionvar>
<setvar varname="SCORE" action="Set">2</setvar>
<displayfeedback feedbacktype="Response" linkrefid="correct_fb"/>
</respcondition>
<respcondition continue="Yes">
<conditionvar>
<other/>
</conditionvar>
<displayfeedback feedbacktype="Response" linkrefid="general_incorrect_fb"/>
</respcondition>
</resprocessing>
<itemfeedback ident="correct_fb" view="All">
<flow_mat>
<material>
<mattext texttype="text/html"><![CDATA[
<p>The doubling time is 6 minutes.</p>
<p><img src="data/supplements26/unnamed-chunk-3-1.png" alt="plot of chunk unnamed-chunk-3" /><br />
</p>
<p>Every 6 minutes, the population doubles again.</p>
]]></mattext>
</material>
</flow_mat>
</itemfeedback>
<itemfeedback ident="general_incorrect_fb" view="All">
<flow_mat>
<material>
<mattext texttype="text/html"><![CDATA[
<p>The doubling time is 6 minutes.</p>
<p><img src="data/supplements26/unnamed-chunk-3-1.png" alt="plot of chunk unnamed-chunk-3" /><br />
</p>
<p>Every 6 minutes, the population doubles again.</p>
]]></mattext>
</material>
</flow_mat>
</itemfeedback>
</item>

<item ident="u17_13_doubling_time_from_graph_724062331_section_1_item_27_num" title="Question" maxattempts="10">
<itemcontrol feedbackswitch="No" hintswitch="No" solutionswitch="Yes"/>
<itemmetadata>
<qtimetadata>
<qtimetadatafield>
<fieldlabel>question_type</fieldlabel>
<fieldentry>numerical_question</fieldentry>
</qtimetadatafield>
</qtimetadata>
</itemmetadata>
<presentation>
<flow>
<material>
<matbreak/>
<mattext texttype="text/html" charset="utf-8"><![CDATA[
<p>The doubling time of an exponentially growing function is the amount of time it takes for the population to double.</p>
<p><img src="data/supplements27/unnamed-chunk-2-1.png" alt="plot of chunk unnamed-chunk-2" /><br />
</p>
<p>What is the doubling time (in minutes) of the exponential function graphed above? (The answer is an integer.)</p>
]]></mattext>
<matbreak/>
</material>
<response_num ident="u17_13_doubling_time_from_graph_724062331_section_1_item_27_num_RESPONSE_7512680" rcardinality="Single" numtype="Decimal">
<render_fib fibtype="Decimal" maxchars="12">
<flow_label class="Block">
<response_label ident="u17_13_doubling_time_from_graph_724062331_section_1_item_27_num_RESPONSE_7512680" rshuffle="No"/>
</flow_label>
</render_fib>
</response_num>
<material>
<matbreak/>
</material>
</flow>
</presentation>
<resprocessing>
<outcomes>
<decvar varname="SCORE" vartype="Decimal" defaultval="0" minvalue="0" maxvalue="2" cutvalue="2"/>
</outcomes>
<respcondition title="Mastery" continue="No">
<conditionvar>

<or>
<varequal respident="u17_13_doubling_time_from_graph_724062331_section_1_item_27_num_RESPONSE_7512680" case="No"><![CDATA[3]]></varequal>
<and>
<vargte respident="u17_13_doubling_time_from_graph_724062331_section_1_item_27_num_RESPONSE_7512680"><![CDATA[2.9]]></vargte>
<varlte respident="u17_13_doubling_time_from_graph_724062331_section_1_item_27_num_RESPONSE_7512680"><![CDATA[3.1]]></varlte>
</and>
</or>
</conditionvar>
<setvar varname="SCORE" action="Set">2</setvar>
<displayfeedback feedbacktype="Response" linkrefid="correct_fb"/>
</respcondition>
<respcondition continue="Yes">
<conditionvar>
<other/>
</conditionvar>
<displayfeedback feedbacktype="Response" linkrefid="general_incorrect_fb"/>
</respcondition>
</resprocessing>
<itemfeedback ident="correct_fb" view="All">
<flow_mat>
<material>
<mattext texttype="text/html"><![CDATA[
<p>The doubling time is 3 minutes.</p>
<p><img src="data/supplements27/unnamed-chunk-3-1.png" alt="plot of chunk unnamed-chunk-3" /><br />
</p>
<p>Every 3 minutes, the population doubles again.</p>
]]></mattext>
</material>
</flow_mat>
</itemfeedback>
<itemfeedback ident="general_incorrect_fb" view="All">
<flow_mat>
<material>
<mattext texttype="text/html"><![CDATA[
<p>The doubling time is 3 minutes.</p>
<p><img src="data/supplements27/unnamed-chunk-3-1.png" alt="plot of chunk unnamed-chunk-3" /><br />
</p>
<p>Every 3 minutes, the population doubles again.</p>
]]></mattext>
</material>
</flow_mat>
</itemfeedback>
</item>

<item ident="u17_13_doubling_time_from_graph_724062331_section_1_item_28_num" title="Question" maxattempts="10">
<itemcontrol feedbackswitch="No" hintswitch="No" solutionswitch="Yes"/>
<itemmetadata>
<qtimetadata>
<qtimetadatafield>
<fieldlabel>question_type</fieldlabel>
<fieldentry>numerical_question</fieldentry>
</qtimetadatafield>
</qtimetadata>
</itemmetadata>
<presentation>
<flow>
<material>
<matbreak/>
<mattext texttype="text/html" charset="utf-8"><![CDATA[
<p>The doubling time of an exponentially growing function is the amount of time it takes for the population to double.</p>
<p><img src="data/supplements28/unnamed-chunk-2-1.png" alt="plot of chunk unnamed-chunk-2" /><br />
</p>
<p>What is the doubling time (in minutes) of the exponential function graphed above? (The answer is an integer.)</p>
]]></mattext>
<matbreak/>
</material>
<response_num ident="u17_13_doubling_time_from_graph_724062331_section_1_item_28_num_RESPONSE_6121292" rcardinality="Single" numtype="Decimal">
<render_fib fibtype="Decimal" maxchars="12">
<flow_label class="Block">
<response_label ident="u17_13_doubling_time_from_graph_724062331_section_1_item_28_num_RESPONSE_6121292" rshuffle="No"/>
</flow_label>
</render_fib>
</response_num>
<material>
<matbreak/>
</material>
</flow>
</presentation>
<resprocessing>
<outcomes>
<decvar varname="SCORE" vartype="Decimal" defaultval="0" minvalue="0" maxvalue="2" cutvalue="2"/>
</outcomes>
<respcondition title="Mastery" continue="No">
<conditionvar>

<or>
<varequal respident="u17_13_doubling_time_from_graph_724062331_section_1_item_28_num_RESPONSE_6121292" case="No"><![CDATA[5]]></varequal>
<and>
<vargte respident="u17_13_doubling_time_from_graph_724062331_section_1_item_28_num_RESPONSE_6121292"><![CDATA[4.9]]></vargte>
<varlte respident="u17_13_doubling_time_from_graph_724062331_section_1_item_28_num_RESPONSE_6121292"><![CDATA[5.1]]></varlte>
</and>
</or>
</conditionvar>
<setvar varname="SCORE" action="Set">2</setvar>
<displayfeedback feedbacktype="Response" linkrefid="correct_fb"/>
</respcondition>
<respcondition continue="Yes">
<conditionvar>
<other/>
</conditionvar>
<displayfeedback feedbacktype="Response" linkrefid="general_incorrect_fb"/>
</respcondition>
</resprocessing>
<itemfeedback ident="correct_fb" view="All">
<flow_mat>
<material>
<mattext texttype="text/html"><![CDATA[
<p>The doubling time is 5 minutes.</p>
<p><img src="data/supplements28/unnamed-chunk-3-1.png" alt="plot of chunk unnamed-chunk-3" /><br />
</p>
<p>Every 5 minutes, the population doubles again.</p>
]]></mattext>
</material>
</flow_mat>
</itemfeedback>
<itemfeedback ident="general_incorrect_fb" view="All">
<flow_mat>
<material>
<mattext texttype="text/html"><![CDATA[
<p>The doubling time is 5 minutes.</p>
<p><img src="data/supplements28/unnamed-chunk-3-1.png" alt="plot of chunk unnamed-chunk-3" /><br />
</p>
<p>Every 5 minutes, the population doubles again.</p>
]]></mattext>
</material>
</flow_mat>
</itemfeedback>
</item>

<item ident="u17_13_doubling_time_from_graph_724062331_section_1_item_29_num" title="Question" maxattempts="10">
<itemcontrol feedbackswitch="No" hintswitch="No" solutionswitch="Yes"/>
<itemmetadata>
<qtimetadata>
<qtimetadatafield>
<fieldlabel>question_type</fieldlabel>
<fieldentry>numerical_question</fieldentry>
</qtimetadatafield>
</qtimetadata>
</itemmetadata>
<presentation>
<flow>
<material>
<matbreak/>
<mattext texttype="text/html" charset="utf-8"><![CDATA[
<p>The doubling time of an exponentially growing function is the amount of time it takes for the population to double.</p>
<p><img src="data/supplements29/unnamed-chunk-2-1.png" alt="plot of chunk unnamed-chunk-2" /><br />
</p>
<p>What is the doubling time (in minutes) of the exponential function graphed above? (The answer is an integer.)</p>
]]></mattext>
<matbreak/>
</material>
<response_num ident="u17_13_doubling_time_from_graph_724062331_section_1_item_29_num_RESPONSE_4099998" rcardinality="Single" numtype="Decimal">
<render_fib fibtype="Decimal" maxchars="12">
<flow_label class="Block">
<response_label ident="u17_13_doubling_time_from_graph_724062331_section_1_item_29_num_RESPONSE_4099998" rshuffle="No"/>
</flow_label>
</render_fib>
</response_num>
<material>
<matbreak/>
</material>
</flow>
</presentation>
<resprocessing>
<outcomes>
<decvar varname="SCORE" vartype="Decimal" defaultval="0" minvalue="0" maxvalue="2" cutvalue="2"/>
</outcomes>
<respcondition title="Mastery" continue="No">
<conditionvar>

<or>
<varequal respident="u17_13_doubling_time_from_graph_724062331_section_1_item_29_num_RESPONSE_4099998" case="No"><![CDATA[7]]></varequal>
<and>
<vargte respident="u17_13_doubling_time_from_graph_724062331_section_1_item_29_num_RESPONSE_4099998"><![CDATA[6.9]]></vargte>
<varlte respident="u17_13_doubling_time_from_graph_724062331_section_1_item_29_num_RESPONSE_4099998"><![CDATA[7.1]]></varlte>
</and>
</or>
</conditionvar>
<setvar varname="SCORE" action="Set">2</setvar>
<displayfeedback feedbacktype="Response" linkrefid="correct_fb"/>
</respcondition>
<respcondition continue="Yes">
<conditionvar>
<other/>
</conditionvar>
<displayfeedback feedbacktype="Response" linkrefid="general_incorrect_fb"/>
</respcondition>
</resprocessing>
<itemfeedback ident="correct_fb" view="All">
<flow_mat>
<material>
<mattext texttype="text/html"><![CDATA[
<p>The doubling time is 7 minutes.</p>
<p><img src="data/supplements29/unnamed-chunk-3-1.png" alt="plot of chunk unnamed-chunk-3" /><br />
</p>
<p>Every 7 minutes, the population doubles again.</p>
]]></mattext>
</material>
</flow_mat>
</itemfeedback>
<itemfeedback ident="general_incorrect_fb" view="All">
<flow_mat>
<material>
<mattext texttype="text/html"><![CDATA[
<p>The doubling time is 7 minutes.</p>
<p><img src="data/supplements29/unnamed-chunk-3-1.png" alt="plot of chunk unnamed-chunk-3" /><br />
</p>
<p>Every 7 minutes, the population doubles again.</p>
]]></mattext>
</material>
</flow_mat>
</itemfeedback>
</item>

<item ident="u17_13_doubling_time_from_graph_724062331_section_1_item_30_num" title="Question" maxattempts="10">
<itemcontrol feedbackswitch="No" hintswitch="No" solutionswitch="Yes"/>
<itemmetadata>
<qtimetadata>
<qtimetadatafield>
<fieldlabel>question_type</fieldlabel>
<fieldentry>numerical_question</fieldentry>
</qtimetadatafield>
</qtimetadata>
</itemmetadata>
<presentation>
<flow>
<material>
<matbreak/>
<mattext texttype="text/html" charset="utf-8"><![CDATA[
<p>The doubling time of an exponentially growing function is the amount of time it takes for the population to double.</p>
<p><img src="data/supplements30/unnamed-chunk-2-1.png" alt="plot of chunk unnamed-chunk-2" /><br />
</p>
<p>What is the doubling time (in minutes) of the exponential function graphed above? (The answer is an integer.)</p>
]]></mattext>
<matbreak/>
</material>
<response_num ident="u17_13_doubling_time_from_graph_724062331_section_1_item_30_num_RESPONSE_1256018" rcardinality="Single" numtype="Decimal">
<render_fib fibtype="Decimal" maxchars="12">
<flow_label class="Block">
<response_label ident="u17_13_doubling_time_from_graph_724062331_section_1_item_30_num_RESPONSE_1256018" rshuffle="No"/>
</flow_label>
</render_fib>
</response_num>
<material>
<matbreak/>
</material>
</flow>
</presentation>
<resprocessing>
<outcomes>
<decvar varname="SCORE" vartype="Decimal" defaultval="0" minvalue="0" maxvalue="2" cutvalue="2"/>
</outcomes>
<respcondition title="Mastery" continue="No">
<conditionvar>

<or>
<varequal respident="u17_13_doubling_time_from_graph_724062331_section_1_item_30_num_RESPONSE_1256018" case="No"><![CDATA[3]]></varequal>
<and>
<vargte respident="u17_13_doubling_time_from_graph_724062331_section_1_item_30_num_RESPONSE_1256018"><![CDATA[2.9]]></vargte>
<varlte respident="u17_13_doubling_time_from_graph_724062331_section_1_item_30_num_RESPONSE_1256018"><![CDATA[3.1]]></varlte>
</and>
</or>
</conditionvar>
<setvar varname="SCORE" action="Set">2</setvar>
<displayfeedback feedbacktype="Response" linkrefid="correct_fb"/>
</respcondition>
<respcondition continue="Yes">
<conditionvar>
<other/>
</conditionvar>
<displayfeedback feedbacktype="Response" linkrefid="general_incorrect_fb"/>
</respcondition>
</resprocessing>
<itemfeedback ident="correct_fb" view="All">
<flow_mat>
<material>
<mattext texttype="text/html"><![CDATA[
<p>The doubling time is 3 minutes.</p>
<p><img src="data/supplements30/unnamed-chunk-3-1.png" alt="plot of chunk unnamed-chunk-3" /><br />
</p>
<p>Every 3 minutes, the population doubles again.</p>
]]></mattext>
</material>
</flow_mat>
</itemfeedback>
<itemfeedback ident="general_incorrect_fb" view="All">
<flow_mat>
<material>
<mattext texttype="text/html"><![CDATA[
<p>The doubling time is 3 minutes.</p>
<p><img src="data/supplements30/unnamed-chunk-3-1.png" alt="plot of chunk unnamed-chunk-3" /><br />
</p>
<p>Every 3 minutes, the population doubles again.</p>
]]></mattext>
</material>
</flow_mat>
</itemfeedback>
</item>


</section>

</assessment>
</questestinterop>
