<?xml version="1.0" encoding="UTF-8"?>
<manifest identifier="MID_scattered_practice_149386877" xmlns="http://www.imsglobal.org/xsd/imsccv1p1/imscp_v1p1" xmlns:lom="http://ltsc.ieee.org/xsd/imsccv1p1/LOM/resource" xmlns:imsmd="http://www.imsglobal.org/xsd/imsmd_v1p2" xmlns:xsi="http://www.w3.org/2001/XMLSchema-instance" xsi:schemaLocation="http://www.imsglobal.org/xsd/imsccv1p1/imscp_v1p1 http://www.imsglobal.org/xsd/imscp_v1p1.xsd http://ltsc.ieee.org/xsd/imsccv1p1/LOM/resource http://www.imsglobal.org/profile/cc/ccv1p1/LOM/ccv1p1_lomresource_v1p0.xsd http://www.imsglobal.org/xsd/imsmd_v1p2 http://www.imsglobal.org/xsd/imsmd_v1p2p2.xsd">
  <metadata>
    <schema>IMS Content</schema>
    <schemaversion>1.1.3</schemaversion>
    <imsmd:lom>
      <imsmd:general>
        <imsmd:title>
          <imsmd:string>scattered_practice</imsmd:string>
        </imsmd:title>
      </imsmd:general>
      <imsmd:lifeCycle>
        <imsmd:contribute>
          <imsmd:date>
            <imsmd:dateTime>2024-02-15</imsmd:dateTime>
          </imsmd:date>
        </imsmd:contribute>
      </imsmd:lifeCycle>
      <imsmd:rights>
        <imsmd:copyrightAndOtherRestrictions>
          <imsmd:value>yes</imsmd:value>
        </imsmd:copyrightAndOtherRestrictions>
        <imsmd:description>
          <imsmd:string>Private (Copyrighted) - http://en.wikipedia.org/wiki/Copyright</imsmd:string>
        </imsmd:description>
      </imsmd:rights>
    </imsmd:lom>
  </metadata>
  <organizations/>
  <resources>
    <resource identifier="scattered_practice_810617845" type="imsqti_xmlv1p2">
      <file href="scattered_practice_810617845/scattered_practice_810617845.xml"/>
      <dependency identifierref="MID_REF_scattered_practice_149386877"/>
    </resource>
    <resource identifier="MID_REF_scattered_practice_149386877" type="associatedcontent/imscc_xmlv1p1/learning-application-resource" href="scattered_practice_810617845/assessment_meta.xml">
      <file href="scattered_practice_810617845/assessment_meta.xml"/>
    </resource>
    <resource href="data/supplements1/012_a.png" identifier="1234" type="webcontent">
      <file href="data/supplements1/012_a.png"/>
    </resource>
    <resource href="data/supplements10/042_a.png" identifier="1235" type="webcontent">
      <file href="data/supplements10/042_a.png"/>
    </resource>
    <resource href="data/supplements11/001_a.png" identifier="1236" type="webcontent">
      <file href="data/supplements11/001_a.png"/>
    </resource>
    <resource href="data/supplements12/010_a.png" identifier="1237" type="webcontent">
      <file href="data/supplements12/010_a.png"/>
    </resource>
    <resource href="data/supplements13/023_c.png" identifier="1238" type="webcontent">
      <file href="data/supplements13/023_c.png"/>
    </resource>
    <resource href="data/supplements14/026_d.png" identifier="1239" type="webcontent">
      <file href="data/supplements14/026_d.png"/>
    </resource>
    <resource href="data/supplements15/032_a.png" identifier="1240" type="webcontent">
      <file href="data/supplements15/032_a.png"/>
    </resource>
    <resource href="data/supplements16/004_b.png" identifier="1241" type="webcontent">
      <file href="data/supplements16/004_b.png"/>
    </resource>
    <resource href="data/supplements17/032_a.png" identifier="1242" type="webcontent">
      <file href="data/supplements17/032_a.png"/>
    </resource>
    <resource href="data/supplements18/035_d.png" identifier="1243" type="webcontent">
      <file href="data/supplements18/035_d.png"/>
    </resource>
    <resource href="data/supplements19/038_d.png" identifier="1244" type="webcontent">
      <file href="data/supplements19/038_d.png"/>
    </resource>
    <resource href="data/supplements2/035_d.png" identifier="1245" type="webcontent">
      <file href="data/supplements2/035_d.png"/>
    </resource>
    <resource href="data/supplements20/038_d.png" identifier="1246" type="webcontent">
      <file href="data/supplements20/038_d.png"/>
    </resource>
    <resource href="data/supplements21/014_c.png" identifier="1247" type="webcontent">
      <file href="data/supplements21/014_c.png"/>
    </resource>
    <resource href="data/supplements22/014_c.png" identifier="1248" type="webcontent">
      <file href="data/supplements22/014_c.png"/>
    </resource>
    <resource href="data/supplements23/002_b.png" identifier="1249" type="webcontent">
      <file href="data/supplements23/002_b.png"/>
    </resource>
    <resource href="data/supplements24/038_d.png" identifier="1250" type="webcontent">
      <file href="data/supplements24/038_d.png"/>
    </resource>
    <resource href="data/supplements25/026_d.png" identifier="1251" type="webcontent">
      <file href="data/supplements25/026_d.png"/>
    </resource>
    <resource href="data/supplements26/012_a.png" identifier="1252" type="webcontent">
      <file href="data/supplements26/012_a.png"/>
    </resource>
    <resource href="data/supplements27/019_d.png" identifier="1253" type="webcontent">
      <file href="data/supplements27/019_d.png"/>
    </resource>
    <resource href="data/supplements28/004_b.png" identifier="1254" type="webcontent">
      <file href="data/supplements28/004_b.png"/>
    </resource>
    <resource href="data/supplements29/007_b.png" identifier="1255" type="webcontent">
      <file href="data/supplements29/007_b.png"/>
    </resource>
    <resource href="data/supplements3/019_d.png" identifier="1256" type="webcontent">
      <file href="data/supplements3/019_d.png"/>
    </resource>
    <resource href="data/supplements30/042_a.png" identifier="1257" type="webcontent">
      <file href="data/supplements30/042_a.png"/>
    </resource>
    <resource href="data/supplements31/036_d.png" identifier="1258" type="webcontent">
      <file href="data/supplements31/036_d.png"/>
    </resource>
    <resource href="data/supplements32/023_c.png" identifier="1259" type="webcontent">
      <file href="data/supplements32/023_c.png"/>
    </resource>
    <resource href="data/supplements33/024_b.png" identifier="1260" type="webcontent">
      <file href="data/supplements33/024_b.png"/>
    </resource>
    <resource href="data/supplements34/026_d.png" identifier="1261" type="webcontent">
      <file href="data/supplements34/026_d.png"/>
    </resource>
    <resource href="data/supplements35/010_a.png" identifier="1262" type="webcontent">
      <file href="data/supplements35/010_a.png"/>
    </resource>
    <resource href="data/supplements36/021_c.png" identifier="1263" type="webcontent">
      <file href="data/supplements36/021_c.png"/>
    </resource>
    <resource href="data/supplements37/010_a.png" identifier="1264" type="webcontent">
      <file href="data/supplements37/010_a.png"/>
    </resource>
    <resource href="data/supplements38/023_c.png" identifier="1265" type="webcontent">
      <file href="data/supplements38/023_c.png"/>
    </resource>
    <resource href="data/supplements39/026_d.png" identifier="1266" type="webcontent">
      <file href="data/supplements39/026_d.png"/>
    </resource>
    <resource href="data/supplements4/036_d.png" identifier="1267" type="webcontent">
      <file href="data/supplements4/036_d.png"/>
    </resource>
    <resource href="data/supplements40/002_b.png" identifier="1268" type="webcontent">
      <file href="data/supplements40/002_b.png"/>
    </resource>
    <resource href="data/supplements41/035_d.png" identifier="1269" type="webcontent">
      <file href="data/supplements41/035_d.png"/>
    </resource>
    <resource href="data/supplements42/014_c.png" identifier="1270" type="webcontent">
      <file href="data/supplements42/014_c.png"/>
    </resource>
    <resource href="data/supplements43/042_a.png" identifier="1271" type="webcontent">
      <file href="data/supplements43/042_a.png"/>
    </resource>
    <resource href="data/supplements44/040_c.png" identifier="1272" type="webcontent">
      <file href="data/supplements44/040_c.png"/>
    </resource>
    <resource href="data/supplements45/001_a.png" identifier="1273" type="webcontent">
      <file href="data/supplements45/001_a.png"/>
    </resource>
    <resource href="data/supplements46/024_b.png" identifier="1274" type="webcontent">
      <file href="data/supplements46/024_b.png"/>
    </resource>
    <resource href="data/supplements47/042_a.png" identifier="1275" type="webcontent">
      <file href="data/supplements47/042_a.png"/>
    </resource>
    <resource href="data/supplements48/022_b.png" identifier="1276" type="webcontent">
      <file href="data/supplements48/022_b.png"/>
    </resource>
    <resource href="data/supplements49/007_b.png" identifier="1277" type="webcontent">
      <file href="data/supplements49/007_b.png"/>
    </resource>
    <resource href="data/supplements5/014_c.png" identifier="1278" type="webcontent">
      <file href="data/supplements5/014_c.png"/>
    </resource>
    <resource href="data/supplements50/019_d.png" identifier="1279" type="webcontent">
      <file href="data/supplements50/019_d.png"/>
    </resource>
    <resource href="data/supplements51/005_d.png" identifier="1280" type="webcontent">
      <file href="data/supplements51/005_d.png"/>
    </resource>
    <resource href="data/supplements52/004_b.png" identifier="1281" type="webcontent">
      <file href="data/supplements52/004_b.png"/>
    </resource>
    <resource href="data/supplements53/035_d.png" identifier="1282" type="webcontent">
      <file href="data/supplements53/035_d.png"/>
    </resource>
    <resource href="data/supplements54/024_b.png" identifier="1283" type="webcontent">
      <file href="data/supplements54/024_b.png"/>
    </resource>
    <resource href="data/supplements55/032_a.png" identifier="1284" type="webcontent">
      <file href="data/supplements55/032_a.png"/>
    </resource>
    <resource href="data/supplements56/015_d.png" identifier="1285" type="webcontent">
      <file href="data/supplements56/015_d.png"/>
    </resource>
    <resource href="data/supplements57/021_c.png" identifier="1286" type="webcontent">
      <file href="data/supplements57/021_c.png"/>
    </resource>
    <resource href="data/supplements58/023_c.png" identifier="1287" type="webcontent">
      <file href="data/supplements58/023_c.png"/>
    </resource>
    <resource href="data/supplements59/040_c.png" identifier="1288" type="webcontent">
      <file href="data/supplements59/040_c.png"/>
    </resource>
    <resource href="data/supplements6/012_a.png" identifier="1289" type="webcontent">
      <file href="data/supplements6/012_a.png"/>
    </resource>
    <resource href="data/supplements60/036_d.png" identifier="1290" type="webcontent">
      <file href="data/supplements60/036_d.png"/>
    </resource>
    <resource href="data/supplements7/035_d.png" identifier="1291" type="webcontent">
      <file href="data/supplements7/035_d.png"/>
    </resource>
    <resource href="data/supplements8/026_d.png" identifier="1292" type="webcontent">
      <file href="data/supplements8/026_d.png"/>
    </resource>
    <resource href="data/supplements9/001_a.png" identifier="1293" type="webcontent">
      <file href="data/supplements9/001_a.png"/>
    </resource>
  </resources>
</manifest>
