<?xml version="1.0" encoding="UTF-8"?>
<manifest identifier="MID_ET_073_871793500" xmlns="http://www.imsglobal.org/xsd/imsccv1p1/imscp_v1p1" xmlns:lom="http://ltsc.ieee.org/xsd/imsccv1p1/LOM/resource" xmlns:imsmd="http://www.imsglobal.org/xsd/imsmd_v1p2" xmlns:xsi="http://www.w3.org/2001/XMLSchema-instance" xsi:schemaLocation="http://www.imsglobal.org/xsd/imsccv1p1/imscp_v1p1 http://www.imsglobal.org/xsd/imscp_v1p1.xsd http://ltsc.ieee.org/xsd/imsccv1p1/LOM/resource http://www.imsglobal.org/profile/cc/ccv1p1/LOM/ccv1p1_lomresource_v1p0.xsd http://www.imsglobal.org/xsd/imsmd_v1p2 http://www.imsglobal.org/xsd/imsmd_v1p2p2.xsd">
  <metadata>
    <schema>IMS Content</schema>
    <schemaversion>1.1.3</schemaversion>
    <imsmd:lom>
      <imsmd:general>
        <imsmd:title>
          <imsmd:string>ET_073</imsmd:string>
        </imsmd:title>
      </imsmd:general>
      <imsmd:lifeCycle>
        <imsmd:contribute>
          <imsmd:date>
            <imsmd:dateTime>2025-08-17</imsmd:dateTime>
          </imsmd:date>
        </imsmd:contribute>
      </imsmd:lifeCycle>
      <imsmd:rights>
        <imsmd:copyrightAndOtherRestrictions>
          <imsmd:value>yes</imsmd:value>
        </imsmd:copyrightAndOtherRestrictions>
        <imsmd:description>
          <imsmd:string>Private (Copyrighted) - http://en.wikipedia.org/wiki/Copyright</imsmd:string>
        </imsmd:description>
      </imsmd:rights>
    </imsmd:lom>
  </metadata>
  <organizations/>
  <resources>
    <resource identifier="ET_073_692068550" type="imsqti_xmlv1p2">
      <file href="ET_073_692068550/ET_073_692068550.xml"/>
      <dependency identifierref="MID_REF_ET_073_871793500"/>
    </resource>
    <resource identifier="MID_REF_ET_073_871793500" type="associatedcontent/imscc_xmlv1p1/learning-application-resource" href="ET_073_692068550/assessment_meta.xml">
      <file href="ET_073_692068550/assessment_meta.xml"/>
    </resource>
    <resource href="data/supplements1/xx.png" identifier="1234" type="webcontent">
      <file href="data/supplements1/xx.png"/>
    </resource>
    <resource href="data/supplements10/xx.png" identifier="1235" type="webcontent">
      <file href="data/supplements10/xx.png"/>
    </resource>
    <resource href="data/supplements11/xx.png" identifier="1236" type="webcontent">
      <file href="data/supplements11/xx.png"/>
    </resource>
    <resource href="data/supplements12/xx.png" identifier="1237" type="webcontent">
      <file href="data/supplements12/xx.png"/>
    </resource>
    <resource href="data/supplements13/xx.png" identifier="1238" type="webcontent">
      <file href="data/supplements13/xx.png"/>
    </resource>
    <resource href="data/supplements14/xx.png" identifier="1239" type="webcontent">
      <file href="data/supplements14/xx.png"/>
    </resource>
    <resource href="data/supplements15/xx.png" identifier="1240" type="webcontent">
      <file href="data/supplements15/xx.png"/>
    </resource>
    <resource href="data/supplements16/xx.png" identifier="1241" type="webcontent">
      <file href="data/supplements16/xx.png"/>
    </resource>
    <resource href="data/supplements17/xx.png" identifier="1242" type="webcontent">
      <file href="data/supplements17/xx.png"/>
    </resource>
    <resource href="data/supplements18/xx.png" identifier="1243" type="webcontent">
      <file href="data/supplements18/xx.png"/>
    </resource>
    <resource href="data/supplements19/xx.png" identifier="1244" type="webcontent">
      <file href="data/supplements19/xx.png"/>
    </resource>
    <resource href="data/supplements2/xx.png" identifier="1245" type="webcontent">
      <file href="data/supplements2/xx.png"/>
    </resource>
    <resource href="data/supplements20/xx.png" identifier="1246" type="webcontent">
      <file href="data/supplements20/xx.png"/>
    </resource>
    <resource href="data/supplements21/xx.png" identifier="1247" type="webcontent">
      <file href="data/supplements21/xx.png"/>
    </resource>
    <resource href="data/supplements22/xx.png" identifier="1248" type="webcontent">
      <file href="data/supplements22/xx.png"/>
    </resource>
    <resource href="data/supplements23/xx.png" identifier="1249" type="webcontent">
      <file href="data/supplements23/xx.png"/>
    </resource>
    <resource href="data/supplements24/xx.png" identifier="1250" type="webcontent">
      <file href="data/supplements24/xx.png"/>
    </resource>
    <resource href="data/supplements25/xx.png" identifier="1251" type="webcontent">
      <file href="data/supplements25/xx.png"/>
    </resource>
    <resource href="data/supplements26/xx.png" identifier="1252" type="webcontent">
      <file href="data/supplements26/xx.png"/>
    </resource>
    <resource href="data/supplements27/xx.png" identifier="1253" type="webcontent">
      <file href="data/supplements27/xx.png"/>
    </resource>
    <resource href="data/supplements28/xx.png" identifier="1254" type="webcontent">
      <file href="data/supplements28/xx.png"/>
    </resource>
    <resource href="data/supplements29/xx.png" identifier="1255" type="webcontent">
      <file href="data/supplements29/xx.png"/>
    </resource>
    <resource href="data/supplements3/xx.png" identifier="1256" type="webcontent">
      <file href="data/supplements3/xx.png"/>
    </resource>
    <resource href="data/supplements30/xx.png" identifier="1257" type="webcontent">
      <file href="data/supplements30/xx.png"/>
    </resource>
    <resource href="data/supplements4/xx.png" identifier="1258" type="webcontent">
      <file href="data/supplements4/xx.png"/>
    </resource>
    <resource href="data/supplements5/xx.png" identifier="1259" type="webcontent">
      <file href="data/supplements5/xx.png"/>
    </resource>
    <resource href="data/supplements6/xx.png" identifier="1260" type="webcontent">
      <file href="data/supplements6/xx.png"/>
    </resource>
    <resource href="data/supplements7/xx.png" identifier="1261" type="webcontent">
      <file href="data/supplements7/xx.png"/>
    </resource>
    <resource href="data/supplements8/xx.png" identifier="1262" type="webcontent">
      <file href="data/supplements8/xx.png"/>
    </resource>
    <resource href="data/supplements9/xx.png" identifier="1263" type="webcontent">
      <file href="data/supplements9/xx.png"/>
    </resource>
  </resources>
</manifest>
