<?xml version="1.0" encoding="UTF-8"?>
<!DOCTYPE questestinterop SYSTEM "ims_qtiasiv1p2p1.dtd">

<questestinterop>
<assessment ident="Apr07_01_percent_of_137156945" title="Apr07_01_percent_of">

<qtimetadata>
<qtimetadatafield>
<fieldlabel>cc_maxattempts</fieldlabel>
<fieldentry>10</fieldentry>
</qtimetadatafield>
<qtimetadatafield>
<fieldlabel>qmd_assessmenttype</fieldlabel>
<fieldentry>Assessment</fieldentry>
</qtimetadatafield>
</qtimetadata>
<objectives>
<material>
<mattext><![CDATA[Please solve the following exercises.]]></mattext>
</material>
</objectives>
<assessmentcontrol feedbackswitch="No" hintswitch="No" solutionswitch="Yes"/>
<outcomes_processing scoremodel="SumOfScores">
<outcomes>
<decvar varname="SCORE" vartype="Decimal" cutvalue="0"/>
</outcomes>
</outcomes_processing>
<assessfeedback title="AssessmentFeedback" ident="AssessmentFeedback">
<flow_mat>
<material>
<mattext>##AssessmentFeedback##</mattext>
</material>
</flow_mat>
</assessfeedback>

<section ident="Apr07_01_percent_of_137156945_section_1" title="Exercise">

<objectives>
<material>
<mattext><![CDATA[Please answer the following question.]]></mattext>
</material>
</objectives>
<selection_ordering>
<selection>
<selection_number>1</selection_number>
<selection_extension>
<points_per_item>2</points_per_item>
</selection_extension>
</selection>
<order order_type="Random"/>
</selection_ordering>

<item ident="Apr07_01_percent_of_137156945_section_1_item_01_num" title="Question" maxattempts="10">
<itemcontrol feedbackswitch="No" hintswitch="No" solutionswitch="Yes"/>
<itemmetadata>
<qtimetadata>
<qtimetadatafield>
<fieldlabel>question_type</fieldlabel>
<fieldentry>numerical_question</fieldentry>
</qtimetadatafield>
</qtimetadata>
</itemmetadata>
<presentation>
<flow>
<material>
<matbreak/>
<mattext texttype="text/html" charset="utf-8"><![CDATA[
<p>What is 642% of 12.9?</p>
]]></mattext>
<matbreak/>
</material>
<response_num ident="Apr07_01_percent_of_137156945_section_1_item_01_num_RESPONSE_1371425" rcardinality="Single" numtype="Decimal">
<render_fib fibtype="Decimal" maxchars="12">
<flow_label class="Block">
<response_label ident="Apr07_01_percent_of_137156945_section_1_item_01_num_RESPONSE_1371425" rshuffle="No"/>
</flow_label>
</render_fib>
</response_num>
<material>
<matbreak/>
</material>
</flow>
</presentation>
<resprocessing>
<outcomes>
<decvar varname="SCORE" vartype="Decimal" defaultval="0" minvalue="0" maxvalue="2" cutvalue="2"/>
</outcomes>
<respcondition title="Mastery" continue="No">
<conditionvar>

<or>
<varequal respident="Apr07_01_percent_of_137156945_section_1_item_01_num_RESPONSE_1371425" case="No"><![CDATA[82.818]]></varequal>
<and>
<vargte respident="Apr07_01_percent_of_137156945_section_1_item_01_num_RESPONSE_1371425"><![CDATA[82.718]]></vargte>
<varlte respident="Apr07_01_percent_of_137156945_section_1_item_01_num_RESPONSE_1371425"><![CDATA[82.918]]></varlte>
</and>
</or>
</conditionvar>
<setvar varname="SCORE" action="Set">2</setvar>
<displayfeedback feedbacktype="Response" linkrefid="correct_fb"/>
</respcondition>
<respcondition continue="Yes">
<conditionvar>
<other/>
</conditionvar>
<displayfeedback feedbacktype="Response" linkrefid="general_incorrect_fb"/>
</respcondition>
</resprocessing>
<itemfeedback ident="correct_fb" view="All">
<flow_mat>
<material>
<mattext texttype="text/html"><![CDATA[
<p>For a “percent of” question, the scale factor is simply the given percentage number divided by 100.</p>
<p>Determine that the scale factor equals 6.42 and multiply it by the given value.</p>
<p><math display="block" xmlns="http://www.w3.org/1998/Math/MathML"><semantics><mrow><mn>6.42</mn><mo>⋅</mo><mn>12.9</mn><mspace width="0.222em"></mspace><mo>=</mo><mspace width="0.222em"></mspace><mn>82.818</mn></mrow><annotation encoding="application/x-tex">6.42\cdot 12.9 ~=~ 82.818</annotation></semantics></math></p>
]]></mattext>
</material>
</flow_mat>
</itemfeedback>
<itemfeedback ident="general_incorrect_fb" view="All">
<flow_mat>
<material>
<mattext texttype="text/html"><![CDATA[
<p>For a “percent of” question, the scale factor is simply the given percentage number divided by 100.</p>
<p>Determine that the scale factor equals 6.42 and multiply it by the given value.</p>
<p><math display="block" xmlns="http://www.w3.org/1998/Math/MathML"><semantics><mrow><mn>6.42</mn><mo>⋅</mo><mn>12.9</mn><mspace width="0.222em"></mspace><mo>=</mo><mspace width="0.222em"></mspace><mn>82.818</mn></mrow><annotation encoding="application/x-tex">6.42\cdot 12.9 ~=~ 82.818</annotation></semantics></math></p>
]]></mattext>
</material>
</flow_mat>
</itemfeedback>
</item>

<item ident="Apr07_01_percent_of_137156945_section_1_item_02_num" title="Question" maxattempts="10">
<itemcontrol feedbackswitch="No" hintswitch="No" solutionswitch="Yes"/>
<itemmetadata>
<qtimetadata>
<qtimetadatafield>
<fieldlabel>question_type</fieldlabel>
<fieldentry>numerical_question</fieldentry>
</qtimetadatafield>
</qtimetadata>
</itemmetadata>
<presentation>
<flow>
<material>
<matbreak/>
<mattext texttype="text/html" charset="utf-8"><![CDATA[
<p>What is 471% of 6.22?</p>
]]></mattext>
<matbreak/>
</material>
<response_num ident="Apr07_01_percent_of_137156945_section_1_item_02_num_RESPONSE_9163307" rcardinality="Single" numtype="Decimal">
<render_fib fibtype="Decimal" maxchars="12">
<flow_label class="Block">
<response_label ident="Apr07_01_percent_of_137156945_section_1_item_02_num_RESPONSE_9163307" rshuffle="No"/>
</flow_label>
</render_fib>
</response_num>
<material>
<matbreak/>
</material>
</flow>
</presentation>
<resprocessing>
<outcomes>
<decvar varname="SCORE" vartype="Decimal" defaultval="0" minvalue="0" maxvalue="2" cutvalue="2"/>
</outcomes>
<respcondition title="Mastery" continue="No">
<conditionvar>

<or>
<varequal respident="Apr07_01_percent_of_137156945_section_1_item_02_num_RESPONSE_9163307" case="No"><![CDATA[29.2962]]></varequal>
<and>
<vargte respident="Apr07_01_percent_of_137156945_section_1_item_02_num_RESPONSE_9163307"><![CDATA[29.1962]]></vargte>
<varlte respident="Apr07_01_percent_of_137156945_section_1_item_02_num_RESPONSE_9163307"><![CDATA[29.3962]]></varlte>
</and>
</or>
</conditionvar>
<setvar varname="SCORE" action="Set">2</setvar>
<displayfeedback feedbacktype="Response" linkrefid="correct_fb"/>
</respcondition>
<respcondition continue="Yes">
<conditionvar>
<other/>
</conditionvar>
<displayfeedback feedbacktype="Response" linkrefid="general_incorrect_fb"/>
</respcondition>
</resprocessing>
<itemfeedback ident="correct_fb" view="All">
<flow_mat>
<material>
<mattext texttype="text/html"><![CDATA[
<p>For a “percent of” question, the scale factor is simply the given percentage number divided by 100.</p>
<p>Determine that the scale factor equals 4.71 and multiply it by the given value.</p>
<p><math display="block" xmlns="http://www.w3.org/1998/Math/MathML"><semantics><mrow><mn>4.71</mn><mo>⋅</mo><mn>6.22</mn><mspace width="0.222em"></mspace><mo>=</mo><mspace width="0.222em"></mspace><mn>29.2962</mn></mrow><annotation encoding="application/x-tex">4.71\cdot 6.22 ~=~ 29.2962</annotation></semantics></math></p>
]]></mattext>
</material>
</flow_mat>
</itemfeedback>
<itemfeedback ident="general_incorrect_fb" view="All">
<flow_mat>
<material>
<mattext texttype="text/html"><![CDATA[
<p>For a “percent of” question, the scale factor is simply the given percentage number divided by 100.</p>
<p>Determine that the scale factor equals 4.71 and multiply it by the given value.</p>
<p><math display="block" xmlns="http://www.w3.org/1998/Math/MathML"><semantics><mrow><mn>4.71</mn><mo>⋅</mo><mn>6.22</mn><mspace width="0.222em"></mspace><mo>=</mo><mspace width="0.222em"></mspace><mn>29.2962</mn></mrow><annotation encoding="application/x-tex">4.71\cdot 6.22 ~=~ 29.2962</annotation></semantics></math></p>
]]></mattext>
</material>
</flow_mat>
</itemfeedback>
</item>

<item ident="Apr07_01_percent_of_137156945_section_1_item_03_num" title="Question" maxattempts="10">
<itemcontrol feedbackswitch="No" hintswitch="No" solutionswitch="Yes"/>
<itemmetadata>
<qtimetadata>
<qtimetadatafield>
<fieldlabel>question_type</fieldlabel>
<fieldentry>numerical_question</fieldentry>
</qtimetadatafield>
</qtimetadata>
</itemmetadata>
<presentation>
<flow>
<material>
<matbreak/>
<mattext texttype="text/html" charset="utf-8"><![CDATA[
<p>What is 0.158% of 659?</p>
]]></mattext>
<matbreak/>
</material>
<response_num ident="Apr07_01_percent_of_137156945_section_1_item_03_num_RESPONSE_2144861" rcardinality="Single" numtype="Decimal">
<render_fib fibtype="Decimal" maxchars="12">
<flow_label class="Block">
<response_label ident="Apr07_01_percent_of_137156945_section_1_item_03_num_RESPONSE_2144861" rshuffle="No"/>
</flow_label>
</render_fib>
</response_num>
<material>
<matbreak/>
</material>
</flow>
</presentation>
<resprocessing>
<outcomes>
<decvar varname="SCORE" vartype="Decimal" defaultval="0" minvalue="0" maxvalue="2" cutvalue="2"/>
</outcomes>
<respcondition title="Mastery" continue="No">
<conditionvar>

<or>
<varequal respident="Apr07_01_percent_of_137156945_section_1_item_03_num_RESPONSE_2144861" case="No"><![CDATA[1.04122]]></varequal>
<and>
<vargte respident="Apr07_01_percent_of_137156945_section_1_item_03_num_RESPONSE_2144861"><![CDATA[1.03122]]></vargte>
<varlte respident="Apr07_01_percent_of_137156945_section_1_item_03_num_RESPONSE_2144861"><![CDATA[1.05122]]></varlte>
</and>
</or>
</conditionvar>
<setvar varname="SCORE" action="Set">2</setvar>
<displayfeedback feedbacktype="Response" linkrefid="correct_fb"/>
</respcondition>
<respcondition continue="Yes">
<conditionvar>
<other/>
</conditionvar>
<displayfeedback feedbacktype="Response" linkrefid="general_incorrect_fb"/>
</respcondition>
</resprocessing>
<itemfeedback ident="correct_fb" view="All">
<flow_mat>
<material>
<mattext texttype="text/html"><![CDATA[
<p>For a “percent of” question, the scale factor is simply the given percentage number divided by 100.</p>
<p>Determine that the scale factor equals 0.00158 and multiply it by the given value.</p>
<p><math display="block" xmlns="http://www.w3.org/1998/Math/MathML"><semantics><mrow><mn>0.00158</mn><mo>⋅</mo><mn>659</mn><mspace width="0.222em"></mspace><mo>=</mo><mspace width="0.222em"></mspace><mn>1.04122</mn></mrow><annotation encoding="application/x-tex">0.00158\cdot 659 ~=~ 1.04122</annotation></semantics></math></p>
]]></mattext>
</material>
</flow_mat>
</itemfeedback>
<itemfeedback ident="general_incorrect_fb" view="All">
<flow_mat>
<material>
<mattext texttype="text/html"><![CDATA[
<p>For a “percent of” question, the scale factor is simply the given percentage number divided by 100.</p>
<p>Determine that the scale factor equals 0.00158 and multiply it by the given value.</p>
<p><math display="block" xmlns="http://www.w3.org/1998/Math/MathML"><semantics><mrow><mn>0.00158</mn><mo>⋅</mo><mn>659</mn><mspace width="0.222em"></mspace><mo>=</mo><mspace width="0.222em"></mspace><mn>1.04122</mn></mrow><annotation encoding="application/x-tex">0.00158\cdot 659 ~=~ 1.04122</annotation></semantics></math></p>
]]></mattext>
</material>
</flow_mat>
</itemfeedback>
</item>

<item ident="Apr07_01_percent_of_137156945_section_1_item_04_num" title="Question" maxattempts="10">
<itemcontrol feedbackswitch="No" hintswitch="No" solutionswitch="Yes"/>
<itemmetadata>
<qtimetadata>
<qtimetadatafield>
<fieldlabel>question_type</fieldlabel>
<fieldentry>numerical_question</fieldentry>
</qtimetadatafield>
</qtimetadata>
</itemmetadata>
<presentation>
<flow>
<material>
<matbreak/>
<mattext texttype="text/html" charset="utf-8"><![CDATA[
<p>What is 3.8% of 3.52?</p>
]]></mattext>
<matbreak/>
</material>
<response_num ident="Apr07_01_percent_of_137156945_section_1_item_04_num_RESPONSE_7941411" rcardinality="Single" numtype="Decimal">
<render_fib fibtype="Decimal" maxchars="12">
<flow_label class="Block">
<response_label ident="Apr07_01_percent_of_137156945_section_1_item_04_num_RESPONSE_7941411" rshuffle="No"/>
</flow_label>
</render_fib>
</response_num>
<material>
<matbreak/>
</material>
</flow>
</presentation>
<resprocessing>
<outcomes>
<decvar varname="SCORE" vartype="Decimal" defaultval="0" minvalue="0" maxvalue="2" cutvalue="2"/>
</outcomes>
<respcondition title="Mastery" continue="No">
<conditionvar>

<or>
<varequal respident="Apr07_01_percent_of_137156945_section_1_item_04_num_RESPONSE_7941411" case="No"><![CDATA[0.13376]]></varequal>
<and>
<vargte respident="Apr07_01_percent_of_137156945_section_1_item_04_num_RESPONSE_7941411"><![CDATA[0.13276]]></vargte>
<varlte respident="Apr07_01_percent_of_137156945_section_1_item_04_num_RESPONSE_7941411"><![CDATA[0.13476]]></varlte>
</and>
</or>
</conditionvar>
<setvar varname="SCORE" action="Set">2</setvar>
<displayfeedback feedbacktype="Response" linkrefid="correct_fb"/>
</respcondition>
<respcondition continue="Yes">
<conditionvar>
<other/>
</conditionvar>
<displayfeedback feedbacktype="Response" linkrefid="general_incorrect_fb"/>
</respcondition>
</resprocessing>
<itemfeedback ident="correct_fb" view="All">
<flow_mat>
<material>
<mattext texttype="text/html"><![CDATA[
<p>For a “percent of” question, the scale factor is simply the given percentage number divided by 100.</p>
<p>Determine that the scale factor equals 0.038 and multiply it by the given value.</p>
<p><math display="block" xmlns="http://www.w3.org/1998/Math/MathML"><semantics><mrow><mn>0.038</mn><mo>⋅</mo><mn>3.52</mn><mspace width="0.222em"></mspace><mo>=</mo><mspace width="0.222em"></mspace><mn>0.13376</mn></mrow><annotation encoding="application/x-tex">0.038\cdot 3.52 ~=~ 0.13376</annotation></semantics></math></p>
]]></mattext>
</material>
</flow_mat>
</itemfeedback>
<itemfeedback ident="general_incorrect_fb" view="All">
<flow_mat>
<material>
<mattext texttype="text/html"><![CDATA[
<p>For a “percent of” question, the scale factor is simply the given percentage number divided by 100.</p>
<p>Determine that the scale factor equals 0.038 and multiply it by the given value.</p>
<p><math display="block" xmlns="http://www.w3.org/1998/Math/MathML"><semantics><mrow><mn>0.038</mn><mo>⋅</mo><mn>3.52</mn><mspace width="0.222em"></mspace><mo>=</mo><mspace width="0.222em"></mspace><mn>0.13376</mn></mrow><annotation encoding="application/x-tex">0.038\cdot 3.52 ~=~ 0.13376</annotation></semantics></math></p>
]]></mattext>
</material>
</flow_mat>
</itemfeedback>
</item>

<item ident="Apr07_01_percent_of_137156945_section_1_item_05_num" title="Question" maxattempts="10">
<itemcontrol feedbackswitch="No" hintswitch="No" solutionswitch="Yes"/>
<itemmetadata>
<qtimetadata>
<qtimetadatafield>
<fieldlabel>question_type</fieldlabel>
<fieldentry>numerical_question</fieldentry>
</qtimetadatafield>
</qtimetadata>
</itemmetadata>
<presentation>
<flow>
<material>
<matbreak/>
<mattext texttype="text/html" charset="utf-8"><![CDATA[
<p>What is 5.08% of 257?</p>
]]></mattext>
<matbreak/>
</material>
<response_num ident="Apr07_01_percent_of_137156945_section_1_item_05_num_RESPONSE_5713354" rcardinality="Single" numtype="Decimal">
<render_fib fibtype="Decimal" maxchars="12">
<flow_label class="Block">
<response_label ident="Apr07_01_percent_of_137156945_section_1_item_05_num_RESPONSE_5713354" rshuffle="No"/>
</flow_label>
</render_fib>
</response_num>
<material>
<matbreak/>
</material>
</flow>
</presentation>
<resprocessing>
<outcomes>
<decvar varname="SCORE" vartype="Decimal" defaultval="0" minvalue="0" maxvalue="2" cutvalue="2"/>
</outcomes>
<respcondition title="Mastery" continue="No">
<conditionvar>

<or>
<varequal respident="Apr07_01_percent_of_137156945_section_1_item_05_num_RESPONSE_5713354" case="No"><![CDATA[13.0556]]></varequal>
<and>
<vargte respident="Apr07_01_percent_of_137156945_section_1_item_05_num_RESPONSE_5713354"><![CDATA[12.9556]]></vargte>
<varlte respident="Apr07_01_percent_of_137156945_section_1_item_05_num_RESPONSE_5713354"><![CDATA[13.1556]]></varlte>
</and>
</or>
</conditionvar>
<setvar varname="SCORE" action="Set">2</setvar>
<displayfeedback feedbacktype="Response" linkrefid="correct_fb"/>
</respcondition>
<respcondition continue="Yes">
<conditionvar>
<other/>
</conditionvar>
<displayfeedback feedbacktype="Response" linkrefid="general_incorrect_fb"/>
</respcondition>
</resprocessing>
<itemfeedback ident="correct_fb" view="All">
<flow_mat>
<material>
<mattext texttype="text/html"><![CDATA[
<p>For a “percent of” question, the scale factor is simply the given percentage number divided by 100.</p>
<p>Determine that the scale factor equals 0.0508 and multiply it by the given value.</p>
<p><math display="block" xmlns="http://www.w3.org/1998/Math/MathML"><semantics><mrow><mn>0.0508</mn><mo>⋅</mo><mn>257</mn><mspace width="0.222em"></mspace><mo>=</mo><mspace width="0.222em"></mspace><mn>13.0556</mn></mrow><annotation encoding="application/x-tex">0.0508\cdot 257 ~=~ 13.0556</annotation></semantics></math></p>
]]></mattext>
</material>
</flow_mat>
</itemfeedback>
<itemfeedback ident="general_incorrect_fb" view="All">
<flow_mat>
<material>
<mattext texttype="text/html"><![CDATA[
<p>For a “percent of” question, the scale factor is simply the given percentage number divided by 100.</p>
<p>Determine that the scale factor equals 0.0508 and multiply it by the given value.</p>
<p><math display="block" xmlns="http://www.w3.org/1998/Math/MathML"><semantics><mrow><mn>0.0508</mn><mo>⋅</mo><mn>257</mn><mspace width="0.222em"></mspace><mo>=</mo><mspace width="0.222em"></mspace><mn>13.0556</mn></mrow><annotation encoding="application/x-tex">0.0508\cdot 257 ~=~ 13.0556</annotation></semantics></math></p>
]]></mattext>
</material>
</flow_mat>
</itemfeedback>
</item>

<item ident="Apr07_01_percent_of_137156945_section_1_item_06_num" title="Question" maxattempts="10">
<itemcontrol feedbackswitch="No" hintswitch="No" solutionswitch="Yes"/>
<itemmetadata>
<qtimetadata>
<qtimetadatafield>
<fieldlabel>question_type</fieldlabel>
<fieldentry>numerical_question</fieldentry>
</qtimetadatafield>
</qtimetadata>
</itemmetadata>
<presentation>
<flow>
<material>
<matbreak/>
<mattext texttype="text/html" charset="utf-8"><![CDATA[
<p>What is 3.03% of 11.2?</p>
]]></mattext>
<matbreak/>
</material>
<response_num ident="Apr07_01_percent_of_137156945_section_1_item_06_num_RESPONSE_1171131" rcardinality="Single" numtype="Decimal">
<render_fib fibtype="Decimal" maxchars="12">
<flow_label class="Block">
<response_label ident="Apr07_01_percent_of_137156945_section_1_item_06_num_RESPONSE_1171131" rshuffle="No"/>
</flow_label>
</render_fib>
</response_num>
<material>
<matbreak/>
</material>
</flow>
</presentation>
<resprocessing>
<outcomes>
<decvar varname="SCORE" vartype="Decimal" defaultval="0" minvalue="0" maxvalue="2" cutvalue="2"/>
</outcomes>
<respcondition title="Mastery" continue="No">
<conditionvar>

<or>
<varequal respident="Apr07_01_percent_of_137156945_section_1_item_06_num_RESPONSE_1171131" case="No"><![CDATA[0.33936]]></varequal>
<and>
<vargte respident="Apr07_01_percent_of_137156945_section_1_item_06_num_RESPONSE_1171131"><![CDATA[0.33836]]></vargte>
<varlte respident="Apr07_01_percent_of_137156945_section_1_item_06_num_RESPONSE_1171131"><![CDATA[0.34036]]></varlte>
</and>
</or>
</conditionvar>
<setvar varname="SCORE" action="Set">2</setvar>
<displayfeedback feedbacktype="Response" linkrefid="correct_fb"/>
</respcondition>
<respcondition continue="Yes">
<conditionvar>
<other/>
</conditionvar>
<displayfeedback feedbacktype="Response" linkrefid="general_incorrect_fb"/>
</respcondition>
</resprocessing>
<itemfeedback ident="correct_fb" view="All">
<flow_mat>
<material>
<mattext texttype="text/html"><![CDATA[
<p>For a “percent of” question, the scale factor is simply the given percentage number divided by 100.</p>
<p>Determine that the scale factor equals 0.0303 and multiply it by the given value.</p>
<p><math display="block" xmlns="http://www.w3.org/1998/Math/MathML"><semantics><mrow><mn>0.0303</mn><mo>⋅</mo><mn>11.2</mn><mspace width="0.222em"></mspace><mo>=</mo><mspace width="0.222em"></mspace><mn>0.33936</mn></mrow><annotation encoding="application/x-tex">0.0303\cdot 11.2 ~=~ 0.33936</annotation></semantics></math></p>
]]></mattext>
</material>
</flow_mat>
</itemfeedback>
<itemfeedback ident="general_incorrect_fb" view="All">
<flow_mat>
<material>
<mattext texttype="text/html"><![CDATA[
<p>For a “percent of” question, the scale factor is simply the given percentage number divided by 100.</p>
<p>Determine that the scale factor equals 0.0303 and multiply it by the given value.</p>
<p><math display="block" xmlns="http://www.w3.org/1998/Math/MathML"><semantics><mrow><mn>0.0303</mn><mo>⋅</mo><mn>11.2</mn><mspace width="0.222em"></mspace><mo>=</mo><mspace width="0.222em"></mspace><mn>0.33936</mn></mrow><annotation encoding="application/x-tex">0.0303\cdot 11.2 ~=~ 0.33936</annotation></semantics></math></p>
]]></mattext>
</material>
</flow_mat>
</itemfeedback>
</item>

<item ident="Apr07_01_percent_of_137156945_section_1_item_07_num" title="Question" maxattempts="10">
<itemcontrol feedbackswitch="No" hintswitch="No" solutionswitch="Yes"/>
<itemmetadata>
<qtimetadata>
<qtimetadatafield>
<fieldlabel>question_type</fieldlabel>
<fieldentry>numerical_question</fieldentry>
</qtimetadatafield>
</qtimetadata>
</itemmetadata>
<presentation>
<flow>
<material>
<matbreak/>
<mattext texttype="text/html" charset="utf-8"><![CDATA[
<p>What is 0.306% of 202?</p>
]]></mattext>
<matbreak/>
</material>
<response_num ident="Apr07_01_percent_of_137156945_section_1_item_07_num_RESPONSE_2083056" rcardinality="Single" numtype="Decimal">
<render_fib fibtype="Decimal" maxchars="12">
<flow_label class="Block">
<response_label ident="Apr07_01_percent_of_137156945_section_1_item_07_num_RESPONSE_2083056" rshuffle="No"/>
</flow_label>
</render_fib>
</response_num>
<material>
<matbreak/>
</material>
</flow>
</presentation>
<resprocessing>
<outcomes>
<decvar varname="SCORE" vartype="Decimal" defaultval="0" minvalue="0" maxvalue="2" cutvalue="2"/>
</outcomes>
<respcondition title="Mastery" continue="No">
<conditionvar>

<or>
<varequal respident="Apr07_01_percent_of_137156945_section_1_item_07_num_RESPONSE_2083056" case="No"><![CDATA[0.61812]]></varequal>
<and>
<vargte respident="Apr07_01_percent_of_137156945_section_1_item_07_num_RESPONSE_2083056"><![CDATA[0.61712]]></vargte>
<varlte respident="Apr07_01_percent_of_137156945_section_1_item_07_num_RESPONSE_2083056"><![CDATA[0.61912]]></varlte>
</and>
</or>
</conditionvar>
<setvar varname="SCORE" action="Set">2</setvar>
<displayfeedback feedbacktype="Response" linkrefid="correct_fb"/>
</respcondition>
<respcondition continue="Yes">
<conditionvar>
<other/>
</conditionvar>
<displayfeedback feedbacktype="Response" linkrefid="general_incorrect_fb"/>
</respcondition>
</resprocessing>
<itemfeedback ident="correct_fb" view="All">
<flow_mat>
<material>
<mattext texttype="text/html"><![CDATA[
<p>For a “percent of” question, the scale factor is simply the given percentage number divided by 100.</p>
<p>Determine that the scale factor equals 0.00306 and multiply it by the given value.</p>
<p><math display="block" xmlns="http://www.w3.org/1998/Math/MathML"><semantics><mrow><mn>0.00306</mn><mo>⋅</mo><mn>202</mn><mspace width="0.222em"></mspace><mo>=</mo><mspace width="0.222em"></mspace><mn>0.61812</mn></mrow><annotation encoding="application/x-tex">0.00306\cdot 202 ~=~ 0.61812</annotation></semantics></math></p>
]]></mattext>
</material>
</flow_mat>
</itemfeedback>
<itemfeedback ident="general_incorrect_fb" view="All">
<flow_mat>
<material>
<mattext texttype="text/html"><![CDATA[
<p>For a “percent of” question, the scale factor is simply the given percentage number divided by 100.</p>
<p>Determine that the scale factor equals 0.00306 and multiply it by the given value.</p>
<p><math display="block" xmlns="http://www.w3.org/1998/Math/MathML"><semantics><mrow><mn>0.00306</mn><mo>⋅</mo><mn>202</mn><mspace width="0.222em"></mspace><mo>=</mo><mspace width="0.222em"></mspace><mn>0.61812</mn></mrow><annotation encoding="application/x-tex">0.00306\cdot 202 ~=~ 0.61812</annotation></semantics></math></p>
]]></mattext>
</material>
</flow_mat>
</itemfeedback>
</item>

<item ident="Apr07_01_percent_of_137156945_section_1_item_08_num" title="Question" maxattempts="10">
<itemcontrol feedbackswitch="No" hintswitch="No" solutionswitch="Yes"/>
<itemmetadata>
<qtimetadata>
<qtimetadatafield>
<fieldlabel>question_type</fieldlabel>
<fieldentry>numerical_question</fieldentry>
</qtimetadatafield>
</qtimetadata>
</itemmetadata>
<presentation>
<flow>
<material>
<matbreak/>
<mattext texttype="text/html" charset="utf-8"><![CDATA[
<p>What is 2.82% of 179?</p>
]]></mattext>
<matbreak/>
</material>
<response_num ident="Apr07_01_percent_of_137156945_section_1_item_08_num_RESPONSE_2363254" rcardinality="Single" numtype="Decimal">
<render_fib fibtype="Decimal" maxchars="12">
<flow_label class="Block">
<response_label ident="Apr07_01_percent_of_137156945_section_1_item_08_num_RESPONSE_2363254" rshuffle="No"/>
</flow_label>
</render_fib>
</response_num>
<material>
<matbreak/>
</material>
</flow>
</presentation>
<resprocessing>
<outcomes>
<decvar varname="SCORE" vartype="Decimal" defaultval="0" minvalue="0" maxvalue="2" cutvalue="2"/>
</outcomes>
<respcondition title="Mastery" continue="No">
<conditionvar>

<or>
<varequal respident="Apr07_01_percent_of_137156945_section_1_item_08_num_RESPONSE_2363254" case="No"><![CDATA[5.0478]]></varequal>
<and>
<vargte respident="Apr07_01_percent_of_137156945_section_1_item_08_num_RESPONSE_2363254"><![CDATA[5.0378]]></vargte>
<varlte respident="Apr07_01_percent_of_137156945_section_1_item_08_num_RESPONSE_2363254"><![CDATA[5.0578]]></varlte>
</and>
</or>
</conditionvar>
<setvar varname="SCORE" action="Set">2</setvar>
<displayfeedback feedbacktype="Response" linkrefid="correct_fb"/>
</respcondition>
<respcondition continue="Yes">
<conditionvar>
<other/>
</conditionvar>
<displayfeedback feedbacktype="Response" linkrefid="general_incorrect_fb"/>
</respcondition>
</resprocessing>
<itemfeedback ident="correct_fb" view="All">
<flow_mat>
<material>
<mattext texttype="text/html"><![CDATA[
<p>For a “percent of” question, the scale factor is simply the given percentage number divided by 100.</p>
<p>Determine that the scale factor equals 0.0282 and multiply it by the given value.</p>
<p><math display="block" xmlns="http://www.w3.org/1998/Math/MathML"><semantics><mrow><mn>0.0282</mn><mo>⋅</mo><mn>179</mn><mspace width="0.222em"></mspace><mo>=</mo><mspace width="0.222em"></mspace><mn>5.0478</mn></mrow><annotation encoding="application/x-tex">0.0282\cdot 179 ~=~ 5.0478</annotation></semantics></math></p>
]]></mattext>
</material>
</flow_mat>
</itemfeedback>
<itemfeedback ident="general_incorrect_fb" view="All">
<flow_mat>
<material>
<mattext texttype="text/html"><![CDATA[
<p>For a “percent of” question, the scale factor is simply the given percentage number divided by 100.</p>
<p>Determine that the scale factor equals 0.0282 and multiply it by the given value.</p>
<p><math display="block" xmlns="http://www.w3.org/1998/Math/MathML"><semantics><mrow><mn>0.0282</mn><mo>⋅</mo><mn>179</mn><mspace width="0.222em"></mspace><mo>=</mo><mspace width="0.222em"></mspace><mn>5.0478</mn></mrow><annotation encoding="application/x-tex">0.0282\cdot 179 ~=~ 5.0478</annotation></semantics></math></p>
]]></mattext>
</material>
</flow_mat>
</itemfeedback>
</item>

<item ident="Apr07_01_percent_of_137156945_section_1_item_09_num" title="Question" maxattempts="10">
<itemcontrol feedbackswitch="No" hintswitch="No" solutionswitch="Yes"/>
<itemmetadata>
<qtimetadata>
<qtimetadatafield>
<fieldlabel>question_type</fieldlabel>
<fieldentry>numerical_question</fieldentry>
</qtimetadatafield>
</qtimetadata>
</itemmetadata>
<presentation>
<flow>
<material>
<matbreak/>
<mattext texttype="text/html" charset="utf-8"><![CDATA[
<p>What is 84.5% of 2.03?</p>
]]></mattext>
<matbreak/>
</material>
<response_num ident="Apr07_01_percent_of_137156945_section_1_item_09_num_RESPONSE_6150287" rcardinality="Single" numtype="Decimal">
<render_fib fibtype="Decimal" maxchars="12">
<flow_label class="Block">
<response_label ident="Apr07_01_percent_of_137156945_section_1_item_09_num_RESPONSE_6150287" rshuffle="No"/>
</flow_label>
</render_fib>
</response_num>
<material>
<matbreak/>
</material>
</flow>
</presentation>
<resprocessing>
<outcomes>
<decvar varname="SCORE" vartype="Decimal" defaultval="0" minvalue="0" maxvalue="2" cutvalue="2"/>
</outcomes>
<respcondition title="Mastery" continue="No">
<conditionvar>

<or>
<varequal respident="Apr07_01_percent_of_137156945_section_1_item_09_num_RESPONSE_6150287" case="No"><![CDATA[1.71535]]></varequal>
<and>
<vargte respident="Apr07_01_percent_of_137156945_section_1_item_09_num_RESPONSE_6150287"><![CDATA[1.70535]]></vargte>
<varlte respident="Apr07_01_percent_of_137156945_section_1_item_09_num_RESPONSE_6150287"><![CDATA[1.72535]]></varlte>
</and>
</or>
</conditionvar>
<setvar varname="SCORE" action="Set">2</setvar>
<displayfeedback feedbacktype="Response" linkrefid="correct_fb"/>
</respcondition>
<respcondition continue="Yes">
<conditionvar>
<other/>
</conditionvar>
<displayfeedback feedbacktype="Response" linkrefid="general_incorrect_fb"/>
</respcondition>
</resprocessing>
<itemfeedback ident="correct_fb" view="All">
<flow_mat>
<material>
<mattext texttype="text/html"><![CDATA[
<p>For a “percent of” question, the scale factor is simply the given percentage number divided by 100.</p>
<p>Determine that the scale factor equals 0.845 and multiply it by the given value.</p>
<p><math display="block" xmlns="http://www.w3.org/1998/Math/MathML"><semantics><mrow><mn>0.845</mn><mo>⋅</mo><mn>2.03</mn><mspace width="0.222em"></mspace><mo>=</mo><mspace width="0.222em"></mspace><mn>1.71535</mn></mrow><annotation encoding="application/x-tex">0.845\cdot 2.03 ~=~ 1.71535</annotation></semantics></math></p>
]]></mattext>
</material>
</flow_mat>
</itemfeedback>
<itemfeedback ident="general_incorrect_fb" view="All">
<flow_mat>
<material>
<mattext texttype="text/html"><![CDATA[
<p>For a “percent of” question, the scale factor is simply the given percentage number divided by 100.</p>
<p>Determine that the scale factor equals 0.845 and multiply it by the given value.</p>
<p><math display="block" xmlns="http://www.w3.org/1998/Math/MathML"><semantics><mrow><mn>0.845</mn><mo>⋅</mo><mn>2.03</mn><mspace width="0.222em"></mspace><mo>=</mo><mspace width="0.222em"></mspace><mn>1.71535</mn></mrow><annotation encoding="application/x-tex">0.845\cdot 2.03 ~=~ 1.71535</annotation></semantics></math></p>
]]></mattext>
</material>
</flow_mat>
</itemfeedback>
</item>

<item ident="Apr07_01_percent_of_137156945_section_1_item_10_num" title="Question" maxattempts="10">
<itemcontrol feedbackswitch="No" hintswitch="No" solutionswitch="Yes"/>
<itemmetadata>
<qtimetadata>
<qtimetadatafield>
<fieldlabel>question_type</fieldlabel>
<fieldentry>numerical_question</fieldentry>
</qtimetadatafield>
</qtimetadata>
</itemmetadata>
<presentation>
<flow>
<material>
<matbreak/>
<mattext texttype="text/html" charset="utf-8"><![CDATA[
<p>What is 505% of 16.9?</p>
]]></mattext>
<matbreak/>
</material>
<response_num ident="Apr07_01_percent_of_137156945_section_1_item_10_num_RESPONSE_5568039" rcardinality="Single" numtype="Decimal">
<render_fib fibtype="Decimal" maxchars="12">
<flow_label class="Block">
<response_label ident="Apr07_01_percent_of_137156945_section_1_item_10_num_RESPONSE_5568039" rshuffle="No"/>
</flow_label>
</render_fib>
</response_num>
<material>
<matbreak/>
</material>
</flow>
</presentation>
<resprocessing>
<outcomes>
<decvar varname="SCORE" vartype="Decimal" defaultval="0" minvalue="0" maxvalue="2" cutvalue="2"/>
</outcomes>
<respcondition title="Mastery" continue="No">
<conditionvar>

<or>
<varequal respident="Apr07_01_percent_of_137156945_section_1_item_10_num_RESPONSE_5568039" case="No"><![CDATA[85.345]]></varequal>
<and>
<vargte respident="Apr07_01_percent_of_137156945_section_1_item_10_num_RESPONSE_5568039"><![CDATA[85.245]]></vargte>
<varlte respident="Apr07_01_percent_of_137156945_section_1_item_10_num_RESPONSE_5568039"><![CDATA[85.445]]></varlte>
</and>
</or>
</conditionvar>
<setvar varname="SCORE" action="Set">2</setvar>
<displayfeedback feedbacktype="Response" linkrefid="correct_fb"/>
</respcondition>
<respcondition continue="Yes">
<conditionvar>
<other/>
</conditionvar>
<displayfeedback feedbacktype="Response" linkrefid="general_incorrect_fb"/>
</respcondition>
</resprocessing>
<itemfeedback ident="correct_fb" view="All">
<flow_mat>
<material>
<mattext texttype="text/html"><![CDATA[
<p>For a “percent of” question, the scale factor is simply the given percentage number divided by 100.</p>
<p>Determine that the scale factor equals 5.05 and multiply it by the given value.</p>
<p><math display="block" xmlns="http://www.w3.org/1998/Math/MathML"><semantics><mrow><mn>5.05</mn><mo>⋅</mo><mn>16.9</mn><mspace width="0.222em"></mspace><mo>=</mo><mspace width="0.222em"></mspace><mn>85.345</mn></mrow><annotation encoding="application/x-tex">5.05\cdot 16.9 ~=~ 85.345</annotation></semantics></math></p>
]]></mattext>
</material>
</flow_mat>
</itemfeedback>
<itemfeedback ident="general_incorrect_fb" view="All">
<flow_mat>
<material>
<mattext texttype="text/html"><![CDATA[
<p>For a “percent of” question, the scale factor is simply the given percentage number divided by 100.</p>
<p>Determine that the scale factor equals 5.05 and multiply it by the given value.</p>
<p><math display="block" xmlns="http://www.w3.org/1998/Math/MathML"><semantics><mrow><mn>5.05</mn><mo>⋅</mo><mn>16.9</mn><mspace width="0.222em"></mspace><mo>=</mo><mspace width="0.222em"></mspace><mn>85.345</mn></mrow><annotation encoding="application/x-tex">5.05\cdot 16.9 ~=~ 85.345</annotation></semantics></math></p>
]]></mattext>
</material>
</flow_mat>
</itemfeedback>
</item>

<item ident="Apr07_01_percent_of_137156945_section_1_item_11_num" title="Question" maxattempts="10">
<itemcontrol feedbackswitch="No" hintswitch="No" solutionswitch="Yes"/>
<itemmetadata>
<qtimetadata>
<qtimetadatafield>
<fieldlabel>question_type</fieldlabel>
<fieldentry>numerical_question</fieldentry>
</qtimetadatafield>
</qtimetadata>
</itemmetadata>
<presentation>
<flow>
<material>
<matbreak/>
<mattext texttype="text/html" charset="utf-8"><![CDATA[
<p>What is 51% of 5.76?</p>
]]></mattext>
<matbreak/>
</material>
<response_num ident="Apr07_01_percent_of_137156945_section_1_item_11_num_RESPONSE_8500299" rcardinality="Single" numtype="Decimal">
<render_fib fibtype="Decimal" maxchars="12">
<flow_label class="Block">
<response_label ident="Apr07_01_percent_of_137156945_section_1_item_11_num_RESPONSE_8500299" rshuffle="No"/>
</flow_label>
</render_fib>
</response_num>
<material>
<matbreak/>
</material>
</flow>
</presentation>
<resprocessing>
<outcomes>
<decvar varname="SCORE" vartype="Decimal" defaultval="0" minvalue="0" maxvalue="2" cutvalue="2"/>
</outcomes>
<respcondition title="Mastery" continue="No">
<conditionvar>

<or>
<varequal respident="Apr07_01_percent_of_137156945_section_1_item_11_num_RESPONSE_8500299" case="No"><![CDATA[2.9376]]></varequal>
<and>
<vargte respident="Apr07_01_percent_of_137156945_section_1_item_11_num_RESPONSE_8500299"><![CDATA[2.9276]]></vargte>
<varlte respident="Apr07_01_percent_of_137156945_section_1_item_11_num_RESPONSE_8500299"><![CDATA[2.9476]]></varlte>
</and>
</or>
</conditionvar>
<setvar varname="SCORE" action="Set">2</setvar>
<displayfeedback feedbacktype="Response" linkrefid="correct_fb"/>
</respcondition>
<respcondition continue="Yes">
<conditionvar>
<other/>
</conditionvar>
<displayfeedback feedbacktype="Response" linkrefid="general_incorrect_fb"/>
</respcondition>
</resprocessing>
<itemfeedback ident="correct_fb" view="All">
<flow_mat>
<material>
<mattext texttype="text/html"><![CDATA[
<p>For a “percent of” question, the scale factor is simply the given percentage number divided by 100.</p>
<p>Determine that the scale factor equals 0.51 and multiply it by the given value.</p>
<p><math display="block" xmlns="http://www.w3.org/1998/Math/MathML"><semantics><mrow><mn>0.51</mn><mo>⋅</mo><mn>5.76</mn><mspace width="0.222em"></mspace><mo>=</mo><mspace width="0.222em"></mspace><mn>2.9376</mn></mrow><annotation encoding="application/x-tex">0.51\cdot 5.76 ~=~ 2.9376</annotation></semantics></math></p>
]]></mattext>
</material>
</flow_mat>
</itemfeedback>
<itemfeedback ident="general_incorrect_fb" view="All">
<flow_mat>
<material>
<mattext texttype="text/html"><![CDATA[
<p>For a “percent of” question, the scale factor is simply the given percentage number divided by 100.</p>
<p>Determine that the scale factor equals 0.51 and multiply it by the given value.</p>
<p><math display="block" xmlns="http://www.w3.org/1998/Math/MathML"><semantics><mrow><mn>0.51</mn><mo>⋅</mo><mn>5.76</mn><mspace width="0.222em"></mspace><mo>=</mo><mspace width="0.222em"></mspace><mn>2.9376</mn></mrow><annotation encoding="application/x-tex">0.51\cdot 5.76 ~=~ 2.9376</annotation></semantics></math></p>
]]></mattext>
</material>
</flow_mat>
</itemfeedback>
</item>

<item ident="Apr07_01_percent_of_137156945_section_1_item_12_num" title="Question" maxattempts="10">
<itemcontrol feedbackswitch="No" hintswitch="No" solutionswitch="Yes"/>
<itemmetadata>
<qtimetadata>
<qtimetadatafield>
<fieldlabel>question_type</fieldlabel>
<fieldentry>numerical_question</fieldentry>
</qtimetadatafield>
</qtimetadata>
</itemmetadata>
<presentation>
<flow>
<material>
<matbreak/>
<mattext texttype="text/html" charset="utf-8"><![CDATA[
<p>What is 7.03% of 6.47?</p>
]]></mattext>
<matbreak/>
</material>
<response_num ident="Apr07_01_percent_of_137156945_section_1_item_12_num_RESPONSE_8231604" rcardinality="Single" numtype="Decimal">
<render_fib fibtype="Decimal" maxchars="12">
<flow_label class="Block">
<response_label ident="Apr07_01_percent_of_137156945_section_1_item_12_num_RESPONSE_8231604" rshuffle="No"/>
</flow_label>
</render_fib>
</response_num>
<material>
<matbreak/>
</material>
</flow>
</presentation>
<resprocessing>
<outcomes>
<decvar varname="SCORE" vartype="Decimal" defaultval="0" minvalue="0" maxvalue="2" cutvalue="2"/>
</outcomes>
<respcondition title="Mastery" continue="No">
<conditionvar>

<or>
<varequal respident="Apr07_01_percent_of_137156945_section_1_item_12_num_RESPONSE_8231604" case="No"><![CDATA[0.454841]]></varequal>
<and>
<vargte respident="Apr07_01_percent_of_137156945_section_1_item_12_num_RESPONSE_8231604"><![CDATA[0.453841]]></vargte>
<varlte respident="Apr07_01_percent_of_137156945_section_1_item_12_num_RESPONSE_8231604"><![CDATA[0.455841]]></varlte>
</and>
</or>
</conditionvar>
<setvar varname="SCORE" action="Set">2</setvar>
<displayfeedback feedbacktype="Response" linkrefid="correct_fb"/>
</respcondition>
<respcondition continue="Yes">
<conditionvar>
<other/>
</conditionvar>
<displayfeedback feedbacktype="Response" linkrefid="general_incorrect_fb"/>
</respcondition>
</resprocessing>
<itemfeedback ident="correct_fb" view="All">
<flow_mat>
<material>
<mattext texttype="text/html"><![CDATA[
<p>For a “percent of” question, the scale factor is simply the given percentage number divided by 100.</p>
<p>Determine that the scale factor equals 0.0703 and multiply it by the given value.</p>
<p><math display="block" xmlns="http://www.w3.org/1998/Math/MathML"><semantics><mrow><mn>0.0703</mn><mo>⋅</mo><mn>6.47</mn><mspace width="0.222em"></mspace><mo>=</mo><mspace width="0.222em"></mspace><mn>0.454841</mn></mrow><annotation encoding="application/x-tex">0.0703\cdot 6.47 ~=~ 0.454841</annotation></semantics></math></p>
]]></mattext>
</material>
</flow_mat>
</itemfeedback>
<itemfeedback ident="general_incorrect_fb" view="All">
<flow_mat>
<material>
<mattext texttype="text/html"><![CDATA[
<p>For a “percent of” question, the scale factor is simply the given percentage number divided by 100.</p>
<p>Determine that the scale factor equals 0.0703 and multiply it by the given value.</p>
<p><math display="block" xmlns="http://www.w3.org/1998/Math/MathML"><semantics><mrow><mn>0.0703</mn><mo>⋅</mo><mn>6.47</mn><mspace width="0.222em"></mspace><mo>=</mo><mspace width="0.222em"></mspace><mn>0.454841</mn></mrow><annotation encoding="application/x-tex">0.0703\cdot 6.47 ~=~ 0.454841</annotation></semantics></math></p>
]]></mattext>
</material>
</flow_mat>
</itemfeedback>
</item>

<item ident="Apr07_01_percent_of_137156945_section_1_item_13_num" title="Question" maxattempts="10">
<itemcontrol feedbackswitch="No" hintswitch="No" solutionswitch="Yes"/>
<itemmetadata>
<qtimetadata>
<qtimetadatafield>
<fieldlabel>question_type</fieldlabel>
<fieldentry>numerical_question</fieldentry>
</qtimetadatafield>
</qtimetadata>
</itemmetadata>
<presentation>
<flow>
<material>
<matbreak/>
<mattext texttype="text/html" charset="utf-8"><![CDATA[
<p>What is 5.93% of 270?</p>
]]></mattext>
<matbreak/>
</material>
<response_num ident="Apr07_01_percent_of_137156945_section_1_item_13_num_RESPONSE_1264252" rcardinality="Single" numtype="Decimal">
<render_fib fibtype="Decimal" maxchars="12">
<flow_label class="Block">
<response_label ident="Apr07_01_percent_of_137156945_section_1_item_13_num_RESPONSE_1264252" rshuffle="No"/>
</flow_label>
</render_fib>
</response_num>
<material>
<matbreak/>
</material>
</flow>
</presentation>
<resprocessing>
<outcomes>
<decvar varname="SCORE" vartype="Decimal" defaultval="0" minvalue="0" maxvalue="2" cutvalue="2"/>
</outcomes>
<respcondition title="Mastery" continue="No">
<conditionvar>

<or>
<varequal respident="Apr07_01_percent_of_137156945_section_1_item_13_num_RESPONSE_1264252" case="No"><![CDATA[16.011]]></varequal>
<and>
<vargte respident="Apr07_01_percent_of_137156945_section_1_item_13_num_RESPONSE_1264252"><![CDATA[15.911]]></vargte>
<varlte respident="Apr07_01_percent_of_137156945_section_1_item_13_num_RESPONSE_1264252"><![CDATA[16.111]]></varlte>
</and>
</or>
</conditionvar>
<setvar varname="SCORE" action="Set">2</setvar>
<displayfeedback feedbacktype="Response" linkrefid="correct_fb"/>
</respcondition>
<respcondition continue="Yes">
<conditionvar>
<other/>
</conditionvar>
<displayfeedback feedbacktype="Response" linkrefid="general_incorrect_fb"/>
</respcondition>
</resprocessing>
<itemfeedback ident="correct_fb" view="All">
<flow_mat>
<material>
<mattext texttype="text/html"><![CDATA[
<p>For a “percent of” question, the scale factor is simply the given percentage number divided by 100.</p>
<p>Determine that the scale factor equals 0.0593 and multiply it by the given value.</p>
<p><math display="block" xmlns="http://www.w3.org/1998/Math/MathML"><semantics><mrow><mn>0.0593</mn><mo>⋅</mo><mn>270</mn><mspace width="0.222em"></mspace><mo>=</mo><mspace width="0.222em"></mspace><mn>16.011</mn></mrow><annotation encoding="application/x-tex">0.0593\cdot 270 ~=~ 16.011</annotation></semantics></math></p>
]]></mattext>
</material>
</flow_mat>
</itemfeedback>
<itemfeedback ident="general_incorrect_fb" view="All">
<flow_mat>
<material>
<mattext texttype="text/html"><![CDATA[
<p>For a “percent of” question, the scale factor is simply the given percentage number divided by 100.</p>
<p>Determine that the scale factor equals 0.0593 and multiply it by the given value.</p>
<p><math display="block" xmlns="http://www.w3.org/1998/Math/MathML"><semantics><mrow><mn>0.0593</mn><mo>⋅</mo><mn>270</mn><mspace width="0.222em"></mspace><mo>=</mo><mspace width="0.222em"></mspace><mn>16.011</mn></mrow><annotation encoding="application/x-tex">0.0593\cdot 270 ~=~ 16.011</annotation></semantics></math></p>
]]></mattext>
</material>
</flow_mat>
</itemfeedback>
</item>

<item ident="Apr07_01_percent_of_137156945_section_1_item_14_num" title="Question" maxattempts="10">
<itemcontrol feedbackswitch="No" hintswitch="No" solutionswitch="Yes"/>
<itemmetadata>
<qtimetadata>
<qtimetadatafield>
<fieldlabel>question_type</fieldlabel>
<fieldentry>numerical_question</fieldentry>
</qtimetadatafield>
</qtimetadata>
</itemmetadata>
<presentation>
<flow>
<material>
<matbreak/>
<mattext texttype="text/html" charset="utf-8"><![CDATA[
<p>What is 0.2% of 541?</p>
]]></mattext>
<matbreak/>
</material>
<response_num ident="Apr07_01_percent_of_137156945_section_1_item_14_num_RESPONSE_1739234" rcardinality="Single" numtype="Decimal">
<render_fib fibtype="Decimal" maxchars="12">
<flow_label class="Block">
<response_label ident="Apr07_01_percent_of_137156945_section_1_item_14_num_RESPONSE_1739234" rshuffle="No"/>
</flow_label>
</render_fib>
</response_num>
<material>
<matbreak/>
</material>
</flow>
</presentation>
<resprocessing>
<outcomes>
<decvar varname="SCORE" vartype="Decimal" defaultval="0" minvalue="0" maxvalue="2" cutvalue="2"/>
</outcomes>
<respcondition title="Mastery" continue="No">
<conditionvar>

<or>
<varequal respident="Apr07_01_percent_of_137156945_section_1_item_14_num_RESPONSE_1739234" case="No"><![CDATA[1.082]]></varequal>
<and>
<vargte respident="Apr07_01_percent_of_137156945_section_1_item_14_num_RESPONSE_1739234"><![CDATA[1.072]]></vargte>
<varlte respident="Apr07_01_percent_of_137156945_section_1_item_14_num_RESPONSE_1739234"><![CDATA[1.092]]></varlte>
</and>
</or>
</conditionvar>
<setvar varname="SCORE" action="Set">2</setvar>
<displayfeedback feedbacktype="Response" linkrefid="correct_fb"/>
</respcondition>
<respcondition continue="Yes">
<conditionvar>
<other/>
</conditionvar>
<displayfeedback feedbacktype="Response" linkrefid="general_incorrect_fb"/>
</respcondition>
</resprocessing>
<itemfeedback ident="correct_fb" view="All">
<flow_mat>
<material>
<mattext texttype="text/html"><![CDATA[
<p>For a “percent of” question, the scale factor is simply the given percentage number divided by 100.</p>
<p>Determine that the scale factor equals 0.002 and multiply it by the given value.</p>
<p><math display="block" xmlns="http://www.w3.org/1998/Math/MathML"><semantics><mrow><mn>0.002</mn><mo>⋅</mo><mn>541</mn><mspace width="0.222em"></mspace><mo>=</mo><mspace width="0.222em"></mspace><mn>1.082</mn></mrow><annotation encoding="application/x-tex">0.002\cdot 541 ~=~ 1.082</annotation></semantics></math></p>
]]></mattext>
</material>
</flow_mat>
</itemfeedback>
<itemfeedback ident="general_incorrect_fb" view="All">
<flow_mat>
<material>
<mattext texttype="text/html"><![CDATA[
<p>For a “percent of” question, the scale factor is simply the given percentage number divided by 100.</p>
<p>Determine that the scale factor equals 0.002 and multiply it by the given value.</p>
<p><math display="block" xmlns="http://www.w3.org/1998/Math/MathML"><semantics><mrow><mn>0.002</mn><mo>⋅</mo><mn>541</mn><mspace width="0.222em"></mspace><mo>=</mo><mspace width="0.222em"></mspace><mn>1.082</mn></mrow><annotation encoding="application/x-tex">0.002\cdot 541 ~=~ 1.082</annotation></semantics></math></p>
]]></mattext>
</material>
</flow_mat>
</itemfeedback>
</item>

<item ident="Apr07_01_percent_of_137156945_section_1_item_15_num" title="Question" maxattempts="10">
<itemcontrol feedbackswitch="No" hintswitch="No" solutionswitch="Yes"/>
<itemmetadata>
<qtimetadata>
<qtimetadatafield>
<fieldlabel>question_type</fieldlabel>
<fieldentry>numerical_question</fieldentry>
</qtimetadatafield>
</qtimetadata>
</itemmetadata>
<presentation>
<flow>
<material>
<matbreak/>
<mattext texttype="text/html" charset="utf-8"><![CDATA[
<p>What is 35.1% of 58?</p>
]]></mattext>
<matbreak/>
</material>
<response_num ident="Apr07_01_percent_of_137156945_section_1_item_15_num_RESPONSE_8363875" rcardinality="Single" numtype="Decimal">
<render_fib fibtype="Decimal" maxchars="12">
<flow_label class="Block">
<response_label ident="Apr07_01_percent_of_137156945_section_1_item_15_num_RESPONSE_8363875" rshuffle="No"/>
</flow_label>
</render_fib>
</response_num>
<material>
<matbreak/>
</material>
</flow>
</presentation>
<resprocessing>
<outcomes>
<decvar varname="SCORE" vartype="Decimal" defaultval="0" minvalue="0" maxvalue="2" cutvalue="2"/>
</outcomes>
<respcondition title="Mastery" continue="No">
<conditionvar>

<or>
<varequal respident="Apr07_01_percent_of_137156945_section_1_item_15_num_RESPONSE_8363875" case="No"><![CDATA[20.358]]></varequal>
<and>
<vargte respident="Apr07_01_percent_of_137156945_section_1_item_15_num_RESPONSE_8363875"><![CDATA[20.258]]></vargte>
<varlte respident="Apr07_01_percent_of_137156945_section_1_item_15_num_RESPONSE_8363875"><![CDATA[20.458]]></varlte>
</and>
</or>
</conditionvar>
<setvar varname="SCORE" action="Set">2</setvar>
<displayfeedback feedbacktype="Response" linkrefid="correct_fb"/>
</respcondition>
<respcondition continue="Yes">
<conditionvar>
<other/>
</conditionvar>
<displayfeedback feedbacktype="Response" linkrefid="general_incorrect_fb"/>
</respcondition>
</resprocessing>
<itemfeedback ident="correct_fb" view="All">
<flow_mat>
<material>
<mattext texttype="text/html"><![CDATA[
<p>For a “percent of” question, the scale factor is simply the given percentage number divided by 100.</p>
<p>Determine that the scale factor equals 0.351 and multiply it by the given value.</p>
<p><math display="block" xmlns="http://www.w3.org/1998/Math/MathML"><semantics><mrow><mn>0.351</mn><mo>⋅</mo><mn>58</mn><mspace width="0.222em"></mspace><mo>=</mo><mspace width="0.222em"></mspace><mn>20.358</mn></mrow><annotation encoding="application/x-tex">0.351\cdot 58 ~=~ 20.358</annotation></semantics></math></p>
]]></mattext>
</material>
</flow_mat>
</itemfeedback>
<itemfeedback ident="general_incorrect_fb" view="All">
<flow_mat>
<material>
<mattext texttype="text/html"><![CDATA[
<p>For a “percent of” question, the scale factor is simply the given percentage number divided by 100.</p>
<p>Determine that the scale factor equals 0.351 and multiply it by the given value.</p>
<p><math display="block" xmlns="http://www.w3.org/1998/Math/MathML"><semantics><mrow><mn>0.351</mn><mo>⋅</mo><mn>58</mn><mspace width="0.222em"></mspace><mo>=</mo><mspace width="0.222em"></mspace><mn>20.358</mn></mrow><annotation encoding="application/x-tex">0.351\cdot 58 ~=~ 20.358</annotation></semantics></math></p>
]]></mattext>
</material>
</flow_mat>
</itemfeedback>
</item>

<item ident="Apr07_01_percent_of_137156945_section_1_item_16_num" title="Question" maxattempts="10">
<itemcontrol feedbackswitch="No" hintswitch="No" solutionswitch="Yes"/>
<itemmetadata>
<qtimetadata>
<qtimetadatafield>
<fieldlabel>question_type</fieldlabel>
<fieldentry>numerical_question</fieldentry>
</qtimetadatafield>
</qtimetadata>
</itemmetadata>
<presentation>
<flow>
<material>
<matbreak/>
<mattext texttype="text/html" charset="utf-8"><![CDATA[
<p>What is 35.9% of 2.79?</p>
]]></mattext>
<matbreak/>
</material>
<response_num ident="Apr07_01_percent_of_137156945_section_1_item_16_num_RESPONSE_6717662" rcardinality="Single" numtype="Decimal">
<render_fib fibtype="Decimal" maxchars="12">
<flow_label class="Block">
<response_label ident="Apr07_01_percent_of_137156945_section_1_item_16_num_RESPONSE_6717662" rshuffle="No"/>
</flow_label>
</render_fib>
</response_num>
<material>
<matbreak/>
</material>
</flow>
</presentation>
<resprocessing>
<outcomes>
<decvar varname="SCORE" vartype="Decimal" defaultval="0" minvalue="0" maxvalue="2" cutvalue="2"/>
</outcomes>
<respcondition title="Mastery" continue="No">
<conditionvar>

<or>
<varequal respident="Apr07_01_percent_of_137156945_section_1_item_16_num_RESPONSE_6717662" case="No"><![CDATA[1.00161]]></varequal>
<and>
<vargte respident="Apr07_01_percent_of_137156945_section_1_item_16_num_RESPONSE_6717662"><![CDATA[0.99161]]></vargte>
<varlte respident="Apr07_01_percent_of_137156945_section_1_item_16_num_RESPONSE_6717662"><![CDATA[1.01161]]></varlte>
</and>
</or>
</conditionvar>
<setvar varname="SCORE" action="Set">2</setvar>
<displayfeedback feedbacktype="Response" linkrefid="correct_fb"/>
</respcondition>
<respcondition continue="Yes">
<conditionvar>
<other/>
</conditionvar>
<displayfeedback feedbacktype="Response" linkrefid="general_incorrect_fb"/>
</respcondition>
</resprocessing>
<itemfeedback ident="correct_fb" view="All">
<flow_mat>
<material>
<mattext texttype="text/html"><![CDATA[
<p>For a “percent of” question, the scale factor is simply the given percentage number divided by 100.</p>
<p>Determine that the scale factor equals 0.359 and multiply it by the given value.</p>
<p><math display="block" xmlns="http://www.w3.org/1998/Math/MathML"><semantics><mrow><mn>0.359</mn><mo>⋅</mo><mn>2.79</mn><mspace width="0.222em"></mspace><mo>=</mo><mspace width="0.222em"></mspace><mn>1.00161</mn></mrow><annotation encoding="application/x-tex">0.359\cdot 2.79 ~=~ 1.00161</annotation></semantics></math></p>
]]></mattext>
</material>
</flow_mat>
</itemfeedback>
<itemfeedback ident="general_incorrect_fb" view="All">
<flow_mat>
<material>
<mattext texttype="text/html"><![CDATA[
<p>For a “percent of” question, the scale factor is simply the given percentage number divided by 100.</p>
<p>Determine that the scale factor equals 0.359 and multiply it by the given value.</p>
<p><math display="block" xmlns="http://www.w3.org/1998/Math/MathML"><semantics><mrow><mn>0.359</mn><mo>⋅</mo><mn>2.79</mn><mspace width="0.222em"></mspace><mo>=</mo><mspace width="0.222em"></mspace><mn>1.00161</mn></mrow><annotation encoding="application/x-tex">0.359\cdot 2.79 ~=~ 1.00161</annotation></semantics></math></p>
]]></mattext>
</material>
</flow_mat>
</itemfeedback>
</item>

<item ident="Apr07_01_percent_of_137156945_section_1_item_17_num" title="Question" maxattempts="10">
<itemcontrol feedbackswitch="No" hintswitch="No" solutionswitch="Yes"/>
<itemmetadata>
<qtimetadata>
<qtimetadatafield>
<fieldlabel>question_type</fieldlabel>
<fieldentry>numerical_question</fieldentry>
</qtimetadatafield>
</qtimetadata>
</itemmetadata>
<presentation>
<flow>
<material>
<matbreak/>
<mattext texttype="text/html" charset="utf-8"><![CDATA[
<p>What is 63.4% of 95.9?</p>
]]></mattext>
<matbreak/>
</material>
<response_num ident="Apr07_01_percent_of_137156945_section_1_item_17_num_RESPONSE_1226555" rcardinality="Single" numtype="Decimal">
<render_fib fibtype="Decimal" maxchars="12">
<flow_label class="Block">
<response_label ident="Apr07_01_percent_of_137156945_section_1_item_17_num_RESPONSE_1226555" rshuffle="No"/>
</flow_label>
</render_fib>
</response_num>
<material>
<matbreak/>
</material>
</flow>
</presentation>
<resprocessing>
<outcomes>
<decvar varname="SCORE" vartype="Decimal" defaultval="0" minvalue="0" maxvalue="2" cutvalue="2"/>
</outcomes>
<respcondition title="Mastery" continue="No">
<conditionvar>

<or>
<varequal respident="Apr07_01_percent_of_137156945_section_1_item_17_num_RESPONSE_1226555" case="No"><![CDATA[60.8006]]></varequal>
<and>
<vargte respident="Apr07_01_percent_of_137156945_section_1_item_17_num_RESPONSE_1226555"><![CDATA[60.7006]]></vargte>
<varlte respident="Apr07_01_percent_of_137156945_section_1_item_17_num_RESPONSE_1226555"><![CDATA[60.9006]]></varlte>
</and>
</or>
</conditionvar>
<setvar varname="SCORE" action="Set">2</setvar>
<displayfeedback feedbacktype="Response" linkrefid="correct_fb"/>
</respcondition>
<respcondition continue="Yes">
<conditionvar>
<other/>
</conditionvar>
<displayfeedback feedbacktype="Response" linkrefid="general_incorrect_fb"/>
</respcondition>
</resprocessing>
<itemfeedback ident="correct_fb" view="All">
<flow_mat>
<material>
<mattext texttype="text/html"><![CDATA[
<p>For a “percent of” question, the scale factor is simply the given percentage number divided by 100.</p>
<p>Determine that the scale factor equals 0.634 and multiply it by the given value.</p>
<p><math display="block" xmlns="http://www.w3.org/1998/Math/MathML"><semantics><mrow><mn>0.634</mn><mo>⋅</mo><mn>95.9</mn><mspace width="0.222em"></mspace><mo>=</mo><mspace width="0.222em"></mspace><mn>60.8006</mn></mrow><annotation encoding="application/x-tex">0.634\cdot 95.9 ~=~ 60.8006</annotation></semantics></math></p>
]]></mattext>
</material>
</flow_mat>
</itemfeedback>
<itemfeedback ident="general_incorrect_fb" view="All">
<flow_mat>
<material>
<mattext texttype="text/html"><![CDATA[
<p>For a “percent of” question, the scale factor is simply the given percentage number divided by 100.</p>
<p>Determine that the scale factor equals 0.634 and multiply it by the given value.</p>
<p><math display="block" xmlns="http://www.w3.org/1998/Math/MathML"><semantics><mrow><mn>0.634</mn><mo>⋅</mo><mn>95.9</mn><mspace width="0.222em"></mspace><mo>=</mo><mspace width="0.222em"></mspace><mn>60.8006</mn></mrow><annotation encoding="application/x-tex">0.634\cdot 95.9 ~=~ 60.8006</annotation></semantics></math></p>
]]></mattext>
</material>
</flow_mat>
</itemfeedback>
</item>

<item ident="Apr07_01_percent_of_137156945_section_1_item_18_num" title="Question" maxattempts="10">
<itemcontrol feedbackswitch="No" hintswitch="No" solutionswitch="Yes"/>
<itemmetadata>
<qtimetadata>
<qtimetadatafield>
<fieldlabel>question_type</fieldlabel>
<fieldentry>numerical_question</fieldentry>
</qtimetadatafield>
</qtimetadata>
</itemmetadata>
<presentation>
<flow>
<material>
<matbreak/>
<mattext texttype="text/html" charset="utf-8"><![CDATA[
<p>What is 93.8% of 4.21?</p>
]]></mattext>
<matbreak/>
</material>
<response_num ident="Apr07_01_percent_of_137156945_section_1_item_18_num_RESPONSE_1581454" rcardinality="Single" numtype="Decimal">
<render_fib fibtype="Decimal" maxchars="12">
<flow_label class="Block">
<response_label ident="Apr07_01_percent_of_137156945_section_1_item_18_num_RESPONSE_1581454" rshuffle="No"/>
</flow_label>
</render_fib>
</response_num>
<material>
<matbreak/>
</material>
</flow>
</presentation>
<resprocessing>
<outcomes>
<decvar varname="SCORE" vartype="Decimal" defaultval="0" minvalue="0" maxvalue="2" cutvalue="2"/>
</outcomes>
<respcondition title="Mastery" continue="No">
<conditionvar>

<or>
<varequal respident="Apr07_01_percent_of_137156945_section_1_item_18_num_RESPONSE_1581454" case="No"><![CDATA[3.94898]]></varequal>
<and>
<vargte respident="Apr07_01_percent_of_137156945_section_1_item_18_num_RESPONSE_1581454"><![CDATA[3.93898]]></vargte>
<varlte respident="Apr07_01_percent_of_137156945_section_1_item_18_num_RESPONSE_1581454"><![CDATA[3.95898]]></varlte>
</and>
</or>
</conditionvar>
<setvar varname="SCORE" action="Set">2</setvar>
<displayfeedback feedbacktype="Response" linkrefid="correct_fb"/>
</respcondition>
<respcondition continue="Yes">
<conditionvar>
<other/>
</conditionvar>
<displayfeedback feedbacktype="Response" linkrefid="general_incorrect_fb"/>
</respcondition>
</resprocessing>
<itemfeedback ident="correct_fb" view="All">
<flow_mat>
<material>
<mattext texttype="text/html"><![CDATA[
<p>For a “percent of” question, the scale factor is simply the given percentage number divided by 100.</p>
<p>Determine that the scale factor equals 0.938 and multiply it by the given value.</p>
<p><math display="block" xmlns="http://www.w3.org/1998/Math/MathML"><semantics><mrow><mn>0.938</mn><mo>⋅</mo><mn>4.21</mn><mspace width="0.222em"></mspace><mo>=</mo><mspace width="0.222em"></mspace><mn>3.94898</mn></mrow><annotation encoding="application/x-tex">0.938\cdot 4.21 ~=~ 3.94898</annotation></semantics></math></p>
]]></mattext>
</material>
</flow_mat>
</itemfeedback>
<itemfeedback ident="general_incorrect_fb" view="All">
<flow_mat>
<material>
<mattext texttype="text/html"><![CDATA[
<p>For a “percent of” question, the scale factor is simply the given percentage number divided by 100.</p>
<p>Determine that the scale factor equals 0.938 and multiply it by the given value.</p>
<p><math display="block" xmlns="http://www.w3.org/1998/Math/MathML"><semantics><mrow><mn>0.938</mn><mo>⋅</mo><mn>4.21</mn><mspace width="0.222em"></mspace><mo>=</mo><mspace width="0.222em"></mspace><mn>3.94898</mn></mrow><annotation encoding="application/x-tex">0.938\cdot 4.21 ~=~ 3.94898</annotation></semantics></math></p>
]]></mattext>
</material>
</flow_mat>
</itemfeedback>
</item>

<item ident="Apr07_01_percent_of_137156945_section_1_item_19_num" title="Question" maxattempts="10">
<itemcontrol feedbackswitch="No" hintswitch="No" solutionswitch="Yes"/>
<itemmetadata>
<qtimetadata>
<qtimetadatafield>
<fieldlabel>question_type</fieldlabel>
<fieldentry>numerical_question</fieldentry>
</qtimetadatafield>
</qtimetadata>
</itemmetadata>
<presentation>
<flow>
<material>
<matbreak/>
<mattext texttype="text/html" charset="utf-8"><![CDATA[
<p>What is 510% of 388?</p>
]]></mattext>
<matbreak/>
</material>
<response_num ident="Apr07_01_percent_of_137156945_section_1_item_19_num_RESPONSE_9909758" rcardinality="Single" numtype="Decimal">
<render_fib fibtype="Decimal" maxchars="12">
<flow_label class="Block">
<response_label ident="Apr07_01_percent_of_137156945_section_1_item_19_num_RESPONSE_9909758" rshuffle="No"/>
</flow_label>
</render_fib>
</response_num>
<material>
<matbreak/>
</material>
</flow>
</presentation>
<resprocessing>
<outcomes>
<decvar varname="SCORE" vartype="Decimal" defaultval="0" minvalue="0" maxvalue="2" cutvalue="2"/>
</outcomes>
<respcondition title="Mastery" continue="No">
<conditionvar>

<or>
<varequal respident="Apr07_01_percent_of_137156945_section_1_item_19_num_RESPONSE_9909758" case="No"><![CDATA[1978.8]]></varequal>
<and>
<vargte respident="Apr07_01_percent_of_137156945_section_1_item_19_num_RESPONSE_9909758"><![CDATA[1968.8]]></vargte>
<varlte respident="Apr07_01_percent_of_137156945_section_1_item_19_num_RESPONSE_9909758"><![CDATA[1988.8]]></varlte>
</and>
</or>
</conditionvar>
<setvar varname="SCORE" action="Set">2</setvar>
<displayfeedback feedbacktype="Response" linkrefid="correct_fb"/>
</respcondition>
<respcondition continue="Yes">
<conditionvar>
<other/>
</conditionvar>
<displayfeedback feedbacktype="Response" linkrefid="general_incorrect_fb"/>
</respcondition>
</resprocessing>
<itemfeedback ident="correct_fb" view="All">
<flow_mat>
<material>
<mattext texttype="text/html"><![CDATA[
<p>For a “percent of” question, the scale factor is simply the given percentage number divided by 100.</p>
<p>Determine that the scale factor equals 5.1 and multiply it by the given value.</p>
<p><math display="block" xmlns="http://www.w3.org/1998/Math/MathML"><semantics><mrow><mn>5.1</mn><mo>⋅</mo><mn>388</mn><mspace width="0.222em"></mspace><mo>=</mo><mspace width="0.222em"></mspace><mn>1978.8</mn></mrow><annotation encoding="application/x-tex">5.1\cdot 388 ~=~ 1978.8</annotation></semantics></math></p>
]]></mattext>
</material>
</flow_mat>
</itemfeedback>
<itemfeedback ident="general_incorrect_fb" view="All">
<flow_mat>
<material>
<mattext texttype="text/html"><![CDATA[
<p>For a “percent of” question, the scale factor is simply the given percentage number divided by 100.</p>
<p>Determine that the scale factor equals 5.1 and multiply it by the given value.</p>
<p><math display="block" xmlns="http://www.w3.org/1998/Math/MathML"><semantics><mrow><mn>5.1</mn><mo>⋅</mo><mn>388</mn><mspace width="0.222em"></mspace><mo>=</mo><mspace width="0.222em"></mspace><mn>1978.8</mn></mrow><annotation encoding="application/x-tex">5.1\cdot 388 ~=~ 1978.8</annotation></semantics></math></p>
]]></mattext>
</material>
</flow_mat>
</itemfeedback>
</item>

<item ident="Apr07_01_percent_of_137156945_section_1_item_20_num" title="Question" maxattempts="10">
<itemcontrol feedbackswitch="No" hintswitch="No" solutionswitch="Yes"/>
<itemmetadata>
<qtimetadata>
<qtimetadatafield>
<fieldlabel>question_type</fieldlabel>
<fieldentry>numerical_question</fieldentry>
</qtimetadatafield>
</qtimetadata>
</itemmetadata>
<presentation>
<flow>
<material>
<matbreak/>
<mattext texttype="text/html" charset="utf-8"><![CDATA[
<p>What is 8.69% of 673?</p>
]]></mattext>
<matbreak/>
</material>
<response_num ident="Apr07_01_percent_of_137156945_section_1_item_20_num_RESPONSE_2754691" rcardinality="Single" numtype="Decimal">
<render_fib fibtype="Decimal" maxchars="12">
<flow_label class="Block">
<response_label ident="Apr07_01_percent_of_137156945_section_1_item_20_num_RESPONSE_2754691" rshuffle="No"/>
</flow_label>
</render_fib>
</response_num>
<material>
<matbreak/>
</material>
</flow>
</presentation>
<resprocessing>
<outcomes>
<decvar varname="SCORE" vartype="Decimal" defaultval="0" minvalue="0" maxvalue="2" cutvalue="2"/>
</outcomes>
<respcondition title="Mastery" continue="No">
<conditionvar>

<or>
<varequal respident="Apr07_01_percent_of_137156945_section_1_item_20_num_RESPONSE_2754691" case="No"><![CDATA[58.4837]]></varequal>
<and>
<vargte respident="Apr07_01_percent_of_137156945_section_1_item_20_num_RESPONSE_2754691"><![CDATA[58.3837]]></vargte>
<varlte respident="Apr07_01_percent_of_137156945_section_1_item_20_num_RESPONSE_2754691"><![CDATA[58.5837]]></varlte>
</and>
</or>
</conditionvar>
<setvar varname="SCORE" action="Set">2</setvar>
<displayfeedback feedbacktype="Response" linkrefid="correct_fb"/>
</respcondition>
<respcondition continue="Yes">
<conditionvar>
<other/>
</conditionvar>
<displayfeedback feedbacktype="Response" linkrefid="general_incorrect_fb"/>
</respcondition>
</resprocessing>
<itemfeedback ident="correct_fb" view="All">
<flow_mat>
<material>
<mattext texttype="text/html"><![CDATA[
<p>For a “percent of” question, the scale factor is simply the given percentage number divided by 100.</p>
<p>Determine that the scale factor equals 0.0869 and multiply it by the given value.</p>
<p><math display="block" xmlns="http://www.w3.org/1998/Math/MathML"><semantics><mrow><mn>0.0869</mn><mo>⋅</mo><mn>673</mn><mspace width="0.222em"></mspace><mo>=</mo><mspace width="0.222em"></mspace><mn>58.4837</mn></mrow><annotation encoding="application/x-tex">0.0869\cdot 673 ~=~ 58.4837</annotation></semantics></math></p>
]]></mattext>
</material>
</flow_mat>
</itemfeedback>
<itemfeedback ident="general_incorrect_fb" view="All">
<flow_mat>
<material>
<mattext texttype="text/html"><![CDATA[
<p>For a “percent of” question, the scale factor is simply the given percentage number divided by 100.</p>
<p>Determine that the scale factor equals 0.0869 and multiply it by the given value.</p>
<p><math display="block" xmlns="http://www.w3.org/1998/Math/MathML"><semantics><mrow><mn>0.0869</mn><mo>⋅</mo><mn>673</mn><mspace width="0.222em"></mspace><mo>=</mo><mspace width="0.222em"></mspace><mn>58.4837</mn></mrow><annotation encoding="application/x-tex">0.0869\cdot 673 ~=~ 58.4837</annotation></semantics></math></p>
]]></mattext>
</material>
</flow_mat>
</itemfeedback>
</item>

<item ident="Apr07_01_percent_of_137156945_section_1_item_21_num" title="Question" maxattempts="10">
<itemcontrol feedbackswitch="No" hintswitch="No" solutionswitch="Yes"/>
<itemmetadata>
<qtimetadata>
<qtimetadatafield>
<fieldlabel>question_type</fieldlabel>
<fieldentry>numerical_question</fieldentry>
</qtimetadatafield>
</qtimetadata>
</itemmetadata>
<presentation>
<flow>
<material>
<matbreak/>
<mattext texttype="text/html" charset="utf-8"><![CDATA[
<p>What is 486% of 2.06?</p>
]]></mattext>
<matbreak/>
</material>
<response_num ident="Apr07_01_percent_of_137156945_section_1_item_21_num_RESPONSE_1421184" rcardinality="Single" numtype="Decimal">
<render_fib fibtype="Decimal" maxchars="12">
<flow_label class="Block">
<response_label ident="Apr07_01_percent_of_137156945_section_1_item_21_num_RESPONSE_1421184" rshuffle="No"/>
</flow_label>
</render_fib>
</response_num>
<material>
<matbreak/>
</material>
</flow>
</presentation>
<resprocessing>
<outcomes>
<decvar varname="SCORE" vartype="Decimal" defaultval="0" minvalue="0" maxvalue="2" cutvalue="2"/>
</outcomes>
<respcondition title="Mastery" continue="No">
<conditionvar>

<or>
<varequal respident="Apr07_01_percent_of_137156945_section_1_item_21_num_RESPONSE_1421184" case="No"><![CDATA[10.0116]]></varequal>
<and>
<vargte respident="Apr07_01_percent_of_137156945_section_1_item_21_num_RESPONSE_1421184"><![CDATA[9.9116]]></vargte>
<varlte respident="Apr07_01_percent_of_137156945_section_1_item_21_num_RESPONSE_1421184"><![CDATA[10.1116]]></varlte>
</and>
</or>
</conditionvar>
<setvar varname="SCORE" action="Set">2</setvar>
<displayfeedback feedbacktype="Response" linkrefid="correct_fb"/>
</respcondition>
<respcondition continue="Yes">
<conditionvar>
<other/>
</conditionvar>
<displayfeedback feedbacktype="Response" linkrefid="general_incorrect_fb"/>
</respcondition>
</resprocessing>
<itemfeedback ident="correct_fb" view="All">
<flow_mat>
<material>
<mattext texttype="text/html"><![CDATA[
<p>For a “percent of” question, the scale factor is simply the given percentage number divided by 100.</p>
<p>Determine that the scale factor equals 4.86 and multiply it by the given value.</p>
<p><math display="block" xmlns="http://www.w3.org/1998/Math/MathML"><semantics><mrow><mn>4.86</mn><mo>⋅</mo><mn>2.06</mn><mspace width="0.222em"></mspace><mo>=</mo><mspace width="0.222em"></mspace><mn>10.0116</mn></mrow><annotation encoding="application/x-tex">4.86\cdot 2.06 ~=~ 10.0116</annotation></semantics></math></p>
]]></mattext>
</material>
</flow_mat>
</itemfeedback>
<itemfeedback ident="general_incorrect_fb" view="All">
<flow_mat>
<material>
<mattext texttype="text/html"><![CDATA[
<p>For a “percent of” question, the scale factor is simply the given percentage number divided by 100.</p>
<p>Determine that the scale factor equals 4.86 and multiply it by the given value.</p>
<p><math display="block" xmlns="http://www.w3.org/1998/Math/MathML"><semantics><mrow><mn>4.86</mn><mo>⋅</mo><mn>2.06</mn><mspace width="0.222em"></mspace><mo>=</mo><mspace width="0.222em"></mspace><mn>10.0116</mn></mrow><annotation encoding="application/x-tex">4.86\cdot 2.06 ~=~ 10.0116</annotation></semantics></math></p>
]]></mattext>
</material>
</flow_mat>
</itemfeedback>
</item>

<item ident="Apr07_01_percent_of_137156945_section_1_item_22_num" title="Question" maxattempts="10">
<itemcontrol feedbackswitch="No" hintswitch="No" solutionswitch="Yes"/>
<itemmetadata>
<qtimetadata>
<qtimetadatafield>
<fieldlabel>question_type</fieldlabel>
<fieldentry>numerical_question</fieldentry>
</qtimetadatafield>
</qtimetadata>
</itemmetadata>
<presentation>
<flow>
<material>
<matbreak/>
<mattext texttype="text/html" charset="utf-8"><![CDATA[
<p>What is 88.3% of 9.82?</p>
]]></mattext>
<matbreak/>
</material>
<response_num ident="Apr07_01_percent_of_137156945_section_1_item_22_num_RESPONSE_4353973" rcardinality="Single" numtype="Decimal">
<render_fib fibtype="Decimal" maxchars="12">
<flow_label class="Block">
<response_label ident="Apr07_01_percent_of_137156945_section_1_item_22_num_RESPONSE_4353973" rshuffle="No"/>
</flow_label>
</render_fib>
</response_num>
<material>
<matbreak/>
</material>
</flow>
</presentation>
<resprocessing>
<outcomes>
<decvar varname="SCORE" vartype="Decimal" defaultval="0" minvalue="0" maxvalue="2" cutvalue="2"/>
</outcomes>
<respcondition title="Mastery" continue="No">
<conditionvar>

<or>
<varequal respident="Apr07_01_percent_of_137156945_section_1_item_22_num_RESPONSE_4353973" case="No"><![CDATA[8.67106]]></varequal>
<and>
<vargte respident="Apr07_01_percent_of_137156945_section_1_item_22_num_RESPONSE_4353973"><![CDATA[8.66106]]></vargte>
<varlte respident="Apr07_01_percent_of_137156945_section_1_item_22_num_RESPONSE_4353973"><![CDATA[8.68106]]></varlte>
</and>
</or>
</conditionvar>
<setvar varname="SCORE" action="Set">2</setvar>
<displayfeedback feedbacktype="Response" linkrefid="correct_fb"/>
</respcondition>
<respcondition continue="Yes">
<conditionvar>
<other/>
</conditionvar>
<displayfeedback feedbacktype="Response" linkrefid="general_incorrect_fb"/>
</respcondition>
</resprocessing>
<itemfeedback ident="correct_fb" view="All">
<flow_mat>
<material>
<mattext texttype="text/html"><![CDATA[
<p>For a “percent of” question, the scale factor is simply the given percentage number divided by 100.</p>
<p>Determine that the scale factor equals 0.883 and multiply it by the given value.</p>
<p><math display="block" xmlns="http://www.w3.org/1998/Math/MathML"><semantics><mrow><mn>0.883</mn><mo>⋅</mo><mn>9.82</mn><mspace width="0.222em"></mspace><mo>=</mo><mspace width="0.222em"></mspace><mn>8.67106</mn></mrow><annotation encoding="application/x-tex">0.883\cdot 9.82 ~=~ 8.67106</annotation></semantics></math></p>
]]></mattext>
</material>
</flow_mat>
</itemfeedback>
<itemfeedback ident="general_incorrect_fb" view="All">
<flow_mat>
<material>
<mattext texttype="text/html"><![CDATA[
<p>For a “percent of” question, the scale factor is simply the given percentage number divided by 100.</p>
<p>Determine that the scale factor equals 0.883 and multiply it by the given value.</p>
<p><math display="block" xmlns="http://www.w3.org/1998/Math/MathML"><semantics><mrow><mn>0.883</mn><mo>⋅</mo><mn>9.82</mn><mspace width="0.222em"></mspace><mo>=</mo><mspace width="0.222em"></mspace><mn>8.67106</mn></mrow><annotation encoding="application/x-tex">0.883\cdot 9.82 ~=~ 8.67106</annotation></semantics></math></p>
]]></mattext>
</material>
</flow_mat>
</itemfeedback>
</item>

<item ident="Apr07_01_percent_of_137156945_section_1_item_23_num" title="Question" maxattempts="10">
<itemcontrol feedbackswitch="No" hintswitch="No" solutionswitch="Yes"/>
<itemmetadata>
<qtimetadata>
<qtimetadatafield>
<fieldlabel>question_type</fieldlabel>
<fieldentry>numerical_question</fieldentry>
</qtimetadatafield>
</qtimetadata>
</itemmetadata>
<presentation>
<flow>
<material>
<matbreak/>
<mattext texttype="text/html" charset="utf-8"><![CDATA[
<p>What is 665% of 340?</p>
]]></mattext>
<matbreak/>
</material>
<response_num ident="Apr07_01_percent_of_137156945_section_1_item_23_num_RESPONSE_4168541" rcardinality="Single" numtype="Decimal">
<render_fib fibtype="Decimal" maxchars="12">
<flow_label class="Block">
<response_label ident="Apr07_01_percent_of_137156945_section_1_item_23_num_RESPONSE_4168541" rshuffle="No"/>
</flow_label>
</render_fib>
</response_num>
<material>
<matbreak/>
</material>
</flow>
</presentation>
<resprocessing>
<outcomes>
<decvar varname="SCORE" vartype="Decimal" defaultval="0" minvalue="0" maxvalue="2" cutvalue="2"/>
</outcomes>
<respcondition title="Mastery" continue="No">
<conditionvar>

<or>
<varequal respident="Apr07_01_percent_of_137156945_section_1_item_23_num_RESPONSE_4168541" case="No"><![CDATA[2261]]></varequal>
<and>
<vargte respident="Apr07_01_percent_of_137156945_section_1_item_23_num_RESPONSE_4168541"><![CDATA[2251]]></vargte>
<varlte respident="Apr07_01_percent_of_137156945_section_1_item_23_num_RESPONSE_4168541"><![CDATA[2271]]></varlte>
</and>
</or>
</conditionvar>
<setvar varname="SCORE" action="Set">2</setvar>
<displayfeedback feedbacktype="Response" linkrefid="correct_fb"/>
</respcondition>
<respcondition continue="Yes">
<conditionvar>
<other/>
</conditionvar>
<displayfeedback feedbacktype="Response" linkrefid="general_incorrect_fb"/>
</respcondition>
</resprocessing>
<itemfeedback ident="correct_fb" view="All">
<flow_mat>
<material>
<mattext texttype="text/html"><![CDATA[
<p>For a “percent of” question, the scale factor is simply the given percentage number divided by 100.</p>
<p>Determine that the scale factor equals 6.65 and multiply it by the given value.</p>
<p><math display="block" xmlns="http://www.w3.org/1998/Math/MathML"><semantics><mrow><mn>6.65</mn><mo>⋅</mo><mn>340</mn><mspace width="0.222em"></mspace><mo>=</mo><mspace width="0.222em"></mspace><mn>2261</mn></mrow><annotation encoding="application/x-tex">6.65\cdot 340 ~=~ 2261</annotation></semantics></math></p>
]]></mattext>
</material>
</flow_mat>
</itemfeedback>
<itemfeedback ident="general_incorrect_fb" view="All">
<flow_mat>
<material>
<mattext texttype="text/html"><![CDATA[
<p>For a “percent of” question, the scale factor is simply the given percentage number divided by 100.</p>
<p>Determine that the scale factor equals 6.65 and multiply it by the given value.</p>
<p><math display="block" xmlns="http://www.w3.org/1998/Math/MathML"><semantics><mrow><mn>6.65</mn><mo>⋅</mo><mn>340</mn><mspace width="0.222em"></mspace><mo>=</mo><mspace width="0.222em"></mspace><mn>2261</mn></mrow><annotation encoding="application/x-tex">6.65\cdot 340 ~=~ 2261</annotation></semantics></math></p>
]]></mattext>
</material>
</flow_mat>
</itemfeedback>
</item>

<item ident="Apr07_01_percent_of_137156945_section_1_item_24_num" title="Question" maxattempts="10">
<itemcontrol feedbackswitch="No" hintswitch="No" solutionswitch="Yes"/>
<itemmetadata>
<qtimetadata>
<qtimetadatafield>
<fieldlabel>question_type</fieldlabel>
<fieldentry>numerical_question</fieldentry>
</qtimetadatafield>
</qtimetadata>
</itemmetadata>
<presentation>
<flow>
<material>
<matbreak/>
<mattext texttype="text/html" charset="utf-8"><![CDATA[
<p>What is 0.673% of 18.1?</p>
]]></mattext>
<matbreak/>
</material>
<response_num ident="Apr07_01_percent_of_137156945_section_1_item_24_num_RESPONSE_9587832" rcardinality="Single" numtype="Decimal">
<render_fib fibtype="Decimal" maxchars="12">
<flow_label class="Block">
<response_label ident="Apr07_01_percent_of_137156945_section_1_item_24_num_RESPONSE_9587832" rshuffle="No"/>
</flow_label>
</render_fib>
</response_num>
<material>
<matbreak/>
</material>
</flow>
</presentation>
<resprocessing>
<outcomes>
<decvar varname="SCORE" vartype="Decimal" defaultval="0" minvalue="0" maxvalue="2" cutvalue="2"/>
</outcomes>
<respcondition title="Mastery" continue="No">
<conditionvar>

<or>
<varequal respident="Apr07_01_percent_of_137156945_section_1_item_24_num_RESPONSE_9587832" case="No"><![CDATA[0.121813]]></varequal>
<and>
<vargte respident="Apr07_01_percent_of_137156945_section_1_item_24_num_RESPONSE_9587832"><![CDATA[0.120813]]></vargte>
<varlte respident="Apr07_01_percent_of_137156945_section_1_item_24_num_RESPONSE_9587832"><![CDATA[0.122813]]></varlte>
</and>
</or>
</conditionvar>
<setvar varname="SCORE" action="Set">2</setvar>
<displayfeedback feedbacktype="Response" linkrefid="correct_fb"/>
</respcondition>
<respcondition continue="Yes">
<conditionvar>
<other/>
</conditionvar>
<displayfeedback feedbacktype="Response" linkrefid="general_incorrect_fb"/>
</respcondition>
</resprocessing>
<itemfeedback ident="correct_fb" view="All">
<flow_mat>
<material>
<mattext texttype="text/html"><![CDATA[
<p>For a “percent of” question, the scale factor is simply the given percentage number divided by 100.</p>
<p>Determine that the scale factor equals 0.00673 and multiply it by the given value.</p>
<p><math display="block" xmlns="http://www.w3.org/1998/Math/MathML"><semantics><mrow><mn>0.00673</mn><mo>⋅</mo><mn>18.1</mn><mspace width="0.222em"></mspace><mo>=</mo><mspace width="0.222em"></mspace><mn>0.121813</mn></mrow><annotation encoding="application/x-tex">0.00673\cdot 18.1 ~=~ 0.121813</annotation></semantics></math></p>
]]></mattext>
</material>
</flow_mat>
</itemfeedback>
<itemfeedback ident="general_incorrect_fb" view="All">
<flow_mat>
<material>
<mattext texttype="text/html"><![CDATA[
<p>For a “percent of” question, the scale factor is simply the given percentage number divided by 100.</p>
<p>Determine that the scale factor equals 0.00673 and multiply it by the given value.</p>
<p><math display="block" xmlns="http://www.w3.org/1998/Math/MathML"><semantics><mrow><mn>0.00673</mn><mo>⋅</mo><mn>18.1</mn><mspace width="0.222em"></mspace><mo>=</mo><mspace width="0.222em"></mspace><mn>0.121813</mn></mrow><annotation encoding="application/x-tex">0.00673\cdot 18.1 ~=~ 0.121813</annotation></semantics></math></p>
]]></mattext>
</material>
</flow_mat>
</itemfeedback>
</item>

<item ident="Apr07_01_percent_of_137156945_section_1_item_25_num" title="Question" maxattempts="10">
<itemcontrol feedbackswitch="No" hintswitch="No" solutionswitch="Yes"/>
<itemmetadata>
<qtimetadata>
<qtimetadatafield>
<fieldlabel>question_type</fieldlabel>
<fieldentry>numerical_question</fieldentry>
</qtimetadatafield>
</qtimetadata>
</itemmetadata>
<presentation>
<flow>
<material>
<matbreak/>
<mattext texttype="text/html" charset="utf-8"><![CDATA[
<p>What is 0.283% of 149?</p>
]]></mattext>
<matbreak/>
</material>
<response_num ident="Apr07_01_percent_of_137156945_section_1_item_25_num_RESPONSE_7407442" rcardinality="Single" numtype="Decimal">
<render_fib fibtype="Decimal" maxchars="12">
<flow_label class="Block">
<response_label ident="Apr07_01_percent_of_137156945_section_1_item_25_num_RESPONSE_7407442" rshuffle="No"/>
</flow_label>
</render_fib>
</response_num>
<material>
<matbreak/>
</material>
</flow>
</presentation>
<resprocessing>
<outcomes>
<decvar varname="SCORE" vartype="Decimal" defaultval="0" minvalue="0" maxvalue="2" cutvalue="2"/>
</outcomes>
<respcondition title="Mastery" continue="No">
<conditionvar>

<or>
<varequal respident="Apr07_01_percent_of_137156945_section_1_item_25_num_RESPONSE_7407442" case="No"><![CDATA[0.42167]]></varequal>
<and>
<vargte respident="Apr07_01_percent_of_137156945_section_1_item_25_num_RESPONSE_7407442"><![CDATA[0.42067]]></vargte>
<varlte respident="Apr07_01_percent_of_137156945_section_1_item_25_num_RESPONSE_7407442"><![CDATA[0.42267]]></varlte>
</and>
</or>
</conditionvar>
<setvar varname="SCORE" action="Set">2</setvar>
<displayfeedback feedbacktype="Response" linkrefid="correct_fb"/>
</respcondition>
<respcondition continue="Yes">
<conditionvar>
<other/>
</conditionvar>
<displayfeedback feedbacktype="Response" linkrefid="general_incorrect_fb"/>
</respcondition>
</resprocessing>
<itemfeedback ident="correct_fb" view="All">
<flow_mat>
<material>
<mattext texttype="text/html"><![CDATA[
<p>For a “percent of” question, the scale factor is simply the given percentage number divided by 100.</p>
<p>Determine that the scale factor equals 0.00283 and multiply it by the given value.</p>
<p><math display="block" xmlns="http://www.w3.org/1998/Math/MathML"><semantics><mrow><mn>0.00283</mn><mo>⋅</mo><mn>149</mn><mspace width="0.222em"></mspace><mo>=</mo><mspace width="0.222em"></mspace><mn>0.42167</mn></mrow><annotation encoding="application/x-tex">0.00283\cdot 149 ~=~ 0.42167</annotation></semantics></math></p>
]]></mattext>
</material>
</flow_mat>
</itemfeedback>
<itemfeedback ident="general_incorrect_fb" view="All">
<flow_mat>
<material>
<mattext texttype="text/html"><![CDATA[
<p>For a “percent of” question, the scale factor is simply the given percentage number divided by 100.</p>
<p>Determine that the scale factor equals 0.00283 and multiply it by the given value.</p>
<p><math display="block" xmlns="http://www.w3.org/1998/Math/MathML"><semantics><mrow><mn>0.00283</mn><mo>⋅</mo><mn>149</mn><mspace width="0.222em"></mspace><mo>=</mo><mspace width="0.222em"></mspace><mn>0.42167</mn></mrow><annotation encoding="application/x-tex">0.00283\cdot 149 ~=~ 0.42167</annotation></semantics></math></p>
]]></mattext>
</material>
</flow_mat>
</itemfeedback>
</item>

<item ident="Apr07_01_percent_of_137156945_section_1_item_26_num" title="Question" maxattempts="10">
<itemcontrol feedbackswitch="No" hintswitch="No" solutionswitch="Yes"/>
<itemmetadata>
<qtimetadata>
<qtimetadatafield>
<fieldlabel>question_type</fieldlabel>
<fieldentry>numerical_question</fieldentry>
</qtimetadatafield>
</qtimetadata>
</itemmetadata>
<presentation>
<flow>
<material>
<matbreak/>
<mattext texttype="text/html" charset="utf-8"><![CDATA[
<p>What is 630% of 8.98?</p>
]]></mattext>
<matbreak/>
</material>
<response_num ident="Apr07_01_percent_of_137156945_section_1_item_26_num_RESPONSE_8153401" rcardinality="Single" numtype="Decimal">
<render_fib fibtype="Decimal" maxchars="12">
<flow_label class="Block">
<response_label ident="Apr07_01_percent_of_137156945_section_1_item_26_num_RESPONSE_8153401" rshuffle="No"/>
</flow_label>
</render_fib>
</response_num>
<material>
<matbreak/>
</material>
</flow>
</presentation>
<resprocessing>
<outcomes>
<decvar varname="SCORE" vartype="Decimal" defaultval="0" minvalue="0" maxvalue="2" cutvalue="2"/>
</outcomes>
<respcondition title="Mastery" continue="No">
<conditionvar>

<or>
<varequal respident="Apr07_01_percent_of_137156945_section_1_item_26_num_RESPONSE_8153401" case="No"><![CDATA[56.574]]></varequal>
<and>
<vargte respident="Apr07_01_percent_of_137156945_section_1_item_26_num_RESPONSE_8153401"><![CDATA[56.474]]></vargte>
<varlte respident="Apr07_01_percent_of_137156945_section_1_item_26_num_RESPONSE_8153401"><![CDATA[56.674]]></varlte>
</and>
</or>
</conditionvar>
<setvar varname="SCORE" action="Set">2</setvar>
<displayfeedback feedbacktype="Response" linkrefid="correct_fb"/>
</respcondition>
<respcondition continue="Yes">
<conditionvar>
<other/>
</conditionvar>
<displayfeedback feedbacktype="Response" linkrefid="general_incorrect_fb"/>
</respcondition>
</resprocessing>
<itemfeedback ident="correct_fb" view="All">
<flow_mat>
<material>
<mattext texttype="text/html"><![CDATA[
<p>For a “percent of” question, the scale factor is simply the given percentage number divided by 100.</p>
<p>Determine that the scale factor equals 6.3 and multiply it by the given value.</p>
<p><math display="block" xmlns="http://www.w3.org/1998/Math/MathML"><semantics><mrow><mn>6.3</mn><mo>⋅</mo><mn>8.98</mn><mspace width="0.222em"></mspace><mo>=</mo><mspace width="0.222em"></mspace><mn>56.574</mn></mrow><annotation encoding="application/x-tex">6.3\cdot 8.98 ~=~ 56.574</annotation></semantics></math></p>
]]></mattext>
</material>
</flow_mat>
</itemfeedback>
<itemfeedback ident="general_incorrect_fb" view="All">
<flow_mat>
<material>
<mattext texttype="text/html"><![CDATA[
<p>For a “percent of” question, the scale factor is simply the given percentage number divided by 100.</p>
<p>Determine that the scale factor equals 6.3 and multiply it by the given value.</p>
<p><math display="block" xmlns="http://www.w3.org/1998/Math/MathML"><semantics><mrow><mn>6.3</mn><mo>⋅</mo><mn>8.98</mn><mspace width="0.222em"></mspace><mo>=</mo><mspace width="0.222em"></mspace><mn>56.574</mn></mrow><annotation encoding="application/x-tex">6.3\cdot 8.98 ~=~ 56.574</annotation></semantics></math></p>
]]></mattext>
</material>
</flow_mat>
</itemfeedback>
</item>

<item ident="Apr07_01_percent_of_137156945_section_1_item_27_num" title="Question" maxattempts="10">
<itemcontrol feedbackswitch="No" hintswitch="No" solutionswitch="Yes"/>
<itemmetadata>
<qtimetadata>
<qtimetadatafield>
<fieldlabel>question_type</fieldlabel>
<fieldentry>numerical_question</fieldentry>
</qtimetadatafield>
</qtimetadata>
</itemmetadata>
<presentation>
<flow>
<material>
<matbreak/>
<mattext texttype="text/html" charset="utf-8"><![CDATA[
<p>What is 92.6% of 384?</p>
]]></mattext>
<matbreak/>
</material>
<response_num ident="Apr07_01_percent_of_137156945_section_1_item_27_num_RESPONSE_5557260" rcardinality="Single" numtype="Decimal">
<render_fib fibtype="Decimal" maxchars="12">
<flow_label class="Block">
<response_label ident="Apr07_01_percent_of_137156945_section_1_item_27_num_RESPONSE_5557260" rshuffle="No"/>
</flow_label>
</render_fib>
</response_num>
<material>
<matbreak/>
</material>
</flow>
</presentation>
<resprocessing>
<outcomes>
<decvar varname="SCORE" vartype="Decimal" defaultval="0" minvalue="0" maxvalue="2" cutvalue="2"/>
</outcomes>
<respcondition title="Mastery" continue="No">
<conditionvar>

<or>
<varequal respident="Apr07_01_percent_of_137156945_section_1_item_27_num_RESPONSE_5557260" case="No"><![CDATA[355.584]]></varequal>
<and>
<vargte respident="Apr07_01_percent_of_137156945_section_1_item_27_num_RESPONSE_5557260"><![CDATA[354.584]]></vargte>
<varlte respident="Apr07_01_percent_of_137156945_section_1_item_27_num_RESPONSE_5557260"><![CDATA[356.584]]></varlte>
</and>
</or>
</conditionvar>
<setvar varname="SCORE" action="Set">2</setvar>
<displayfeedback feedbacktype="Response" linkrefid="correct_fb"/>
</respcondition>
<respcondition continue="Yes">
<conditionvar>
<other/>
</conditionvar>
<displayfeedback feedbacktype="Response" linkrefid="general_incorrect_fb"/>
</respcondition>
</resprocessing>
<itemfeedback ident="correct_fb" view="All">
<flow_mat>
<material>
<mattext texttype="text/html"><![CDATA[
<p>For a “percent of” question, the scale factor is simply the given percentage number divided by 100.</p>
<p>Determine that the scale factor equals 0.926 and multiply it by the given value.</p>
<p><math display="block" xmlns="http://www.w3.org/1998/Math/MathML"><semantics><mrow><mn>0.926</mn><mo>⋅</mo><mn>384</mn><mspace width="0.222em"></mspace><mo>=</mo><mspace width="0.222em"></mspace><mn>355.584</mn></mrow><annotation encoding="application/x-tex">0.926\cdot 384 ~=~ 355.584</annotation></semantics></math></p>
]]></mattext>
</material>
</flow_mat>
</itemfeedback>
<itemfeedback ident="general_incorrect_fb" view="All">
<flow_mat>
<material>
<mattext texttype="text/html"><![CDATA[
<p>For a “percent of” question, the scale factor is simply the given percentage number divided by 100.</p>
<p>Determine that the scale factor equals 0.926 and multiply it by the given value.</p>
<p><math display="block" xmlns="http://www.w3.org/1998/Math/MathML"><semantics><mrow><mn>0.926</mn><mo>⋅</mo><mn>384</mn><mspace width="0.222em"></mspace><mo>=</mo><mspace width="0.222em"></mspace><mn>355.584</mn></mrow><annotation encoding="application/x-tex">0.926\cdot 384 ~=~ 355.584</annotation></semantics></math></p>
]]></mattext>
</material>
</flow_mat>
</itemfeedback>
</item>

<item ident="Apr07_01_percent_of_137156945_section_1_item_28_num" title="Question" maxattempts="10">
<itemcontrol feedbackswitch="No" hintswitch="No" solutionswitch="Yes"/>
<itemmetadata>
<qtimetadata>
<qtimetadatafield>
<fieldlabel>question_type</fieldlabel>
<fieldentry>numerical_question</fieldentry>
</qtimetadatafield>
</qtimetadata>
</itemmetadata>
<presentation>
<flow>
<material>
<matbreak/>
<mattext texttype="text/html" charset="utf-8"><![CDATA[
<p>What is 65.6% of 255?</p>
]]></mattext>
<matbreak/>
</material>
<response_num ident="Apr07_01_percent_of_137156945_section_1_item_28_num_RESPONSE_8383940" rcardinality="Single" numtype="Decimal">
<render_fib fibtype="Decimal" maxchars="12">
<flow_label class="Block">
<response_label ident="Apr07_01_percent_of_137156945_section_1_item_28_num_RESPONSE_8383940" rshuffle="No"/>
</flow_label>
</render_fib>
</response_num>
<material>
<matbreak/>
</material>
</flow>
</presentation>
<resprocessing>
<outcomes>
<decvar varname="SCORE" vartype="Decimal" defaultval="0" minvalue="0" maxvalue="2" cutvalue="2"/>
</outcomes>
<respcondition title="Mastery" continue="No">
<conditionvar>

<or>
<varequal respident="Apr07_01_percent_of_137156945_section_1_item_28_num_RESPONSE_8383940" case="No"><![CDATA[167.28]]></varequal>
<and>
<vargte respident="Apr07_01_percent_of_137156945_section_1_item_28_num_RESPONSE_8383940"><![CDATA[166.28]]></vargte>
<varlte respident="Apr07_01_percent_of_137156945_section_1_item_28_num_RESPONSE_8383940"><![CDATA[168.28]]></varlte>
</and>
</or>
</conditionvar>
<setvar varname="SCORE" action="Set">2</setvar>
<displayfeedback feedbacktype="Response" linkrefid="correct_fb"/>
</respcondition>
<respcondition continue="Yes">
<conditionvar>
<other/>
</conditionvar>
<displayfeedback feedbacktype="Response" linkrefid="general_incorrect_fb"/>
</respcondition>
</resprocessing>
<itemfeedback ident="correct_fb" view="All">
<flow_mat>
<material>
<mattext texttype="text/html"><![CDATA[
<p>For a “percent of” question, the scale factor is simply the given percentage number divided by 100.</p>
<p>Determine that the scale factor equals 0.656 and multiply it by the given value.</p>
<p><math display="block" xmlns="http://www.w3.org/1998/Math/MathML"><semantics><mrow><mn>0.656</mn><mo>⋅</mo><mn>255</mn><mspace width="0.222em"></mspace><mo>=</mo><mspace width="0.222em"></mspace><mn>167.28</mn></mrow><annotation encoding="application/x-tex">0.656\cdot 255 ~=~ 167.28</annotation></semantics></math></p>
]]></mattext>
</material>
</flow_mat>
</itemfeedback>
<itemfeedback ident="general_incorrect_fb" view="All">
<flow_mat>
<material>
<mattext texttype="text/html"><![CDATA[
<p>For a “percent of” question, the scale factor is simply the given percentage number divided by 100.</p>
<p>Determine that the scale factor equals 0.656 and multiply it by the given value.</p>
<p><math display="block" xmlns="http://www.w3.org/1998/Math/MathML"><semantics><mrow><mn>0.656</mn><mo>⋅</mo><mn>255</mn><mspace width="0.222em"></mspace><mo>=</mo><mspace width="0.222em"></mspace><mn>167.28</mn></mrow><annotation encoding="application/x-tex">0.656\cdot 255 ~=~ 167.28</annotation></semantics></math></p>
]]></mattext>
</material>
</flow_mat>
</itemfeedback>
</item>

<item ident="Apr07_01_percent_of_137156945_section_1_item_29_num" title="Question" maxattempts="10">
<itemcontrol feedbackswitch="No" hintswitch="No" solutionswitch="Yes"/>
<itemmetadata>
<qtimetadata>
<qtimetadatafield>
<fieldlabel>question_type</fieldlabel>
<fieldentry>numerical_question</fieldentry>
</qtimetadatafield>
</qtimetadata>
</itemmetadata>
<presentation>
<flow>
<material>
<matbreak/>
<mattext texttype="text/html" charset="utf-8"><![CDATA[
<p>What is 5.83% of 99.6?</p>
]]></mattext>
<matbreak/>
</material>
<response_num ident="Apr07_01_percent_of_137156945_section_1_item_29_num_RESPONSE_8632086" rcardinality="Single" numtype="Decimal">
<render_fib fibtype="Decimal" maxchars="12">
<flow_label class="Block">
<response_label ident="Apr07_01_percent_of_137156945_section_1_item_29_num_RESPONSE_8632086" rshuffle="No"/>
</flow_label>
</render_fib>
</response_num>
<material>
<matbreak/>
</material>
</flow>
</presentation>
<resprocessing>
<outcomes>
<decvar varname="SCORE" vartype="Decimal" defaultval="0" minvalue="0" maxvalue="2" cutvalue="2"/>
</outcomes>
<respcondition title="Mastery" continue="No">
<conditionvar>

<or>
<varequal respident="Apr07_01_percent_of_137156945_section_1_item_29_num_RESPONSE_8632086" case="No"><![CDATA[5.80668]]></varequal>
<and>
<vargte respident="Apr07_01_percent_of_137156945_section_1_item_29_num_RESPONSE_8632086"><![CDATA[5.79668]]></vargte>
<varlte respident="Apr07_01_percent_of_137156945_section_1_item_29_num_RESPONSE_8632086"><![CDATA[5.81668]]></varlte>
</and>
</or>
</conditionvar>
<setvar varname="SCORE" action="Set">2</setvar>
<displayfeedback feedbacktype="Response" linkrefid="correct_fb"/>
</respcondition>
<respcondition continue="Yes">
<conditionvar>
<other/>
</conditionvar>
<displayfeedback feedbacktype="Response" linkrefid="general_incorrect_fb"/>
</respcondition>
</resprocessing>
<itemfeedback ident="correct_fb" view="All">
<flow_mat>
<material>
<mattext texttype="text/html"><![CDATA[
<p>For a “percent of” question, the scale factor is simply the given percentage number divided by 100.</p>
<p>Determine that the scale factor equals 0.0583 and multiply it by the given value.</p>
<p><math display="block" xmlns="http://www.w3.org/1998/Math/MathML"><semantics><mrow><mn>0.0583</mn><mo>⋅</mo><mn>99.6</mn><mspace width="0.222em"></mspace><mo>=</mo><mspace width="0.222em"></mspace><mn>5.80668</mn></mrow><annotation encoding="application/x-tex">0.0583\cdot 99.6 ~=~ 5.80668</annotation></semantics></math></p>
]]></mattext>
</material>
</flow_mat>
</itemfeedback>
<itemfeedback ident="general_incorrect_fb" view="All">
<flow_mat>
<material>
<mattext texttype="text/html"><![CDATA[
<p>For a “percent of” question, the scale factor is simply the given percentage number divided by 100.</p>
<p>Determine that the scale factor equals 0.0583 and multiply it by the given value.</p>
<p><math display="block" xmlns="http://www.w3.org/1998/Math/MathML"><semantics><mrow><mn>0.0583</mn><mo>⋅</mo><mn>99.6</mn><mspace width="0.222em"></mspace><mo>=</mo><mspace width="0.222em"></mspace><mn>5.80668</mn></mrow><annotation encoding="application/x-tex">0.0583\cdot 99.6 ~=~ 5.80668</annotation></semantics></math></p>
]]></mattext>
</material>
</flow_mat>
</itemfeedback>
</item>

<item ident="Apr07_01_percent_of_137156945_section_1_item_30_num" title="Question" maxattempts="10">
<itemcontrol feedbackswitch="No" hintswitch="No" solutionswitch="Yes"/>
<itemmetadata>
<qtimetadata>
<qtimetadatafield>
<fieldlabel>question_type</fieldlabel>
<fieldentry>numerical_question</fieldentry>
</qtimetadatafield>
</qtimetadata>
</itemmetadata>
<presentation>
<flow>
<material>
<matbreak/>
<mattext texttype="text/html" charset="utf-8"><![CDATA[
<p>What is 216% of 226?</p>
]]></mattext>
<matbreak/>
</material>
<response_num ident="Apr07_01_percent_of_137156945_section_1_item_30_num_RESPONSE_4619062" rcardinality="Single" numtype="Decimal">
<render_fib fibtype="Decimal" maxchars="12">
<flow_label class="Block">
<response_label ident="Apr07_01_percent_of_137156945_section_1_item_30_num_RESPONSE_4619062" rshuffle="No"/>
</flow_label>
</render_fib>
</response_num>
<material>
<matbreak/>
</material>
</flow>
</presentation>
<resprocessing>
<outcomes>
<decvar varname="SCORE" vartype="Decimal" defaultval="0" minvalue="0" maxvalue="2" cutvalue="2"/>
</outcomes>
<respcondition title="Mastery" continue="No">
<conditionvar>

<or>
<varequal respident="Apr07_01_percent_of_137156945_section_1_item_30_num_RESPONSE_4619062" case="No"><![CDATA[488.16]]></varequal>
<and>
<vargte respident="Apr07_01_percent_of_137156945_section_1_item_30_num_RESPONSE_4619062"><![CDATA[487.16]]></vargte>
<varlte respident="Apr07_01_percent_of_137156945_section_1_item_30_num_RESPONSE_4619062"><![CDATA[489.16]]></varlte>
</and>
</or>
</conditionvar>
<setvar varname="SCORE" action="Set">2</setvar>
<displayfeedback feedbacktype="Response" linkrefid="correct_fb"/>
</respcondition>
<respcondition continue="Yes">
<conditionvar>
<other/>
</conditionvar>
<displayfeedback feedbacktype="Response" linkrefid="general_incorrect_fb"/>
</respcondition>
</resprocessing>
<itemfeedback ident="correct_fb" view="All">
<flow_mat>
<material>
<mattext texttype="text/html"><![CDATA[
<p>For a “percent of” question, the scale factor is simply the given percentage number divided by 100.</p>
<p>Determine that the scale factor equals 2.16 and multiply it by the given value.</p>
<p><math display="block" xmlns="http://www.w3.org/1998/Math/MathML"><semantics><mrow><mn>2.16</mn><mo>⋅</mo><mn>226</mn><mspace width="0.222em"></mspace><mo>=</mo><mspace width="0.222em"></mspace><mn>488.16</mn></mrow><annotation encoding="application/x-tex">2.16\cdot 226 ~=~ 488.16</annotation></semantics></math></p>
]]></mattext>
</material>
</flow_mat>
</itemfeedback>
<itemfeedback ident="general_incorrect_fb" view="All">
<flow_mat>
<material>
<mattext texttype="text/html"><![CDATA[
<p>For a “percent of” question, the scale factor is simply the given percentage number divided by 100.</p>
<p>Determine that the scale factor equals 2.16 and multiply it by the given value.</p>
<p><math display="block" xmlns="http://www.w3.org/1998/Math/MathML"><semantics><mrow><mn>2.16</mn><mo>⋅</mo><mn>226</mn><mspace width="0.222em"></mspace><mo>=</mo><mspace width="0.222em"></mspace><mn>488.16</mn></mrow><annotation encoding="application/x-tex">2.16\cdot 226 ~=~ 488.16</annotation></semantics></math></p>
]]></mattext>
</material>
</flow_mat>
</itemfeedback>
</item>


</section>

</assessment>
</questestinterop>
