<?xml version="1.0" encoding="UTF-8"?>
<!DOCTYPE questestinterop SYSTEM "ims_qtiasiv1p2p1.dtd">

<questestinterop>
<assessment ident="ET_164_105246225" title="ET_164">

<qtimetadata>
<qtimetadatafield>
<fieldlabel>cc_maxattempts</fieldlabel>
<fieldentry>3</fieldentry>
</qtimetadatafield>
<qtimetadatafield>
<fieldlabel>qmd_assessmenttype</fieldlabel>
<fieldentry>Assessment</fieldentry>
</qtimetadatafield>
</qtimetadata>
<objectives>
<material>
<mattext><![CDATA[Please solve the following exercises.]]></mattext>
</material>
</objectives>
<assessmentcontrol feedbackswitch="No" hintswitch="No" solutionswitch="Yes"/>
<outcomes_processing scoremodel="SumOfScores">
<outcomes>
<decvar varname="SCORE" vartype="Decimal" cutvalue="0"/>
</outcomes>
</outcomes_processing>
<assessfeedback title="AssessmentFeedback" ident="AssessmentFeedback">
<flow_mat>
<material>
<mattext>##AssessmentFeedback##</mattext>
</material>
</flow_mat>
</assessfeedback>

<section ident="ET_164_105246225_section_1" title="Exercise">

<objectives>
<material>
<mattext><![CDATA[Please answer the following question.]]></mattext>
</material>
</objectives>
<selection_ordering>
<selection>
<selection_number>1</selection_number>
<selection_extension>
<points_per_item>1</points_per_item>
</selection_extension>
</selection>
<order order_type="Random"/>
</selection_ordering>

<item ident="ET_164_105246225_section_1_item_01_schoice" title="Question" maxattempts="3">
<itemcontrol feedbackswitch="No" hintswitch="No" solutionswitch="Yes"/>
<itemmetadata>
<qtimetadata>
<qtimetadatafield>
<fieldlabel>question_type</fieldlabel>
<fieldentry>multiple_choice_question</fieldentry>
</qtimetadatafield>
</qtimetadata>
</itemmetadata>
<presentation>
<flow>
<material>
<matbreak/>
<mattext texttype="text/html" charset="utf-8"><![CDATA[
<p>Question ID: 04_403</p>
<p><img src="data/supplements1/xx.png" /></p>
]]></mattext>
<matbreak/>
</material>
<response_lid ident="ET_164_105246225_section_1_item_01_schoice_RESPONSE_1231363" rcardinality="Single" rtiming="No">
<render_choice shuffle="No">
<flow_label class="List">
<response_label ident="ET_164_105246225_section_1_item_01_schoice_5930343361" rshuffle="No">
<material>
<mattext texttype="text/html" charset="utf-8"><![CDATA[
 A
]]></mattext>
</material>
</response_label>
</flow_label>
<flow_label class="List">
<response_label ident="ET_164_105246225_section_1_item_01_schoice_4746507926" rshuffle="No">
<material>
<mattext texttype="text/html" charset="utf-8"><![CDATA[
 B
]]></mattext>
</material>
</response_label>
</flow_label>
<flow_label class="List">
<response_label ident="ET_164_105246225_section_1_item_01_schoice_3777424526" rshuffle="No">
<material>
<mattext texttype="text/html" charset="utf-8"><![CDATA[
 C
]]></mattext>
</material>
</response_label>
</flow_label>
<flow_label class="List">
<response_label ident="ET_164_105246225_section_1_item_01_schoice_1394244394" rshuffle="No">
<material>
<mattext texttype="text/html" charset="utf-8"><![CDATA[
 D
]]></mattext>
</material>
</response_label>
</flow_label>
</render_choice>
</response_lid>
</flow>
</presentation>
<resprocessing>
<outcomes>
<decvar varname="SCORE" vartype="Decimal" defaultval="0" minvalue="0" maxvalue="1" cutvalue="1"/>
</outcomes>
<respcondition title="Mastery" continue="No">
<conditionvar>
<and>
<varequal respident="ET_164_105246225_section_1_item_01_schoice_RESPONSE_1231363" case="Yes">ET_164_105246225_section_1_item_01_schoice_3777424526</varequal>
<not> <varequal respident="ET_164_105246225_section_1_item_01_schoice_RESPONSE_1231363" case="Yes">ET_164_105246225_section_1_item_01_schoice_5930343361</varequal> </not>
<not> <varequal respident="ET_164_105246225_section_1_item_01_schoice_RESPONSE_1231363" case="Yes">ET_164_105246225_section_1_item_01_schoice_4746507926</varequal> </not>
<not> <varequal respident="ET_164_105246225_section_1_item_01_schoice_RESPONSE_1231363" case="Yes">ET_164_105246225_section_1_item_01_schoice_1394244394</varequal> </not>
</and>
</conditionvar>
<setvar varname="SCORE" action="Set">1</setvar>
<displayfeedback feedbacktype="Response" linkrefid="correct_fb"/>
</respcondition>
<respcondition continue="Yes">
<conditionvar>
<other/>
</conditionvar>
<displayfeedback feedbacktype="Response" linkrefid="general_incorrect_fb"/>
</respcondition>
</resprocessing>
<itemfeedback ident="correct_fb" view="All">
<flow_mat>
<material>
<mattext texttype="text/html"><![CDATA[
<p>The correct answer is C</p>
]]></mattext>
</material>
</flow_mat>
</itemfeedback>
<itemfeedback ident="general_incorrect_fb" view="All">
<flow_mat>
<material>
<mattext texttype="text/html"><![CDATA[
<p>The correct answer is C</p>
]]></mattext>
</material>
</flow_mat>
</itemfeedback>
</item>

<item ident="ET_164_105246225_section_1_item_02_num" title="Question" maxattempts="3">
<itemcontrol feedbackswitch="No" hintswitch="No" solutionswitch="Yes"/>
<itemmetadata>
<qtimetadata>
<qtimetadatafield>
<fieldlabel>question_type</fieldlabel>
<fieldentry>numerical_question</fieldentry>
</qtimetadatafield>
</qtimetadata>
</itemmetadata>
<presentation>
<flow>
<material>
<matbreak/>
<mattext texttype="text/html" charset="utf-8"><![CDATA[
<p>Question ID: 12_120</p>
<p><img src="data/supplements2/xx.png" /></p>
]]></mattext>
<matbreak/>
</material>
<response_num ident="ET_164_105246225_section_1_item_02_num_RESPONSE_4991578" rcardinality="Single" numtype="Decimal">
<render_fib fibtype="Decimal" maxchars="12">
<flow_label class="Block">
<response_label ident="ET_164_105246225_section_1_item_02_num_RESPONSE_4991578" rshuffle="No"/>
</flow_label>
</render_fib>
</response_num>
<material>
<matbreak/>
</material>
</flow>
</presentation>
<resprocessing>
<outcomes>
<decvar varname="SCORE" vartype="Decimal" defaultval="0" minvalue="0" maxvalue="1" cutvalue="1"/>
</outcomes>
<respcondition title="Mastery" continue="No">
<conditionvar>

<or>
<varequal respident="ET_164_105246225_section_1_item_02_num_RESPONSE_4991578" case="No"><![CDATA[8]]></varequal>
<and>
<vargte respident="ET_164_105246225_section_1_item_02_num_RESPONSE_4991578"><![CDATA[7.99999]]></vargte>
<varlte respident="ET_164_105246225_section_1_item_02_num_RESPONSE_4991578"><![CDATA[8.00001]]></varlte>
</and>
</or>
</conditionvar>
<setvar varname="SCORE" action="Set">1</setvar>
<displayfeedback feedbacktype="Response" linkrefid="correct_fb"/>
</respcondition>
<respcondition continue="Yes">
<conditionvar>
<other/>
</conditionvar>
<displayfeedback feedbacktype="Response" linkrefid="general_incorrect_fb"/>
</respcondition>
</resprocessing>
<itemfeedback ident="correct_fb" view="All">
<flow_mat>
<material>
<mattext texttype="text/html"><![CDATA[
<p>The correct answer is 8.</p>
]]></mattext>
</material>
</flow_mat>
</itemfeedback>
<itemfeedback ident="general_incorrect_fb" view="All">
<flow_mat>
<material>
<mattext texttype="text/html"><![CDATA[
<p>The correct answer is 8.</p>
]]></mattext>
</material>
</flow_mat>
</itemfeedback>
</item>

<item ident="ET_164_105246225_section_1_item_03_schoice" title="Question" maxattempts="3">
<itemcontrol feedbackswitch="No" hintswitch="No" solutionswitch="Yes"/>
<itemmetadata>
<qtimetadata>
<qtimetadatafield>
<fieldlabel>question_type</fieldlabel>
<fieldentry>multiple_choice_question</fieldentry>
</qtimetadatafield>
</qtimetadata>
</itemmetadata>
<presentation>
<flow>
<material>
<matbreak/>
<mattext texttype="text/html" charset="utf-8"><![CDATA[
<p>Question ID: 01_401</p>
<p><img src="data/supplements3/xx.png" /></p>
]]></mattext>
<matbreak/>
</material>
<response_lid ident="ET_164_105246225_section_1_item_03_schoice_RESPONSE_3502316" rcardinality="Single" rtiming="No">
<render_choice shuffle="No">
<flow_label class="List">
<response_label ident="ET_164_105246225_section_1_item_03_schoice_3810574576" rshuffle="No">
<material>
<mattext texttype="text/html" charset="utf-8"><![CDATA[
 A
]]></mattext>
</material>
</response_label>
</flow_label>
<flow_label class="List">
<response_label ident="ET_164_105246225_section_1_item_03_schoice_7013064035" rshuffle="No">
<material>
<mattext texttype="text/html" charset="utf-8"><![CDATA[
 B
]]></mattext>
</material>
</response_label>
</flow_label>
<flow_label class="List">
<response_label ident="ET_164_105246225_section_1_item_03_schoice_7238460768" rshuffle="No">
<material>
<mattext texttype="text/html" charset="utf-8"><![CDATA[
 C
]]></mattext>
</material>
</response_label>
</flow_label>
<flow_label class="List">
<response_label ident="ET_164_105246225_section_1_item_03_schoice_9467982410" rshuffle="No">
<material>
<mattext texttype="text/html" charset="utf-8"><![CDATA[
 D
]]></mattext>
</material>
</response_label>
</flow_label>
</render_choice>
</response_lid>
</flow>
</presentation>
<resprocessing>
<outcomes>
<decvar varname="SCORE" vartype="Decimal" defaultval="0" minvalue="0" maxvalue="1" cutvalue="1"/>
</outcomes>
<respcondition title="Mastery" continue="No">
<conditionvar>
<and>
<varequal respident="ET_164_105246225_section_1_item_03_schoice_RESPONSE_3502316" case="Yes">ET_164_105246225_section_1_item_03_schoice_7013064035</varequal>
<not> <varequal respident="ET_164_105246225_section_1_item_03_schoice_RESPONSE_3502316" case="Yes">ET_164_105246225_section_1_item_03_schoice_3810574576</varequal> </not>
<not> <varequal respident="ET_164_105246225_section_1_item_03_schoice_RESPONSE_3502316" case="Yes">ET_164_105246225_section_1_item_03_schoice_7238460768</varequal> </not>
<not> <varequal respident="ET_164_105246225_section_1_item_03_schoice_RESPONSE_3502316" case="Yes">ET_164_105246225_section_1_item_03_schoice_9467982410</varequal> </not>
</and>
</conditionvar>
<setvar varname="SCORE" action="Set">1</setvar>
<displayfeedback feedbacktype="Response" linkrefid="correct_fb"/>
</respcondition>
<respcondition continue="Yes">
<conditionvar>
<other/>
</conditionvar>
<displayfeedback feedbacktype="Response" linkrefid="general_incorrect_fb"/>
</respcondition>
</resprocessing>
<itemfeedback ident="correct_fb" view="All">
<flow_mat>
<material>
<mattext texttype="text/html"><![CDATA[
<p>The correct answer is B</p>
]]></mattext>
</material>
</flow_mat>
</itemfeedback>
<itemfeedback ident="general_incorrect_fb" view="All">
<flow_mat>
<material>
<mattext texttype="text/html"><![CDATA[
<p>The correct answer is B</p>
]]></mattext>
</material>
</flow_mat>
</itemfeedback>
</item>

<item ident="ET_164_105246225_section_1_item_04_num" title="Question" maxattempts="3">
<itemcontrol feedbackswitch="No" hintswitch="No" solutionswitch="Yes"/>
<itemmetadata>
<qtimetadata>
<qtimetadatafield>
<fieldlabel>question_type</fieldlabel>
<fieldentry>numerical_question</fieldentry>
</qtimetadatafield>
</qtimetadata>
</itemmetadata>
<presentation>
<flow>
<material>
<matbreak/>
<mattext texttype="text/html" charset="utf-8"><![CDATA[
<p>Question ID: 13_113</p>
<p><img src="data/supplements4/xx.png" /></p>
]]></mattext>
<matbreak/>
</material>
<response_num ident="ET_164_105246225_section_1_item_04_num_RESPONSE_2319504" rcardinality="Single" numtype="Decimal">
<render_fib fibtype="Decimal" maxchars="12">
<flow_label class="Block">
<response_label ident="ET_164_105246225_section_1_item_04_num_RESPONSE_2319504" rshuffle="No"/>
</flow_label>
</render_fib>
</response_num>
<material>
<matbreak/>
</material>
</flow>
</presentation>
<resprocessing>
<outcomes>
<decvar varname="SCORE" vartype="Decimal" defaultval="0" minvalue="0" maxvalue="1" cutvalue="1"/>
</outcomes>
<respcondition title="Mastery" continue="No">
<conditionvar>

<or>
<varequal respident="ET_164_105246225_section_1_item_04_num_RESPONSE_2319504" case="No"><![CDATA[410]]></varequal>
<and>
<vargte respident="ET_164_105246225_section_1_item_04_num_RESPONSE_2319504"><![CDATA[409.99999]]></vargte>
<varlte respident="ET_164_105246225_section_1_item_04_num_RESPONSE_2319504"><![CDATA[410.00001]]></varlte>
</and>
</or>
</conditionvar>
<setvar varname="SCORE" action="Set">1</setvar>
<displayfeedback feedbacktype="Response" linkrefid="correct_fb"/>
</respcondition>
<respcondition continue="Yes">
<conditionvar>
<other/>
</conditionvar>
<displayfeedback feedbacktype="Response" linkrefid="general_incorrect_fb"/>
</respcondition>
</resprocessing>
<itemfeedback ident="correct_fb" view="All">
<flow_mat>
<material>
<mattext texttype="text/html"><![CDATA[
<p>The correct answer is 410.</p>
]]></mattext>
</material>
</flow_mat>
</itemfeedback>
<itemfeedback ident="general_incorrect_fb" view="All">
<flow_mat>
<material>
<mattext texttype="text/html"><![CDATA[
<p>The correct answer is 410.</p>
]]></mattext>
</material>
</flow_mat>
</itemfeedback>
</item>

<item ident="ET_164_105246225_section_1_item_05_schoice" title="Question" maxattempts="3">
<itemcontrol feedbackswitch="No" hintswitch="No" solutionswitch="Yes"/>
<itemmetadata>
<qtimetadata>
<qtimetadatafield>
<fieldlabel>question_type</fieldlabel>
<fieldentry>multiple_choice_question</fieldentry>
</qtimetadatafield>
</qtimetadata>
</itemmetadata>
<presentation>
<flow>
<material>
<matbreak/>
<mattext texttype="text/html" charset="utf-8"><![CDATA[
<p>Question ID: 03_427</p>
<p><img src="data/supplements5/xx.png" /></p>
]]></mattext>
<matbreak/>
</material>
<response_lid ident="ET_164_105246225_section_1_item_05_schoice_RESPONSE_7495809" rcardinality="Single" rtiming="No">
<render_choice shuffle="No">
<flow_label class="List">
<response_label ident="ET_164_105246225_section_1_item_05_schoice_7561345890" rshuffle="No">
<material>
<mattext texttype="text/html" charset="utf-8"><![CDATA[
 A
]]></mattext>
</material>
</response_label>
</flow_label>
<flow_label class="List">
<response_label ident="ET_164_105246225_section_1_item_05_schoice_5286389164" rshuffle="No">
<material>
<mattext texttype="text/html" charset="utf-8"><![CDATA[
 B
]]></mattext>
</material>
</response_label>
</flow_label>
<flow_label class="List">
<response_label ident="ET_164_105246225_section_1_item_05_schoice_5139486112" rshuffle="No">
<material>
<mattext texttype="text/html" charset="utf-8"><![CDATA[
 C
]]></mattext>
</material>
</response_label>
</flow_label>
<flow_label class="List">
<response_label ident="ET_164_105246225_section_1_item_05_schoice_5131868231" rshuffle="No">
<material>
<mattext texttype="text/html" charset="utf-8"><![CDATA[
 D
]]></mattext>
</material>
</response_label>
</flow_label>
</render_choice>
</response_lid>
</flow>
</presentation>
<resprocessing>
<outcomes>
<decvar varname="SCORE" vartype="Decimal" defaultval="0" minvalue="0" maxvalue="1" cutvalue="1"/>
</outcomes>
<respcondition title="Mastery" continue="No">
<conditionvar>
<and>
<varequal respident="ET_164_105246225_section_1_item_05_schoice_RESPONSE_7495809" case="Yes">ET_164_105246225_section_1_item_05_schoice_5139486112</varequal>
<not> <varequal respident="ET_164_105246225_section_1_item_05_schoice_RESPONSE_7495809" case="Yes">ET_164_105246225_section_1_item_05_schoice_7561345890</varequal> </not>
<not> <varequal respident="ET_164_105246225_section_1_item_05_schoice_RESPONSE_7495809" case="Yes">ET_164_105246225_section_1_item_05_schoice_5286389164</varequal> </not>
<not> <varequal respident="ET_164_105246225_section_1_item_05_schoice_RESPONSE_7495809" case="Yes">ET_164_105246225_section_1_item_05_schoice_5131868231</varequal> </not>
</and>
</conditionvar>
<setvar varname="SCORE" action="Set">1</setvar>
<displayfeedback feedbacktype="Response" linkrefid="correct_fb"/>
</respcondition>
<respcondition continue="Yes">
<conditionvar>
<other/>
</conditionvar>
<displayfeedback feedbacktype="Response" linkrefid="general_incorrect_fb"/>
</respcondition>
</resprocessing>
<itemfeedback ident="correct_fb" view="All">
<flow_mat>
<material>
<mattext texttype="text/html"><![CDATA[
<p>The correct answer is C</p>
]]></mattext>
</material>
</flow_mat>
</itemfeedback>
<itemfeedback ident="general_incorrect_fb" view="All">
<flow_mat>
<material>
<mattext texttype="text/html"><![CDATA[
<p>The correct answer is C</p>
]]></mattext>
</material>
</flow_mat>
</itemfeedback>
</item>

<item ident="ET_164_105246225_section_1_item_06_num" title="Question" maxattempts="3">
<itemcontrol feedbackswitch="No" hintswitch="No" solutionswitch="Yes"/>
<itemmetadata>
<qtimetadata>
<qtimetadatafield>
<fieldlabel>question_type</fieldlabel>
<fieldentry>numerical_question</fieldentry>
</qtimetadatafield>
</qtimetadata>
</itemmetadata>
<presentation>
<flow>
<material>
<matbreak/>
<mattext texttype="text/html" charset="utf-8"><![CDATA[
<p>Question ID: 13_107</p>
<p><img src="data/supplements6/xx.png" /></p>
]]></mattext>
<matbreak/>
</material>
<response_num ident="ET_164_105246225_section_1_item_06_num_RESPONSE_6236236" rcardinality="Single" numtype="Decimal">
<render_fib fibtype="Decimal" maxchars="12">
<flow_label class="Block">
<response_label ident="ET_164_105246225_section_1_item_06_num_RESPONSE_6236236" rshuffle="No"/>
</flow_label>
</render_fib>
</response_num>
<material>
<matbreak/>
</material>
</flow>
</presentation>
<resprocessing>
<outcomes>
<decvar varname="SCORE" vartype="Decimal" defaultval="0" minvalue="0" maxvalue="1" cutvalue="1"/>
</outcomes>
<respcondition title="Mastery" continue="No">
<conditionvar>

<or>
<varequal respident="ET_164_105246225_section_1_item_06_num_RESPONSE_6236236" case="No"><![CDATA[40]]></varequal>
<and>
<vargte respident="ET_164_105246225_section_1_item_06_num_RESPONSE_6236236"><![CDATA[39.99999]]></vargte>
<varlte respident="ET_164_105246225_section_1_item_06_num_RESPONSE_6236236"><![CDATA[40.00001]]></varlte>
</and>
</or>
</conditionvar>
<setvar varname="SCORE" action="Set">1</setvar>
<displayfeedback feedbacktype="Response" linkrefid="correct_fb"/>
</respcondition>
<respcondition continue="Yes">
<conditionvar>
<other/>
</conditionvar>
<displayfeedback feedbacktype="Response" linkrefid="general_incorrect_fb"/>
</respcondition>
</resprocessing>
<itemfeedback ident="correct_fb" view="All">
<flow_mat>
<material>
<mattext texttype="text/html"><![CDATA[
<p>The correct answer is 40.</p>
]]></mattext>
</material>
</flow_mat>
</itemfeedback>
<itemfeedback ident="general_incorrect_fb" view="All">
<flow_mat>
<material>
<mattext texttype="text/html"><![CDATA[
<p>The correct answer is 40.</p>
]]></mattext>
</material>
</flow_mat>
</itemfeedback>
</item>

<item ident="ET_164_105246225_section_1_item_07_schoice" title="Question" maxattempts="3">
<itemcontrol feedbackswitch="No" hintswitch="No" solutionswitch="Yes"/>
<itemmetadata>
<qtimetadata>
<qtimetadatafield>
<fieldlabel>question_type</fieldlabel>
<fieldentry>multiple_choice_question</fieldentry>
</qtimetadatafield>
</qtimetadata>
</itemmetadata>
<presentation>
<flow>
<material>
<matbreak/>
<mattext texttype="text/html" charset="utf-8"><![CDATA[
<p>Question ID: 14_224</p>
<p><img src="data/supplements7/xx.png" /></p>
]]></mattext>
<matbreak/>
</material>
<response_lid ident="ET_164_105246225_section_1_item_07_schoice_RESPONSE_3144146" rcardinality="Single" rtiming="No">
<render_choice shuffle="No">
<flow_label class="List">
<response_label ident="ET_164_105246225_section_1_item_07_schoice_4925751011" rshuffle="No">
<material>
<mattext texttype="text/html" charset="utf-8"><![CDATA[
 A
]]></mattext>
</material>
</response_label>
</flow_label>
<flow_label class="List">
<response_label ident="ET_164_105246225_section_1_item_07_schoice_3052900179" rshuffle="No">
<material>
<mattext texttype="text/html" charset="utf-8"><![CDATA[
 B
]]></mattext>
</material>
</response_label>
</flow_label>
<flow_label class="List">
<response_label ident="ET_164_105246225_section_1_item_07_schoice_1851527373" rshuffle="No">
<material>
<mattext texttype="text/html" charset="utf-8"><![CDATA[
 C
]]></mattext>
</material>
</response_label>
</flow_label>
<flow_label class="List">
<response_label ident="ET_164_105246225_section_1_item_07_schoice_5091002866" rshuffle="No">
<material>
<mattext texttype="text/html" charset="utf-8"><![CDATA[
 D
]]></mattext>
</material>
</response_label>
</flow_label>
</render_choice>
</response_lid>
</flow>
</presentation>
<resprocessing>
<outcomes>
<decvar varname="SCORE" vartype="Decimal" defaultval="0" minvalue="0" maxvalue="1" cutvalue="1"/>
</outcomes>
<respcondition title="Mastery" continue="No">
<conditionvar>
<and>
<varequal respident="ET_164_105246225_section_1_item_07_schoice_RESPONSE_3144146" case="Yes">ET_164_105246225_section_1_item_07_schoice_1851527373</varequal>
<not> <varequal respident="ET_164_105246225_section_1_item_07_schoice_RESPONSE_3144146" case="Yes">ET_164_105246225_section_1_item_07_schoice_4925751011</varequal> </not>
<not> <varequal respident="ET_164_105246225_section_1_item_07_schoice_RESPONSE_3144146" case="Yes">ET_164_105246225_section_1_item_07_schoice_3052900179</varequal> </not>
<not> <varequal respident="ET_164_105246225_section_1_item_07_schoice_RESPONSE_3144146" case="Yes">ET_164_105246225_section_1_item_07_schoice_5091002866</varequal> </not>
</and>
</conditionvar>
<setvar varname="SCORE" action="Set">1</setvar>
<displayfeedback feedbacktype="Response" linkrefid="correct_fb"/>
</respcondition>
<respcondition continue="Yes">
<conditionvar>
<other/>
</conditionvar>
<displayfeedback feedbacktype="Response" linkrefid="general_incorrect_fb"/>
</respcondition>
</resprocessing>
<itemfeedback ident="correct_fb" view="All">
<flow_mat>
<material>
<mattext texttype="text/html"><![CDATA[
<p>The correct answer is C</p>
]]></mattext>
</material>
</flow_mat>
</itemfeedback>
<itemfeedback ident="general_incorrect_fb" view="All">
<flow_mat>
<material>
<mattext texttype="text/html"><![CDATA[
<p>The correct answer is C</p>
]]></mattext>
</material>
</flow_mat>
</itemfeedback>
</item>

<item ident="ET_164_105246225_section_1_item_08_schoice" title="Question" maxattempts="3">
<itemcontrol feedbackswitch="No" hintswitch="No" solutionswitch="Yes"/>
<itemmetadata>
<qtimetadata>
<qtimetadatafield>
<fieldlabel>question_type</fieldlabel>
<fieldentry>multiple_choice_question</fieldentry>
</qtimetadatafield>
</qtimetadata>
</itemmetadata>
<presentation>
<flow>
<material>
<matbreak/>
<mattext texttype="text/html" charset="utf-8"><![CDATA[
<p>Question ID: 08_426</p>
<p><img src="data/supplements8/xx.png" /></p>
]]></mattext>
<matbreak/>
</material>
<response_lid ident="ET_164_105246225_section_1_item_08_schoice_RESPONSE_1992613" rcardinality="Single" rtiming="No">
<render_choice shuffle="No">
<flow_label class="List">
<response_label ident="ET_164_105246225_section_1_item_08_schoice_9915539737" rshuffle="No">
<material>
<mattext texttype="text/html" charset="utf-8"><![CDATA[
 A
]]></mattext>
</material>
</response_label>
</flow_label>
<flow_label class="List">
<response_label ident="ET_164_105246225_section_1_item_08_schoice_4090821283" rshuffle="No">
<material>
<mattext texttype="text/html" charset="utf-8"><![CDATA[
 B
]]></mattext>
</material>
</response_label>
</flow_label>
<flow_label class="List">
<response_label ident="ET_164_105246225_section_1_item_08_schoice_3673705362" rshuffle="No">
<material>
<mattext texttype="text/html" charset="utf-8"><![CDATA[
 C
]]></mattext>
</material>
</response_label>
</flow_label>
<flow_label class="List">
<response_label ident="ET_164_105246225_section_1_item_08_schoice_7820672187" rshuffle="No">
<material>
<mattext texttype="text/html" charset="utf-8"><![CDATA[
 D
]]></mattext>
</material>
</response_label>
</flow_label>
</render_choice>
</response_lid>
</flow>
</presentation>
<resprocessing>
<outcomes>
<decvar varname="SCORE" vartype="Decimal" defaultval="0" minvalue="0" maxvalue="1" cutvalue="1"/>
</outcomes>
<respcondition title="Mastery" continue="No">
<conditionvar>
<and>
<varequal respident="ET_164_105246225_section_1_item_08_schoice_RESPONSE_1992613" case="Yes">ET_164_105246225_section_1_item_08_schoice_3673705362</varequal>
<not> <varequal respident="ET_164_105246225_section_1_item_08_schoice_RESPONSE_1992613" case="Yes">ET_164_105246225_section_1_item_08_schoice_9915539737</varequal> </not>
<not> <varequal respident="ET_164_105246225_section_1_item_08_schoice_RESPONSE_1992613" case="Yes">ET_164_105246225_section_1_item_08_schoice_4090821283</varequal> </not>
<not> <varequal respident="ET_164_105246225_section_1_item_08_schoice_RESPONSE_1992613" case="Yes">ET_164_105246225_section_1_item_08_schoice_7820672187</varequal> </not>
</and>
</conditionvar>
<setvar varname="SCORE" action="Set">1</setvar>
<displayfeedback feedbacktype="Response" linkrefid="correct_fb"/>
</respcondition>
<respcondition continue="Yes">
<conditionvar>
<other/>
</conditionvar>
<displayfeedback feedbacktype="Response" linkrefid="general_incorrect_fb"/>
</respcondition>
</resprocessing>
<itemfeedback ident="correct_fb" view="All">
<flow_mat>
<material>
<mattext texttype="text/html"><![CDATA[
<p>The correct answer is C</p>
]]></mattext>
</material>
</flow_mat>
</itemfeedback>
<itemfeedback ident="general_incorrect_fb" view="All">
<flow_mat>
<material>
<mattext texttype="text/html"><![CDATA[
<p>The correct answer is C</p>
]]></mattext>
</material>
</flow_mat>
</itemfeedback>
</item>

<item ident="ET_164_105246225_section_1_item_09_schoice" title="Question" maxattempts="3">
<itemcontrol feedbackswitch="No" hintswitch="No" solutionswitch="Yes"/>
<itemmetadata>
<qtimetadata>
<qtimetadatafield>
<fieldlabel>question_type</fieldlabel>
<fieldentry>multiple_choice_question</fieldentry>
</qtimetadatafield>
</qtimetadata>
</itemmetadata>
<presentation>
<flow>
<material>
<matbreak/>
<mattext texttype="text/html" charset="utf-8"><![CDATA[
<p>Question ID: 02_430</p>
<p><img src="data/supplements9/xx.png" /></p>
]]></mattext>
<matbreak/>
</material>
<response_lid ident="ET_164_105246225_section_1_item_09_schoice_RESPONSE_8092611" rcardinality="Single" rtiming="No">
<render_choice shuffle="No">
<flow_label class="List">
<response_label ident="ET_164_105246225_section_1_item_09_schoice_4427255696" rshuffle="No">
<material>
<mattext texttype="text/html" charset="utf-8"><![CDATA[
 A
]]></mattext>
</material>
</response_label>
</flow_label>
<flow_label class="List">
<response_label ident="ET_164_105246225_section_1_item_09_schoice_9127919280" rshuffle="No">
<material>
<mattext texttype="text/html" charset="utf-8"><![CDATA[
 B
]]></mattext>
</material>
</response_label>
</flow_label>
<flow_label class="List">
<response_label ident="ET_164_105246225_section_1_item_09_schoice_7224793097" rshuffle="No">
<material>
<mattext texttype="text/html" charset="utf-8"><![CDATA[
 C
]]></mattext>
</material>
</response_label>
</flow_label>
<flow_label class="List">
<response_label ident="ET_164_105246225_section_1_item_09_schoice_8846680473" rshuffle="No">
<material>
<mattext texttype="text/html" charset="utf-8"><![CDATA[
 D
]]></mattext>
</material>
</response_label>
</flow_label>
</render_choice>
</response_lid>
</flow>
</presentation>
<resprocessing>
<outcomes>
<decvar varname="SCORE" vartype="Decimal" defaultval="0" minvalue="0" maxvalue="1" cutvalue="1"/>
</outcomes>
<respcondition title="Mastery" continue="No">
<conditionvar>
<and>
<varequal respident="ET_164_105246225_section_1_item_09_schoice_RESPONSE_8092611" case="Yes">ET_164_105246225_section_1_item_09_schoice_4427255696</varequal>
<not> <varequal respident="ET_164_105246225_section_1_item_09_schoice_RESPONSE_8092611" case="Yes">ET_164_105246225_section_1_item_09_schoice_9127919280</varequal> </not>
<not> <varequal respident="ET_164_105246225_section_1_item_09_schoice_RESPONSE_8092611" case="Yes">ET_164_105246225_section_1_item_09_schoice_7224793097</varequal> </not>
<not> <varequal respident="ET_164_105246225_section_1_item_09_schoice_RESPONSE_8092611" case="Yes">ET_164_105246225_section_1_item_09_schoice_8846680473</varequal> </not>
</and>
</conditionvar>
<setvar varname="SCORE" action="Set">1</setvar>
<displayfeedback feedbacktype="Response" linkrefid="correct_fb"/>
</respcondition>
<respcondition continue="Yes">
<conditionvar>
<other/>
</conditionvar>
<displayfeedback feedbacktype="Response" linkrefid="general_incorrect_fb"/>
</respcondition>
</resprocessing>
<itemfeedback ident="correct_fb" view="All">
<flow_mat>
<material>
<mattext texttype="text/html"><![CDATA[
<p>The correct answer is A</p>
]]></mattext>
</material>
</flow_mat>
</itemfeedback>
<itemfeedback ident="general_incorrect_fb" view="All">
<flow_mat>
<material>
<mattext texttype="text/html"><![CDATA[
<p>The correct answer is A</p>
]]></mattext>
</material>
</flow_mat>
</itemfeedback>
</item>

<item ident="ET_164_105246225_section_1_item_10_num" title="Question" maxattempts="3">
<itemcontrol feedbackswitch="No" hintswitch="No" solutionswitch="Yes"/>
<itemmetadata>
<qtimetadata>
<qtimetadatafield>
<fieldlabel>question_type</fieldlabel>
<fieldentry>numerical_question</fieldentry>
</qtimetadatafield>
</qtimetadata>
</itemmetadata>
<presentation>
<flow>
<material>
<matbreak/>
<mattext texttype="text/html" charset="utf-8"><![CDATA[
<p>Question ID: 03_434</p>
<p><img src="data/supplements10/xx.png" /></p>
]]></mattext>
<matbreak/>
</material>
<response_num ident="ET_164_105246225_section_1_item_10_num_RESPONSE_7512059" rcardinality="Single" numtype="Decimal">
<render_fib fibtype="Decimal" maxchars="12">
<flow_label class="Block">
<response_label ident="ET_164_105246225_section_1_item_10_num_RESPONSE_7512059" rshuffle="No"/>
</flow_label>
</render_fib>
</response_num>
<material>
<matbreak/>
</material>
</flow>
</presentation>
<resprocessing>
<outcomes>
<decvar varname="SCORE" vartype="Decimal" defaultval="0" minvalue="0" maxvalue="1" cutvalue="1"/>
</outcomes>
<respcondition title="Mastery" continue="No">
<conditionvar>

<or>
<varequal respident="ET_164_105246225_section_1_item_10_num_RESPONSE_7512059" case="No"><![CDATA[0.625]]></varequal>
<and>
<vargte respident="ET_164_105246225_section_1_item_10_num_RESPONSE_7512059"><![CDATA[0.62499]]></vargte>
<varlte respident="ET_164_105246225_section_1_item_10_num_RESPONSE_7512059"><![CDATA[0.62501]]></varlte>
</and>
</or>
</conditionvar>
<setvar varname="SCORE" action="Set">1</setvar>
<displayfeedback feedbacktype="Response" linkrefid="correct_fb"/>
</respcondition>
<respcondition continue="Yes">
<conditionvar>
<other/>
</conditionvar>
<displayfeedback feedbacktype="Response" linkrefid="general_incorrect_fb"/>
</respcondition>
</resprocessing>
<itemfeedback ident="correct_fb" view="All">
<flow_mat>
<material>
<mattext texttype="text/html"><![CDATA[
<p>The correct answer is 0.625.</p>
]]></mattext>
</material>
</flow_mat>
</itemfeedback>
<itemfeedback ident="general_incorrect_fb" view="All">
<flow_mat>
<material>
<mattext texttype="text/html"><![CDATA[
<p>The correct answer is 0.625.</p>
]]></mattext>
</material>
</flow_mat>
</itemfeedback>
</item>

<item ident="ET_164_105246225_section_1_item_11_schoice" title="Question" maxattempts="3">
<itemcontrol feedbackswitch="No" hintswitch="No" solutionswitch="Yes"/>
<itemmetadata>
<qtimetadata>
<qtimetadatafield>
<fieldlabel>question_type</fieldlabel>
<fieldentry>multiple_choice_question</fieldentry>
</qtimetadatafield>
</qtimetadata>
</itemmetadata>
<presentation>
<flow>
<material>
<matbreak/>
<mattext texttype="text/html" charset="utf-8"><![CDATA[
<p>Question ID: 07_423</p>
<p><img src="data/supplements11/xx.png" /></p>
]]></mattext>
<matbreak/>
</material>
<response_lid ident="ET_164_105246225_section_1_item_11_schoice_RESPONSE_5018540" rcardinality="Single" rtiming="No">
<render_choice shuffle="No">
<flow_label class="List">
<response_label ident="ET_164_105246225_section_1_item_11_schoice_2783255761" rshuffle="No">
<material>
<mattext texttype="text/html" charset="utf-8"><![CDATA[
 A
]]></mattext>
</material>
</response_label>
</flow_label>
<flow_label class="List">
<response_label ident="ET_164_105246225_section_1_item_11_schoice_3649897572" rshuffle="No">
<material>
<mattext texttype="text/html" charset="utf-8"><![CDATA[
 B
]]></mattext>
</material>
</response_label>
</flow_label>
<flow_label class="List">
<response_label ident="ET_164_105246225_section_1_item_11_schoice_9460540255" rshuffle="No">
<material>
<mattext texttype="text/html" charset="utf-8"><![CDATA[
 C
]]></mattext>
</material>
</response_label>
</flow_label>
<flow_label class="List">
<response_label ident="ET_164_105246225_section_1_item_11_schoice_4287584654" rshuffle="No">
<material>
<mattext texttype="text/html" charset="utf-8"><![CDATA[
 D
]]></mattext>
</material>
</response_label>
</flow_label>
</render_choice>
</response_lid>
</flow>
</presentation>
<resprocessing>
<outcomes>
<decvar varname="SCORE" vartype="Decimal" defaultval="0" minvalue="0" maxvalue="1" cutvalue="1"/>
</outcomes>
<respcondition title="Mastery" continue="No">
<conditionvar>
<and>
<varequal respident="ET_164_105246225_section_1_item_11_schoice_RESPONSE_5018540" case="Yes">ET_164_105246225_section_1_item_11_schoice_9460540255</varequal>
<not> <varequal respident="ET_164_105246225_section_1_item_11_schoice_RESPONSE_5018540" case="Yes">ET_164_105246225_section_1_item_11_schoice_2783255761</varequal> </not>
<not> <varequal respident="ET_164_105246225_section_1_item_11_schoice_RESPONSE_5018540" case="Yes">ET_164_105246225_section_1_item_11_schoice_3649897572</varequal> </not>
<not> <varequal respident="ET_164_105246225_section_1_item_11_schoice_RESPONSE_5018540" case="Yes">ET_164_105246225_section_1_item_11_schoice_4287584654</varequal> </not>
</and>
</conditionvar>
<setvar varname="SCORE" action="Set">1</setvar>
<displayfeedback feedbacktype="Response" linkrefid="correct_fb"/>
</respcondition>
<respcondition continue="Yes">
<conditionvar>
<other/>
</conditionvar>
<displayfeedback feedbacktype="Response" linkrefid="general_incorrect_fb"/>
</respcondition>
</resprocessing>
<itemfeedback ident="correct_fb" view="All">
<flow_mat>
<material>
<mattext texttype="text/html"><![CDATA[
<p>The correct answer is C</p>
]]></mattext>
</material>
</flow_mat>
</itemfeedback>
<itemfeedback ident="general_incorrect_fb" view="All">
<flow_mat>
<material>
<mattext texttype="text/html"><![CDATA[
<p>The correct answer is C</p>
]]></mattext>
</material>
</flow_mat>
</itemfeedback>
</item>

<item ident="ET_164_105246225_section_1_item_12_schoice" title="Question" maxattempts="3">
<itemcontrol feedbackswitch="No" hintswitch="No" solutionswitch="Yes"/>
<itemmetadata>
<qtimetadata>
<qtimetadatafield>
<fieldlabel>question_type</fieldlabel>
<fieldentry>multiple_choice_question</fieldentry>
</qtimetadatafield>
</qtimetadata>
</itemmetadata>
<presentation>
<flow>
<material>
<matbreak/>
<mattext texttype="text/html" charset="utf-8"><![CDATA[
<p>Question ID: 08_412</p>
<p><img src="data/supplements12/xx.png" /></p>
]]></mattext>
<matbreak/>
</material>
<response_lid ident="ET_164_105246225_section_1_item_12_schoice_RESPONSE_4222162" rcardinality="Single" rtiming="No">
<render_choice shuffle="No">
<flow_label class="List">
<response_label ident="ET_164_105246225_section_1_item_12_schoice_5749236829" rshuffle="No">
<material>
<mattext texttype="text/html" charset="utf-8"><![CDATA[
 A
]]></mattext>
</material>
</response_label>
</flow_label>
<flow_label class="List">
<response_label ident="ET_164_105246225_section_1_item_12_schoice_8393642408" rshuffle="No">
<material>
<mattext texttype="text/html" charset="utf-8"><![CDATA[
 B
]]></mattext>
</material>
</response_label>
</flow_label>
<flow_label class="List">
<response_label ident="ET_164_105246225_section_1_item_12_schoice_4661369587" rshuffle="No">
<material>
<mattext texttype="text/html" charset="utf-8"><![CDATA[
 C
]]></mattext>
</material>
</response_label>
</flow_label>
<flow_label class="List">
<response_label ident="ET_164_105246225_section_1_item_12_schoice_6303267257" rshuffle="No">
<material>
<mattext texttype="text/html" charset="utf-8"><![CDATA[
 D
]]></mattext>
</material>
</response_label>
</flow_label>
</render_choice>
</response_lid>
</flow>
</presentation>
<resprocessing>
<outcomes>
<decvar varname="SCORE" vartype="Decimal" defaultval="0" minvalue="0" maxvalue="1" cutvalue="1"/>
</outcomes>
<respcondition title="Mastery" continue="No">
<conditionvar>
<and>
<varequal respident="ET_164_105246225_section_1_item_12_schoice_RESPONSE_4222162" case="Yes">ET_164_105246225_section_1_item_12_schoice_4661369587</varequal>
<not> <varequal respident="ET_164_105246225_section_1_item_12_schoice_RESPONSE_4222162" case="Yes">ET_164_105246225_section_1_item_12_schoice_5749236829</varequal> </not>
<not> <varequal respident="ET_164_105246225_section_1_item_12_schoice_RESPONSE_4222162" case="Yes">ET_164_105246225_section_1_item_12_schoice_8393642408</varequal> </not>
<not> <varequal respident="ET_164_105246225_section_1_item_12_schoice_RESPONSE_4222162" case="Yes">ET_164_105246225_section_1_item_12_schoice_6303267257</varequal> </not>
</and>
</conditionvar>
<setvar varname="SCORE" action="Set">1</setvar>
<displayfeedback feedbacktype="Response" linkrefid="correct_fb"/>
</respcondition>
<respcondition continue="Yes">
<conditionvar>
<other/>
</conditionvar>
<displayfeedback feedbacktype="Response" linkrefid="general_incorrect_fb"/>
</respcondition>
</resprocessing>
<itemfeedback ident="correct_fb" view="All">
<flow_mat>
<material>
<mattext texttype="text/html"><![CDATA[
<p>The correct answer is C</p>
]]></mattext>
</material>
</flow_mat>
</itemfeedback>
<itemfeedback ident="general_incorrect_fb" view="All">
<flow_mat>
<material>
<mattext texttype="text/html"><![CDATA[
<p>The correct answer is C</p>
]]></mattext>
</material>
</flow_mat>
</itemfeedback>
</item>

<item ident="ET_164_105246225_section_1_item_13_num" title="Question" maxattempts="3">
<itemcontrol feedbackswitch="No" hintswitch="No" solutionswitch="Yes"/>
<itemmetadata>
<qtimetadata>
<qtimetadatafield>
<fieldlabel>question_type</fieldlabel>
<fieldentry>numerical_question</fieldentry>
</qtimetadatafield>
</qtimetadata>
</itemmetadata>
<presentation>
<flow>
<material>
<matbreak/>
<mattext texttype="text/html" charset="utf-8"><![CDATA[
<p>Question ID: 04_318</p>
<p><img src="data/supplements13/xx.png" /></p>
]]></mattext>
<matbreak/>
</material>
<response_num ident="ET_164_105246225_section_1_item_13_num_RESPONSE_2211651" rcardinality="Single" numtype="Decimal">
<render_fib fibtype="Decimal" maxchars="12">
<flow_label class="Block">
<response_label ident="ET_164_105246225_section_1_item_13_num_RESPONSE_2211651" rshuffle="No"/>
</flow_label>
</render_fib>
</response_num>
<material>
<matbreak/>
</material>
</flow>
</presentation>
<resprocessing>
<outcomes>
<decvar varname="SCORE" vartype="Decimal" defaultval="0" minvalue="0" maxvalue="1" cutvalue="1"/>
</outcomes>
<respcondition title="Mastery" continue="No">
<conditionvar>

<or>
<varequal respident="ET_164_105246225_section_1_item_13_num_RESPONSE_2211651" case="No"><![CDATA[5]]></varequal>
<and>
<vargte respident="ET_164_105246225_section_1_item_13_num_RESPONSE_2211651"><![CDATA[4.99999]]></vargte>
<varlte respident="ET_164_105246225_section_1_item_13_num_RESPONSE_2211651"><![CDATA[5.00001]]></varlte>
</and>
</or>
</conditionvar>
<setvar varname="SCORE" action="Set">1</setvar>
<displayfeedback feedbacktype="Response" linkrefid="correct_fb"/>
</respcondition>
<respcondition continue="Yes">
<conditionvar>
<other/>
</conditionvar>
<displayfeedback feedbacktype="Response" linkrefid="general_incorrect_fb"/>
</respcondition>
</resprocessing>
<itemfeedback ident="correct_fb" view="All">
<flow_mat>
<material>
<mattext texttype="text/html"><![CDATA[
<p>The correct answer is 5.</p>
]]></mattext>
</material>
</flow_mat>
</itemfeedback>
<itemfeedback ident="general_incorrect_fb" view="All">
<flow_mat>
<material>
<mattext texttype="text/html"><![CDATA[
<p>The correct answer is 5.</p>
]]></mattext>
</material>
</flow_mat>
</itemfeedback>
</item>

<item ident="ET_164_105246225_section_1_item_14_schoice" title="Question" maxattempts="3">
<itemcontrol feedbackswitch="No" hintswitch="No" solutionswitch="Yes"/>
<itemmetadata>
<qtimetadata>
<qtimetadatafield>
<fieldlabel>question_type</fieldlabel>
<fieldentry>multiple_choice_question</fieldentry>
</qtimetadatafield>
</qtimetadata>
</itemmetadata>
<presentation>
<flow>
<material>
<matbreak/>
<mattext texttype="text/html" charset="utf-8"><![CDATA[
<p>Question ID: 10_420</p>
<p><img src="data/supplements14/xx.png" /></p>
]]></mattext>
<matbreak/>
</material>
<response_lid ident="ET_164_105246225_section_1_item_14_schoice_RESPONSE_1410750" rcardinality="Single" rtiming="No">
<render_choice shuffle="No">
<flow_label class="List">
<response_label ident="ET_164_105246225_section_1_item_14_schoice_3609180091" rshuffle="No">
<material>
<mattext texttype="text/html" charset="utf-8"><![CDATA[
 A
]]></mattext>
</material>
</response_label>
</flow_label>
<flow_label class="List">
<response_label ident="ET_164_105246225_section_1_item_14_schoice_1609633147" rshuffle="No">
<material>
<mattext texttype="text/html" charset="utf-8"><![CDATA[
 B
]]></mattext>
</material>
</response_label>
</flow_label>
<flow_label class="List">
<response_label ident="ET_164_105246225_section_1_item_14_schoice_9139940013" rshuffle="No">
<material>
<mattext texttype="text/html" charset="utf-8"><![CDATA[
 C
]]></mattext>
</material>
</response_label>
</flow_label>
<flow_label class="List">
<response_label ident="ET_164_105246225_section_1_item_14_schoice_9132741999" rshuffle="No">
<material>
<mattext texttype="text/html" charset="utf-8"><![CDATA[
 D
]]></mattext>
</material>
</response_label>
</flow_label>
</render_choice>
</response_lid>
</flow>
</presentation>
<resprocessing>
<outcomes>
<decvar varname="SCORE" vartype="Decimal" defaultval="0" minvalue="0" maxvalue="1" cutvalue="1"/>
</outcomes>
<respcondition title="Mastery" continue="No">
<conditionvar>
<and>
<varequal respident="ET_164_105246225_section_1_item_14_schoice_RESPONSE_1410750" case="Yes">ET_164_105246225_section_1_item_14_schoice_9139940013</varequal>
<not> <varequal respident="ET_164_105246225_section_1_item_14_schoice_RESPONSE_1410750" case="Yes">ET_164_105246225_section_1_item_14_schoice_3609180091</varequal> </not>
<not> <varequal respident="ET_164_105246225_section_1_item_14_schoice_RESPONSE_1410750" case="Yes">ET_164_105246225_section_1_item_14_schoice_1609633147</varequal> </not>
<not> <varequal respident="ET_164_105246225_section_1_item_14_schoice_RESPONSE_1410750" case="Yes">ET_164_105246225_section_1_item_14_schoice_9132741999</varequal> </not>
</and>
</conditionvar>
<setvar varname="SCORE" action="Set">1</setvar>
<displayfeedback feedbacktype="Response" linkrefid="correct_fb"/>
</respcondition>
<respcondition continue="Yes">
<conditionvar>
<other/>
</conditionvar>
<displayfeedback feedbacktype="Response" linkrefid="general_incorrect_fb"/>
</respcondition>
</resprocessing>
<itemfeedback ident="correct_fb" view="All">
<flow_mat>
<material>
<mattext texttype="text/html"><![CDATA[
<p>The correct answer is C</p>
]]></mattext>
</material>
</flow_mat>
</itemfeedback>
<itemfeedback ident="general_incorrect_fb" view="All">
<flow_mat>
<material>
<mattext texttype="text/html"><![CDATA[
<p>The correct answer is C</p>
]]></mattext>
</material>
</flow_mat>
</itemfeedback>
</item>

<item ident="ET_164_105246225_section_1_item_15_num" title="Question" maxattempts="3">
<itemcontrol feedbackswitch="No" hintswitch="No" solutionswitch="Yes"/>
<itemmetadata>
<qtimetadata>
<qtimetadatafield>
<fieldlabel>question_type</fieldlabel>
<fieldentry>numerical_question</fieldentry>
</qtimetadatafield>
</qtimetadata>
</itemmetadata>
<presentation>
<flow>
<material>
<matbreak/>
<mattext texttype="text/html" charset="utf-8"><![CDATA[
<p>Question ID: 11_221</p>
<p><img src="data/supplements15/xx.png" /></p>
]]></mattext>
<matbreak/>
</material>
<response_num ident="ET_164_105246225_section_1_item_15_num_RESPONSE_1144722" rcardinality="Single" numtype="Decimal">
<render_fib fibtype="Decimal" maxchars="12">
<flow_label class="Block">
<response_label ident="ET_164_105246225_section_1_item_15_num_RESPONSE_1144722" rshuffle="No"/>
</flow_label>
</render_fib>
</response_num>
<material>
<matbreak/>
</material>
</flow>
</presentation>
<resprocessing>
<outcomes>
<decvar varname="SCORE" vartype="Decimal" defaultval="0" minvalue="0" maxvalue="1" cutvalue="1"/>
</outcomes>
<respcondition title="Mastery" continue="No">
<conditionvar>

<or>
<varequal respident="ET_164_105246225_section_1_item_15_num_RESPONSE_1144722" case="No"><![CDATA[28]]></varequal>
<and>
<vargte respident="ET_164_105246225_section_1_item_15_num_RESPONSE_1144722"><![CDATA[27.99999]]></vargte>
<varlte respident="ET_164_105246225_section_1_item_15_num_RESPONSE_1144722"><![CDATA[28.00001]]></varlte>
</and>
</or>
</conditionvar>
<setvar varname="SCORE" action="Set">1</setvar>
<displayfeedback feedbacktype="Response" linkrefid="correct_fb"/>
</respcondition>
<respcondition continue="Yes">
<conditionvar>
<other/>
</conditionvar>
<displayfeedback feedbacktype="Response" linkrefid="general_incorrect_fb"/>
</respcondition>
</resprocessing>
<itemfeedback ident="correct_fb" view="All">
<flow_mat>
<material>
<mattext texttype="text/html"><![CDATA[
<p>The correct answer is 28.</p>
]]></mattext>
</material>
</flow_mat>
</itemfeedback>
<itemfeedback ident="general_incorrect_fb" view="All">
<flow_mat>
<material>
<mattext texttype="text/html"><![CDATA[
<p>The correct answer is 28.</p>
]]></mattext>
</material>
</flow_mat>
</itemfeedback>
</item>


</section>
<section ident="ET_164_105246225_section_2" title="Exercise">

<objectives>
<material>
<mattext><![CDATA[Please answer the following question.]]></mattext>
</material>
</objectives>
<selection_ordering>
<selection>
<selection_number>1</selection_number>
<selection_extension>
<points_per_item>1</points_per_item>
</selection_extension>
</selection>
<order order_type="Random"/>
</selection_ordering>

<item ident="ET_164_105246225_section_2_item_01_schoice" title="Question" maxattempts="3">
<itemcontrol feedbackswitch="No" hintswitch="No" solutionswitch="Yes"/>
<itemmetadata>
<qtimetadata>
<qtimetadatafield>
<fieldlabel>question_type</fieldlabel>
<fieldentry>multiple_choice_question</fieldentry>
</qtimetadatafield>
</qtimetadata>
</itemmetadata>
<presentation>
<flow>
<material>
<matbreak/>
<mattext texttype="text/html" charset="utf-8"><![CDATA[
<p>Question ID: 03_414</p>
<p><img src="data/supplements16/xx.png" /></p>
]]></mattext>
<matbreak/>
</material>
<response_lid ident="ET_164_105246225_section_2_item_01_schoice_RESPONSE_8506847" rcardinality="Single" rtiming="No">
<render_choice shuffle="No">
<flow_label class="List">
<response_label ident="ET_164_105246225_section_2_item_01_schoice_1510120477" rshuffle="No">
<material>
<mattext texttype="text/html" charset="utf-8"><![CDATA[
 A
]]></mattext>
</material>
</response_label>
</flow_label>
<flow_label class="List">
<response_label ident="ET_164_105246225_section_2_item_01_schoice_5007552500" rshuffle="No">
<material>
<mattext texttype="text/html" charset="utf-8"><![CDATA[
 B
]]></mattext>
</material>
</response_label>
</flow_label>
<flow_label class="List">
<response_label ident="ET_164_105246225_section_2_item_01_schoice_5911344076" rshuffle="No">
<material>
<mattext texttype="text/html" charset="utf-8"><![CDATA[
 C
]]></mattext>
</material>
</response_label>
</flow_label>
<flow_label class="List">
<response_label ident="ET_164_105246225_section_2_item_01_schoice_5414598285" rshuffle="No">
<material>
<mattext texttype="text/html" charset="utf-8"><![CDATA[
 D
]]></mattext>
</material>
</response_label>
</flow_label>
</render_choice>
</response_lid>
</flow>
</presentation>
<resprocessing>
<outcomes>
<decvar varname="SCORE" vartype="Decimal" defaultval="0" minvalue="0" maxvalue="1" cutvalue="1"/>
</outcomes>
<respcondition title="Mastery" continue="No">
<conditionvar>
<and>
<varequal respident="ET_164_105246225_section_2_item_01_schoice_RESPONSE_8506847" case="Yes">ET_164_105246225_section_2_item_01_schoice_1510120477</varequal>
<not> <varequal respident="ET_164_105246225_section_2_item_01_schoice_RESPONSE_8506847" case="Yes">ET_164_105246225_section_2_item_01_schoice_5007552500</varequal> </not>
<not> <varequal respident="ET_164_105246225_section_2_item_01_schoice_RESPONSE_8506847" case="Yes">ET_164_105246225_section_2_item_01_schoice_5911344076</varequal> </not>
<not> <varequal respident="ET_164_105246225_section_2_item_01_schoice_RESPONSE_8506847" case="Yes">ET_164_105246225_section_2_item_01_schoice_5414598285</varequal> </not>
</and>
</conditionvar>
<setvar varname="SCORE" action="Set">1</setvar>
<displayfeedback feedbacktype="Response" linkrefid="correct_fb"/>
</respcondition>
<respcondition continue="Yes">
<conditionvar>
<other/>
</conditionvar>
<displayfeedback feedbacktype="Response" linkrefid="general_incorrect_fb"/>
</respcondition>
</resprocessing>
<itemfeedback ident="correct_fb" view="All">
<flow_mat>
<material>
<mattext texttype="text/html"><![CDATA[
<p>The correct answer is A</p>
]]></mattext>
</material>
</flow_mat>
</itemfeedback>
<itemfeedback ident="general_incorrect_fb" view="All">
<flow_mat>
<material>
<mattext texttype="text/html"><![CDATA[
<p>The correct answer is A</p>
]]></mattext>
</material>
</flow_mat>
</itemfeedback>
</item>

<item ident="ET_164_105246225_section_2_item_02_schoice" title="Question" maxattempts="3">
<itemcontrol feedbackswitch="No" hintswitch="No" solutionswitch="Yes"/>
<itemmetadata>
<qtimetadata>
<qtimetadatafield>
<fieldlabel>question_type</fieldlabel>
<fieldentry>multiple_choice_question</fieldentry>
</qtimetadatafield>
</qtimetadata>
</itemmetadata>
<presentation>
<flow>
<material>
<matbreak/>
<mattext texttype="text/html" charset="utf-8"><![CDATA[
<p>Question ID: 11_118</p>
<p><img src="data/supplements17/xx.png" /></p>
]]></mattext>
<matbreak/>
</material>
<response_lid ident="ET_164_105246225_section_2_item_02_schoice_RESPONSE_6165148" rcardinality="Single" rtiming="No">
<render_choice shuffle="No">
<flow_label class="List">
<response_label ident="ET_164_105246225_section_2_item_02_schoice_1238275282" rshuffle="No">
<material>
<mattext texttype="text/html" charset="utf-8"><![CDATA[
 A
]]></mattext>
</material>
</response_label>
</flow_label>
<flow_label class="List">
<response_label ident="ET_164_105246225_section_2_item_02_schoice_4075208133" rshuffle="No">
<material>
<mattext texttype="text/html" charset="utf-8"><![CDATA[
 B
]]></mattext>
</material>
</response_label>
</flow_label>
<flow_label class="List">
<response_label ident="ET_164_105246225_section_2_item_02_schoice_6502972788" rshuffle="No">
<material>
<mattext texttype="text/html" charset="utf-8"><![CDATA[
 C
]]></mattext>
</material>
</response_label>
</flow_label>
<flow_label class="List">
<response_label ident="ET_164_105246225_section_2_item_02_schoice_4402582459" rshuffle="No">
<material>
<mattext texttype="text/html" charset="utf-8"><![CDATA[
 D
]]></mattext>
</material>
</response_label>
</flow_label>
</render_choice>
</response_lid>
</flow>
</presentation>
<resprocessing>
<outcomes>
<decvar varname="SCORE" vartype="Decimal" defaultval="0" minvalue="0" maxvalue="1" cutvalue="1"/>
</outcomes>
<respcondition title="Mastery" continue="No">
<conditionvar>
<and>
<varequal respident="ET_164_105246225_section_2_item_02_schoice_RESPONSE_6165148" case="Yes">ET_164_105246225_section_2_item_02_schoice_4075208133</varequal>
<not> <varequal respident="ET_164_105246225_section_2_item_02_schoice_RESPONSE_6165148" case="Yes">ET_164_105246225_section_2_item_02_schoice_1238275282</varequal> </not>
<not> <varequal respident="ET_164_105246225_section_2_item_02_schoice_RESPONSE_6165148" case="Yes">ET_164_105246225_section_2_item_02_schoice_6502972788</varequal> </not>
<not> <varequal respident="ET_164_105246225_section_2_item_02_schoice_RESPONSE_6165148" case="Yes">ET_164_105246225_section_2_item_02_schoice_4402582459</varequal> </not>
</and>
</conditionvar>
<setvar varname="SCORE" action="Set">1</setvar>
<displayfeedback feedbacktype="Response" linkrefid="correct_fb"/>
</respcondition>
<respcondition continue="Yes">
<conditionvar>
<other/>
</conditionvar>
<displayfeedback feedbacktype="Response" linkrefid="general_incorrect_fb"/>
</respcondition>
</resprocessing>
<itemfeedback ident="correct_fb" view="All">
<flow_mat>
<material>
<mattext texttype="text/html"><![CDATA[
<p>The correct answer is B</p>
]]></mattext>
</material>
</flow_mat>
</itemfeedback>
<itemfeedback ident="general_incorrect_fb" view="All">
<flow_mat>
<material>
<mattext texttype="text/html"><![CDATA[
<p>The correct answer is B</p>
]]></mattext>
</material>
</flow_mat>
</itemfeedback>
</item>

<item ident="ET_164_105246225_section_2_item_03_num" title="Question" maxattempts="3">
<itemcontrol feedbackswitch="No" hintswitch="No" solutionswitch="Yes"/>
<itemmetadata>
<qtimetadata>
<qtimetadatafield>
<fieldlabel>question_type</fieldlabel>
<fieldentry>numerical_question</fieldentry>
</qtimetadatafield>
</qtimetadata>
</itemmetadata>
<presentation>
<flow>
<material>
<matbreak/>
<mattext texttype="text/html" charset="utf-8"><![CDATA[
<p>Question ID: 06_320</p>
<p><img src="data/supplements18/xx.png" /></p>
]]></mattext>
<matbreak/>
</material>
<response_num ident="ET_164_105246225_section_2_item_03_num_RESPONSE_8978687" rcardinality="Single" numtype="Decimal">
<render_fib fibtype="Decimal" maxchars="12">
<flow_label class="Block">
<response_label ident="ET_164_105246225_section_2_item_03_num_RESPONSE_8978687" rshuffle="No"/>
</flow_label>
</render_fib>
</response_num>
<material>
<matbreak/>
</material>
</flow>
</presentation>
<resprocessing>
<outcomes>
<decvar varname="SCORE" vartype="Decimal" defaultval="0" minvalue="0" maxvalue="1" cutvalue="1"/>
</outcomes>
<respcondition title="Mastery" continue="No">
<conditionvar>

<or>
<varequal respident="ET_164_105246225_section_2_item_03_num_RESPONSE_8978687" case="No"><![CDATA[0.1665]]></varequal>
<and>
<vargte respident="ET_164_105246225_section_2_item_03_num_RESPONSE_8978687"><![CDATA[0.16599]]></vargte>
<varlte respident="ET_164_105246225_section_2_item_03_num_RESPONSE_8978687"><![CDATA[0.16701]]></varlte>
</and>
</or>
</conditionvar>
<setvar varname="SCORE" action="Set">1</setvar>
<displayfeedback feedbacktype="Response" linkrefid="correct_fb"/>
</respcondition>
<respcondition continue="Yes">
<conditionvar>
<other/>
</conditionvar>
<displayfeedback feedbacktype="Response" linkrefid="general_incorrect_fb"/>
</respcondition>
</resprocessing>
<itemfeedback ident="correct_fb" view="All">
<flow_mat>
<material>
<mattext texttype="text/html"><![CDATA[
<p>Anything between 0.166 and 0.167 should be marked correct.</p>
]]></mattext>
</material>
</flow_mat>
</itemfeedback>
<itemfeedback ident="general_incorrect_fb" view="All">
<flow_mat>
<material>
<mattext texttype="text/html"><![CDATA[
<p>Anything between 0.166 and 0.167 should be marked correct.</p>
]]></mattext>
</material>
</flow_mat>
</itemfeedback>
</item>

<item ident="ET_164_105246225_section_2_item_04_schoice" title="Question" maxattempts="3">
<itemcontrol feedbackswitch="No" hintswitch="No" solutionswitch="Yes"/>
<itemmetadata>
<qtimetadata>
<qtimetadatafield>
<fieldlabel>question_type</fieldlabel>
<fieldentry>multiple_choice_question</fieldentry>
</qtimetadatafield>
</qtimetadata>
</itemmetadata>
<presentation>
<flow>
<material>
<matbreak/>
<mattext texttype="text/html" charset="utf-8"><![CDATA[
<p>Question ID: 10_303</p>
<p><img src="data/supplements19/xx.png" /></p>
]]></mattext>
<matbreak/>
</material>
<response_lid ident="ET_164_105246225_section_2_item_04_schoice_RESPONSE_2512934" rcardinality="Single" rtiming="No">
<render_choice shuffle="No">
<flow_label class="List">
<response_label ident="ET_164_105246225_section_2_item_04_schoice_1527689080" rshuffle="No">
<material>
<mattext texttype="text/html" charset="utf-8"><![CDATA[
 A
]]></mattext>
</material>
</response_label>
</flow_label>
<flow_label class="List">
<response_label ident="ET_164_105246225_section_2_item_04_schoice_2690698119" rshuffle="No">
<material>
<mattext texttype="text/html" charset="utf-8"><![CDATA[
 B
]]></mattext>
</material>
</response_label>
</flow_label>
<flow_label class="List">
<response_label ident="ET_164_105246225_section_2_item_04_schoice_6593730693" rshuffle="No">
<material>
<mattext texttype="text/html" charset="utf-8"><![CDATA[
 C
]]></mattext>
</material>
</response_label>
</flow_label>
<flow_label class="List">
<response_label ident="ET_164_105246225_section_2_item_04_schoice_1388371375" rshuffle="No">
<material>
<mattext texttype="text/html" charset="utf-8"><![CDATA[
 D
]]></mattext>
</material>
</response_label>
</flow_label>
</render_choice>
</response_lid>
</flow>
</presentation>
<resprocessing>
<outcomes>
<decvar varname="SCORE" vartype="Decimal" defaultval="0" minvalue="0" maxvalue="1" cutvalue="1"/>
</outcomes>
<respcondition title="Mastery" continue="No">
<conditionvar>
<and>
<varequal respident="ET_164_105246225_section_2_item_04_schoice_RESPONSE_2512934" case="Yes">ET_164_105246225_section_2_item_04_schoice_2690698119</varequal>
<not> <varequal respident="ET_164_105246225_section_2_item_04_schoice_RESPONSE_2512934" case="Yes">ET_164_105246225_section_2_item_04_schoice_1527689080</varequal> </not>
<not> <varequal respident="ET_164_105246225_section_2_item_04_schoice_RESPONSE_2512934" case="Yes">ET_164_105246225_section_2_item_04_schoice_6593730693</varequal> </not>
<not> <varequal respident="ET_164_105246225_section_2_item_04_schoice_RESPONSE_2512934" case="Yes">ET_164_105246225_section_2_item_04_schoice_1388371375</varequal> </not>
</and>
</conditionvar>
<setvar varname="SCORE" action="Set">1</setvar>
<displayfeedback feedbacktype="Response" linkrefid="correct_fb"/>
</respcondition>
<respcondition continue="Yes">
<conditionvar>
<other/>
</conditionvar>
<displayfeedback feedbacktype="Response" linkrefid="general_incorrect_fb"/>
</respcondition>
</resprocessing>
<itemfeedback ident="correct_fb" view="All">
<flow_mat>
<material>
<mattext texttype="text/html"><![CDATA[
<p>The correct answer is B</p>
]]></mattext>
</material>
</flow_mat>
</itemfeedback>
<itemfeedback ident="general_incorrect_fb" view="All">
<flow_mat>
<material>
<mattext texttype="text/html"><![CDATA[
<p>The correct answer is B</p>
]]></mattext>
</material>
</flow_mat>
</itemfeedback>
</item>

<item ident="ET_164_105246225_section_2_item_05_schoice" title="Question" maxattempts="3">
<itemcontrol feedbackswitch="No" hintswitch="No" solutionswitch="Yes"/>
<itemmetadata>
<qtimetadata>
<qtimetadatafield>
<fieldlabel>question_type</fieldlabel>
<fieldentry>multiple_choice_question</fieldentry>
</qtimetadatafield>
</qtimetadata>
</itemmetadata>
<presentation>
<flow>
<material>
<matbreak/>
<mattext texttype="text/html" charset="utf-8"><![CDATA[
<p>Question ID: 12_117</p>
<p><img src="data/supplements20/xx.png" /></p>
]]></mattext>
<matbreak/>
</material>
<response_lid ident="ET_164_105246225_section_2_item_05_schoice_RESPONSE_6619024" rcardinality="Single" rtiming="No">
<render_choice shuffle="No">
<flow_label class="List">
<response_label ident="ET_164_105246225_section_2_item_05_schoice_8667238082" rshuffle="No">
<material>
<mattext texttype="text/html" charset="utf-8"><![CDATA[
 A
]]></mattext>
</material>
</response_label>
</flow_label>
<flow_label class="List">
<response_label ident="ET_164_105246225_section_2_item_05_schoice_5267454454" rshuffle="No">
<material>
<mattext texttype="text/html" charset="utf-8"><![CDATA[
 B
]]></mattext>
</material>
</response_label>
</flow_label>
<flow_label class="List">
<response_label ident="ET_164_105246225_section_2_item_05_schoice_7151278015" rshuffle="No">
<material>
<mattext texttype="text/html" charset="utf-8"><![CDATA[
 C
]]></mattext>
</material>
</response_label>
</flow_label>
<flow_label class="List">
<response_label ident="ET_164_105246225_section_2_item_05_schoice_8591665467" rshuffle="No">
<material>
<mattext texttype="text/html" charset="utf-8"><![CDATA[
 D
]]></mattext>
</material>
</response_label>
</flow_label>
</render_choice>
</response_lid>
</flow>
</presentation>
<resprocessing>
<outcomes>
<decvar varname="SCORE" vartype="Decimal" defaultval="0" minvalue="0" maxvalue="1" cutvalue="1"/>
</outcomes>
<respcondition title="Mastery" continue="No">
<conditionvar>
<and>
<varequal respident="ET_164_105246225_section_2_item_05_schoice_RESPONSE_6619024" case="Yes">ET_164_105246225_section_2_item_05_schoice_5267454454</varequal>
<not> <varequal respident="ET_164_105246225_section_2_item_05_schoice_RESPONSE_6619024" case="Yes">ET_164_105246225_section_2_item_05_schoice_8667238082</varequal> </not>
<not> <varequal respident="ET_164_105246225_section_2_item_05_schoice_RESPONSE_6619024" case="Yes">ET_164_105246225_section_2_item_05_schoice_7151278015</varequal> </not>
<not> <varequal respident="ET_164_105246225_section_2_item_05_schoice_RESPONSE_6619024" case="Yes">ET_164_105246225_section_2_item_05_schoice_8591665467</varequal> </not>
</and>
</conditionvar>
<setvar varname="SCORE" action="Set">1</setvar>
<displayfeedback feedbacktype="Response" linkrefid="correct_fb"/>
</respcondition>
<respcondition continue="Yes">
<conditionvar>
<other/>
</conditionvar>
<displayfeedback feedbacktype="Response" linkrefid="general_incorrect_fb"/>
</respcondition>
</resprocessing>
<itemfeedback ident="correct_fb" view="All">
<flow_mat>
<material>
<mattext texttype="text/html"><![CDATA[
<p>The correct answer is B</p>
]]></mattext>
</material>
</flow_mat>
</itemfeedback>
<itemfeedback ident="general_incorrect_fb" view="All">
<flow_mat>
<material>
<mattext texttype="text/html"><![CDATA[
<p>The correct answer is B</p>
]]></mattext>
</material>
</flow_mat>
</itemfeedback>
</item>

<item ident="ET_164_105246225_section_2_item_06_schoice" title="Question" maxattempts="3">
<itemcontrol feedbackswitch="No" hintswitch="No" solutionswitch="Yes"/>
<itemmetadata>
<qtimetadata>
<qtimetadatafield>
<fieldlabel>question_type</fieldlabel>
<fieldentry>multiple_choice_question</fieldentry>
</qtimetadatafield>
</qtimetadata>
</itemmetadata>
<presentation>
<flow>
<material>
<matbreak/>
<mattext texttype="text/html" charset="utf-8"><![CDATA[
<p>Question ID: 14_209</p>
<p><img src="data/supplements21/xx.png" /></p>
]]></mattext>
<matbreak/>
</material>
<response_lid ident="ET_164_105246225_section_2_item_06_schoice_RESPONSE_2283393" rcardinality="Single" rtiming="No">
<render_choice shuffle="No">
<flow_label class="List">
<response_label ident="ET_164_105246225_section_2_item_06_schoice_3865315773" rshuffle="No">
<material>
<mattext texttype="text/html" charset="utf-8"><![CDATA[
 A
]]></mattext>
</material>
</response_label>
</flow_label>
<flow_label class="List">
<response_label ident="ET_164_105246225_section_2_item_06_schoice_2470231111" rshuffle="No">
<material>
<mattext texttype="text/html" charset="utf-8"><![CDATA[
 B
]]></mattext>
</material>
</response_label>
</flow_label>
<flow_label class="List">
<response_label ident="ET_164_105246225_section_2_item_06_schoice_1739041378" rshuffle="No">
<material>
<mattext texttype="text/html" charset="utf-8"><![CDATA[
 C
]]></mattext>
</material>
</response_label>
</flow_label>
<flow_label class="List">
<response_label ident="ET_164_105246225_section_2_item_06_schoice_1844234262" rshuffle="No">
<material>
<mattext texttype="text/html" charset="utf-8"><![CDATA[
 D
]]></mattext>
</material>
</response_label>
</flow_label>
</render_choice>
</response_lid>
</flow>
</presentation>
<resprocessing>
<outcomes>
<decvar varname="SCORE" vartype="Decimal" defaultval="0" minvalue="0" maxvalue="1" cutvalue="1"/>
</outcomes>
<respcondition title="Mastery" continue="No">
<conditionvar>
<and>
<varequal respident="ET_164_105246225_section_2_item_06_schoice_RESPONSE_2283393" case="Yes">ET_164_105246225_section_2_item_06_schoice_1844234262</varequal>
<not> <varequal respident="ET_164_105246225_section_2_item_06_schoice_RESPONSE_2283393" case="Yes">ET_164_105246225_section_2_item_06_schoice_3865315773</varequal> </not>
<not> <varequal respident="ET_164_105246225_section_2_item_06_schoice_RESPONSE_2283393" case="Yes">ET_164_105246225_section_2_item_06_schoice_2470231111</varequal> </not>
<not> <varequal respident="ET_164_105246225_section_2_item_06_schoice_RESPONSE_2283393" case="Yes">ET_164_105246225_section_2_item_06_schoice_1739041378</varequal> </not>
</and>
</conditionvar>
<setvar varname="SCORE" action="Set">1</setvar>
<displayfeedback feedbacktype="Response" linkrefid="correct_fb"/>
</respcondition>
<respcondition continue="Yes">
<conditionvar>
<other/>
</conditionvar>
<displayfeedback feedbacktype="Response" linkrefid="general_incorrect_fb"/>
</respcondition>
</resprocessing>
<itemfeedback ident="correct_fb" view="All">
<flow_mat>
<material>
<mattext texttype="text/html"><![CDATA[
<p>The correct answer is D</p>
]]></mattext>
</material>
</flow_mat>
</itemfeedback>
<itemfeedback ident="general_incorrect_fb" view="All">
<flow_mat>
<material>
<mattext texttype="text/html"><![CDATA[
<p>The correct answer is D</p>
]]></mattext>
</material>
</flow_mat>
</itemfeedback>
</item>

<item ident="ET_164_105246225_section_2_item_07_schoice" title="Question" maxattempts="3">
<itemcontrol feedbackswitch="No" hintswitch="No" solutionswitch="Yes"/>
<itemmetadata>
<qtimetadata>
<qtimetadatafield>
<fieldlabel>question_type</fieldlabel>
<fieldentry>multiple_choice_question</fieldentry>
</qtimetadatafield>
</qtimetadata>
</itemmetadata>
<presentation>
<flow>
<material>
<matbreak/>
<mattext texttype="text/html" charset="utf-8"><![CDATA[
<p>Question ID: 05_429</p>
<p><img src="data/supplements22/xx.png" /></p>
]]></mattext>
<matbreak/>
</material>
<response_lid ident="ET_164_105246225_section_2_item_07_schoice_RESPONSE_2363310" rcardinality="Single" rtiming="No">
<render_choice shuffle="No">
<flow_label class="List">
<response_label ident="ET_164_105246225_section_2_item_07_schoice_1285704161" rshuffle="No">
<material>
<mattext texttype="text/html" charset="utf-8"><![CDATA[
 A
]]></mattext>
</material>
</response_label>
</flow_label>
<flow_label class="List">
<response_label ident="ET_164_105246225_section_2_item_07_schoice_4679461806" rshuffle="No">
<material>
<mattext texttype="text/html" charset="utf-8"><![CDATA[
 B
]]></mattext>
</material>
</response_label>
</flow_label>
<flow_label class="List">
<response_label ident="ET_164_105246225_section_2_item_07_schoice_9036236488" rshuffle="No">
<material>
<mattext texttype="text/html" charset="utf-8"><![CDATA[
 C
]]></mattext>
</material>
</response_label>
</flow_label>
<flow_label class="List">
<response_label ident="ET_164_105246225_section_2_item_07_schoice_6170066180" rshuffle="No">
<material>
<mattext texttype="text/html" charset="utf-8"><![CDATA[
 D
]]></mattext>
</material>
</response_label>
</flow_label>
</render_choice>
</response_lid>
</flow>
</presentation>
<resprocessing>
<outcomes>
<decvar varname="SCORE" vartype="Decimal" defaultval="0" minvalue="0" maxvalue="1" cutvalue="1"/>
</outcomes>
<respcondition title="Mastery" continue="No">
<conditionvar>
<and>
<varequal respident="ET_164_105246225_section_2_item_07_schoice_RESPONSE_2363310" case="Yes">ET_164_105246225_section_2_item_07_schoice_4679461806</varequal>
<not> <varequal respident="ET_164_105246225_section_2_item_07_schoice_RESPONSE_2363310" case="Yes">ET_164_105246225_section_2_item_07_schoice_1285704161</varequal> </not>
<not> <varequal respident="ET_164_105246225_section_2_item_07_schoice_RESPONSE_2363310" case="Yes">ET_164_105246225_section_2_item_07_schoice_9036236488</varequal> </not>
<not> <varequal respident="ET_164_105246225_section_2_item_07_schoice_RESPONSE_2363310" case="Yes">ET_164_105246225_section_2_item_07_schoice_6170066180</varequal> </not>
</and>
</conditionvar>
<setvar varname="SCORE" action="Set">1</setvar>
<displayfeedback feedbacktype="Response" linkrefid="correct_fb"/>
</respcondition>
<respcondition continue="Yes">
<conditionvar>
<other/>
</conditionvar>
<displayfeedback feedbacktype="Response" linkrefid="general_incorrect_fb"/>
</respcondition>
</resprocessing>
<itemfeedback ident="correct_fb" view="All">
<flow_mat>
<material>
<mattext texttype="text/html"><![CDATA[
<p>The correct answer is B</p>
]]></mattext>
</material>
</flow_mat>
</itemfeedback>
<itemfeedback ident="general_incorrect_fb" view="All">
<flow_mat>
<material>
<mattext texttype="text/html"><![CDATA[
<p>The correct answer is B</p>
]]></mattext>
</material>
</flow_mat>
</itemfeedback>
</item>

<item ident="ET_164_105246225_section_2_item_08_schoice" title="Question" maxattempts="3">
<itemcontrol feedbackswitch="No" hintswitch="No" solutionswitch="Yes"/>
<itemmetadata>
<qtimetadata>
<qtimetadatafield>
<fieldlabel>question_type</fieldlabel>
<fieldentry>multiple_choice_question</fieldentry>
</qtimetadatafield>
</qtimetadata>
</itemmetadata>
<presentation>
<flow>
<material>
<matbreak/>
<mattext texttype="text/html" charset="utf-8"><![CDATA[
<p>Question ID: 01_307</p>
<p><img src="data/supplements23/xx.png" /></p>
]]></mattext>
<matbreak/>
</material>
<response_lid ident="ET_164_105246225_section_2_item_08_schoice_RESPONSE_9789191" rcardinality="Single" rtiming="No">
<render_choice shuffle="No">
<flow_label class="List">
<response_label ident="ET_164_105246225_section_2_item_08_schoice_6017893033" rshuffle="No">
<material>
<mattext texttype="text/html" charset="utf-8"><![CDATA[
 A
]]></mattext>
</material>
</response_label>
</flow_label>
<flow_label class="List">
<response_label ident="ET_164_105246225_section_2_item_08_schoice_1062732173" rshuffle="No">
<material>
<mattext texttype="text/html" charset="utf-8"><![CDATA[
 B
]]></mattext>
</material>
</response_label>
</flow_label>
<flow_label class="List">
<response_label ident="ET_164_105246225_section_2_item_08_schoice_7468376735" rshuffle="No">
<material>
<mattext texttype="text/html" charset="utf-8"><![CDATA[
 C
]]></mattext>
</material>
</response_label>
</flow_label>
<flow_label class="List">
<response_label ident="ET_164_105246225_section_2_item_08_schoice_8786112860" rshuffle="No">
<material>
<mattext texttype="text/html" charset="utf-8"><![CDATA[
 D
]]></mattext>
</material>
</response_label>
</flow_label>
</render_choice>
</response_lid>
</flow>
</presentation>
<resprocessing>
<outcomes>
<decvar varname="SCORE" vartype="Decimal" defaultval="0" minvalue="0" maxvalue="1" cutvalue="1"/>
</outcomes>
<respcondition title="Mastery" continue="No">
<conditionvar>
<and>
<varequal respident="ET_164_105246225_section_2_item_08_schoice_RESPONSE_9789191" case="Yes">ET_164_105246225_section_2_item_08_schoice_1062732173</varequal>
<not> <varequal respident="ET_164_105246225_section_2_item_08_schoice_RESPONSE_9789191" case="Yes">ET_164_105246225_section_2_item_08_schoice_6017893033</varequal> </not>
<not> <varequal respident="ET_164_105246225_section_2_item_08_schoice_RESPONSE_9789191" case="Yes">ET_164_105246225_section_2_item_08_schoice_7468376735</varequal> </not>
<not> <varequal respident="ET_164_105246225_section_2_item_08_schoice_RESPONSE_9789191" case="Yes">ET_164_105246225_section_2_item_08_schoice_8786112860</varequal> </not>
</and>
</conditionvar>
<setvar varname="SCORE" action="Set">1</setvar>
<displayfeedback feedbacktype="Response" linkrefid="correct_fb"/>
</respcondition>
<respcondition continue="Yes">
<conditionvar>
<other/>
</conditionvar>
<displayfeedback feedbacktype="Response" linkrefid="general_incorrect_fb"/>
</respcondition>
</resprocessing>
<itemfeedback ident="correct_fb" view="All">
<flow_mat>
<material>
<mattext texttype="text/html"><![CDATA[
<p>The correct answer is B</p>
]]></mattext>
</material>
</flow_mat>
</itemfeedback>
<itemfeedback ident="general_incorrect_fb" view="All">
<flow_mat>
<material>
<mattext texttype="text/html"><![CDATA[
<p>The correct answer is B</p>
]]></mattext>
</material>
</flow_mat>
</itemfeedback>
</item>

<item ident="ET_164_105246225_section_2_item_09_num" title="Question" maxattempts="3">
<itemcontrol feedbackswitch="No" hintswitch="No" solutionswitch="Yes"/>
<itemmetadata>
<qtimetadata>
<qtimetadatafield>
<fieldlabel>question_type</fieldlabel>
<fieldentry>numerical_question</fieldentry>
</qtimetadatafield>
</qtimetadata>
</itemmetadata>
<presentation>
<flow>
<material>
<matbreak/>
<mattext texttype="text/html" charset="utf-8"><![CDATA[
<p>Question ID: 13_121</p>
<p><img src="data/supplements24/xx.png" /></p>
]]></mattext>
<matbreak/>
</material>
<response_num ident="ET_164_105246225_section_2_item_09_num_RESPONSE_9042927" rcardinality="Single" numtype="Decimal">
<render_fib fibtype="Decimal" maxchars="12">
<flow_label class="Block">
<response_label ident="ET_164_105246225_section_2_item_09_num_RESPONSE_9042927" rshuffle="No"/>
</flow_label>
</render_fib>
</response_num>
<material>
<matbreak/>
</material>
</flow>
</presentation>
<resprocessing>
<outcomes>
<decvar varname="SCORE" vartype="Decimal" defaultval="0" minvalue="0" maxvalue="1" cutvalue="1"/>
</outcomes>
<respcondition title="Mastery" continue="No">
<conditionvar>

<or>
<varequal respident="ET_164_105246225_section_2_item_09_num_RESPONSE_9042927" case="No"><![CDATA[1.8]]></varequal>
<and>
<vargte respident="ET_164_105246225_section_2_item_09_num_RESPONSE_9042927"><![CDATA[1.79999]]></vargte>
<varlte respident="ET_164_105246225_section_2_item_09_num_RESPONSE_9042927"><![CDATA[1.80001]]></varlte>
</and>
</or>
</conditionvar>
<setvar varname="SCORE" action="Set">1</setvar>
<displayfeedback feedbacktype="Response" linkrefid="correct_fb"/>
</respcondition>
<respcondition continue="Yes">
<conditionvar>
<other/>
</conditionvar>
<displayfeedback feedbacktype="Response" linkrefid="general_incorrect_fb"/>
</respcondition>
</resprocessing>
<itemfeedback ident="correct_fb" view="All">
<flow_mat>
<material>
<mattext texttype="text/html"><![CDATA[
<p>The correct answer is 1.8.</p>
]]></mattext>
</material>
</flow_mat>
</itemfeedback>
<itemfeedback ident="general_incorrect_fb" view="All">
<flow_mat>
<material>
<mattext texttype="text/html"><![CDATA[
<p>The correct answer is 1.8.</p>
]]></mattext>
</material>
</flow_mat>
</itemfeedback>
</item>

<item ident="ET_164_105246225_section_2_item_10_schoice" title="Question" maxattempts="3">
<itemcontrol feedbackswitch="No" hintswitch="No" solutionswitch="Yes"/>
<itemmetadata>
<qtimetadata>
<qtimetadatafield>
<fieldlabel>question_type</fieldlabel>
<fieldentry>multiple_choice_question</fieldentry>
</qtimetadatafield>
</qtimetadata>
</itemmetadata>
<presentation>
<flow>
<material>
<matbreak/>
<mattext texttype="text/html" charset="utf-8"><![CDATA[
<p>Question ID: 05_430</p>
<p><img src="data/supplements25/xx.png" /></p>
]]></mattext>
<matbreak/>
</material>
<response_lid ident="ET_164_105246225_section_2_item_10_schoice_RESPONSE_8166843" rcardinality="Single" rtiming="No">
<render_choice shuffle="No">
<flow_label class="List">
<response_label ident="ET_164_105246225_section_2_item_10_schoice_3014281065" rshuffle="No">
<material>
<mattext texttype="text/html" charset="utf-8"><![CDATA[
 A
]]></mattext>
</material>
</response_label>
</flow_label>
<flow_label class="List">
<response_label ident="ET_164_105246225_section_2_item_10_schoice_3210161538" rshuffle="No">
<material>
<mattext texttype="text/html" charset="utf-8"><![CDATA[
 B
]]></mattext>
</material>
</response_label>
</flow_label>
<flow_label class="List">
<response_label ident="ET_164_105246225_section_2_item_10_schoice_5799310211" rshuffle="No">
<material>
<mattext texttype="text/html" charset="utf-8"><![CDATA[
 C
]]></mattext>
</material>
</response_label>
</flow_label>
<flow_label class="List">
<response_label ident="ET_164_105246225_section_2_item_10_schoice_6521328635" rshuffle="No">
<material>
<mattext texttype="text/html" charset="utf-8"><![CDATA[
 D
]]></mattext>
</material>
</response_label>
</flow_label>
</render_choice>
</response_lid>
</flow>
</presentation>
<resprocessing>
<outcomes>
<decvar varname="SCORE" vartype="Decimal" defaultval="0" minvalue="0" maxvalue="1" cutvalue="1"/>
</outcomes>
<respcondition title="Mastery" continue="No">
<conditionvar>
<and>
<varequal respident="ET_164_105246225_section_2_item_10_schoice_RESPONSE_8166843" case="Yes">ET_164_105246225_section_2_item_10_schoice_3210161538</varequal>
<not> <varequal respident="ET_164_105246225_section_2_item_10_schoice_RESPONSE_8166843" case="Yes">ET_164_105246225_section_2_item_10_schoice_3014281065</varequal> </not>
<not> <varequal respident="ET_164_105246225_section_2_item_10_schoice_RESPONSE_8166843" case="Yes">ET_164_105246225_section_2_item_10_schoice_5799310211</varequal> </not>
<not> <varequal respident="ET_164_105246225_section_2_item_10_schoice_RESPONSE_8166843" case="Yes">ET_164_105246225_section_2_item_10_schoice_6521328635</varequal> </not>
</and>
</conditionvar>
<setvar varname="SCORE" action="Set">1</setvar>
<displayfeedback feedbacktype="Response" linkrefid="correct_fb"/>
</respcondition>
<respcondition continue="Yes">
<conditionvar>
<other/>
</conditionvar>
<displayfeedback feedbacktype="Response" linkrefid="general_incorrect_fb"/>
</respcondition>
</resprocessing>
<itemfeedback ident="correct_fb" view="All">
<flow_mat>
<material>
<mattext texttype="text/html"><![CDATA[
<p>The correct answer is B</p>
]]></mattext>
</material>
</flow_mat>
</itemfeedback>
<itemfeedback ident="general_incorrect_fb" view="All">
<flow_mat>
<material>
<mattext texttype="text/html"><![CDATA[
<p>The correct answer is B</p>
]]></mattext>
</material>
</flow_mat>
</itemfeedback>
</item>

<item ident="ET_164_105246225_section_2_item_11_schoice" title="Question" maxattempts="3">
<itemcontrol feedbackswitch="No" hintswitch="No" solutionswitch="Yes"/>
<itemmetadata>
<qtimetadata>
<qtimetadatafield>
<fieldlabel>question_type</fieldlabel>
<fieldentry>multiple_choice_question</fieldentry>
</qtimetadatafield>
</qtimetadata>
</itemmetadata>
<presentation>
<flow>
<material>
<matbreak/>
<mattext texttype="text/html" charset="utf-8"><![CDATA[
<p>Question ID: 10_411</p>
<p><img src="data/supplements26/xx.png" /></p>
]]></mattext>
<matbreak/>
</material>
<response_lid ident="ET_164_105246225_section_2_item_11_schoice_RESPONSE_1680047" rcardinality="Single" rtiming="No">
<render_choice shuffle="No">
<flow_label class="List">
<response_label ident="ET_164_105246225_section_2_item_11_schoice_7874931914" rshuffle="No">
<material>
<mattext texttype="text/html" charset="utf-8"><![CDATA[
 A
]]></mattext>
</material>
</response_label>
</flow_label>
<flow_label class="List">
<response_label ident="ET_164_105246225_section_2_item_11_schoice_3665788285" rshuffle="No">
<material>
<mattext texttype="text/html" charset="utf-8"><![CDATA[
 B
]]></mattext>
</material>
</response_label>
</flow_label>
<flow_label class="List">
<response_label ident="ET_164_105246225_section_2_item_11_schoice_2783858261" rshuffle="No">
<material>
<mattext texttype="text/html" charset="utf-8"><![CDATA[
 C
]]></mattext>
</material>
</response_label>
</flow_label>
<flow_label class="List">
<response_label ident="ET_164_105246225_section_2_item_11_schoice_8746496778" rshuffle="No">
<material>
<mattext texttype="text/html" charset="utf-8"><![CDATA[
 D
]]></mattext>
</material>
</response_label>
</flow_label>
</render_choice>
</response_lid>
</flow>
</presentation>
<resprocessing>
<outcomes>
<decvar varname="SCORE" vartype="Decimal" defaultval="0" minvalue="0" maxvalue="1" cutvalue="1"/>
</outcomes>
<respcondition title="Mastery" continue="No">
<conditionvar>
<and>
<varequal respident="ET_164_105246225_section_2_item_11_schoice_RESPONSE_1680047" case="Yes">ET_164_105246225_section_2_item_11_schoice_7874931914</varequal>
<not> <varequal respident="ET_164_105246225_section_2_item_11_schoice_RESPONSE_1680047" case="Yes">ET_164_105246225_section_2_item_11_schoice_3665788285</varequal> </not>
<not> <varequal respident="ET_164_105246225_section_2_item_11_schoice_RESPONSE_1680047" case="Yes">ET_164_105246225_section_2_item_11_schoice_2783858261</varequal> </not>
<not> <varequal respident="ET_164_105246225_section_2_item_11_schoice_RESPONSE_1680047" case="Yes">ET_164_105246225_section_2_item_11_schoice_8746496778</varequal> </not>
</and>
</conditionvar>
<setvar varname="SCORE" action="Set">1</setvar>
<displayfeedback feedbacktype="Response" linkrefid="correct_fb"/>
</respcondition>
<respcondition continue="Yes">
<conditionvar>
<other/>
</conditionvar>
<displayfeedback feedbacktype="Response" linkrefid="general_incorrect_fb"/>
</respcondition>
</resprocessing>
<itemfeedback ident="correct_fb" view="All">
<flow_mat>
<material>
<mattext texttype="text/html"><![CDATA[
<p>The correct answer is A</p>
]]></mattext>
</material>
</flow_mat>
</itemfeedback>
<itemfeedback ident="general_incorrect_fb" view="All">
<flow_mat>
<material>
<mattext texttype="text/html"><![CDATA[
<p>The correct answer is A</p>
]]></mattext>
</material>
</flow_mat>
</itemfeedback>
</item>

<item ident="ET_164_105246225_section_2_item_12_schoice" title="Question" maxattempts="3">
<itemcontrol feedbackswitch="No" hintswitch="No" solutionswitch="Yes"/>
<itemmetadata>
<qtimetadata>
<qtimetadatafield>
<fieldlabel>question_type</fieldlabel>
<fieldentry>multiple_choice_question</fieldentry>
</qtimetadatafield>
</qtimetadata>
</itemmetadata>
<presentation>
<flow>
<material>
<matbreak/>
<mattext texttype="text/html" charset="utf-8"><![CDATA[
<p>Question ID: 06_418</p>
<p><img src="data/supplements27/xx.png" /></p>
]]></mattext>
<matbreak/>
</material>
<response_lid ident="ET_164_105246225_section_2_item_12_schoice_RESPONSE_1420150" rcardinality="Single" rtiming="No">
<render_choice shuffle="No">
<flow_label class="List">
<response_label ident="ET_164_105246225_section_2_item_12_schoice_2941462125" rshuffle="No">
<material>
<mattext texttype="text/html" charset="utf-8"><![CDATA[
 A
]]></mattext>
</material>
</response_label>
</flow_label>
<flow_label class="List">
<response_label ident="ET_164_105246225_section_2_item_12_schoice_4270773259" rshuffle="No">
<material>
<mattext texttype="text/html" charset="utf-8"><![CDATA[
 B
]]></mattext>
</material>
</response_label>
</flow_label>
<flow_label class="List">
<response_label ident="ET_164_105246225_section_2_item_12_schoice_9661575528" rshuffle="No">
<material>
<mattext texttype="text/html" charset="utf-8"><![CDATA[
 C
]]></mattext>
</material>
</response_label>
</flow_label>
<flow_label class="List">
<response_label ident="ET_164_105246225_section_2_item_12_schoice_2039778935" rshuffle="No">
<material>
<mattext texttype="text/html" charset="utf-8"><![CDATA[
 D
]]></mattext>
</material>
</response_label>
</flow_label>
</render_choice>
</response_lid>
</flow>
</presentation>
<resprocessing>
<outcomes>
<decvar varname="SCORE" vartype="Decimal" defaultval="0" minvalue="0" maxvalue="1" cutvalue="1"/>
</outcomes>
<respcondition title="Mastery" continue="No">
<conditionvar>
<and>
<varequal respident="ET_164_105246225_section_2_item_12_schoice_RESPONSE_1420150" case="Yes">ET_164_105246225_section_2_item_12_schoice_9661575528</varequal>
<not> <varequal respident="ET_164_105246225_section_2_item_12_schoice_RESPONSE_1420150" case="Yes">ET_164_105246225_section_2_item_12_schoice_2941462125</varequal> </not>
<not> <varequal respident="ET_164_105246225_section_2_item_12_schoice_RESPONSE_1420150" case="Yes">ET_164_105246225_section_2_item_12_schoice_4270773259</varequal> </not>
<not> <varequal respident="ET_164_105246225_section_2_item_12_schoice_RESPONSE_1420150" case="Yes">ET_164_105246225_section_2_item_12_schoice_2039778935</varequal> </not>
</and>
</conditionvar>
<setvar varname="SCORE" action="Set">1</setvar>
<displayfeedback feedbacktype="Response" linkrefid="correct_fb"/>
</respcondition>
<respcondition continue="Yes">
<conditionvar>
<other/>
</conditionvar>
<displayfeedback feedbacktype="Response" linkrefid="general_incorrect_fb"/>
</respcondition>
</resprocessing>
<itemfeedback ident="correct_fb" view="All">
<flow_mat>
<material>
<mattext texttype="text/html"><![CDATA[
<p>The correct answer is C</p>
]]></mattext>
</material>
</flow_mat>
</itemfeedback>
<itemfeedback ident="general_incorrect_fb" view="All">
<flow_mat>
<material>
<mattext texttype="text/html"><![CDATA[
<p>The correct answer is C</p>
]]></mattext>
</material>
</flow_mat>
</itemfeedback>
</item>

<item ident="ET_164_105246225_section_2_item_13_schoice" title="Question" maxattempts="3">
<itemcontrol feedbackswitch="No" hintswitch="No" solutionswitch="Yes"/>
<itemmetadata>
<qtimetadata>
<qtimetadatafield>
<fieldlabel>question_type</fieldlabel>
<fieldentry>multiple_choice_question</fieldentry>
</qtimetadatafield>
</qtimetadata>
</itemmetadata>
<presentation>
<flow>
<material>
<matbreak/>
<mattext texttype="text/html" charset="utf-8"><![CDATA[
<p>Question ID: 08_411</p>
<p><img src="data/supplements28/xx.png" /></p>
]]></mattext>
<matbreak/>
</material>
<response_lid ident="ET_164_105246225_section_2_item_13_schoice_RESPONSE_3313363" rcardinality="Single" rtiming="No">
<render_choice shuffle="No">
<flow_label class="List">
<response_label ident="ET_164_105246225_section_2_item_13_schoice_6072787864" rshuffle="No">
<material>
<mattext texttype="text/html" charset="utf-8"><![CDATA[
 A
]]></mattext>
</material>
</response_label>
</flow_label>
<flow_label class="List">
<response_label ident="ET_164_105246225_section_2_item_13_schoice_8927513641" rshuffle="No">
<material>
<mattext texttype="text/html" charset="utf-8"><![CDATA[
 B
]]></mattext>
</material>
</response_label>
</flow_label>
<flow_label class="List">
<response_label ident="ET_164_105246225_section_2_item_13_schoice_9984186523" rshuffle="No">
<material>
<mattext texttype="text/html" charset="utf-8"><![CDATA[
 C
]]></mattext>
</material>
</response_label>
</flow_label>
<flow_label class="List">
<response_label ident="ET_164_105246225_section_2_item_13_schoice_6003260012" rshuffle="No">
<material>
<mattext texttype="text/html" charset="utf-8"><![CDATA[
 D
]]></mattext>
</material>
</response_label>
</flow_label>
</render_choice>
</response_lid>
</flow>
</presentation>
<resprocessing>
<outcomes>
<decvar varname="SCORE" vartype="Decimal" defaultval="0" minvalue="0" maxvalue="1" cutvalue="1"/>
</outcomes>
<respcondition title="Mastery" continue="No">
<conditionvar>
<and>
<varequal respident="ET_164_105246225_section_2_item_13_schoice_RESPONSE_3313363" case="Yes">ET_164_105246225_section_2_item_13_schoice_8927513641</varequal>
<not> <varequal respident="ET_164_105246225_section_2_item_13_schoice_RESPONSE_3313363" case="Yes">ET_164_105246225_section_2_item_13_schoice_6072787864</varequal> </not>
<not> <varequal respident="ET_164_105246225_section_2_item_13_schoice_RESPONSE_3313363" case="Yes">ET_164_105246225_section_2_item_13_schoice_9984186523</varequal> </not>
<not> <varequal respident="ET_164_105246225_section_2_item_13_schoice_RESPONSE_3313363" case="Yes">ET_164_105246225_section_2_item_13_schoice_6003260012</varequal> </not>
</and>
</conditionvar>
<setvar varname="SCORE" action="Set">1</setvar>
<displayfeedback feedbacktype="Response" linkrefid="correct_fb"/>
</respcondition>
<respcondition continue="Yes">
<conditionvar>
<other/>
</conditionvar>
<displayfeedback feedbacktype="Response" linkrefid="general_incorrect_fb"/>
</respcondition>
</resprocessing>
<itemfeedback ident="correct_fb" view="All">
<flow_mat>
<material>
<mattext texttype="text/html"><![CDATA[
<p>The correct answer is B</p>
]]></mattext>
</material>
</flow_mat>
</itemfeedback>
<itemfeedback ident="general_incorrect_fb" view="All">
<flow_mat>
<material>
<mattext texttype="text/html"><![CDATA[
<p>The correct answer is B</p>
]]></mattext>
</material>
</flow_mat>
</itemfeedback>
</item>

<item ident="ET_164_105246225_section_2_item_14_num" title="Question" maxattempts="3">
<itemcontrol feedbackswitch="No" hintswitch="No" solutionswitch="Yes"/>
<itemmetadata>
<qtimetadata>
<qtimetadatafield>
<fieldlabel>question_type</fieldlabel>
<fieldentry>numerical_question</fieldentry>
</qtimetadatafield>
</qtimetadata>
</itemmetadata>
<presentation>
<flow>
<material>
<matbreak/>
<mattext texttype="text/html" charset="utf-8"><![CDATA[
<p>Question ID: 13_213</p>
<p><img src="data/supplements29/xx.png" /></p>
]]></mattext>
<matbreak/>
</material>
<response_num ident="ET_164_105246225_section_2_item_14_num_RESPONSE_3237578" rcardinality="Single" numtype="Decimal">
<render_fib fibtype="Decimal" maxchars="12">
<flow_label class="Block">
<response_label ident="ET_164_105246225_section_2_item_14_num_RESPONSE_3237578" rshuffle="No"/>
</flow_label>
</render_fib>
</response_num>
<material>
<matbreak/>
</material>
</flow>
</presentation>
<resprocessing>
<outcomes>
<decvar varname="SCORE" vartype="Decimal" defaultval="0" minvalue="0" maxvalue="1" cutvalue="1"/>
</outcomes>
<respcondition title="Mastery" continue="No">
<conditionvar>

<or>
<varequal respident="ET_164_105246225_section_2_item_14_num_RESPONSE_3237578" case="No"><![CDATA[46]]></varequal>
<and>
<vargte respident="ET_164_105246225_section_2_item_14_num_RESPONSE_3237578"><![CDATA[45.99999]]></vargte>
<varlte respident="ET_164_105246225_section_2_item_14_num_RESPONSE_3237578"><![CDATA[46.00001]]></varlte>
</and>
</or>
</conditionvar>
<setvar varname="SCORE" action="Set">1</setvar>
<displayfeedback feedbacktype="Response" linkrefid="correct_fb"/>
</respcondition>
<respcondition continue="Yes">
<conditionvar>
<other/>
</conditionvar>
<displayfeedback feedbacktype="Response" linkrefid="general_incorrect_fb"/>
</respcondition>
</resprocessing>
<itemfeedback ident="correct_fb" view="All">
<flow_mat>
<material>
<mattext texttype="text/html"><![CDATA[
<p>The correct answer is 46.</p>
]]></mattext>
</material>
</flow_mat>
</itemfeedback>
<itemfeedback ident="general_incorrect_fb" view="All">
<flow_mat>
<material>
<mattext texttype="text/html"><![CDATA[
<p>The correct answer is 46.</p>
]]></mattext>
</material>
</flow_mat>
</itemfeedback>
</item>

<item ident="ET_164_105246225_section_2_item_15_num" title="Question" maxattempts="3">
<itemcontrol feedbackswitch="No" hintswitch="No" solutionswitch="Yes"/>
<itemmetadata>
<qtimetadata>
<qtimetadatafield>
<fieldlabel>question_type</fieldlabel>
<fieldentry>numerical_question</fieldentry>
</qtimetadatafield>
</qtimetadata>
</itemmetadata>
<presentation>
<flow>
<material>
<matbreak/>
<mattext texttype="text/html" charset="utf-8"><![CDATA[
<p>Question ID: 12_127</p>
<p><img src="data/supplements30/xx.png" /></p>
]]></mattext>
<matbreak/>
</material>
<response_num ident="ET_164_105246225_section_2_item_15_num_RESPONSE_1866757" rcardinality="Single" numtype="Decimal">
<render_fib fibtype="Decimal" maxchars="12">
<flow_label class="Block">
<response_label ident="ET_164_105246225_section_2_item_15_num_RESPONSE_1866757" rshuffle="No"/>
</flow_label>
</render_fib>
</response_num>
<material>
<matbreak/>
</material>
</flow>
</presentation>
<resprocessing>
<outcomes>
<decvar varname="SCORE" vartype="Decimal" defaultval="0" minvalue="0" maxvalue="1" cutvalue="1"/>
</outcomes>
<respcondition title="Mastery" continue="No">
<conditionvar>

<or>
<varequal respident="ET_164_105246225_section_2_item_15_num_RESPONSE_1866757" case="No"><![CDATA[9.87]]></varequal>
<and>
<vargte respident="ET_164_105246225_section_2_item_15_num_RESPONSE_1866757"><![CDATA[9.86999]]></vargte>
<varlte respident="ET_164_105246225_section_2_item_15_num_RESPONSE_1866757"><![CDATA[9.87001]]></varlte>
</and>
</or>
</conditionvar>
<setvar varname="SCORE" action="Set">1</setvar>
<displayfeedback feedbacktype="Response" linkrefid="correct_fb"/>
</respcondition>
<respcondition continue="Yes">
<conditionvar>
<other/>
</conditionvar>
<displayfeedback feedbacktype="Response" linkrefid="general_incorrect_fb"/>
</respcondition>
</resprocessing>
<itemfeedback ident="correct_fb" view="All">
<flow_mat>
<material>
<mattext texttype="text/html"><![CDATA[
<p>The correct answer is 9.87.</p>
]]></mattext>
</material>
</flow_mat>
</itemfeedback>
<itemfeedback ident="general_incorrect_fb" view="All">
<flow_mat>
<material>
<mattext texttype="text/html"><![CDATA[
<p>The correct answer is 9.87.</p>
]]></mattext>
</material>
</flow_mat>
</itemfeedback>
</item>


</section>

</assessment>
</questestinterop>
