<?xml version="1.0" encoding="UTF-8"?>
<!DOCTYPE questestinterop SYSTEM "ims_qtiasiv1p2p1.dtd">

<questestinterop>
<assessment ident="ET_158_534170864" title="ET_158">

<qtimetadata>
<qtimetadatafield>
<fieldlabel>cc_maxattempts</fieldlabel>
<fieldentry>3</fieldentry>
</qtimetadatafield>
<qtimetadatafield>
<fieldlabel>qmd_assessmenttype</fieldlabel>
<fieldentry>Assessment</fieldentry>
</qtimetadatafield>
</qtimetadata>
<objectives>
<material>
<mattext><![CDATA[Please solve the following exercises.]]></mattext>
</material>
</objectives>
<assessmentcontrol feedbackswitch="No" hintswitch="No" solutionswitch="Yes"/>
<outcomes_processing scoremodel="SumOfScores">
<outcomes>
<decvar varname="SCORE" vartype="Decimal" cutvalue="0"/>
</outcomes>
</outcomes_processing>
<assessfeedback title="AssessmentFeedback" ident="AssessmentFeedback">
<flow_mat>
<material>
<mattext>##AssessmentFeedback##</mattext>
</material>
</flow_mat>
</assessfeedback>

<section ident="ET_158_534170864_section_1" title="Exercise">

<objectives>
<material>
<mattext><![CDATA[Please answer the following question.]]></mattext>
</material>
</objectives>
<selection_ordering>
<selection>
<selection_number>1</selection_number>
<selection_extension>
<points_per_item>1</points_per_item>
</selection_extension>
</selection>
<order order_type="Random"/>
</selection_ordering>

<item ident="ET_158_534170864_section_1_item_01_schoice" title="Question" maxattempts="3">
<itemcontrol feedbackswitch="No" hintswitch="No" solutionswitch="Yes"/>
<itemmetadata>
<qtimetadata>
<qtimetadatafield>
<fieldlabel>question_type</fieldlabel>
<fieldentry>multiple_choice_question</fieldentry>
</qtimetadatafield>
</qtimetadata>
</itemmetadata>
<presentation>
<flow>
<material>
<matbreak/>
<mattext texttype="text/html" charset="utf-8"><![CDATA[
<p>Question ID: 09_428</p>
<p><img src="data/supplements1/xx.png" /></p>
]]></mattext>
<matbreak/>
</material>
<response_lid ident="ET_158_534170864_section_1_item_01_schoice_RESPONSE_5999010" rcardinality="Single" rtiming="No">
<render_choice shuffle="No">
<flow_label class="List">
<response_label ident="ET_158_534170864_section_1_item_01_schoice_1635512478" rshuffle="No">
<material>
<mattext texttype="text/html" charset="utf-8"><![CDATA[
 A
]]></mattext>
</material>
</response_label>
</flow_label>
<flow_label class="List">
<response_label ident="ET_158_534170864_section_1_item_01_schoice_5062745098" rshuffle="No">
<material>
<mattext texttype="text/html" charset="utf-8"><![CDATA[
 B
]]></mattext>
</material>
</response_label>
</flow_label>
<flow_label class="List">
<response_label ident="ET_158_534170864_section_1_item_01_schoice_6706235692" rshuffle="No">
<material>
<mattext texttype="text/html" charset="utf-8"><![CDATA[
 C
]]></mattext>
</material>
</response_label>
</flow_label>
<flow_label class="List">
<response_label ident="ET_158_534170864_section_1_item_01_schoice_4709761513" rshuffle="No">
<material>
<mattext texttype="text/html" charset="utf-8"><![CDATA[
 D
]]></mattext>
</material>
</response_label>
</flow_label>
</render_choice>
</response_lid>
</flow>
</presentation>
<resprocessing>
<outcomes>
<decvar varname="SCORE" vartype="Decimal" defaultval="0" minvalue="0" maxvalue="1" cutvalue="1"/>
</outcomes>
<respcondition title="Mastery" continue="No">
<conditionvar>
<and>
<varequal respident="ET_158_534170864_section_1_item_01_schoice_RESPONSE_5999010" case="Yes">ET_158_534170864_section_1_item_01_schoice_6706235692</varequal>
<not> <varequal respident="ET_158_534170864_section_1_item_01_schoice_RESPONSE_5999010" case="Yes">ET_158_534170864_section_1_item_01_schoice_1635512478</varequal> </not>
<not> <varequal respident="ET_158_534170864_section_1_item_01_schoice_RESPONSE_5999010" case="Yes">ET_158_534170864_section_1_item_01_schoice_5062745098</varequal> </not>
<not> <varequal respident="ET_158_534170864_section_1_item_01_schoice_RESPONSE_5999010" case="Yes">ET_158_534170864_section_1_item_01_schoice_4709761513</varequal> </not>
</and>
</conditionvar>
<setvar varname="SCORE" action="Set">1</setvar>
<displayfeedback feedbacktype="Response" linkrefid="correct_fb"/>
</respcondition>
<respcondition continue="Yes">
<conditionvar>
<other/>
</conditionvar>
<displayfeedback feedbacktype="Response" linkrefid="general_incorrect_fb"/>
</respcondition>
</resprocessing>
<itemfeedback ident="correct_fb" view="All">
<flow_mat>
<material>
<mattext texttype="text/html"><![CDATA[
<p>The correct answer is C</p>
]]></mattext>
</material>
</flow_mat>
</itemfeedback>
<itemfeedback ident="general_incorrect_fb" view="All">
<flow_mat>
<material>
<mattext texttype="text/html"><![CDATA[
<p>The correct answer is C</p>
]]></mattext>
</material>
</flow_mat>
</itemfeedback>
</item>

<item ident="ET_158_534170864_section_1_item_02_num" title="Question" maxattempts="3">
<itemcontrol feedbackswitch="No" hintswitch="No" solutionswitch="Yes"/>
<itemmetadata>
<qtimetadata>
<qtimetadatafield>
<fieldlabel>question_type</fieldlabel>
<fieldentry>numerical_question</fieldentry>
</qtimetadatafield>
</qtimetadata>
</itemmetadata>
<presentation>
<flow>
<material>
<matbreak/>
<mattext texttype="text/html" charset="utf-8"><![CDATA[
<p>Question ID: 01_318</p>
<p><img src="data/supplements2/xx.png" /></p>
]]></mattext>
<matbreak/>
</material>
<response_num ident="ET_158_534170864_section_1_item_02_num_RESPONSE_1075408" rcardinality="Single" numtype="Decimal">
<render_fib fibtype="Decimal" maxchars="12">
<flow_label class="Block">
<response_label ident="ET_158_534170864_section_1_item_02_num_RESPONSE_1075408" rshuffle="No"/>
</flow_label>
</render_fib>
</response_num>
<material>
<matbreak/>
</material>
</flow>
</presentation>
<resprocessing>
<outcomes>
<decvar varname="SCORE" vartype="Decimal" defaultval="0" minvalue="0" maxvalue="1" cutvalue="1"/>
</outcomes>
<respcondition title="Mastery" continue="No">
<conditionvar>

<or>
<varequal respident="ET_158_534170864_section_1_item_02_num_RESPONSE_1075408" case="No"><![CDATA[7]]></varequal>
<and>
<vargte respident="ET_158_534170864_section_1_item_02_num_RESPONSE_1075408"><![CDATA[6.99999]]></vargte>
<varlte respident="ET_158_534170864_section_1_item_02_num_RESPONSE_1075408"><![CDATA[7.00001]]></varlte>
</and>
</or>
</conditionvar>
<setvar varname="SCORE" action="Set">1</setvar>
<displayfeedback feedbacktype="Response" linkrefid="correct_fb"/>
</respcondition>
<respcondition continue="Yes">
<conditionvar>
<other/>
</conditionvar>
<displayfeedback feedbacktype="Response" linkrefid="general_incorrect_fb"/>
</respcondition>
</resprocessing>
<itemfeedback ident="correct_fb" view="All">
<flow_mat>
<material>
<mattext texttype="text/html"><![CDATA[
<p>The correct answer is 7.</p>
]]></mattext>
</material>
</flow_mat>
</itemfeedback>
<itemfeedback ident="general_incorrect_fb" view="All">
<flow_mat>
<material>
<mattext texttype="text/html"><![CDATA[
<p>The correct answer is 7.</p>
]]></mattext>
</material>
</flow_mat>
</itemfeedback>
</item>

<item ident="ET_158_534170864_section_1_item_03_schoice" title="Question" maxattempts="3">
<itemcontrol feedbackswitch="No" hintswitch="No" solutionswitch="Yes"/>
<itemmetadata>
<qtimetadata>
<qtimetadatafield>
<fieldlabel>question_type</fieldlabel>
<fieldentry>multiple_choice_question</fieldentry>
</qtimetadatafield>
</qtimetadata>
</itemmetadata>
<presentation>
<flow>
<material>
<matbreak/>
<mattext texttype="text/html" charset="utf-8"><![CDATA[
<p>Question ID: 08_415</p>
<p><img src="data/supplements3/xx.png" /></p>
]]></mattext>
<matbreak/>
</material>
<response_lid ident="ET_158_534170864_section_1_item_03_schoice_RESPONSE_4228515" rcardinality="Single" rtiming="No">
<render_choice shuffle="No">
<flow_label class="List">
<response_label ident="ET_158_534170864_section_1_item_03_schoice_5530382636" rshuffle="No">
<material>
<mattext texttype="text/html" charset="utf-8"><![CDATA[
 A
]]></mattext>
</material>
</response_label>
</flow_label>
<flow_label class="List">
<response_label ident="ET_158_534170864_section_1_item_03_schoice_5751128977" rshuffle="No">
<material>
<mattext texttype="text/html" charset="utf-8"><![CDATA[
 B
]]></mattext>
</material>
</response_label>
</flow_label>
<flow_label class="List">
<response_label ident="ET_158_534170864_section_1_item_03_schoice_7353584934" rshuffle="No">
<material>
<mattext texttype="text/html" charset="utf-8"><![CDATA[
 C
]]></mattext>
</material>
</response_label>
</flow_label>
<flow_label class="List">
<response_label ident="ET_158_534170864_section_1_item_03_schoice_5584243507" rshuffle="No">
<material>
<mattext texttype="text/html" charset="utf-8"><![CDATA[
 D
]]></mattext>
</material>
</response_label>
</flow_label>
</render_choice>
</response_lid>
</flow>
</presentation>
<resprocessing>
<outcomes>
<decvar varname="SCORE" vartype="Decimal" defaultval="0" minvalue="0" maxvalue="1" cutvalue="1"/>
</outcomes>
<respcondition title="Mastery" continue="No">
<conditionvar>
<and>
<varequal respident="ET_158_534170864_section_1_item_03_schoice_RESPONSE_4228515" case="Yes">ET_158_534170864_section_1_item_03_schoice_5584243507</varequal>
<not> <varequal respident="ET_158_534170864_section_1_item_03_schoice_RESPONSE_4228515" case="Yes">ET_158_534170864_section_1_item_03_schoice_5530382636</varequal> </not>
<not> <varequal respident="ET_158_534170864_section_1_item_03_schoice_RESPONSE_4228515" case="Yes">ET_158_534170864_section_1_item_03_schoice_5751128977</varequal> </not>
<not> <varequal respident="ET_158_534170864_section_1_item_03_schoice_RESPONSE_4228515" case="Yes">ET_158_534170864_section_1_item_03_schoice_7353584934</varequal> </not>
</and>
</conditionvar>
<setvar varname="SCORE" action="Set">1</setvar>
<displayfeedback feedbacktype="Response" linkrefid="correct_fb"/>
</respcondition>
<respcondition continue="Yes">
<conditionvar>
<other/>
</conditionvar>
<displayfeedback feedbacktype="Response" linkrefid="general_incorrect_fb"/>
</respcondition>
</resprocessing>
<itemfeedback ident="correct_fb" view="All">
<flow_mat>
<material>
<mattext texttype="text/html"><![CDATA[
<p>The correct answer is D</p>
]]></mattext>
</material>
</flow_mat>
</itemfeedback>
<itemfeedback ident="general_incorrect_fb" view="All">
<flow_mat>
<material>
<mattext texttype="text/html"><![CDATA[
<p>The correct answer is D</p>
]]></mattext>
</material>
</flow_mat>
</itemfeedback>
</item>

<item ident="ET_158_534170864_section_1_item_04_schoice" title="Question" maxattempts="3">
<itemcontrol feedbackswitch="No" hintswitch="No" solutionswitch="Yes"/>
<itemmetadata>
<qtimetadata>
<qtimetadatafield>
<fieldlabel>question_type</fieldlabel>
<fieldentry>multiple_choice_question</fieldentry>
</qtimetadatafield>
</qtimetadata>
</itemmetadata>
<presentation>
<flow>
<material>
<matbreak/>
<mattext texttype="text/html" charset="utf-8"><![CDATA[
<p>Question ID: 08_419</p>
<p><img src="data/supplements4/xx.png" /></p>
]]></mattext>
<matbreak/>
</material>
<response_lid ident="ET_158_534170864_section_1_item_04_schoice_RESPONSE_1211703" rcardinality="Single" rtiming="No">
<render_choice shuffle="No">
<flow_label class="List">
<response_label ident="ET_158_534170864_section_1_item_04_schoice_4784530564" rshuffle="No">
<material>
<mattext texttype="text/html" charset="utf-8"><![CDATA[
 A
]]></mattext>
</material>
</response_label>
</flow_label>
<flow_label class="List">
<response_label ident="ET_158_534170864_section_1_item_04_schoice_3349478550" rshuffle="No">
<material>
<mattext texttype="text/html" charset="utf-8"><![CDATA[
 B
]]></mattext>
</material>
</response_label>
</flow_label>
<flow_label class="List">
<response_label ident="ET_158_534170864_section_1_item_04_schoice_8959731685" rshuffle="No">
<material>
<mattext texttype="text/html" charset="utf-8"><![CDATA[
 C
]]></mattext>
</material>
</response_label>
</flow_label>
<flow_label class="List">
<response_label ident="ET_158_534170864_section_1_item_04_schoice_2003134119" rshuffle="No">
<material>
<mattext texttype="text/html" charset="utf-8"><![CDATA[
 D
]]></mattext>
</material>
</response_label>
</flow_label>
</render_choice>
</response_lid>
</flow>
</presentation>
<resprocessing>
<outcomes>
<decvar varname="SCORE" vartype="Decimal" defaultval="0" minvalue="0" maxvalue="1" cutvalue="1"/>
</outcomes>
<respcondition title="Mastery" continue="No">
<conditionvar>
<and>
<varequal respident="ET_158_534170864_section_1_item_04_schoice_RESPONSE_1211703" case="Yes">ET_158_534170864_section_1_item_04_schoice_4784530564</varequal>
<not> <varequal respident="ET_158_534170864_section_1_item_04_schoice_RESPONSE_1211703" case="Yes">ET_158_534170864_section_1_item_04_schoice_3349478550</varequal> </not>
<not> <varequal respident="ET_158_534170864_section_1_item_04_schoice_RESPONSE_1211703" case="Yes">ET_158_534170864_section_1_item_04_schoice_8959731685</varequal> </not>
<not> <varequal respident="ET_158_534170864_section_1_item_04_schoice_RESPONSE_1211703" case="Yes">ET_158_534170864_section_1_item_04_schoice_2003134119</varequal> </not>
</and>
</conditionvar>
<setvar varname="SCORE" action="Set">1</setvar>
<displayfeedback feedbacktype="Response" linkrefid="correct_fb"/>
</respcondition>
<respcondition continue="Yes">
<conditionvar>
<other/>
</conditionvar>
<displayfeedback feedbacktype="Response" linkrefid="general_incorrect_fb"/>
</respcondition>
</resprocessing>
<itemfeedback ident="correct_fb" view="All">
<flow_mat>
<material>
<mattext texttype="text/html"><![CDATA[
<p>The correct answer is A</p>
]]></mattext>
</material>
</flow_mat>
</itemfeedback>
<itemfeedback ident="general_incorrect_fb" view="All">
<flow_mat>
<material>
<mattext texttype="text/html"><![CDATA[
<p>The correct answer is A</p>
]]></mattext>
</material>
</flow_mat>
</itemfeedback>
</item>

<item ident="ET_158_534170864_section_1_item_05_schoice" title="Question" maxattempts="3">
<itemcontrol feedbackswitch="No" hintswitch="No" solutionswitch="Yes"/>
<itemmetadata>
<qtimetadata>
<qtimetadatafield>
<fieldlabel>question_type</fieldlabel>
<fieldentry>multiple_choice_question</fieldentry>
</qtimetadatafield>
</qtimetadata>
</itemmetadata>
<presentation>
<flow>
<material>
<matbreak/>
<mattext texttype="text/html" charset="utf-8"><![CDATA[
<p>Question ID: 09_403</p>
<p><img src="data/supplements5/xx.png" /></p>
]]></mattext>
<matbreak/>
</material>
<response_lid ident="ET_158_534170864_section_1_item_05_schoice_RESPONSE_5657572" rcardinality="Single" rtiming="No">
<render_choice shuffle="No">
<flow_label class="List">
<response_label ident="ET_158_534170864_section_1_item_05_schoice_4667102784" rshuffle="No">
<material>
<mattext texttype="text/html" charset="utf-8"><![CDATA[
 A
]]></mattext>
</material>
</response_label>
</flow_label>
<flow_label class="List">
<response_label ident="ET_158_534170864_section_1_item_05_schoice_7174629374" rshuffle="No">
<material>
<mattext texttype="text/html" charset="utf-8"><![CDATA[
 B
]]></mattext>
</material>
</response_label>
</flow_label>
<flow_label class="List">
<response_label ident="ET_158_534170864_section_1_item_05_schoice_1464663819" rshuffle="No">
<material>
<mattext texttype="text/html" charset="utf-8"><![CDATA[
 C
]]></mattext>
</material>
</response_label>
</flow_label>
<flow_label class="List">
<response_label ident="ET_158_534170864_section_1_item_05_schoice_4089668182" rshuffle="No">
<material>
<mattext texttype="text/html" charset="utf-8"><![CDATA[
 D
]]></mattext>
</material>
</response_label>
</flow_label>
</render_choice>
</response_lid>
</flow>
</presentation>
<resprocessing>
<outcomes>
<decvar varname="SCORE" vartype="Decimal" defaultval="0" minvalue="0" maxvalue="1" cutvalue="1"/>
</outcomes>
<respcondition title="Mastery" continue="No">
<conditionvar>
<and>
<varequal respident="ET_158_534170864_section_1_item_05_schoice_RESPONSE_5657572" case="Yes">ET_158_534170864_section_1_item_05_schoice_7174629374</varequal>
<not> <varequal respident="ET_158_534170864_section_1_item_05_schoice_RESPONSE_5657572" case="Yes">ET_158_534170864_section_1_item_05_schoice_4667102784</varequal> </not>
<not> <varequal respident="ET_158_534170864_section_1_item_05_schoice_RESPONSE_5657572" case="Yes">ET_158_534170864_section_1_item_05_schoice_1464663819</varequal> </not>
<not> <varequal respident="ET_158_534170864_section_1_item_05_schoice_RESPONSE_5657572" case="Yes">ET_158_534170864_section_1_item_05_schoice_4089668182</varequal> </not>
</and>
</conditionvar>
<setvar varname="SCORE" action="Set">1</setvar>
<displayfeedback feedbacktype="Response" linkrefid="correct_fb"/>
</respcondition>
<respcondition continue="Yes">
<conditionvar>
<other/>
</conditionvar>
<displayfeedback feedbacktype="Response" linkrefid="general_incorrect_fb"/>
</respcondition>
</resprocessing>
<itemfeedback ident="correct_fb" view="All">
<flow_mat>
<material>
<mattext texttype="text/html"><![CDATA[
<p>The correct answer is B</p>
]]></mattext>
</material>
</flow_mat>
</itemfeedback>
<itemfeedback ident="general_incorrect_fb" view="All">
<flow_mat>
<material>
<mattext texttype="text/html"><![CDATA[
<p>The correct answer is B</p>
]]></mattext>
</material>
</flow_mat>
</itemfeedback>
</item>

<item ident="ET_158_534170864_section_1_item_06_schoice" title="Question" maxattempts="3">
<itemcontrol feedbackswitch="No" hintswitch="No" solutionswitch="Yes"/>
<itemmetadata>
<qtimetadata>
<qtimetadatafield>
<fieldlabel>question_type</fieldlabel>
<fieldentry>multiple_choice_question</fieldentry>
</qtimetadatafield>
</qtimetadata>
</itemmetadata>
<presentation>
<flow>
<material>
<matbreak/>
<mattext texttype="text/html" charset="utf-8"><![CDATA[
<p>Question ID: 07_304</p>
<p><img src="data/supplements6/xx.png" /></p>
]]></mattext>
<matbreak/>
</material>
<response_lid ident="ET_158_534170864_section_1_item_06_schoice_RESPONSE_2790142" rcardinality="Single" rtiming="No">
<render_choice shuffle="No">
<flow_label class="List">
<response_label ident="ET_158_534170864_section_1_item_06_schoice_9133880107" rshuffle="No">
<material>
<mattext texttype="text/html" charset="utf-8"><![CDATA[
 A
]]></mattext>
</material>
</response_label>
</flow_label>
<flow_label class="List">
<response_label ident="ET_158_534170864_section_1_item_06_schoice_1084456561" rshuffle="No">
<material>
<mattext texttype="text/html" charset="utf-8"><![CDATA[
 B
]]></mattext>
</material>
</response_label>
</flow_label>
<flow_label class="List">
<response_label ident="ET_158_534170864_section_1_item_06_schoice_8365490976" rshuffle="No">
<material>
<mattext texttype="text/html" charset="utf-8"><![CDATA[
 C
]]></mattext>
</material>
</response_label>
</flow_label>
<flow_label class="List">
<response_label ident="ET_158_534170864_section_1_item_06_schoice_2315769872" rshuffle="No">
<material>
<mattext texttype="text/html" charset="utf-8"><![CDATA[
 D
]]></mattext>
</material>
</response_label>
</flow_label>
</render_choice>
</response_lid>
</flow>
</presentation>
<resprocessing>
<outcomes>
<decvar varname="SCORE" vartype="Decimal" defaultval="0" minvalue="0" maxvalue="1" cutvalue="1"/>
</outcomes>
<respcondition title="Mastery" continue="No">
<conditionvar>
<and>
<varequal respident="ET_158_534170864_section_1_item_06_schoice_RESPONSE_2790142" case="Yes">ET_158_534170864_section_1_item_06_schoice_2315769872</varequal>
<not> <varequal respident="ET_158_534170864_section_1_item_06_schoice_RESPONSE_2790142" case="Yes">ET_158_534170864_section_1_item_06_schoice_9133880107</varequal> </not>
<not> <varequal respident="ET_158_534170864_section_1_item_06_schoice_RESPONSE_2790142" case="Yes">ET_158_534170864_section_1_item_06_schoice_1084456561</varequal> </not>
<not> <varequal respident="ET_158_534170864_section_1_item_06_schoice_RESPONSE_2790142" case="Yes">ET_158_534170864_section_1_item_06_schoice_8365490976</varequal> </not>
</and>
</conditionvar>
<setvar varname="SCORE" action="Set">1</setvar>
<displayfeedback feedbacktype="Response" linkrefid="correct_fb"/>
</respcondition>
<respcondition continue="Yes">
<conditionvar>
<other/>
</conditionvar>
<displayfeedback feedbacktype="Response" linkrefid="general_incorrect_fb"/>
</respcondition>
</resprocessing>
<itemfeedback ident="correct_fb" view="All">
<flow_mat>
<material>
<mattext texttype="text/html"><![CDATA[
<p>The correct answer is D</p>
]]></mattext>
</material>
</flow_mat>
</itemfeedback>
<itemfeedback ident="general_incorrect_fb" view="All">
<flow_mat>
<material>
<mattext texttype="text/html"><![CDATA[
<p>The correct answer is D</p>
]]></mattext>
</material>
</flow_mat>
</itemfeedback>
</item>

<item ident="ET_158_534170864_section_1_item_07_schoice" title="Question" maxattempts="3">
<itemcontrol feedbackswitch="No" hintswitch="No" solutionswitch="Yes"/>
<itemmetadata>
<qtimetadata>
<qtimetadatafield>
<fieldlabel>question_type</fieldlabel>
<fieldentry>multiple_choice_question</fieldentry>
</qtimetadatafield>
</qtimetadata>
</itemmetadata>
<presentation>
<flow>
<material>
<matbreak/>
<mattext texttype="text/html" charset="utf-8"><![CDATA[
<p>Question ID: 05_410</p>
<p><img src="data/supplements7/xx.png" /></p>
]]></mattext>
<matbreak/>
</material>
<response_lid ident="ET_158_534170864_section_1_item_07_schoice_RESPONSE_5540265" rcardinality="Single" rtiming="No">
<render_choice shuffle="No">
<flow_label class="List">
<response_label ident="ET_158_534170864_section_1_item_07_schoice_3693184204" rshuffle="No">
<material>
<mattext texttype="text/html" charset="utf-8"><![CDATA[
 A
]]></mattext>
</material>
</response_label>
</flow_label>
<flow_label class="List">
<response_label ident="ET_158_534170864_section_1_item_07_schoice_6631956674" rshuffle="No">
<material>
<mattext texttype="text/html" charset="utf-8"><![CDATA[
 B
]]></mattext>
</material>
</response_label>
</flow_label>
<flow_label class="List">
<response_label ident="ET_158_534170864_section_1_item_07_schoice_4681492143" rshuffle="No">
<material>
<mattext texttype="text/html" charset="utf-8"><![CDATA[
 C
]]></mattext>
</material>
</response_label>
</flow_label>
<flow_label class="List">
<response_label ident="ET_158_534170864_section_1_item_07_schoice_6505317160" rshuffle="No">
<material>
<mattext texttype="text/html" charset="utf-8"><![CDATA[
 D
]]></mattext>
</material>
</response_label>
</flow_label>
</render_choice>
</response_lid>
</flow>
</presentation>
<resprocessing>
<outcomes>
<decvar varname="SCORE" vartype="Decimal" defaultval="0" minvalue="0" maxvalue="1" cutvalue="1"/>
</outcomes>
<respcondition title="Mastery" continue="No">
<conditionvar>
<and>
<varequal respident="ET_158_534170864_section_1_item_07_schoice_RESPONSE_5540265" case="Yes">ET_158_534170864_section_1_item_07_schoice_3693184204</varequal>
<not> <varequal respident="ET_158_534170864_section_1_item_07_schoice_RESPONSE_5540265" case="Yes">ET_158_534170864_section_1_item_07_schoice_6631956674</varequal> </not>
<not> <varequal respident="ET_158_534170864_section_1_item_07_schoice_RESPONSE_5540265" case="Yes">ET_158_534170864_section_1_item_07_schoice_4681492143</varequal> </not>
<not> <varequal respident="ET_158_534170864_section_1_item_07_schoice_RESPONSE_5540265" case="Yes">ET_158_534170864_section_1_item_07_schoice_6505317160</varequal> </not>
</and>
</conditionvar>
<setvar varname="SCORE" action="Set">1</setvar>
<displayfeedback feedbacktype="Response" linkrefid="correct_fb"/>
</respcondition>
<respcondition continue="Yes">
<conditionvar>
<other/>
</conditionvar>
<displayfeedback feedbacktype="Response" linkrefid="general_incorrect_fb"/>
</respcondition>
</resprocessing>
<itemfeedback ident="correct_fb" view="All">
<flow_mat>
<material>
<mattext texttype="text/html"><![CDATA[
<p>The correct answer is A</p>
]]></mattext>
</material>
</flow_mat>
</itemfeedback>
<itemfeedback ident="general_incorrect_fb" view="All">
<flow_mat>
<material>
<mattext texttype="text/html"><![CDATA[
<p>The correct answer is A</p>
]]></mattext>
</material>
</flow_mat>
</itemfeedback>
</item>

<item ident="ET_158_534170864_section_1_item_08_num" title="Question" maxattempts="3">
<itemcontrol feedbackswitch="No" hintswitch="No" solutionswitch="Yes"/>
<itemmetadata>
<qtimetadata>
<qtimetadatafield>
<fieldlabel>question_type</fieldlabel>
<fieldentry>numerical_question</fieldentry>
</qtimetadatafield>
</qtimetadata>
</itemmetadata>
<presentation>
<flow>
<material>
<matbreak/>
<mattext texttype="text/html" charset="utf-8"><![CDATA[
<p>Question ID: 12_213</p>
<p><img src="data/supplements8/xx.png" /></p>
]]></mattext>
<matbreak/>
</material>
<response_num ident="ET_158_534170864_section_1_item_08_num_RESPONSE_1600273" rcardinality="Single" numtype="Decimal">
<render_fib fibtype="Decimal" maxchars="12">
<flow_label class="Block">
<response_label ident="ET_158_534170864_section_1_item_08_num_RESPONSE_1600273" rshuffle="No"/>
</flow_label>
</render_fib>
</response_num>
<material>
<matbreak/>
</material>
</flow>
</presentation>
<resprocessing>
<outcomes>
<decvar varname="SCORE" vartype="Decimal" defaultval="0" minvalue="0" maxvalue="1" cutvalue="1"/>
</outcomes>
<respcondition title="Mastery" continue="No">
<conditionvar>

<or>
<varequal respident="ET_158_534170864_section_1_item_08_num_RESPONSE_1600273" case="No"><![CDATA[240]]></varequal>
<and>
<vargte respident="ET_158_534170864_section_1_item_08_num_RESPONSE_1600273"><![CDATA[239.99999]]></vargte>
<varlte respident="ET_158_534170864_section_1_item_08_num_RESPONSE_1600273"><![CDATA[240.00001]]></varlte>
</and>
</or>
</conditionvar>
<setvar varname="SCORE" action="Set">1</setvar>
<displayfeedback feedbacktype="Response" linkrefid="correct_fb"/>
</respcondition>
<respcondition continue="Yes">
<conditionvar>
<other/>
</conditionvar>
<displayfeedback feedbacktype="Response" linkrefid="general_incorrect_fb"/>
</respcondition>
</resprocessing>
<itemfeedback ident="correct_fb" view="All">
<flow_mat>
<material>
<mattext texttype="text/html"><![CDATA[
<p>The correct answer is 240.</p>
]]></mattext>
</material>
</flow_mat>
</itemfeedback>
<itemfeedback ident="general_incorrect_fb" view="All">
<flow_mat>
<material>
<mattext texttype="text/html"><![CDATA[
<p>The correct answer is 240.</p>
]]></mattext>
</material>
</flow_mat>
</itemfeedback>
</item>

<item ident="ET_158_534170864_section_1_item_09_schoice" title="Question" maxattempts="3">
<itemcontrol feedbackswitch="No" hintswitch="No" solutionswitch="Yes"/>
<itemmetadata>
<qtimetadata>
<qtimetadatafield>
<fieldlabel>question_type</fieldlabel>
<fieldentry>multiple_choice_question</fieldentry>
</qtimetadatafield>
</qtimetadata>
</itemmetadata>
<presentation>
<flow>
<material>
<matbreak/>
<mattext texttype="text/html" charset="utf-8"><![CDATA[
<p>Question ID: 10_425</p>
<p><img src="data/supplements9/xx.png" /></p>
]]></mattext>
<matbreak/>
</material>
<response_lid ident="ET_158_534170864_section_1_item_09_schoice_RESPONSE_5387941" rcardinality="Single" rtiming="No">
<render_choice shuffle="No">
<flow_label class="List">
<response_label ident="ET_158_534170864_section_1_item_09_schoice_1997233429" rshuffle="No">
<material>
<mattext texttype="text/html" charset="utf-8"><![CDATA[
 A
]]></mattext>
</material>
</response_label>
</flow_label>
<flow_label class="List">
<response_label ident="ET_158_534170864_section_1_item_09_schoice_7959256613" rshuffle="No">
<material>
<mattext texttype="text/html" charset="utf-8"><![CDATA[
 B
]]></mattext>
</material>
</response_label>
</flow_label>
<flow_label class="List">
<response_label ident="ET_158_534170864_section_1_item_09_schoice_4782286955" rshuffle="No">
<material>
<mattext texttype="text/html" charset="utf-8"><![CDATA[
 C
]]></mattext>
</material>
</response_label>
</flow_label>
<flow_label class="List">
<response_label ident="ET_158_534170864_section_1_item_09_schoice_7201644112" rshuffle="No">
<material>
<mattext texttype="text/html" charset="utf-8"><![CDATA[
 D
]]></mattext>
</material>
</response_label>
</flow_label>
</render_choice>
</response_lid>
</flow>
</presentation>
<resprocessing>
<outcomes>
<decvar varname="SCORE" vartype="Decimal" defaultval="0" minvalue="0" maxvalue="1" cutvalue="1"/>
</outcomes>
<respcondition title="Mastery" continue="No">
<conditionvar>
<and>
<varequal respident="ET_158_534170864_section_1_item_09_schoice_RESPONSE_5387941" case="Yes">ET_158_534170864_section_1_item_09_schoice_1997233429</varequal>
<not> <varequal respident="ET_158_534170864_section_1_item_09_schoice_RESPONSE_5387941" case="Yes">ET_158_534170864_section_1_item_09_schoice_7959256613</varequal> </not>
<not> <varequal respident="ET_158_534170864_section_1_item_09_schoice_RESPONSE_5387941" case="Yes">ET_158_534170864_section_1_item_09_schoice_4782286955</varequal> </not>
<not> <varequal respident="ET_158_534170864_section_1_item_09_schoice_RESPONSE_5387941" case="Yes">ET_158_534170864_section_1_item_09_schoice_7201644112</varequal> </not>
</and>
</conditionvar>
<setvar varname="SCORE" action="Set">1</setvar>
<displayfeedback feedbacktype="Response" linkrefid="correct_fb"/>
</respcondition>
<respcondition continue="Yes">
<conditionvar>
<other/>
</conditionvar>
<displayfeedback feedbacktype="Response" linkrefid="general_incorrect_fb"/>
</respcondition>
</resprocessing>
<itemfeedback ident="correct_fb" view="All">
<flow_mat>
<material>
<mattext texttype="text/html"><![CDATA[
<p>The correct answer is A</p>
]]></mattext>
</material>
</flow_mat>
</itemfeedback>
<itemfeedback ident="general_incorrect_fb" view="All">
<flow_mat>
<material>
<mattext texttype="text/html"><![CDATA[
<p>The correct answer is A</p>
]]></mattext>
</material>
</flow_mat>
</itemfeedback>
</item>

<item ident="ET_158_534170864_section_1_item_10_schoice" title="Question" maxattempts="3">
<itemcontrol feedbackswitch="No" hintswitch="No" solutionswitch="Yes"/>
<itemmetadata>
<qtimetadata>
<qtimetadatafield>
<fieldlabel>question_type</fieldlabel>
<fieldentry>multiple_choice_question</fieldentry>
</qtimetadatafield>
</qtimetadata>
</itemmetadata>
<presentation>
<flow>
<material>
<matbreak/>
<mattext texttype="text/html" charset="utf-8"><![CDATA[
<p>Question ID: 02_416</p>
<p><img src="data/supplements10/xx.png" /></p>
]]></mattext>
<matbreak/>
</material>
<response_lid ident="ET_158_534170864_section_1_item_10_schoice_RESPONSE_2024255" rcardinality="Single" rtiming="No">
<render_choice shuffle="No">
<flow_label class="List">
<response_label ident="ET_158_534170864_section_1_item_10_schoice_6816383899" rshuffle="No">
<material>
<mattext texttype="text/html" charset="utf-8"><![CDATA[
 A
]]></mattext>
</material>
</response_label>
</flow_label>
<flow_label class="List">
<response_label ident="ET_158_534170864_section_1_item_10_schoice_3303288786" rshuffle="No">
<material>
<mattext texttype="text/html" charset="utf-8"><![CDATA[
 B
]]></mattext>
</material>
</response_label>
</flow_label>
<flow_label class="List">
<response_label ident="ET_158_534170864_section_1_item_10_schoice_3426229985" rshuffle="No">
<material>
<mattext texttype="text/html" charset="utf-8"><![CDATA[
 C
]]></mattext>
</material>
</response_label>
</flow_label>
<flow_label class="List">
<response_label ident="ET_158_534170864_section_1_item_10_schoice_3316090542" rshuffle="No">
<material>
<mattext texttype="text/html" charset="utf-8"><![CDATA[
 D
]]></mattext>
</material>
</response_label>
</flow_label>
</render_choice>
</response_lid>
</flow>
</presentation>
<resprocessing>
<outcomes>
<decvar varname="SCORE" vartype="Decimal" defaultval="0" minvalue="0" maxvalue="1" cutvalue="1"/>
</outcomes>
<respcondition title="Mastery" continue="No">
<conditionvar>
<and>
<varequal respident="ET_158_534170864_section_1_item_10_schoice_RESPONSE_2024255" case="Yes">ET_158_534170864_section_1_item_10_schoice_3303288786</varequal>
<not> <varequal respident="ET_158_534170864_section_1_item_10_schoice_RESPONSE_2024255" case="Yes">ET_158_534170864_section_1_item_10_schoice_6816383899</varequal> </not>
<not> <varequal respident="ET_158_534170864_section_1_item_10_schoice_RESPONSE_2024255" case="Yes">ET_158_534170864_section_1_item_10_schoice_3426229985</varequal> </not>
<not> <varequal respident="ET_158_534170864_section_1_item_10_schoice_RESPONSE_2024255" case="Yes">ET_158_534170864_section_1_item_10_schoice_3316090542</varequal> </not>
</and>
</conditionvar>
<setvar varname="SCORE" action="Set">1</setvar>
<displayfeedback feedbacktype="Response" linkrefid="correct_fb"/>
</respcondition>
<respcondition continue="Yes">
<conditionvar>
<other/>
</conditionvar>
<displayfeedback feedbacktype="Response" linkrefid="general_incorrect_fb"/>
</respcondition>
</resprocessing>
<itemfeedback ident="correct_fb" view="All">
<flow_mat>
<material>
<mattext texttype="text/html"><![CDATA[
<p>The correct answer is B</p>
]]></mattext>
</material>
</flow_mat>
</itemfeedback>
<itemfeedback ident="general_incorrect_fb" view="All">
<flow_mat>
<material>
<mattext texttype="text/html"><![CDATA[
<p>The correct answer is B</p>
]]></mattext>
</material>
</flow_mat>
</itemfeedback>
</item>

<item ident="ET_158_534170864_section_1_item_11_num" title="Question" maxattempts="3">
<itemcontrol feedbackswitch="No" hintswitch="No" solutionswitch="Yes"/>
<itemmetadata>
<qtimetadata>
<qtimetadatafield>
<fieldlabel>question_type</fieldlabel>
<fieldentry>numerical_question</fieldentry>
</qtimetadatafield>
</qtimetadata>
</itemmetadata>
<presentation>
<flow>
<material>
<matbreak/>
<mattext texttype="text/html" charset="utf-8"><![CDATA[
<p>Question ID: 03_316</p>
<p><img src="data/supplements11/xx.png" /></p>
]]></mattext>
<matbreak/>
</material>
<response_num ident="ET_158_534170864_section_1_item_11_num_RESPONSE_1633637" rcardinality="Single" numtype="Decimal">
<render_fib fibtype="Decimal" maxchars="12">
<flow_label class="Block">
<response_label ident="ET_158_534170864_section_1_item_11_num_RESPONSE_1633637" rshuffle="No"/>
</flow_label>
</render_fib>
</response_num>
<material>
<matbreak/>
</material>
</flow>
</presentation>
<resprocessing>
<outcomes>
<decvar varname="SCORE" vartype="Decimal" defaultval="0" minvalue="0" maxvalue="1" cutvalue="1"/>
</outcomes>
<respcondition title="Mastery" continue="No">
<conditionvar>

<or>
<varequal respident="ET_158_534170864_section_1_item_11_num_RESPONSE_1633637" case="No"><![CDATA[1.5]]></varequal>
<and>
<vargte respident="ET_158_534170864_section_1_item_11_num_RESPONSE_1633637"><![CDATA[0.99999]]></vargte>
<varlte respident="ET_158_534170864_section_1_item_11_num_RESPONSE_1633637"><![CDATA[2.00001]]></varlte>
</and>
</or>
</conditionvar>
<setvar varname="SCORE" action="Set">1</setvar>
<displayfeedback feedbacktype="Response" linkrefid="correct_fb"/>
</respcondition>
<respcondition continue="Yes">
<conditionvar>
<other/>
</conditionvar>
<displayfeedback feedbacktype="Response" linkrefid="general_incorrect_fb"/>
</respcondition>
</resprocessing>
<itemfeedback ident="correct_fb" view="All">
<flow_mat>
<material>
<mattext texttype="text/html"><![CDATA[
<p>Technically, only the following are correct: 1, 2
But, you may have gotten credit for an incorrect answer if it was between 1 and2.</p>
]]></mattext>
</material>
</flow_mat>
</itemfeedback>
<itemfeedback ident="general_incorrect_fb" view="All">
<flow_mat>
<material>
<mattext texttype="text/html"><![CDATA[
<p>Technically, only the following are correct: 1, 2
But, you may have gotten credit for an incorrect answer if it was between 1 and2.</p>
]]></mattext>
</material>
</flow_mat>
</itemfeedback>
</item>

<item ident="ET_158_534170864_section_1_item_12_schoice" title="Question" maxattempts="3">
<itemcontrol feedbackswitch="No" hintswitch="No" solutionswitch="Yes"/>
<itemmetadata>
<qtimetadata>
<qtimetadatafield>
<fieldlabel>question_type</fieldlabel>
<fieldentry>multiple_choice_question</fieldentry>
</qtimetadatafield>
</qtimetadata>
</itemmetadata>
<presentation>
<flow>
<material>
<matbreak/>
<mattext texttype="text/html" charset="utf-8"><![CDATA[
<p>Question ID: 09_418</p>
<p><img src="data/supplements12/xx.png" /></p>
]]></mattext>
<matbreak/>
</material>
<response_lid ident="ET_158_534170864_section_1_item_12_schoice_RESPONSE_5875825" rcardinality="Single" rtiming="No">
<render_choice shuffle="No">
<flow_label class="List">
<response_label ident="ET_158_534170864_section_1_item_12_schoice_5021111113" rshuffle="No">
<material>
<mattext texttype="text/html" charset="utf-8"><![CDATA[
 A
]]></mattext>
</material>
</response_label>
</flow_label>
<flow_label class="List">
<response_label ident="ET_158_534170864_section_1_item_12_schoice_1893238747" rshuffle="No">
<material>
<mattext texttype="text/html" charset="utf-8"><![CDATA[
 B
]]></mattext>
</material>
</response_label>
</flow_label>
<flow_label class="List">
<response_label ident="ET_158_534170864_section_1_item_12_schoice_2688915661" rshuffle="No">
<material>
<mattext texttype="text/html" charset="utf-8"><![CDATA[
 C
]]></mattext>
</material>
</response_label>
</flow_label>
<flow_label class="List">
<response_label ident="ET_158_534170864_section_1_item_12_schoice_1402023566" rshuffle="No">
<material>
<mattext texttype="text/html" charset="utf-8"><![CDATA[
 D
]]></mattext>
</material>
</response_label>
</flow_label>
</render_choice>
</response_lid>
</flow>
</presentation>
<resprocessing>
<outcomes>
<decvar varname="SCORE" vartype="Decimal" defaultval="0" minvalue="0" maxvalue="1" cutvalue="1"/>
</outcomes>
<respcondition title="Mastery" continue="No">
<conditionvar>
<and>
<varequal respident="ET_158_534170864_section_1_item_12_schoice_RESPONSE_5875825" case="Yes">ET_158_534170864_section_1_item_12_schoice_1893238747</varequal>
<not> <varequal respident="ET_158_534170864_section_1_item_12_schoice_RESPONSE_5875825" case="Yes">ET_158_534170864_section_1_item_12_schoice_5021111113</varequal> </not>
<not> <varequal respident="ET_158_534170864_section_1_item_12_schoice_RESPONSE_5875825" case="Yes">ET_158_534170864_section_1_item_12_schoice_2688915661</varequal> </not>
<not> <varequal respident="ET_158_534170864_section_1_item_12_schoice_RESPONSE_5875825" case="Yes">ET_158_534170864_section_1_item_12_schoice_1402023566</varequal> </not>
</and>
</conditionvar>
<setvar varname="SCORE" action="Set">1</setvar>
<displayfeedback feedbacktype="Response" linkrefid="correct_fb"/>
</respcondition>
<respcondition continue="Yes">
<conditionvar>
<other/>
</conditionvar>
<displayfeedback feedbacktype="Response" linkrefid="general_incorrect_fb"/>
</respcondition>
</resprocessing>
<itemfeedback ident="correct_fb" view="All">
<flow_mat>
<material>
<mattext texttype="text/html"><![CDATA[
<p>The correct answer is B</p>
]]></mattext>
</material>
</flow_mat>
</itemfeedback>
<itemfeedback ident="general_incorrect_fb" view="All">
<flow_mat>
<material>
<mattext texttype="text/html"><![CDATA[
<p>The correct answer is B</p>
]]></mattext>
</material>
</flow_mat>
</itemfeedback>
</item>

<item ident="ET_158_534170864_section_1_item_13_schoice" title="Question" maxattempts="3">
<itemcontrol feedbackswitch="No" hintswitch="No" solutionswitch="Yes"/>
<itemmetadata>
<qtimetadata>
<qtimetadatafield>
<fieldlabel>question_type</fieldlabel>
<fieldentry>multiple_choice_question</fieldentry>
</qtimetadatafield>
</qtimetadata>
</itemmetadata>
<presentation>
<flow>
<material>
<matbreak/>
<mattext texttype="text/html" charset="utf-8"><![CDATA[
<p>Question ID: 10_416</p>
<p><img src="data/supplements13/xx.png" /></p>
]]></mattext>
<matbreak/>
</material>
<response_lid ident="ET_158_534170864_section_1_item_13_schoice_RESPONSE_1536361" rcardinality="Single" rtiming="No">
<render_choice shuffle="No">
<flow_label class="List">
<response_label ident="ET_158_534170864_section_1_item_13_schoice_2075978743" rshuffle="No">
<material>
<mattext texttype="text/html" charset="utf-8"><![CDATA[
 A
]]></mattext>
</material>
</response_label>
</flow_label>
<flow_label class="List">
<response_label ident="ET_158_534170864_section_1_item_13_schoice_7570128457" rshuffle="No">
<material>
<mattext texttype="text/html" charset="utf-8"><![CDATA[
 B
]]></mattext>
</material>
</response_label>
</flow_label>
<flow_label class="List">
<response_label ident="ET_158_534170864_section_1_item_13_schoice_7465659562" rshuffle="No">
<material>
<mattext texttype="text/html" charset="utf-8"><![CDATA[
 C
]]></mattext>
</material>
</response_label>
</flow_label>
<flow_label class="List">
<response_label ident="ET_158_534170864_section_1_item_13_schoice_3936435189" rshuffle="No">
<material>
<mattext texttype="text/html" charset="utf-8"><![CDATA[
 D
]]></mattext>
</material>
</response_label>
</flow_label>
</render_choice>
</response_lid>
</flow>
</presentation>
<resprocessing>
<outcomes>
<decvar varname="SCORE" vartype="Decimal" defaultval="0" minvalue="0" maxvalue="1" cutvalue="1"/>
</outcomes>
<respcondition title="Mastery" continue="No">
<conditionvar>
<and>
<varequal respident="ET_158_534170864_section_1_item_13_schoice_RESPONSE_1536361" case="Yes">ET_158_534170864_section_1_item_13_schoice_7465659562</varequal>
<not> <varequal respident="ET_158_534170864_section_1_item_13_schoice_RESPONSE_1536361" case="Yes">ET_158_534170864_section_1_item_13_schoice_2075978743</varequal> </not>
<not> <varequal respident="ET_158_534170864_section_1_item_13_schoice_RESPONSE_1536361" case="Yes">ET_158_534170864_section_1_item_13_schoice_7570128457</varequal> </not>
<not> <varequal respident="ET_158_534170864_section_1_item_13_schoice_RESPONSE_1536361" case="Yes">ET_158_534170864_section_1_item_13_schoice_3936435189</varequal> </not>
</and>
</conditionvar>
<setvar varname="SCORE" action="Set">1</setvar>
<displayfeedback feedbacktype="Response" linkrefid="correct_fb"/>
</respcondition>
<respcondition continue="Yes">
<conditionvar>
<other/>
</conditionvar>
<displayfeedback feedbacktype="Response" linkrefid="general_incorrect_fb"/>
</respcondition>
</resprocessing>
<itemfeedback ident="correct_fb" view="All">
<flow_mat>
<material>
<mattext texttype="text/html"><![CDATA[
<p>The correct answer is C</p>
]]></mattext>
</material>
</flow_mat>
</itemfeedback>
<itemfeedback ident="general_incorrect_fb" view="All">
<flow_mat>
<material>
<mattext texttype="text/html"><![CDATA[
<p>The correct answer is C</p>
]]></mattext>
</material>
</flow_mat>
</itemfeedback>
</item>

<item ident="ET_158_534170864_section_1_item_14_num" title="Question" maxattempts="3">
<itemcontrol feedbackswitch="No" hintswitch="No" solutionswitch="Yes"/>
<itemmetadata>
<qtimetadata>
<qtimetadatafield>
<fieldlabel>question_type</fieldlabel>
<fieldentry>numerical_question</fieldentry>
</qtimetadatafield>
</qtimetadata>
</itemmetadata>
<presentation>
<flow>
<material>
<matbreak/>
<mattext texttype="text/html" charset="utf-8"><![CDATA[
<p>Question ID: 01_316</p>
<p><img src="data/supplements14/xx.png" /></p>
]]></mattext>
<matbreak/>
</material>
<response_num ident="ET_158_534170864_section_1_item_14_num_RESPONSE_9147069" rcardinality="Single" numtype="Decimal">
<render_fib fibtype="Decimal" maxchars="12">
<flow_label class="Block">
<response_label ident="ET_158_534170864_section_1_item_14_num_RESPONSE_9147069" rshuffle="No"/>
</flow_label>
</render_fib>
</response_num>
<material>
<matbreak/>
</material>
</flow>
</presentation>
<resprocessing>
<outcomes>
<decvar varname="SCORE" vartype="Decimal" defaultval="0" minvalue="0" maxvalue="1" cutvalue="1"/>
</outcomes>
<respcondition title="Mastery" continue="No">
<conditionvar>

<or>
<varequal respident="ET_158_534170864_section_1_item_14_num_RESPONSE_9147069" case="No"><![CDATA[2]]></varequal>
<and>
<vargte respident="ET_158_534170864_section_1_item_14_num_RESPONSE_9147069"><![CDATA[1.99999]]></vargte>
<varlte respident="ET_158_534170864_section_1_item_14_num_RESPONSE_9147069"><![CDATA[2.00001]]></varlte>
</and>
</or>
</conditionvar>
<setvar varname="SCORE" action="Set">1</setvar>
<displayfeedback feedbacktype="Response" linkrefid="correct_fb"/>
</respcondition>
<respcondition continue="Yes">
<conditionvar>
<other/>
</conditionvar>
<displayfeedback feedbacktype="Response" linkrefid="general_incorrect_fb"/>
</respcondition>
</resprocessing>
<itemfeedback ident="correct_fb" view="All">
<flow_mat>
<material>
<mattext texttype="text/html"><![CDATA[
<p>The correct answer is 2.</p>
]]></mattext>
</material>
</flow_mat>
</itemfeedback>
<itemfeedback ident="general_incorrect_fb" view="All">
<flow_mat>
<material>
<mattext texttype="text/html"><![CDATA[
<p>The correct answer is 2.</p>
]]></mattext>
</material>
</flow_mat>
</itemfeedback>
</item>

<item ident="ET_158_534170864_section_1_item_15_num" title="Question" maxattempts="3">
<itemcontrol feedbackswitch="No" hintswitch="No" solutionswitch="Yes"/>
<itemmetadata>
<qtimetadata>
<qtimetadatafield>
<fieldlabel>question_type</fieldlabel>
<fieldentry>numerical_question</fieldentry>
</qtimetadatafield>
</qtimetadata>
</itemmetadata>
<presentation>
<flow>
<material>
<matbreak/>
<mattext texttype="text/html" charset="utf-8"><![CDATA[
<p>Question ID: 01_433</p>
<p><img src="data/supplements15/xx.png" /></p>
]]></mattext>
<matbreak/>
</material>
<response_num ident="ET_158_534170864_section_1_item_15_num_RESPONSE_1645347" rcardinality="Single" numtype="Decimal">
<render_fib fibtype="Decimal" maxchars="12">
<flow_label class="Block">
<response_label ident="ET_158_534170864_section_1_item_15_num_RESPONSE_1645347" rshuffle="No"/>
</flow_label>
</render_fib>
</response_num>
<material>
<matbreak/>
</material>
</flow>
</presentation>
<resprocessing>
<outcomes>
<decvar varname="SCORE" vartype="Decimal" defaultval="0" minvalue="0" maxvalue="1" cutvalue="1"/>
</outcomes>
<respcondition title="Mastery" continue="No">
<conditionvar>

<or>
<varequal respident="ET_158_534170864_section_1_item_15_num_RESPONSE_1645347" case="No"><![CDATA[0.625]]></varequal>
<and>
<vargte respident="ET_158_534170864_section_1_item_15_num_RESPONSE_1645347"><![CDATA[0.62499]]></vargte>
<varlte respident="ET_158_534170864_section_1_item_15_num_RESPONSE_1645347"><![CDATA[0.62501]]></varlte>
</and>
</or>
</conditionvar>
<setvar varname="SCORE" action="Set">1</setvar>
<displayfeedback feedbacktype="Response" linkrefid="correct_fb"/>
</respcondition>
<respcondition continue="Yes">
<conditionvar>
<other/>
</conditionvar>
<displayfeedback feedbacktype="Response" linkrefid="general_incorrect_fb"/>
</respcondition>
</resprocessing>
<itemfeedback ident="correct_fb" view="All">
<flow_mat>
<material>
<mattext texttype="text/html"><![CDATA[
<p>The correct answer is 0.625.</p>
]]></mattext>
</material>
</flow_mat>
</itemfeedback>
<itemfeedback ident="general_incorrect_fb" view="All">
<flow_mat>
<material>
<mattext texttype="text/html"><![CDATA[
<p>The correct answer is 0.625.</p>
]]></mattext>
</material>
</flow_mat>
</itemfeedback>
</item>


</section>
<section ident="ET_158_534170864_section_2" title="Exercise">

<objectives>
<material>
<mattext><![CDATA[Please answer the following question.]]></mattext>
</material>
</objectives>
<selection_ordering>
<selection>
<selection_number>1</selection_number>
<selection_extension>
<points_per_item>1</points_per_item>
</selection_extension>
</selection>
<order order_type="Random"/>
</selection_ordering>

<item ident="ET_158_534170864_section_2_item_01_schoice" title="Question" maxattempts="3">
<itemcontrol feedbackswitch="No" hintswitch="No" solutionswitch="Yes"/>
<itemmetadata>
<qtimetadata>
<qtimetadatafield>
<fieldlabel>question_type</fieldlabel>
<fieldentry>multiple_choice_question</fieldentry>
</qtimetadatafield>
</qtimetadata>
</itemmetadata>
<presentation>
<flow>
<material>
<matbreak/>
<mattext texttype="text/html" charset="utf-8"><![CDATA[
<p>Question ID: 05_404</p>
<p><img src="data/supplements16/xx.png" /></p>
]]></mattext>
<matbreak/>
</material>
<response_lid ident="ET_158_534170864_section_2_item_01_schoice_RESPONSE_1029574" rcardinality="Single" rtiming="No">
<render_choice shuffle="No">
<flow_label class="List">
<response_label ident="ET_158_534170864_section_2_item_01_schoice_7367978767" rshuffle="No">
<material>
<mattext texttype="text/html" charset="utf-8"><![CDATA[
 A
]]></mattext>
</material>
</response_label>
</flow_label>
<flow_label class="List">
<response_label ident="ET_158_534170864_section_2_item_01_schoice_3177751596" rshuffle="No">
<material>
<mattext texttype="text/html" charset="utf-8"><![CDATA[
 B
]]></mattext>
</material>
</response_label>
</flow_label>
<flow_label class="List">
<response_label ident="ET_158_534170864_section_2_item_01_schoice_6484691256" rshuffle="No">
<material>
<mattext texttype="text/html" charset="utf-8"><![CDATA[
 C
]]></mattext>
</material>
</response_label>
</flow_label>
<flow_label class="List">
<response_label ident="ET_158_534170864_section_2_item_01_schoice_8323456830" rshuffle="No">
<material>
<mattext texttype="text/html" charset="utf-8"><![CDATA[
 D
]]></mattext>
</material>
</response_label>
</flow_label>
</render_choice>
</response_lid>
</flow>
</presentation>
<resprocessing>
<outcomes>
<decvar varname="SCORE" vartype="Decimal" defaultval="0" minvalue="0" maxvalue="1" cutvalue="1"/>
</outcomes>
<respcondition title="Mastery" continue="No">
<conditionvar>
<and>
<varequal respident="ET_158_534170864_section_2_item_01_schoice_RESPONSE_1029574" case="Yes">ET_158_534170864_section_2_item_01_schoice_3177751596</varequal>
<not> <varequal respident="ET_158_534170864_section_2_item_01_schoice_RESPONSE_1029574" case="Yes">ET_158_534170864_section_2_item_01_schoice_7367978767</varequal> </not>
<not> <varequal respident="ET_158_534170864_section_2_item_01_schoice_RESPONSE_1029574" case="Yes">ET_158_534170864_section_2_item_01_schoice_6484691256</varequal> </not>
<not> <varequal respident="ET_158_534170864_section_2_item_01_schoice_RESPONSE_1029574" case="Yes">ET_158_534170864_section_2_item_01_schoice_8323456830</varequal> </not>
</and>
</conditionvar>
<setvar varname="SCORE" action="Set">1</setvar>
<displayfeedback feedbacktype="Response" linkrefid="correct_fb"/>
</respcondition>
<respcondition continue="Yes">
<conditionvar>
<other/>
</conditionvar>
<displayfeedback feedbacktype="Response" linkrefid="general_incorrect_fb"/>
</respcondition>
</resprocessing>
<itemfeedback ident="correct_fb" view="All">
<flow_mat>
<material>
<mattext texttype="text/html"><![CDATA[
<p>The correct answer is B</p>
]]></mattext>
</material>
</flow_mat>
</itemfeedback>
<itemfeedback ident="general_incorrect_fb" view="All">
<flow_mat>
<material>
<mattext texttype="text/html"><![CDATA[
<p>The correct answer is B</p>
]]></mattext>
</material>
</flow_mat>
</itemfeedback>
</item>

<item ident="ET_158_534170864_section_2_item_02_schoice" title="Question" maxattempts="3">
<itemcontrol feedbackswitch="No" hintswitch="No" solutionswitch="Yes"/>
<itemmetadata>
<qtimetadata>
<qtimetadatafield>
<fieldlabel>question_type</fieldlabel>
<fieldentry>multiple_choice_question</fieldentry>
</qtimetadatafield>
</qtimetadata>
</itemmetadata>
<presentation>
<flow>
<material>
<matbreak/>
<mattext texttype="text/html" charset="utf-8"><![CDATA[
<p>Question ID: 09_406</p>
<p><img src="data/supplements17/xx.png" /></p>
]]></mattext>
<matbreak/>
</material>
<response_lid ident="ET_158_534170864_section_2_item_02_schoice_RESPONSE_5876566" rcardinality="Single" rtiming="No">
<render_choice shuffle="No">
<flow_label class="List">
<response_label ident="ET_158_534170864_section_2_item_02_schoice_5671017188" rshuffle="No">
<material>
<mattext texttype="text/html" charset="utf-8"><![CDATA[
 A
]]></mattext>
</material>
</response_label>
</flow_label>
<flow_label class="List">
<response_label ident="ET_158_534170864_section_2_item_02_schoice_8750865291" rshuffle="No">
<material>
<mattext texttype="text/html" charset="utf-8"><![CDATA[
 B
]]></mattext>
</material>
</response_label>
</flow_label>
<flow_label class="List">
<response_label ident="ET_158_534170864_section_2_item_02_schoice_8279557138" rshuffle="No">
<material>
<mattext texttype="text/html" charset="utf-8"><![CDATA[
 C
]]></mattext>
</material>
</response_label>
</flow_label>
<flow_label class="List">
<response_label ident="ET_158_534170864_section_2_item_02_schoice_2165922442" rshuffle="No">
<material>
<mattext texttype="text/html" charset="utf-8"><![CDATA[
 D
]]></mattext>
</material>
</response_label>
</flow_label>
</render_choice>
</response_lid>
</flow>
</presentation>
<resprocessing>
<outcomes>
<decvar varname="SCORE" vartype="Decimal" defaultval="0" minvalue="0" maxvalue="1" cutvalue="1"/>
</outcomes>
<respcondition title="Mastery" continue="No">
<conditionvar>
<and>
<varequal respident="ET_158_534170864_section_2_item_02_schoice_RESPONSE_5876566" case="Yes">ET_158_534170864_section_2_item_02_schoice_5671017188</varequal>
<not> <varequal respident="ET_158_534170864_section_2_item_02_schoice_RESPONSE_5876566" case="Yes">ET_158_534170864_section_2_item_02_schoice_8750865291</varequal> </not>
<not> <varequal respident="ET_158_534170864_section_2_item_02_schoice_RESPONSE_5876566" case="Yes">ET_158_534170864_section_2_item_02_schoice_8279557138</varequal> </not>
<not> <varequal respident="ET_158_534170864_section_2_item_02_schoice_RESPONSE_5876566" case="Yes">ET_158_534170864_section_2_item_02_schoice_2165922442</varequal> </not>
</and>
</conditionvar>
<setvar varname="SCORE" action="Set">1</setvar>
<displayfeedback feedbacktype="Response" linkrefid="correct_fb"/>
</respcondition>
<respcondition continue="Yes">
<conditionvar>
<other/>
</conditionvar>
<displayfeedback feedbacktype="Response" linkrefid="general_incorrect_fb"/>
</respcondition>
</resprocessing>
<itemfeedback ident="correct_fb" view="All">
<flow_mat>
<material>
<mattext texttype="text/html"><![CDATA[
<p>The correct answer is A</p>
]]></mattext>
</material>
</flow_mat>
</itemfeedback>
<itemfeedback ident="general_incorrect_fb" view="All">
<flow_mat>
<material>
<mattext texttype="text/html"><![CDATA[
<p>The correct answer is A</p>
]]></mattext>
</material>
</flow_mat>
</itemfeedback>
</item>

<item ident="ET_158_534170864_section_2_item_03_num" title="Question" maxattempts="3">
<itemcontrol feedbackswitch="No" hintswitch="No" solutionswitch="Yes"/>
<itemmetadata>
<qtimetadata>
<qtimetadatafield>
<fieldlabel>question_type</fieldlabel>
<fieldentry>numerical_question</fieldentry>
</qtimetadatafield>
</qtimetadata>
</itemmetadata>
<presentation>
<flow>
<material>
<matbreak/>
<mattext texttype="text/html" charset="utf-8"><![CDATA[
<p>Question ID: 09_434</p>
<p><img src="data/supplements18/xx.png" /></p>
]]></mattext>
<matbreak/>
</material>
<response_num ident="ET_158_534170864_section_2_item_03_num_RESPONSE_1841014" rcardinality="Single" numtype="Decimal">
<render_fib fibtype="Decimal" maxchars="12">
<flow_label class="Block">
<response_label ident="ET_158_534170864_section_2_item_03_num_RESPONSE_1841014" rshuffle="No"/>
</flow_label>
</render_fib>
</response_num>
<material>
<matbreak/>
</material>
</flow>
</presentation>
<resprocessing>
<outcomes>
<decvar varname="SCORE" vartype="Decimal" defaultval="0" minvalue="0" maxvalue="1" cutvalue="1"/>
</outcomes>
<respcondition title="Mastery" continue="No">
<conditionvar>

<or>
<varequal respident="ET_158_534170864_section_2_item_03_num_RESPONSE_1841014" case="No"><![CDATA[9]]></varequal>
<and>
<vargte respident="ET_158_534170864_section_2_item_03_num_RESPONSE_1841014"><![CDATA[8.99999]]></vargte>
<varlte respident="ET_158_534170864_section_2_item_03_num_RESPONSE_1841014"><![CDATA[9.00001]]></varlte>
</and>
</or>
</conditionvar>
<setvar varname="SCORE" action="Set">1</setvar>
<displayfeedback feedbacktype="Response" linkrefid="correct_fb"/>
</respcondition>
<respcondition continue="Yes">
<conditionvar>
<other/>
</conditionvar>
<displayfeedback feedbacktype="Response" linkrefid="general_incorrect_fb"/>
</respcondition>
</resprocessing>
<itemfeedback ident="correct_fb" view="All">
<flow_mat>
<material>
<mattext texttype="text/html"><![CDATA[
<p>The correct answer is 9.</p>
]]></mattext>
</material>
</flow_mat>
</itemfeedback>
<itemfeedback ident="general_incorrect_fb" view="All">
<flow_mat>
<material>
<mattext texttype="text/html"><![CDATA[
<p>The correct answer is 9.</p>
]]></mattext>
</material>
</flow_mat>
</itemfeedback>
</item>

<item ident="ET_158_534170864_section_2_item_04_schoice" title="Question" maxattempts="3">
<itemcontrol feedbackswitch="No" hintswitch="No" solutionswitch="Yes"/>
<itemmetadata>
<qtimetadata>
<qtimetadatafield>
<fieldlabel>question_type</fieldlabel>
<fieldentry>multiple_choice_question</fieldentry>
</qtimetadatafield>
</qtimetadata>
</itemmetadata>
<presentation>
<flow>
<material>
<matbreak/>
<mattext texttype="text/html" charset="utf-8"><![CDATA[
<p>Question ID: 10_314</p>
<p><img src="data/supplements19/xx.png" /></p>
]]></mattext>
<matbreak/>
</material>
<response_lid ident="ET_158_534170864_section_2_item_04_schoice_RESPONSE_1989519" rcardinality="Single" rtiming="No">
<render_choice shuffle="No">
<flow_label class="List">
<response_label ident="ET_158_534170864_section_2_item_04_schoice_1756431668" rshuffle="No">
<material>
<mattext texttype="text/html" charset="utf-8"><![CDATA[
 A
]]></mattext>
</material>
</response_label>
</flow_label>
<flow_label class="List">
<response_label ident="ET_158_534170864_section_2_item_04_schoice_2823628103" rshuffle="No">
<material>
<mattext texttype="text/html" charset="utf-8"><![CDATA[
 B
]]></mattext>
</material>
</response_label>
</flow_label>
<flow_label class="List">
<response_label ident="ET_158_534170864_section_2_item_04_schoice_5790199702" rshuffle="No">
<material>
<mattext texttype="text/html" charset="utf-8"><![CDATA[
 C
]]></mattext>
</material>
</response_label>
</flow_label>
<flow_label class="List">
<response_label ident="ET_158_534170864_section_2_item_04_schoice_5382752397" rshuffle="No">
<material>
<mattext texttype="text/html" charset="utf-8"><![CDATA[
 D
]]></mattext>
</material>
</response_label>
</flow_label>
</render_choice>
</response_lid>
</flow>
</presentation>
<resprocessing>
<outcomes>
<decvar varname="SCORE" vartype="Decimal" defaultval="0" minvalue="0" maxvalue="1" cutvalue="1"/>
</outcomes>
<respcondition title="Mastery" continue="No">
<conditionvar>
<and>
<varequal respident="ET_158_534170864_section_2_item_04_schoice_RESPONSE_1989519" case="Yes">ET_158_534170864_section_2_item_04_schoice_2823628103</varequal>
<not> <varequal respident="ET_158_534170864_section_2_item_04_schoice_RESPONSE_1989519" case="Yes">ET_158_534170864_section_2_item_04_schoice_1756431668</varequal> </not>
<not> <varequal respident="ET_158_534170864_section_2_item_04_schoice_RESPONSE_1989519" case="Yes">ET_158_534170864_section_2_item_04_schoice_5790199702</varequal> </not>
<not> <varequal respident="ET_158_534170864_section_2_item_04_schoice_RESPONSE_1989519" case="Yes">ET_158_534170864_section_2_item_04_schoice_5382752397</varequal> </not>
</and>
</conditionvar>
<setvar varname="SCORE" action="Set">1</setvar>
<displayfeedback feedbacktype="Response" linkrefid="correct_fb"/>
</respcondition>
<respcondition continue="Yes">
<conditionvar>
<other/>
</conditionvar>
<displayfeedback feedbacktype="Response" linkrefid="general_incorrect_fb"/>
</respcondition>
</resprocessing>
<itemfeedback ident="correct_fb" view="All">
<flow_mat>
<material>
<mattext texttype="text/html"><![CDATA[
<p>The correct answer is B</p>
]]></mattext>
</material>
</flow_mat>
</itemfeedback>
<itemfeedback ident="general_incorrect_fb" view="All">
<flow_mat>
<material>
<mattext texttype="text/html"><![CDATA[
<p>The correct answer is B</p>
]]></mattext>
</material>
</flow_mat>
</itemfeedback>
</item>

<item ident="ET_158_534170864_section_2_item_05_schoice" title="Question" maxattempts="3">
<itemcontrol feedbackswitch="No" hintswitch="No" solutionswitch="Yes"/>
<itemmetadata>
<qtimetadata>
<qtimetadatafield>
<fieldlabel>question_type</fieldlabel>
<fieldentry>multiple_choice_question</fieldentry>
</qtimetadatafield>
</qtimetadata>
</itemmetadata>
<presentation>
<flow>
<material>
<matbreak/>
<mattext texttype="text/html" charset="utf-8"><![CDATA[
<p>Question ID: 04_314</p>
<p><img src="data/supplements20/xx.png" /></p>
]]></mattext>
<matbreak/>
</material>
<response_lid ident="ET_158_534170864_section_2_item_05_schoice_RESPONSE_4417989" rcardinality="Single" rtiming="No">
<render_choice shuffle="No">
<flow_label class="List">
<response_label ident="ET_158_534170864_section_2_item_05_schoice_1554519982" rshuffle="No">
<material>
<mattext texttype="text/html" charset="utf-8"><![CDATA[
 A
]]></mattext>
</material>
</response_label>
</flow_label>
<flow_label class="List">
<response_label ident="ET_158_534170864_section_2_item_05_schoice_3878145032" rshuffle="No">
<material>
<mattext texttype="text/html" charset="utf-8"><![CDATA[
 B
]]></mattext>
</material>
</response_label>
</flow_label>
<flow_label class="List">
<response_label ident="ET_158_534170864_section_2_item_05_schoice_4051625597" rshuffle="No">
<material>
<mattext texttype="text/html" charset="utf-8"><![CDATA[
 C
]]></mattext>
</material>
</response_label>
</flow_label>
<flow_label class="List">
<response_label ident="ET_158_534170864_section_2_item_05_schoice_6816642842" rshuffle="No">
<material>
<mattext texttype="text/html" charset="utf-8"><![CDATA[
 D
]]></mattext>
</material>
</response_label>
</flow_label>
</render_choice>
</response_lid>
</flow>
</presentation>
<resprocessing>
<outcomes>
<decvar varname="SCORE" vartype="Decimal" defaultval="0" minvalue="0" maxvalue="1" cutvalue="1"/>
</outcomes>
<respcondition title="Mastery" continue="No">
<conditionvar>
<and>
<varequal respident="ET_158_534170864_section_2_item_05_schoice_RESPONSE_4417989" case="Yes">ET_158_534170864_section_2_item_05_schoice_1554519982</varequal>
<not> <varequal respident="ET_158_534170864_section_2_item_05_schoice_RESPONSE_4417989" case="Yes">ET_158_534170864_section_2_item_05_schoice_3878145032</varequal> </not>
<not> <varequal respident="ET_158_534170864_section_2_item_05_schoice_RESPONSE_4417989" case="Yes">ET_158_534170864_section_2_item_05_schoice_4051625597</varequal> </not>
<not> <varequal respident="ET_158_534170864_section_2_item_05_schoice_RESPONSE_4417989" case="Yes">ET_158_534170864_section_2_item_05_schoice_6816642842</varequal> </not>
</and>
</conditionvar>
<setvar varname="SCORE" action="Set">1</setvar>
<displayfeedback feedbacktype="Response" linkrefid="correct_fb"/>
</respcondition>
<respcondition continue="Yes">
<conditionvar>
<other/>
</conditionvar>
<displayfeedback feedbacktype="Response" linkrefid="general_incorrect_fb"/>
</respcondition>
</resprocessing>
<itemfeedback ident="correct_fb" view="All">
<flow_mat>
<material>
<mattext texttype="text/html"><![CDATA[
<p>The correct answer is A</p>
]]></mattext>
</material>
</flow_mat>
</itemfeedback>
<itemfeedback ident="general_incorrect_fb" view="All">
<flow_mat>
<material>
<mattext texttype="text/html"><![CDATA[
<p>The correct answer is A</p>
]]></mattext>
</material>
</flow_mat>
</itemfeedback>
</item>

<item ident="ET_158_534170864_section_2_item_06_schoice" title="Question" maxattempts="3">
<itemcontrol feedbackswitch="No" hintswitch="No" solutionswitch="Yes"/>
<itemmetadata>
<qtimetadata>
<qtimetadatafield>
<fieldlabel>question_type</fieldlabel>
<fieldentry>multiple_choice_question</fieldentry>
</qtimetadatafield>
</qtimetadata>
</itemmetadata>
<presentation>
<flow>
<material>
<matbreak/>
<mattext texttype="text/html" charset="utf-8"><![CDATA[
<p>Question ID: 12_112</p>
<p><img src="data/supplements21/xx.png" /></p>
]]></mattext>
<matbreak/>
</material>
<response_lid ident="ET_158_534170864_section_2_item_06_schoice_RESPONSE_1798924" rcardinality="Single" rtiming="No">
<render_choice shuffle="No">
<flow_label class="List">
<response_label ident="ET_158_534170864_section_2_item_06_schoice_3261175991" rshuffle="No">
<material>
<mattext texttype="text/html" charset="utf-8"><![CDATA[
 A
]]></mattext>
</material>
</response_label>
</flow_label>
<flow_label class="List">
<response_label ident="ET_158_534170864_section_2_item_06_schoice_1840861459" rshuffle="No">
<material>
<mattext texttype="text/html" charset="utf-8"><![CDATA[
 B
]]></mattext>
</material>
</response_label>
</flow_label>
<flow_label class="List">
<response_label ident="ET_158_534170864_section_2_item_06_schoice_6399159241" rshuffle="No">
<material>
<mattext texttype="text/html" charset="utf-8"><![CDATA[
 C
]]></mattext>
</material>
</response_label>
</flow_label>
<flow_label class="List">
<response_label ident="ET_158_534170864_section_2_item_06_schoice_5892632021" rshuffle="No">
<material>
<mattext texttype="text/html" charset="utf-8"><![CDATA[
 D
]]></mattext>
</material>
</response_label>
</flow_label>
</render_choice>
</response_lid>
</flow>
</presentation>
<resprocessing>
<outcomes>
<decvar varname="SCORE" vartype="Decimal" defaultval="0" minvalue="0" maxvalue="1" cutvalue="1"/>
</outcomes>
<respcondition title="Mastery" continue="No">
<conditionvar>
<and>
<varequal respident="ET_158_534170864_section_2_item_06_schoice_RESPONSE_1798924" case="Yes">ET_158_534170864_section_2_item_06_schoice_5892632021</varequal>
<not> <varequal respident="ET_158_534170864_section_2_item_06_schoice_RESPONSE_1798924" case="Yes">ET_158_534170864_section_2_item_06_schoice_3261175991</varequal> </not>
<not> <varequal respident="ET_158_534170864_section_2_item_06_schoice_RESPONSE_1798924" case="Yes">ET_158_534170864_section_2_item_06_schoice_1840861459</varequal> </not>
<not> <varequal respident="ET_158_534170864_section_2_item_06_schoice_RESPONSE_1798924" case="Yes">ET_158_534170864_section_2_item_06_schoice_6399159241</varequal> </not>
</and>
</conditionvar>
<setvar varname="SCORE" action="Set">1</setvar>
<displayfeedback feedbacktype="Response" linkrefid="correct_fb"/>
</respcondition>
<respcondition continue="Yes">
<conditionvar>
<other/>
</conditionvar>
<displayfeedback feedbacktype="Response" linkrefid="general_incorrect_fb"/>
</respcondition>
</resprocessing>
<itemfeedback ident="correct_fb" view="All">
<flow_mat>
<material>
<mattext texttype="text/html"><![CDATA[
<p>The correct answer is D</p>
]]></mattext>
</material>
</flow_mat>
</itemfeedback>
<itemfeedback ident="general_incorrect_fb" view="All">
<flow_mat>
<material>
<mattext texttype="text/html"><![CDATA[
<p>The correct answer is D</p>
]]></mattext>
</material>
</flow_mat>
</itemfeedback>
</item>

<item ident="ET_158_534170864_section_2_item_07_schoice" title="Question" maxattempts="3">
<itemcontrol feedbackswitch="No" hintswitch="No" solutionswitch="Yes"/>
<itemmetadata>
<qtimetadata>
<qtimetadatafield>
<fieldlabel>question_type</fieldlabel>
<fieldentry>multiple_choice_question</fieldentry>
</qtimetadatafield>
</qtimetadata>
</itemmetadata>
<presentation>
<flow>
<material>
<matbreak/>
<mattext texttype="text/html" charset="utf-8"><![CDATA[
<p>Question ID: 11_224</p>
<p><img src="data/supplements22/xx.png" /></p>
]]></mattext>
<matbreak/>
</material>
<response_lid ident="ET_158_534170864_section_2_item_07_schoice_RESPONSE_8693276" rcardinality="Single" rtiming="No">
<render_choice shuffle="No">
<flow_label class="List">
<response_label ident="ET_158_534170864_section_2_item_07_schoice_3144207773" rshuffle="No">
<material>
<mattext texttype="text/html" charset="utf-8"><![CDATA[
 A
]]></mattext>
</material>
</response_label>
</flow_label>
<flow_label class="List">
<response_label ident="ET_158_534170864_section_2_item_07_schoice_5121966943" rshuffle="No">
<material>
<mattext texttype="text/html" charset="utf-8"><![CDATA[
 B
]]></mattext>
</material>
</response_label>
</flow_label>
<flow_label class="List">
<response_label ident="ET_158_534170864_section_2_item_07_schoice_1798435969" rshuffle="No">
<material>
<mattext texttype="text/html" charset="utf-8"><![CDATA[
 C
]]></mattext>
</material>
</response_label>
</flow_label>
<flow_label class="List">
<response_label ident="ET_158_534170864_section_2_item_07_schoice_3138299057" rshuffle="No">
<material>
<mattext texttype="text/html" charset="utf-8"><![CDATA[
 D
]]></mattext>
</material>
</response_label>
</flow_label>
</render_choice>
</response_lid>
</flow>
</presentation>
<resprocessing>
<outcomes>
<decvar varname="SCORE" vartype="Decimal" defaultval="0" minvalue="0" maxvalue="1" cutvalue="1"/>
</outcomes>
<respcondition title="Mastery" continue="No">
<conditionvar>
<and>
<varequal respident="ET_158_534170864_section_2_item_07_schoice_RESPONSE_8693276" case="Yes">ET_158_534170864_section_2_item_07_schoice_1798435969</varequal>
<not> <varequal respident="ET_158_534170864_section_2_item_07_schoice_RESPONSE_8693276" case="Yes">ET_158_534170864_section_2_item_07_schoice_3144207773</varequal> </not>
<not> <varequal respident="ET_158_534170864_section_2_item_07_schoice_RESPONSE_8693276" case="Yes">ET_158_534170864_section_2_item_07_schoice_5121966943</varequal> </not>
<not> <varequal respident="ET_158_534170864_section_2_item_07_schoice_RESPONSE_8693276" case="Yes">ET_158_534170864_section_2_item_07_schoice_3138299057</varequal> </not>
</and>
</conditionvar>
<setvar varname="SCORE" action="Set">1</setvar>
<displayfeedback feedbacktype="Response" linkrefid="correct_fb"/>
</respcondition>
<respcondition continue="Yes">
<conditionvar>
<other/>
</conditionvar>
<displayfeedback feedbacktype="Response" linkrefid="general_incorrect_fb"/>
</respcondition>
</resprocessing>
<itemfeedback ident="correct_fb" view="All">
<flow_mat>
<material>
<mattext texttype="text/html"><![CDATA[
<p>The correct answer is C</p>
]]></mattext>
</material>
</flow_mat>
</itemfeedback>
<itemfeedback ident="general_incorrect_fb" view="All">
<flow_mat>
<material>
<mattext texttype="text/html"><![CDATA[
<p>The correct answer is C</p>
]]></mattext>
</material>
</flow_mat>
</itemfeedback>
</item>

<item ident="ET_158_534170864_section_2_item_08_schoice" title="Question" maxattempts="3">
<itemcontrol feedbackswitch="No" hintswitch="No" solutionswitch="Yes"/>
<itemmetadata>
<qtimetadata>
<qtimetadatafield>
<fieldlabel>question_type</fieldlabel>
<fieldentry>multiple_choice_question</fieldentry>
</qtimetadatafield>
</qtimetadata>
</itemmetadata>
<presentation>
<flow>
<material>
<matbreak/>
<mattext texttype="text/html" charset="utf-8"><![CDATA[
<p>Question ID: 02_311</p>
<p><img src="data/supplements23/xx.png" /></p>
]]></mattext>
<matbreak/>
</material>
<response_lid ident="ET_158_534170864_section_2_item_08_schoice_RESPONSE_3630851" rcardinality="Single" rtiming="No">
<render_choice shuffle="No">
<flow_label class="List">
<response_label ident="ET_158_534170864_section_2_item_08_schoice_9579629907" rshuffle="No">
<material>
<mattext texttype="text/html" charset="utf-8"><![CDATA[
 A
]]></mattext>
</material>
</response_label>
</flow_label>
<flow_label class="List">
<response_label ident="ET_158_534170864_section_2_item_08_schoice_1364276708" rshuffle="No">
<material>
<mattext texttype="text/html" charset="utf-8"><![CDATA[
 B
]]></mattext>
</material>
</response_label>
</flow_label>
<flow_label class="List">
<response_label ident="ET_158_534170864_section_2_item_08_schoice_9181585852" rshuffle="No">
<material>
<mattext texttype="text/html" charset="utf-8"><![CDATA[
 C
]]></mattext>
</material>
</response_label>
</flow_label>
<flow_label class="List">
<response_label ident="ET_158_534170864_section_2_item_08_schoice_6595543044" rshuffle="No">
<material>
<mattext texttype="text/html" charset="utf-8"><![CDATA[
 D
]]></mattext>
</material>
</response_label>
</flow_label>
</render_choice>
</response_lid>
</flow>
</presentation>
<resprocessing>
<outcomes>
<decvar varname="SCORE" vartype="Decimal" defaultval="0" minvalue="0" maxvalue="1" cutvalue="1"/>
</outcomes>
<respcondition title="Mastery" continue="No">
<conditionvar>
<and>
<varequal respident="ET_158_534170864_section_2_item_08_schoice_RESPONSE_3630851" case="Yes">ET_158_534170864_section_2_item_08_schoice_9181585852</varequal>
<not> <varequal respident="ET_158_534170864_section_2_item_08_schoice_RESPONSE_3630851" case="Yes">ET_158_534170864_section_2_item_08_schoice_9579629907</varequal> </not>
<not> <varequal respident="ET_158_534170864_section_2_item_08_schoice_RESPONSE_3630851" case="Yes">ET_158_534170864_section_2_item_08_schoice_1364276708</varequal> </not>
<not> <varequal respident="ET_158_534170864_section_2_item_08_schoice_RESPONSE_3630851" case="Yes">ET_158_534170864_section_2_item_08_schoice_6595543044</varequal> </not>
</and>
</conditionvar>
<setvar varname="SCORE" action="Set">1</setvar>
<displayfeedback feedbacktype="Response" linkrefid="correct_fb"/>
</respcondition>
<respcondition continue="Yes">
<conditionvar>
<other/>
</conditionvar>
<displayfeedback feedbacktype="Response" linkrefid="general_incorrect_fb"/>
</respcondition>
</resprocessing>
<itemfeedback ident="correct_fb" view="All">
<flow_mat>
<material>
<mattext texttype="text/html"><![CDATA[
<p>The correct answer is C</p>
]]></mattext>
</material>
</flow_mat>
</itemfeedback>
<itemfeedback ident="general_incorrect_fb" view="All">
<flow_mat>
<material>
<mattext texttype="text/html"><![CDATA[
<p>The correct answer is C</p>
]]></mattext>
</material>
</flow_mat>
</itemfeedback>
</item>

<item ident="ET_158_534170864_section_2_item_09_schoice" title="Question" maxattempts="3">
<itemcontrol feedbackswitch="No" hintswitch="No" solutionswitch="Yes"/>
<itemmetadata>
<qtimetadata>
<qtimetadatafield>
<fieldlabel>question_type</fieldlabel>
<fieldentry>multiple_choice_question</fieldentry>
</qtimetadatafield>
</qtimetadata>
</itemmetadata>
<presentation>
<flow>
<material>
<matbreak/>
<mattext texttype="text/html" charset="utf-8"><![CDATA[
<p>Question ID: 10_407</p>
<p><img src="data/supplements24/xx.png" /></p>
]]></mattext>
<matbreak/>
</material>
<response_lid ident="ET_158_534170864_section_2_item_09_schoice_RESPONSE_3589935" rcardinality="Single" rtiming="No">
<render_choice shuffle="No">
<flow_label class="List">
<response_label ident="ET_158_534170864_section_2_item_09_schoice_1900407345" rshuffle="No">
<material>
<mattext texttype="text/html" charset="utf-8"><![CDATA[
 A
]]></mattext>
</material>
</response_label>
</flow_label>
<flow_label class="List">
<response_label ident="ET_158_534170864_section_2_item_09_schoice_7837634426" rshuffle="No">
<material>
<mattext texttype="text/html" charset="utf-8"><![CDATA[
 B
]]></mattext>
</material>
</response_label>
</flow_label>
<flow_label class="List">
<response_label ident="ET_158_534170864_section_2_item_09_schoice_1635378681" rshuffle="No">
<material>
<mattext texttype="text/html" charset="utf-8"><![CDATA[
 C
]]></mattext>
</material>
</response_label>
</flow_label>
<flow_label class="List">
<response_label ident="ET_158_534170864_section_2_item_09_schoice_2044940288" rshuffle="No">
<material>
<mattext texttype="text/html" charset="utf-8"><![CDATA[
 D
]]></mattext>
</material>
</response_label>
</flow_label>
</render_choice>
</response_lid>
</flow>
</presentation>
<resprocessing>
<outcomes>
<decvar varname="SCORE" vartype="Decimal" defaultval="0" minvalue="0" maxvalue="1" cutvalue="1"/>
</outcomes>
<respcondition title="Mastery" continue="No">
<conditionvar>
<and>
<varequal respident="ET_158_534170864_section_2_item_09_schoice_RESPONSE_3589935" case="Yes">ET_158_534170864_section_2_item_09_schoice_7837634426</varequal>
<not> <varequal respident="ET_158_534170864_section_2_item_09_schoice_RESPONSE_3589935" case="Yes">ET_158_534170864_section_2_item_09_schoice_1900407345</varequal> </not>
<not> <varequal respident="ET_158_534170864_section_2_item_09_schoice_RESPONSE_3589935" case="Yes">ET_158_534170864_section_2_item_09_schoice_1635378681</varequal> </not>
<not> <varequal respident="ET_158_534170864_section_2_item_09_schoice_RESPONSE_3589935" case="Yes">ET_158_534170864_section_2_item_09_schoice_2044940288</varequal> </not>
</and>
</conditionvar>
<setvar varname="SCORE" action="Set">1</setvar>
<displayfeedback feedbacktype="Response" linkrefid="correct_fb"/>
</respcondition>
<respcondition continue="Yes">
<conditionvar>
<other/>
</conditionvar>
<displayfeedback feedbacktype="Response" linkrefid="general_incorrect_fb"/>
</respcondition>
</resprocessing>
<itemfeedback ident="correct_fb" view="All">
<flow_mat>
<material>
<mattext texttype="text/html"><![CDATA[
<p>The correct answer is B</p>
]]></mattext>
</material>
</flow_mat>
</itemfeedback>
<itemfeedback ident="general_incorrect_fb" view="All">
<flow_mat>
<material>
<mattext texttype="text/html"><![CDATA[
<p>The correct answer is B</p>
]]></mattext>
</material>
</flow_mat>
</itemfeedback>
</item>

<item ident="ET_158_534170864_section_2_item_10_schoice" title="Question" maxattempts="3">
<itemcontrol feedbackswitch="No" hintswitch="No" solutionswitch="Yes"/>
<itemmetadata>
<qtimetadata>
<qtimetadatafield>
<fieldlabel>question_type</fieldlabel>
<fieldentry>multiple_choice_question</fieldentry>
</qtimetadatafield>
</qtimetadata>
</itemmetadata>
<presentation>
<flow>
<material>
<matbreak/>
<mattext texttype="text/html" charset="utf-8"><![CDATA[
<p>Question ID: 09_427</p>
<p><img src="data/supplements25/xx.png" /></p>
]]></mattext>
<matbreak/>
</material>
<response_lid ident="ET_158_534170864_section_2_item_10_schoice_RESPONSE_1211799" rcardinality="Single" rtiming="No">
<render_choice shuffle="No">
<flow_label class="List">
<response_label ident="ET_158_534170864_section_2_item_10_schoice_1175027634" rshuffle="No">
<material>
<mattext texttype="text/html" charset="utf-8"><![CDATA[
 A
]]></mattext>
</material>
</response_label>
</flow_label>
<flow_label class="List">
<response_label ident="ET_158_534170864_section_2_item_10_schoice_2159678697" rshuffle="No">
<material>
<mattext texttype="text/html" charset="utf-8"><![CDATA[
 B
]]></mattext>
</material>
</response_label>
</flow_label>
<flow_label class="List">
<response_label ident="ET_158_534170864_section_2_item_10_schoice_9556760022" rshuffle="No">
<material>
<mattext texttype="text/html" charset="utf-8"><![CDATA[
 C
]]></mattext>
</material>
</response_label>
</flow_label>
<flow_label class="List">
<response_label ident="ET_158_534170864_section_2_item_10_schoice_1103938632" rshuffle="No">
<material>
<mattext texttype="text/html" charset="utf-8"><![CDATA[
 D
]]></mattext>
</material>
</response_label>
</flow_label>
</render_choice>
</response_lid>
</flow>
</presentation>
<resprocessing>
<outcomes>
<decvar varname="SCORE" vartype="Decimal" defaultval="0" minvalue="0" maxvalue="1" cutvalue="1"/>
</outcomes>
<respcondition title="Mastery" continue="No">
<conditionvar>
<and>
<varequal respident="ET_158_534170864_section_2_item_10_schoice_RESPONSE_1211799" case="Yes">ET_158_534170864_section_2_item_10_schoice_1175027634</varequal>
<not> <varequal respident="ET_158_534170864_section_2_item_10_schoice_RESPONSE_1211799" case="Yes">ET_158_534170864_section_2_item_10_schoice_2159678697</varequal> </not>
<not> <varequal respident="ET_158_534170864_section_2_item_10_schoice_RESPONSE_1211799" case="Yes">ET_158_534170864_section_2_item_10_schoice_9556760022</varequal> </not>
<not> <varequal respident="ET_158_534170864_section_2_item_10_schoice_RESPONSE_1211799" case="Yes">ET_158_534170864_section_2_item_10_schoice_1103938632</varequal> </not>
</and>
</conditionvar>
<setvar varname="SCORE" action="Set">1</setvar>
<displayfeedback feedbacktype="Response" linkrefid="correct_fb"/>
</respcondition>
<respcondition continue="Yes">
<conditionvar>
<other/>
</conditionvar>
<displayfeedback feedbacktype="Response" linkrefid="general_incorrect_fb"/>
</respcondition>
</resprocessing>
<itemfeedback ident="correct_fb" view="All">
<flow_mat>
<material>
<mattext texttype="text/html"><![CDATA[
<p>The correct answer is A</p>
]]></mattext>
</material>
</flow_mat>
</itemfeedback>
<itemfeedback ident="general_incorrect_fb" view="All">
<flow_mat>
<material>
<mattext texttype="text/html"><![CDATA[
<p>The correct answer is A</p>
]]></mattext>
</material>
</flow_mat>
</itemfeedback>
</item>

<item ident="ET_158_534170864_section_2_item_11_schoice" title="Question" maxattempts="3">
<itemcontrol feedbackswitch="No" hintswitch="No" solutionswitch="Yes"/>
<itemmetadata>
<qtimetadata>
<qtimetadatafield>
<fieldlabel>question_type</fieldlabel>
<fieldentry>multiple_choice_question</fieldentry>
</qtimetadatafield>
</qtimetadata>
</itemmetadata>
<presentation>
<flow>
<material>
<matbreak/>
<mattext texttype="text/html" charset="utf-8"><![CDATA[
<p>Question ID: 09_404</p>
<p><img src="data/supplements26/xx.png" /></p>
]]></mattext>
<matbreak/>
</material>
<response_lid ident="ET_158_534170864_section_2_item_11_schoice_RESPONSE_7935450" rcardinality="Single" rtiming="No">
<render_choice shuffle="No">
<flow_label class="List">
<response_label ident="ET_158_534170864_section_2_item_11_schoice_3797538745" rshuffle="No">
<material>
<mattext texttype="text/html" charset="utf-8"><![CDATA[
 A
]]></mattext>
</material>
</response_label>
</flow_label>
<flow_label class="List">
<response_label ident="ET_158_534170864_section_2_item_11_schoice_9342781338" rshuffle="No">
<material>
<mattext texttype="text/html" charset="utf-8"><![CDATA[
 B
]]></mattext>
</material>
</response_label>
</flow_label>
<flow_label class="List">
<response_label ident="ET_158_534170864_section_2_item_11_schoice_1114255129" rshuffle="No">
<material>
<mattext texttype="text/html" charset="utf-8"><![CDATA[
 C
]]></mattext>
</material>
</response_label>
</flow_label>
<flow_label class="List">
<response_label ident="ET_158_534170864_section_2_item_11_schoice_7029597413" rshuffle="No">
<material>
<mattext texttype="text/html" charset="utf-8"><![CDATA[
 D
]]></mattext>
</material>
</response_label>
</flow_label>
</render_choice>
</response_lid>
</flow>
</presentation>
<resprocessing>
<outcomes>
<decvar varname="SCORE" vartype="Decimal" defaultval="0" minvalue="0" maxvalue="1" cutvalue="1"/>
</outcomes>
<respcondition title="Mastery" continue="No">
<conditionvar>
<and>
<varequal respident="ET_158_534170864_section_2_item_11_schoice_RESPONSE_7935450" case="Yes">ET_158_534170864_section_2_item_11_schoice_3797538745</varequal>
<not> <varequal respident="ET_158_534170864_section_2_item_11_schoice_RESPONSE_7935450" case="Yes">ET_158_534170864_section_2_item_11_schoice_9342781338</varequal> </not>
<not> <varequal respident="ET_158_534170864_section_2_item_11_schoice_RESPONSE_7935450" case="Yes">ET_158_534170864_section_2_item_11_schoice_1114255129</varequal> </not>
<not> <varequal respident="ET_158_534170864_section_2_item_11_schoice_RESPONSE_7935450" case="Yes">ET_158_534170864_section_2_item_11_schoice_7029597413</varequal> </not>
</and>
</conditionvar>
<setvar varname="SCORE" action="Set">1</setvar>
<displayfeedback feedbacktype="Response" linkrefid="correct_fb"/>
</respcondition>
<respcondition continue="Yes">
<conditionvar>
<other/>
</conditionvar>
<displayfeedback feedbacktype="Response" linkrefid="general_incorrect_fb"/>
</respcondition>
</resprocessing>
<itemfeedback ident="correct_fb" view="All">
<flow_mat>
<material>
<mattext texttype="text/html"><![CDATA[
<p>The correct answer is A</p>
]]></mattext>
</material>
</flow_mat>
</itemfeedback>
<itemfeedback ident="general_incorrect_fb" view="All">
<flow_mat>
<material>
<mattext texttype="text/html"><![CDATA[
<p>The correct answer is A</p>
]]></mattext>
</material>
</flow_mat>
</itemfeedback>
</item>

<item ident="ET_158_534170864_section_2_item_12_schoice" title="Question" maxattempts="3">
<itemcontrol feedbackswitch="No" hintswitch="No" solutionswitch="Yes"/>
<itemmetadata>
<qtimetadata>
<qtimetadatafield>
<fieldlabel>question_type</fieldlabel>
<fieldentry>multiple_choice_question</fieldentry>
</qtimetadatafield>
</qtimetadata>
</itemmetadata>
<presentation>
<flow>
<material>
<matbreak/>
<mattext texttype="text/html" charset="utf-8"><![CDATA[
<p>Question ID: 09_405</p>
<p><img src="data/supplements27/xx.png" /></p>
]]></mattext>
<matbreak/>
</material>
<response_lid ident="ET_158_534170864_section_2_item_12_schoice_RESPONSE_1466259" rcardinality="Single" rtiming="No">
<render_choice shuffle="No">
<flow_label class="List">
<response_label ident="ET_158_534170864_section_2_item_12_schoice_2937125138" rshuffle="No">
<material>
<mattext texttype="text/html" charset="utf-8"><![CDATA[
 A
]]></mattext>
</material>
</response_label>
</flow_label>
<flow_label class="List">
<response_label ident="ET_158_534170864_section_2_item_12_schoice_4388815462" rshuffle="No">
<material>
<mattext texttype="text/html" charset="utf-8"><![CDATA[
 B
]]></mattext>
</material>
</response_label>
</flow_label>
<flow_label class="List">
<response_label ident="ET_158_534170864_section_2_item_12_schoice_7132709470" rshuffle="No">
<material>
<mattext texttype="text/html" charset="utf-8"><![CDATA[
 C
]]></mattext>
</material>
</response_label>
</flow_label>
<flow_label class="List">
<response_label ident="ET_158_534170864_section_2_item_12_schoice_8325382205" rshuffle="No">
<material>
<mattext texttype="text/html" charset="utf-8"><![CDATA[
 D
]]></mattext>
</material>
</response_label>
</flow_label>
</render_choice>
</response_lid>
</flow>
</presentation>
<resprocessing>
<outcomes>
<decvar varname="SCORE" vartype="Decimal" defaultval="0" minvalue="0" maxvalue="1" cutvalue="1"/>
</outcomes>
<respcondition title="Mastery" continue="No">
<conditionvar>
<and>
<varequal respident="ET_158_534170864_section_2_item_12_schoice_RESPONSE_1466259" case="Yes">ET_158_534170864_section_2_item_12_schoice_8325382205</varequal>
<not> <varequal respident="ET_158_534170864_section_2_item_12_schoice_RESPONSE_1466259" case="Yes">ET_158_534170864_section_2_item_12_schoice_2937125138</varequal> </not>
<not> <varequal respident="ET_158_534170864_section_2_item_12_schoice_RESPONSE_1466259" case="Yes">ET_158_534170864_section_2_item_12_schoice_4388815462</varequal> </not>
<not> <varequal respident="ET_158_534170864_section_2_item_12_schoice_RESPONSE_1466259" case="Yes">ET_158_534170864_section_2_item_12_schoice_7132709470</varequal> </not>
</and>
</conditionvar>
<setvar varname="SCORE" action="Set">1</setvar>
<displayfeedback feedbacktype="Response" linkrefid="correct_fb"/>
</respcondition>
<respcondition continue="Yes">
<conditionvar>
<other/>
</conditionvar>
<displayfeedback feedbacktype="Response" linkrefid="general_incorrect_fb"/>
</respcondition>
</resprocessing>
<itemfeedback ident="correct_fb" view="All">
<flow_mat>
<material>
<mattext texttype="text/html"><![CDATA[
<p>The correct answer is D</p>
]]></mattext>
</material>
</flow_mat>
</itemfeedback>
<itemfeedback ident="general_incorrect_fb" view="All">
<flow_mat>
<material>
<mattext texttype="text/html"><![CDATA[
<p>The correct answer is D</p>
]]></mattext>
</material>
</flow_mat>
</itemfeedback>
</item>

<item ident="ET_158_534170864_section_2_item_13_schoice" title="Question" maxattempts="3">
<itemcontrol feedbackswitch="No" hintswitch="No" solutionswitch="Yes"/>
<itemmetadata>
<qtimetadata>
<qtimetadatafield>
<fieldlabel>question_type</fieldlabel>
<fieldentry>multiple_choice_question</fieldentry>
</qtimetadatafield>
</qtimetadata>
</itemmetadata>
<presentation>
<flow>
<material>
<matbreak/>
<mattext texttype="text/html" charset="utf-8"><![CDATA[
<p>Question ID: 09_427</p>
<p><img src="data/supplements28/xx.png" /></p>
]]></mattext>
<matbreak/>
</material>
<response_lid ident="ET_158_534170864_section_2_item_13_schoice_RESPONSE_4241875" rcardinality="Single" rtiming="No">
<render_choice shuffle="No">
<flow_label class="List">
<response_label ident="ET_158_534170864_section_2_item_13_schoice_6196858470" rshuffle="No">
<material>
<mattext texttype="text/html" charset="utf-8"><![CDATA[
 A
]]></mattext>
</material>
</response_label>
</flow_label>
<flow_label class="List">
<response_label ident="ET_158_534170864_section_2_item_13_schoice_5685981301" rshuffle="No">
<material>
<mattext texttype="text/html" charset="utf-8"><![CDATA[
 B
]]></mattext>
</material>
</response_label>
</flow_label>
<flow_label class="List">
<response_label ident="ET_158_534170864_section_2_item_13_schoice_2444523105" rshuffle="No">
<material>
<mattext texttype="text/html" charset="utf-8"><![CDATA[
 C
]]></mattext>
</material>
</response_label>
</flow_label>
<flow_label class="List">
<response_label ident="ET_158_534170864_section_2_item_13_schoice_7814064245" rshuffle="No">
<material>
<mattext texttype="text/html" charset="utf-8"><![CDATA[
 D
]]></mattext>
</material>
</response_label>
</flow_label>
</render_choice>
</response_lid>
</flow>
</presentation>
<resprocessing>
<outcomes>
<decvar varname="SCORE" vartype="Decimal" defaultval="0" minvalue="0" maxvalue="1" cutvalue="1"/>
</outcomes>
<respcondition title="Mastery" continue="No">
<conditionvar>
<and>
<varequal respident="ET_158_534170864_section_2_item_13_schoice_RESPONSE_4241875" case="Yes">ET_158_534170864_section_2_item_13_schoice_6196858470</varequal>
<not> <varequal respident="ET_158_534170864_section_2_item_13_schoice_RESPONSE_4241875" case="Yes">ET_158_534170864_section_2_item_13_schoice_5685981301</varequal> </not>
<not> <varequal respident="ET_158_534170864_section_2_item_13_schoice_RESPONSE_4241875" case="Yes">ET_158_534170864_section_2_item_13_schoice_2444523105</varequal> </not>
<not> <varequal respident="ET_158_534170864_section_2_item_13_schoice_RESPONSE_4241875" case="Yes">ET_158_534170864_section_2_item_13_schoice_7814064245</varequal> </not>
</and>
</conditionvar>
<setvar varname="SCORE" action="Set">1</setvar>
<displayfeedback feedbacktype="Response" linkrefid="correct_fb"/>
</respcondition>
<respcondition continue="Yes">
<conditionvar>
<other/>
</conditionvar>
<displayfeedback feedbacktype="Response" linkrefid="general_incorrect_fb"/>
</respcondition>
</resprocessing>
<itemfeedback ident="correct_fb" view="All">
<flow_mat>
<material>
<mattext texttype="text/html"><![CDATA[
<p>The correct answer is A</p>
]]></mattext>
</material>
</flow_mat>
</itemfeedback>
<itemfeedback ident="general_incorrect_fb" view="All">
<flow_mat>
<material>
<mattext texttype="text/html"><![CDATA[
<p>The correct answer is A</p>
]]></mattext>
</material>
</flow_mat>
</itemfeedback>
</item>

<item ident="ET_158_534170864_section_2_item_14_schoice" title="Question" maxattempts="3">
<itemcontrol feedbackswitch="No" hintswitch="No" solutionswitch="Yes"/>
<itemmetadata>
<qtimetadata>
<qtimetadatafield>
<fieldlabel>question_type</fieldlabel>
<fieldentry>multiple_choice_question</fieldentry>
</qtimetadatafield>
</qtimetadata>
</itemmetadata>
<presentation>
<flow>
<material>
<matbreak/>
<mattext texttype="text/html" charset="utf-8"><![CDATA[
<p>Question ID: 05_424</p>
<p><img src="data/supplements29/xx.png" /></p>
]]></mattext>
<matbreak/>
</material>
<response_lid ident="ET_158_534170864_section_2_item_14_schoice_RESPONSE_1729755" rcardinality="Single" rtiming="No">
<render_choice shuffle="No">
<flow_label class="List">
<response_label ident="ET_158_534170864_section_2_item_14_schoice_6639447351" rshuffle="No">
<material>
<mattext texttype="text/html" charset="utf-8"><![CDATA[
 A
]]></mattext>
</material>
</response_label>
</flow_label>
<flow_label class="List">
<response_label ident="ET_158_534170864_section_2_item_14_schoice_5355164697" rshuffle="No">
<material>
<mattext texttype="text/html" charset="utf-8"><![CDATA[
 B
]]></mattext>
</material>
</response_label>
</flow_label>
<flow_label class="List">
<response_label ident="ET_158_534170864_section_2_item_14_schoice_2756363800" rshuffle="No">
<material>
<mattext texttype="text/html" charset="utf-8"><![CDATA[
 C
]]></mattext>
</material>
</response_label>
</flow_label>
<flow_label class="List">
<response_label ident="ET_158_534170864_section_2_item_14_schoice_1824876640" rshuffle="No">
<material>
<mattext texttype="text/html" charset="utf-8"><![CDATA[
 D
]]></mattext>
</material>
</response_label>
</flow_label>
</render_choice>
</response_lid>
</flow>
</presentation>
<resprocessing>
<outcomes>
<decvar varname="SCORE" vartype="Decimal" defaultval="0" minvalue="0" maxvalue="1" cutvalue="1"/>
</outcomes>
<respcondition title="Mastery" continue="No">
<conditionvar>
<and>
<varequal respident="ET_158_534170864_section_2_item_14_schoice_RESPONSE_1729755" case="Yes">ET_158_534170864_section_2_item_14_schoice_5355164697</varequal>
<not> <varequal respident="ET_158_534170864_section_2_item_14_schoice_RESPONSE_1729755" case="Yes">ET_158_534170864_section_2_item_14_schoice_6639447351</varequal> </not>
<not> <varequal respident="ET_158_534170864_section_2_item_14_schoice_RESPONSE_1729755" case="Yes">ET_158_534170864_section_2_item_14_schoice_2756363800</varequal> </not>
<not> <varequal respident="ET_158_534170864_section_2_item_14_schoice_RESPONSE_1729755" case="Yes">ET_158_534170864_section_2_item_14_schoice_1824876640</varequal> </not>
</and>
</conditionvar>
<setvar varname="SCORE" action="Set">1</setvar>
<displayfeedback feedbacktype="Response" linkrefid="correct_fb"/>
</respcondition>
<respcondition continue="Yes">
<conditionvar>
<other/>
</conditionvar>
<displayfeedback feedbacktype="Response" linkrefid="general_incorrect_fb"/>
</respcondition>
</resprocessing>
<itemfeedback ident="correct_fb" view="All">
<flow_mat>
<material>
<mattext texttype="text/html"><![CDATA[
<p>The correct answer is B</p>
]]></mattext>
</material>
</flow_mat>
</itemfeedback>
<itemfeedback ident="general_incorrect_fb" view="All">
<flow_mat>
<material>
<mattext texttype="text/html"><![CDATA[
<p>The correct answer is B</p>
]]></mattext>
</material>
</flow_mat>
</itemfeedback>
</item>

<item ident="ET_158_534170864_section_2_item_15_schoice" title="Question" maxattempts="3">
<itemcontrol feedbackswitch="No" hintswitch="No" solutionswitch="Yes"/>
<itemmetadata>
<qtimetadata>
<qtimetadatafield>
<fieldlabel>question_type</fieldlabel>
<fieldentry>multiple_choice_question</fieldentry>
</qtimetadatafield>
</qtimetadata>
</itemmetadata>
<presentation>
<flow>
<material>
<matbreak/>
<mattext texttype="text/html" charset="utf-8"><![CDATA[
<p>Question ID: 14_209</p>
<p><img src="data/supplements30/xx.png" /></p>
]]></mattext>
<matbreak/>
</material>
<response_lid ident="ET_158_534170864_section_2_item_15_schoice_RESPONSE_9665985" rcardinality="Single" rtiming="No">
<render_choice shuffle="No">
<flow_label class="List">
<response_label ident="ET_158_534170864_section_2_item_15_schoice_4727008882" rshuffle="No">
<material>
<mattext texttype="text/html" charset="utf-8"><![CDATA[
 A
]]></mattext>
</material>
</response_label>
</flow_label>
<flow_label class="List">
<response_label ident="ET_158_534170864_section_2_item_15_schoice_9570381291" rshuffle="No">
<material>
<mattext texttype="text/html" charset="utf-8"><![CDATA[
 B
]]></mattext>
</material>
</response_label>
</flow_label>
<flow_label class="List">
<response_label ident="ET_158_534170864_section_2_item_15_schoice_6102211540" rshuffle="No">
<material>
<mattext texttype="text/html" charset="utf-8"><![CDATA[
 C
]]></mattext>
</material>
</response_label>
</flow_label>
<flow_label class="List">
<response_label ident="ET_158_534170864_section_2_item_15_schoice_2925782623" rshuffle="No">
<material>
<mattext texttype="text/html" charset="utf-8"><![CDATA[
 D
]]></mattext>
</material>
</response_label>
</flow_label>
</render_choice>
</response_lid>
</flow>
</presentation>
<resprocessing>
<outcomes>
<decvar varname="SCORE" vartype="Decimal" defaultval="0" minvalue="0" maxvalue="1" cutvalue="1"/>
</outcomes>
<respcondition title="Mastery" continue="No">
<conditionvar>
<and>
<varequal respident="ET_158_534170864_section_2_item_15_schoice_RESPONSE_9665985" case="Yes">ET_158_534170864_section_2_item_15_schoice_2925782623</varequal>
<not> <varequal respident="ET_158_534170864_section_2_item_15_schoice_RESPONSE_9665985" case="Yes">ET_158_534170864_section_2_item_15_schoice_4727008882</varequal> </not>
<not> <varequal respident="ET_158_534170864_section_2_item_15_schoice_RESPONSE_9665985" case="Yes">ET_158_534170864_section_2_item_15_schoice_9570381291</varequal> </not>
<not> <varequal respident="ET_158_534170864_section_2_item_15_schoice_RESPONSE_9665985" case="Yes">ET_158_534170864_section_2_item_15_schoice_6102211540</varequal> </not>
</and>
</conditionvar>
<setvar varname="SCORE" action="Set">1</setvar>
<displayfeedback feedbacktype="Response" linkrefid="correct_fb"/>
</respcondition>
<respcondition continue="Yes">
<conditionvar>
<other/>
</conditionvar>
<displayfeedback feedbacktype="Response" linkrefid="general_incorrect_fb"/>
</respcondition>
</resprocessing>
<itemfeedback ident="correct_fb" view="All">
<flow_mat>
<material>
<mattext texttype="text/html"><![CDATA[
<p>The correct answer is D</p>
]]></mattext>
</material>
</flow_mat>
</itemfeedback>
<itemfeedback ident="general_incorrect_fb" view="All">
<flow_mat>
<material>
<mattext texttype="text/html"><![CDATA[
<p>The correct answer is D</p>
]]></mattext>
</material>
</flow_mat>
</itemfeedback>
</item>


</section>

</assessment>
</questestinterop>
