<?xml version="1.0" encoding="UTF-8"?>
<manifest identifier="MID_at1202_review_813442649" xmlns="http://www.imsglobal.org/xsd/imsccv1p1/imscp_v1p1" xmlns:lom="http://ltsc.ieee.org/xsd/imsccv1p1/LOM/resource" xmlns:imsmd="http://www.imsglobal.org/xsd/imsmd_v1p2" xmlns:xsi="http://www.w3.org/2001/XMLSchema-instance" xsi:schemaLocation="http://www.imsglobal.org/xsd/imsccv1p1/imscp_v1p1 http://www.imsglobal.org/xsd/imscp_v1p1.xsd http://ltsc.ieee.org/xsd/imsccv1p1/LOM/resource http://www.imsglobal.org/profile/cc/ccv1p1/LOM/ccv1p1_lomresource_v1p0.xsd http://www.imsglobal.org/xsd/imsmd_v1p2 http://www.imsglobal.org/xsd/imsmd_v1p2p2.xsd">
  <metadata>
    <schema>IMS Content</schema>
    <schemaversion>1.1.3</schemaversion>
    <imsmd:lom>
      <imsmd:general>
        <imsmd:title>
          <imsmd:string>at1202_review</imsmd:string>
        </imsmd:title>
      </imsmd:general>
      <imsmd:lifeCycle>
        <imsmd:contribute>
          <imsmd:date>
            <imsmd:dateTime>2025-12-01</imsmd:dateTime>
          </imsmd:date>
        </imsmd:contribute>
      </imsmd:lifeCycle>
      <imsmd:rights>
        <imsmd:copyrightAndOtherRestrictions>
          <imsmd:value>yes</imsmd:value>
        </imsmd:copyrightAndOtherRestrictions>
        <imsmd:description>
          <imsmd:string>Private (Copyrighted) - http://en.wikipedia.org/wiki/Copyright</imsmd:string>
        </imsmd:description>
      </imsmd:rights>
    </imsmd:lom>
  </metadata>
  <organizations/>
  <resources>
    <resource identifier="at1202_review_111237895" type="imsqti_xmlv1p2">
      <file href="at1202_review_111237895/at1202_review_111237895.xml"/>
      <dependency identifierref="MID_REF_at1202_review_813442649"/>
    </resource>
    <resource identifier="MID_REF_at1202_review_813442649" type="associatedcontent/imscc_xmlv1p1/learning-application-resource" href="at1202_review_111237895/assessment_meta.xml">
      <file href="at1202_review_111237895/assessment_meta.xml"/>
    </resource>
    <resource href="data/supplements_1_1/unnamed-chunk-1-1.png" identifier="1234" type="webcontent">
      <file href="data/supplements_1_1/unnamed-chunk-1-1.png"/>
    </resource>
    <resource href="data/supplements_1_2/unnamed-chunk-1-1.png" identifier="1235" type="webcontent">
      <file href="data/supplements_1_2/unnamed-chunk-1-1.png"/>
    </resource>
    <resource href="data/supplements_1_3/unnamed-chunk-2-1.png" identifier="1236" type="webcontent">
      <file href="data/supplements_1_3/unnamed-chunk-2-1.png"/>
    </resource>
    <resource href="data/supplements_1_3/unnamed-chunk-3-1.png" identifier="1237" type="webcontent">
      <file href="data/supplements_1_3/unnamed-chunk-3-1.png"/>
    </resource>
    <resource href="data/supplements_1_4/unnamed-chunk-2-1.png" identifier="1238" type="webcontent">
      <file href="data/supplements_1_4/unnamed-chunk-2-1.png"/>
    </resource>
    <resource href="data/supplements_1_4/unnamed-chunk-3-1.png" identifier="1239" type="webcontent">
      <file href="data/supplements_1_4/unnamed-chunk-3-1.png"/>
    </resource>
    <resource href="data/supplements_1_5/unnamed-chunk-1-1.png" identifier="1240" type="webcontent">
      <file href="data/supplements_1_5/unnamed-chunk-1-1.png"/>
    </resource>
    <resource href="data/supplements_10_1/unnamed-chunk-1-1.png" identifier="1241" type="webcontent">
      <file href="data/supplements_10_1/unnamed-chunk-1-1.png"/>
    </resource>
    <resource href="data/supplements_10_2/unnamed-chunk-1-1.png" identifier="1242" type="webcontent">
      <file href="data/supplements_10_2/unnamed-chunk-1-1.png"/>
    </resource>
    <resource href="data/supplements_10_3/unnamed-chunk-2-1.png" identifier="1243" type="webcontent">
      <file href="data/supplements_10_3/unnamed-chunk-2-1.png"/>
    </resource>
    <resource href="data/supplements_10_3/unnamed-chunk-3-1.png" identifier="1244" type="webcontent">
      <file href="data/supplements_10_3/unnamed-chunk-3-1.png"/>
    </resource>
    <resource href="data/supplements_10_4/unnamed-chunk-2-1.png" identifier="1245" type="webcontent">
      <file href="data/supplements_10_4/unnamed-chunk-2-1.png"/>
    </resource>
    <resource href="data/supplements_10_4/unnamed-chunk-3-1.png" identifier="1246" type="webcontent">
      <file href="data/supplements_10_4/unnamed-chunk-3-1.png"/>
    </resource>
    <resource href="data/supplements_10_5/unnamed-chunk-1-1.png" identifier="1247" type="webcontent">
      <file href="data/supplements_10_5/unnamed-chunk-1-1.png"/>
    </resource>
    <resource href="data/supplements_11_1/unnamed-chunk-1-1.png" identifier="1248" type="webcontent">
      <file href="data/supplements_11_1/unnamed-chunk-1-1.png"/>
    </resource>
    <resource href="data/supplements_11_2/unnamed-chunk-1-1.png" identifier="1249" type="webcontent">
      <file href="data/supplements_11_2/unnamed-chunk-1-1.png"/>
    </resource>
    <resource href="data/supplements_11_3/unnamed-chunk-2-1.png" identifier="1250" type="webcontent">
      <file href="data/supplements_11_3/unnamed-chunk-2-1.png"/>
    </resource>
    <resource href="data/supplements_11_3/unnamed-chunk-3-1.png" identifier="1251" type="webcontent">
      <file href="data/supplements_11_3/unnamed-chunk-3-1.png"/>
    </resource>
    <resource href="data/supplements_11_4/unnamed-chunk-2-1.png" identifier="1252" type="webcontent">
      <file href="data/supplements_11_4/unnamed-chunk-2-1.png"/>
    </resource>
    <resource href="data/supplements_11_4/unnamed-chunk-3-1.png" identifier="1253" type="webcontent">
      <file href="data/supplements_11_4/unnamed-chunk-3-1.png"/>
    </resource>
    <resource href="data/supplements_11_5/unnamed-chunk-1-1.png" identifier="1254" type="webcontent">
      <file href="data/supplements_11_5/unnamed-chunk-1-1.png"/>
    </resource>
    <resource href="data/supplements_12_1/unnamed-chunk-1-1.png" identifier="1255" type="webcontent">
      <file href="data/supplements_12_1/unnamed-chunk-1-1.png"/>
    </resource>
    <resource href="data/supplements_12_2/unnamed-chunk-1-1.png" identifier="1256" type="webcontent">
      <file href="data/supplements_12_2/unnamed-chunk-1-1.png"/>
    </resource>
    <resource href="data/supplements_12_3/unnamed-chunk-2-1.png" identifier="1257" type="webcontent">
      <file href="data/supplements_12_3/unnamed-chunk-2-1.png"/>
    </resource>
    <resource href="data/supplements_12_3/unnamed-chunk-3-1.png" identifier="1258" type="webcontent">
      <file href="data/supplements_12_3/unnamed-chunk-3-1.png"/>
    </resource>
    <resource href="data/supplements_12_4/unnamed-chunk-2-1.png" identifier="1259" type="webcontent">
      <file href="data/supplements_12_4/unnamed-chunk-2-1.png"/>
    </resource>
    <resource href="data/supplements_12_4/unnamed-chunk-3-1.png" identifier="1260" type="webcontent">
      <file href="data/supplements_12_4/unnamed-chunk-3-1.png"/>
    </resource>
    <resource href="data/supplements_12_5/unnamed-chunk-1-1.png" identifier="1261" type="webcontent">
      <file href="data/supplements_12_5/unnamed-chunk-1-1.png"/>
    </resource>
    <resource href="data/supplements_13_1/unnamed-chunk-1-1.png" identifier="1262" type="webcontent">
      <file href="data/supplements_13_1/unnamed-chunk-1-1.png"/>
    </resource>
    <resource href="data/supplements_13_2/unnamed-chunk-1-1.png" identifier="1263" type="webcontent">
      <file href="data/supplements_13_2/unnamed-chunk-1-1.png"/>
    </resource>
    <resource href="data/supplements_13_3/unnamed-chunk-2-1.png" identifier="1264" type="webcontent">
      <file href="data/supplements_13_3/unnamed-chunk-2-1.png"/>
    </resource>
    <resource href="data/supplements_13_3/unnamed-chunk-3-1.png" identifier="1265" type="webcontent">
      <file href="data/supplements_13_3/unnamed-chunk-3-1.png"/>
    </resource>
    <resource href="data/supplements_13_4/unnamed-chunk-2-1.png" identifier="1266" type="webcontent">
      <file href="data/supplements_13_4/unnamed-chunk-2-1.png"/>
    </resource>
    <resource href="data/supplements_13_4/unnamed-chunk-3-1.png" identifier="1267" type="webcontent">
      <file href="data/supplements_13_4/unnamed-chunk-3-1.png"/>
    </resource>
    <resource href="data/supplements_13_5/unnamed-chunk-1-1.png" identifier="1268" type="webcontent">
      <file href="data/supplements_13_5/unnamed-chunk-1-1.png"/>
    </resource>
    <resource href="data/supplements_14_1/unnamed-chunk-1-1.png" identifier="1269" type="webcontent">
      <file href="data/supplements_14_1/unnamed-chunk-1-1.png"/>
    </resource>
    <resource href="data/supplements_14_2/unnamed-chunk-1-1.png" identifier="1270" type="webcontent">
      <file href="data/supplements_14_2/unnamed-chunk-1-1.png"/>
    </resource>
    <resource href="data/supplements_14_3/unnamed-chunk-2-1.png" identifier="1271" type="webcontent">
      <file href="data/supplements_14_3/unnamed-chunk-2-1.png"/>
    </resource>
    <resource href="data/supplements_14_3/unnamed-chunk-3-1.png" identifier="1272" type="webcontent">
      <file href="data/supplements_14_3/unnamed-chunk-3-1.png"/>
    </resource>
    <resource href="data/supplements_14_4/unnamed-chunk-2-1.png" identifier="1273" type="webcontent">
      <file href="data/supplements_14_4/unnamed-chunk-2-1.png"/>
    </resource>
    <resource href="data/supplements_14_4/unnamed-chunk-3-1.png" identifier="1274" type="webcontent">
      <file href="data/supplements_14_4/unnamed-chunk-3-1.png"/>
    </resource>
    <resource href="data/supplements_14_5/unnamed-chunk-1-1.png" identifier="1275" type="webcontent">
      <file href="data/supplements_14_5/unnamed-chunk-1-1.png"/>
    </resource>
    <resource href="data/supplements_15_1/unnamed-chunk-1-1.png" identifier="1276" type="webcontent">
      <file href="data/supplements_15_1/unnamed-chunk-1-1.png"/>
    </resource>
    <resource href="data/supplements_15_2/unnamed-chunk-1-1.png" identifier="1277" type="webcontent">
      <file href="data/supplements_15_2/unnamed-chunk-1-1.png"/>
    </resource>
    <resource href="data/supplements_15_3/unnamed-chunk-2-1.png" identifier="1278" type="webcontent">
      <file href="data/supplements_15_3/unnamed-chunk-2-1.png"/>
    </resource>
    <resource href="data/supplements_15_3/unnamed-chunk-3-1.png" identifier="1279" type="webcontent">
      <file href="data/supplements_15_3/unnamed-chunk-3-1.png"/>
    </resource>
    <resource href="data/supplements_15_4/unnamed-chunk-2-1.png" identifier="1280" type="webcontent">
      <file href="data/supplements_15_4/unnamed-chunk-2-1.png"/>
    </resource>
    <resource href="data/supplements_15_4/unnamed-chunk-3-1.png" identifier="1281" type="webcontent">
      <file href="data/supplements_15_4/unnamed-chunk-3-1.png"/>
    </resource>
    <resource href="data/supplements_15_5/unnamed-chunk-1-1.png" identifier="1282" type="webcontent">
      <file href="data/supplements_15_5/unnamed-chunk-1-1.png"/>
    </resource>
    <resource href="data/supplements_16_1/unnamed-chunk-1-1.png" identifier="1283" type="webcontent">
      <file href="data/supplements_16_1/unnamed-chunk-1-1.png"/>
    </resource>
    <resource href="data/supplements_16_2/unnamed-chunk-1-1.png" identifier="1284" type="webcontent">
      <file href="data/supplements_16_2/unnamed-chunk-1-1.png"/>
    </resource>
    <resource href="data/supplements_16_3/unnamed-chunk-2-1.png" identifier="1285" type="webcontent">
      <file href="data/supplements_16_3/unnamed-chunk-2-1.png"/>
    </resource>
    <resource href="data/supplements_16_3/unnamed-chunk-3-1.png" identifier="1286" type="webcontent">
      <file href="data/supplements_16_3/unnamed-chunk-3-1.png"/>
    </resource>
    <resource href="data/supplements_16_4/unnamed-chunk-2-1.png" identifier="1287" type="webcontent">
      <file href="data/supplements_16_4/unnamed-chunk-2-1.png"/>
    </resource>
    <resource href="data/supplements_16_4/unnamed-chunk-3-1.png" identifier="1288" type="webcontent">
      <file href="data/supplements_16_4/unnamed-chunk-3-1.png"/>
    </resource>
    <resource href="data/supplements_16_5/unnamed-chunk-1-1.png" identifier="1289" type="webcontent">
      <file href="data/supplements_16_5/unnamed-chunk-1-1.png"/>
    </resource>
    <resource href="data/supplements_17_1/unnamed-chunk-1-1.png" identifier="1290" type="webcontent">
      <file href="data/supplements_17_1/unnamed-chunk-1-1.png"/>
    </resource>
    <resource href="data/supplements_17_2/unnamed-chunk-1-1.png" identifier="1291" type="webcontent">
      <file href="data/supplements_17_2/unnamed-chunk-1-1.png"/>
    </resource>
    <resource href="data/supplements_17_3/unnamed-chunk-2-1.png" identifier="1292" type="webcontent">
      <file href="data/supplements_17_3/unnamed-chunk-2-1.png"/>
    </resource>
    <resource href="data/supplements_17_3/unnamed-chunk-3-1.png" identifier="1293" type="webcontent">
      <file href="data/supplements_17_3/unnamed-chunk-3-1.png"/>
    </resource>
    <resource href="data/supplements_17_4/unnamed-chunk-2-1.png" identifier="1294" type="webcontent">
      <file href="data/supplements_17_4/unnamed-chunk-2-1.png"/>
    </resource>
    <resource href="data/supplements_17_4/unnamed-chunk-3-1.png" identifier="1295" type="webcontent">
      <file href="data/supplements_17_4/unnamed-chunk-3-1.png"/>
    </resource>
    <resource href="data/supplements_17_5/unnamed-chunk-1-1.png" identifier="1296" type="webcontent">
      <file href="data/supplements_17_5/unnamed-chunk-1-1.png"/>
    </resource>
    <resource href="data/supplements_18_1/unnamed-chunk-1-1.png" identifier="1297" type="webcontent">
      <file href="data/supplements_18_1/unnamed-chunk-1-1.png"/>
    </resource>
    <resource href="data/supplements_18_2/unnamed-chunk-1-1.png" identifier="1298" type="webcontent">
      <file href="data/supplements_18_2/unnamed-chunk-1-1.png"/>
    </resource>
    <resource href="data/supplements_18_3/unnamed-chunk-2-1.png" identifier="1299" type="webcontent">
      <file href="data/supplements_18_3/unnamed-chunk-2-1.png"/>
    </resource>
    <resource href="data/supplements_18_3/unnamed-chunk-3-1.png" identifier="1300" type="webcontent">
      <file href="data/supplements_18_3/unnamed-chunk-3-1.png"/>
    </resource>
    <resource href="data/supplements_18_4/unnamed-chunk-2-1.png" identifier="1301" type="webcontent">
      <file href="data/supplements_18_4/unnamed-chunk-2-1.png"/>
    </resource>
    <resource href="data/supplements_18_4/unnamed-chunk-3-1.png" identifier="1302" type="webcontent">
      <file href="data/supplements_18_4/unnamed-chunk-3-1.png"/>
    </resource>
    <resource href="data/supplements_18_5/unnamed-chunk-1-1.png" identifier="1303" type="webcontent">
      <file href="data/supplements_18_5/unnamed-chunk-1-1.png"/>
    </resource>
    <resource href="data/supplements_19_1/unnamed-chunk-1-1.png" identifier="1304" type="webcontent">
      <file href="data/supplements_19_1/unnamed-chunk-1-1.png"/>
    </resource>
    <resource href="data/supplements_19_2/unnamed-chunk-1-1.png" identifier="1305" type="webcontent">
      <file href="data/supplements_19_2/unnamed-chunk-1-1.png"/>
    </resource>
    <resource href="data/supplements_19_3/unnamed-chunk-2-1.png" identifier="1306" type="webcontent">
      <file href="data/supplements_19_3/unnamed-chunk-2-1.png"/>
    </resource>
    <resource href="data/supplements_19_3/unnamed-chunk-3-1.png" identifier="1307" type="webcontent">
      <file href="data/supplements_19_3/unnamed-chunk-3-1.png"/>
    </resource>
    <resource href="data/supplements_19_4/unnamed-chunk-2-1.png" identifier="1308" type="webcontent">
      <file href="data/supplements_19_4/unnamed-chunk-2-1.png"/>
    </resource>
    <resource href="data/supplements_19_4/unnamed-chunk-3-1.png" identifier="1309" type="webcontent">
      <file href="data/supplements_19_4/unnamed-chunk-3-1.png"/>
    </resource>
    <resource href="data/supplements_19_5/unnamed-chunk-1-1.png" identifier="1310" type="webcontent">
      <file href="data/supplements_19_5/unnamed-chunk-1-1.png"/>
    </resource>
    <resource href="data/supplements_2_1/unnamed-chunk-1-1.png" identifier="1311" type="webcontent">
      <file href="data/supplements_2_1/unnamed-chunk-1-1.png"/>
    </resource>
    <resource href="data/supplements_2_2/unnamed-chunk-1-1.png" identifier="1312" type="webcontent">
      <file href="data/supplements_2_2/unnamed-chunk-1-1.png"/>
    </resource>
    <resource href="data/supplements_2_3/unnamed-chunk-2-1.png" identifier="1313" type="webcontent">
      <file href="data/supplements_2_3/unnamed-chunk-2-1.png"/>
    </resource>
    <resource href="data/supplements_2_3/unnamed-chunk-3-1.png" identifier="1314" type="webcontent">
      <file href="data/supplements_2_3/unnamed-chunk-3-1.png"/>
    </resource>
    <resource href="data/supplements_2_4/unnamed-chunk-2-1.png" identifier="1315" type="webcontent">
      <file href="data/supplements_2_4/unnamed-chunk-2-1.png"/>
    </resource>
    <resource href="data/supplements_2_4/unnamed-chunk-3-1.png" identifier="1316" type="webcontent">
      <file href="data/supplements_2_4/unnamed-chunk-3-1.png"/>
    </resource>
    <resource href="data/supplements_2_5/unnamed-chunk-1-1.png" identifier="1317" type="webcontent">
      <file href="data/supplements_2_5/unnamed-chunk-1-1.png"/>
    </resource>
    <resource href="data/supplements_20_1/unnamed-chunk-1-1.png" identifier="1318" type="webcontent">
      <file href="data/supplements_20_1/unnamed-chunk-1-1.png"/>
    </resource>
    <resource href="data/supplements_20_2/unnamed-chunk-1-1.png" identifier="1319" type="webcontent">
      <file href="data/supplements_20_2/unnamed-chunk-1-1.png"/>
    </resource>
    <resource href="data/supplements_20_3/unnamed-chunk-2-1.png" identifier="1320" type="webcontent">
      <file href="data/supplements_20_3/unnamed-chunk-2-1.png"/>
    </resource>
    <resource href="data/supplements_20_3/unnamed-chunk-3-1.png" identifier="1321" type="webcontent">
      <file href="data/supplements_20_3/unnamed-chunk-3-1.png"/>
    </resource>
    <resource href="data/supplements_20_4/unnamed-chunk-2-1.png" identifier="1322" type="webcontent">
      <file href="data/supplements_20_4/unnamed-chunk-2-1.png"/>
    </resource>
    <resource href="data/supplements_20_4/unnamed-chunk-3-1.png" identifier="1323" type="webcontent">
      <file href="data/supplements_20_4/unnamed-chunk-3-1.png"/>
    </resource>
    <resource href="data/supplements_20_5/unnamed-chunk-1-1.png" identifier="1324" type="webcontent">
      <file href="data/supplements_20_5/unnamed-chunk-1-1.png"/>
    </resource>
    <resource href="data/supplements_3_1/unnamed-chunk-1-1.png" identifier="1325" type="webcontent">
      <file href="data/supplements_3_1/unnamed-chunk-1-1.png"/>
    </resource>
    <resource href="data/supplements_3_2/unnamed-chunk-1-1.png" identifier="1326" type="webcontent">
      <file href="data/supplements_3_2/unnamed-chunk-1-1.png"/>
    </resource>
    <resource href="data/supplements_3_3/unnamed-chunk-2-1.png" identifier="1327" type="webcontent">
      <file href="data/supplements_3_3/unnamed-chunk-2-1.png"/>
    </resource>
    <resource href="data/supplements_3_3/unnamed-chunk-3-1.png" identifier="1328" type="webcontent">
      <file href="data/supplements_3_3/unnamed-chunk-3-1.png"/>
    </resource>
    <resource href="data/supplements_3_4/unnamed-chunk-2-1.png" identifier="1329" type="webcontent">
      <file href="data/supplements_3_4/unnamed-chunk-2-1.png"/>
    </resource>
    <resource href="data/supplements_3_4/unnamed-chunk-3-1.png" identifier="1330" type="webcontent">
      <file href="data/supplements_3_4/unnamed-chunk-3-1.png"/>
    </resource>
    <resource href="data/supplements_3_5/unnamed-chunk-1-1.png" identifier="1331" type="webcontent">
      <file href="data/supplements_3_5/unnamed-chunk-1-1.png"/>
    </resource>
    <resource href="data/supplements_4_1/unnamed-chunk-1-1.png" identifier="1332" type="webcontent">
      <file href="data/supplements_4_1/unnamed-chunk-1-1.png"/>
    </resource>
    <resource href="data/supplements_4_2/unnamed-chunk-1-1.png" identifier="1333" type="webcontent">
      <file href="data/supplements_4_2/unnamed-chunk-1-1.png"/>
    </resource>
    <resource href="data/supplements_4_3/unnamed-chunk-2-1.png" identifier="1334" type="webcontent">
      <file href="data/supplements_4_3/unnamed-chunk-2-1.png"/>
    </resource>
    <resource href="data/supplements_4_3/unnamed-chunk-3-1.png" identifier="1335" type="webcontent">
      <file href="data/supplements_4_3/unnamed-chunk-3-1.png"/>
    </resource>
    <resource href="data/supplements_4_4/unnamed-chunk-2-1.png" identifier="1336" type="webcontent">
      <file href="data/supplements_4_4/unnamed-chunk-2-1.png"/>
    </resource>
    <resource href="data/supplements_4_4/unnamed-chunk-3-1.png" identifier="1337" type="webcontent">
      <file href="data/supplements_4_4/unnamed-chunk-3-1.png"/>
    </resource>
    <resource href="data/supplements_4_5/unnamed-chunk-1-1.png" identifier="1338" type="webcontent">
      <file href="data/supplements_4_5/unnamed-chunk-1-1.png"/>
    </resource>
    <resource href="data/supplements_5_1/unnamed-chunk-1-1.png" identifier="1339" type="webcontent">
      <file href="data/supplements_5_1/unnamed-chunk-1-1.png"/>
    </resource>
    <resource href="data/supplements_5_2/unnamed-chunk-1-1.png" identifier="1340" type="webcontent">
      <file href="data/supplements_5_2/unnamed-chunk-1-1.png"/>
    </resource>
    <resource href="data/supplements_5_3/unnamed-chunk-2-1.png" identifier="1341" type="webcontent">
      <file href="data/supplements_5_3/unnamed-chunk-2-1.png"/>
    </resource>
    <resource href="data/supplements_5_3/unnamed-chunk-3-1.png" identifier="1342" type="webcontent">
      <file href="data/supplements_5_3/unnamed-chunk-3-1.png"/>
    </resource>
    <resource href="data/supplements_5_4/unnamed-chunk-2-1.png" identifier="1343" type="webcontent">
      <file href="data/supplements_5_4/unnamed-chunk-2-1.png"/>
    </resource>
    <resource href="data/supplements_5_4/unnamed-chunk-3-1.png" identifier="1344" type="webcontent">
      <file href="data/supplements_5_4/unnamed-chunk-3-1.png"/>
    </resource>
    <resource href="data/supplements_5_5/unnamed-chunk-1-1.png" identifier="1345" type="webcontent">
      <file href="data/supplements_5_5/unnamed-chunk-1-1.png"/>
    </resource>
    <resource href="data/supplements_6_1/unnamed-chunk-1-1.png" identifier="1346" type="webcontent">
      <file href="data/supplements_6_1/unnamed-chunk-1-1.png"/>
    </resource>
    <resource href="data/supplements_6_2/unnamed-chunk-1-1.png" identifier="1347" type="webcontent">
      <file href="data/supplements_6_2/unnamed-chunk-1-1.png"/>
    </resource>
    <resource href="data/supplements_6_3/unnamed-chunk-2-1.png" identifier="1348" type="webcontent">
      <file href="data/supplements_6_3/unnamed-chunk-2-1.png"/>
    </resource>
    <resource href="data/supplements_6_3/unnamed-chunk-3-1.png" identifier="1349" type="webcontent">
      <file href="data/supplements_6_3/unnamed-chunk-3-1.png"/>
    </resource>
    <resource href="data/supplements_6_4/unnamed-chunk-2-1.png" identifier="1350" type="webcontent">
      <file href="data/supplements_6_4/unnamed-chunk-2-1.png"/>
    </resource>
    <resource href="data/supplements_6_4/unnamed-chunk-3-1.png" identifier="1351" type="webcontent">
      <file href="data/supplements_6_4/unnamed-chunk-3-1.png"/>
    </resource>
    <resource href="data/supplements_6_5/unnamed-chunk-1-1.png" identifier="1352" type="webcontent">
      <file href="data/supplements_6_5/unnamed-chunk-1-1.png"/>
    </resource>
    <resource href="data/supplements_7_1/unnamed-chunk-1-1.png" identifier="1353" type="webcontent">
      <file href="data/supplements_7_1/unnamed-chunk-1-1.png"/>
    </resource>
    <resource href="data/supplements_7_2/unnamed-chunk-1-1.png" identifier="1354" type="webcontent">
      <file href="data/supplements_7_2/unnamed-chunk-1-1.png"/>
    </resource>
    <resource href="data/supplements_7_3/unnamed-chunk-2-1.png" identifier="1355" type="webcontent">
      <file href="data/supplements_7_3/unnamed-chunk-2-1.png"/>
    </resource>
    <resource href="data/supplements_7_3/unnamed-chunk-3-1.png" identifier="1356" type="webcontent">
      <file href="data/supplements_7_3/unnamed-chunk-3-1.png"/>
    </resource>
    <resource href="data/supplements_7_4/unnamed-chunk-2-1.png" identifier="1357" type="webcontent">
      <file href="data/supplements_7_4/unnamed-chunk-2-1.png"/>
    </resource>
    <resource href="data/supplements_7_4/unnamed-chunk-3-1.png" identifier="1358" type="webcontent">
      <file href="data/supplements_7_4/unnamed-chunk-3-1.png"/>
    </resource>
    <resource href="data/supplements_7_5/unnamed-chunk-1-1.png" identifier="1359" type="webcontent">
      <file href="data/supplements_7_5/unnamed-chunk-1-1.png"/>
    </resource>
    <resource href="data/supplements_8_1/unnamed-chunk-1-1.png" identifier="1360" type="webcontent">
      <file href="data/supplements_8_1/unnamed-chunk-1-1.png"/>
    </resource>
    <resource href="data/supplements_8_2/unnamed-chunk-1-1.png" identifier="1361" type="webcontent">
      <file href="data/supplements_8_2/unnamed-chunk-1-1.png"/>
    </resource>
    <resource href="data/supplements_8_3/unnamed-chunk-2-1.png" identifier="1362" type="webcontent">
      <file href="data/supplements_8_3/unnamed-chunk-2-1.png"/>
    </resource>
    <resource href="data/supplements_8_3/unnamed-chunk-3-1.png" identifier="1363" type="webcontent">
      <file href="data/supplements_8_3/unnamed-chunk-3-1.png"/>
    </resource>
    <resource href="data/supplements_8_4/unnamed-chunk-2-1.png" identifier="1364" type="webcontent">
      <file href="data/supplements_8_4/unnamed-chunk-2-1.png"/>
    </resource>
    <resource href="data/supplements_8_4/unnamed-chunk-3-1.png" identifier="1365" type="webcontent">
      <file href="data/supplements_8_4/unnamed-chunk-3-1.png"/>
    </resource>
    <resource href="data/supplements_8_5/unnamed-chunk-1-1.png" identifier="1366" type="webcontent">
      <file href="data/supplements_8_5/unnamed-chunk-1-1.png"/>
    </resource>
    <resource href="data/supplements_9_1/unnamed-chunk-1-1.png" identifier="1367" type="webcontent">
      <file href="data/supplements_9_1/unnamed-chunk-1-1.png"/>
    </resource>
    <resource href="data/supplements_9_2/unnamed-chunk-1-1.png" identifier="1368" type="webcontent">
      <file href="data/supplements_9_2/unnamed-chunk-1-1.png"/>
    </resource>
    <resource href="data/supplements_9_3/unnamed-chunk-2-1.png" identifier="1369" type="webcontent">
      <file href="data/supplements_9_3/unnamed-chunk-2-1.png"/>
    </resource>
    <resource href="data/supplements_9_3/unnamed-chunk-3-1.png" identifier="1370" type="webcontent">
      <file href="data/supplements_9_3/unnamed-chunk-3-1.png"/>
    </resource>
    <resource href="data/supplements_9_4/unnamed-chunk-2-1.png" identifier="1371" type="webcontent">
      <file href="data/supplements_9_4/unnamed-chunk-2-1.png"/>
    </resource>
    <resource href="data/supplements_9_4/unnamed-chunk-3-1.png" identifier="1372" type="webcontent">
      <file href="data/supplements_9_4/unnamed-chunk-3-1.png"/>
    </resource>
    <resource href="data/supplements_9_5/unnamed-chunk-1-1.png" identifier="1373" type="webcontent">
      <file href="data/supplements_9_5/unnamed-chunk-1-1.png"/>
    </resource>
  </resources>
</manifest>
