<?xml version="1.0" encoding="UTF-8"?>
<!DOCTYPE questestinterop SYSTEM "ims_qtiasiv1p2p1.dtd">

<questestinterop>
<assessment ident="ET_049_648301853" title="ET_049">

<qtimetadata>
<qtimetadatafield>
<fieldlabel>cc_maxattempts</fieldlabel>
<fieldentry>3</fieldentry>
</qtimetadatafield>
<qtimetadatafield>
<fieldlabel>qmd_assessmenttype</fieldlabel>
<fieldentry>Assessment</fieldentry>
</qtimetadatafield>
</qtimetadata>
<objectives>
<material>
<mattext><![CDATA[Please solve the following exercises.]]></mattext>
</material>
</objectives>
<assessmentcontrol feedbackswitch="No" hintswitch="No" solutionswitch="No"/>
<outcomes_processing scoremodel="SumOfScores">
<outcomes>
<decvar varname="SCORE" vartype="Decimal" cutvalue="0"/>
</outcomes>
</outcomes_processing>
<assessfeedback title="AssessmentFeedback" ident="AssessmentFeedback">
<flow_mat>
<material>
<mattext>##AssessmentFeedback##</mattext>
</material>
</flow_mat>
</assessfeedback>

<section ident="ET_049_648301853_section_1" title="Exercise">

<objectives>
<material>
<mattext><![CDATA[Please answer the following question.]]></mattext>
</material>
</objectives>
<selection_ordering>
<selection>
<selection_number>1</selection_number>
<selection_extension>
<points_per_item>1</points_per_item>
</selection_extension>
</selection>
<order order_type="Random"/>
</selection_ordering>

<item ident="ET_049_648301853_section_1_item_1_num" title="Question" maxattempts="3">
<itemcontrol feedbackswitch="No" hintswitch="No" solutionswitch="No"/>
<itemmetadata>
<qtimetadata>
<qtimetadatafield>
<fieldlabel>question_type</fieldlabel>
<fieldentry>numerical_question</fieldentry>
</qtimetadatafield>
</qtimetadata>
</itemmetadata>
<presentation>
<flow>
<material>
<matbreak/>
<mattext texttype="text/html" charset="utf-8"><![CDATA[
<p>Question ID: 02_319</p>
<p><img src="data/supplements1/xx.png" /></p>
]]></mattext>
<matbreak/>
</material>
<response_num ident="ET_049_648301853_section_1_item_1_num_RESPONSE_6613980" rcardinality="Single" numtype="Decimal">
<render_fib fibtype="Decimal" maxchars="12">
<flow_label class="Block">
<response_label ident="ET_049_648301853_section_1_item_1_num_RESPONSE_6613980" rshuffle="No"/>
</flow_label>
</render_fib>
</response_num>
<material>
<matbreak/>
</material>
</flow>
</presentation>
<resprocessing>
<outcomes>
<decvar varname="SCORE" vartype="Decimal" defaultval="0" minvalue="0" maxvalue="1" cutvalue="1"/>
</outcomes>
<respcondition title="Mastery" continue="No">
<conditionvar>

<or>
<varequal respident="ET_049_648301853_section_1_item_1_num_RESPONSE_6613980" case="No"><![CDATA[6]]></varequal>
<and>
<vargte respident="ET_049_648301853_section_1_item_1_num_RESPONSE_6613980"><![CDATA[5.99999]]></vargte>
<varlte respident="ET_049_648301853_section_1_item_1_num_RESPONSE_6613980"><![CDATA[6.00001]]></varlte>
</and>
</or>
</conditionvar>
<setvar varname="SCORE" action="Set">1</setvar>
<displayfeedback feedbacktype="Response" linkrefid="correct_fb"/>
</respcondition>
<respcondition continue="Yes">
<conditionvar>
<other/>
</conditionvar>
<displayfeedback feedbacktype="Response" linkrefid="general_incorrect_fb"/>
</respcondition>
</resprocessing>
<itemfeedback ident="correct_fb" view="All">
<flow_mat>
<material>
<mattext texttype="text/html"><![CDATA[
<p>The correct answer is 6.</p>
]]></mattext>
</material>
</flow_mat>
</itemfeedback>
<itemfeedback ident="general_incorrect_fb" view="All">
<flow_mat>
<material>
<mattext texttype="text/html"><![CDATA[
<p>The correct answer is 6.</p>
]]></mattext>
</material>
</flow_mat>
</itemfeedback>
</item>


</section>
<section ident="ET_049_648301853_section_2" title="Exercise">

<objectives>
<material>
<mattext><![CDATA[Please answer the following question.]]></mattext>
</material>
</objectives>
<selection_ordering>
<selection>
<selection_number>1</selection_number>
<selection_extension>
<points_per_item>1</points_per_item>
</selection_extension>
</selection>
<order order_type="Random"/>
</selection_ordering>

<item ident="ET_049_648301853_section_2_item_1_schoice" title="Question" maxattempts="3">
<itemcontrol feedbackswitch="No" hintswitch="No" solutionswitch="No"/>
<itemmetadata>
<qtimetadata>
<qtimetadatafield>
<fieldlabel>question_type</fieldlabel>
<fieldentry>multiple_choice_question</fieldentry>
</qtimetadatafield>
</qtimetadata>
</itemmetadata>
<presentation>
<flow>
<material>
<matbreak/>
<mattext texttype="text/html" charset="utf-8"><![CDATA[
<p>Question ID: 04_424</p>
<p><img src="data/supplements2/xx.png" /></p>
]]></mattext>
<matbreak/>
</material>
<response_lid ident="ET_049_648301853_section_2_item_1_schoice_RESPONSE_3409255" rcardinality="Single" rtiming="No">
<render_choice shuffle="No">
<flow_label class="List">
<response_label ident="ET_049_648301853_section_2_item_1_schoice_8372838091" rshuffle="No">
<material>
<mattext texttype="text/html" charset="utf-8"><![CDATA[
 A
]]></mattext>
</material>
</response_label>
</flow_label>
<flow_label class="List">
<response_label ident="ET_049_648301853_section_2_item_1_schoice_7326674919" rshuffle="No">
<material>
<mattext texttype="text/html" charset="utf-8"><![CDATA[
 B
]]></mattext>
</material>
</response_label>
</flow_label>
<flow_label class="List">
<response_label ident="ET_049_648301853_section_2_item_1_schoice_4834723624" rshuffle="No">
<material>
<mattext texttype="text/html" charset="utf-8"><![CDATA[
 C
]]></mattext>
</material>
</response_label>
</flow_label>
<flow_label class="List">
<response_label ident="ET_049_648301853_section_2_item_1_schoice_9743247409" rshuffle="No">
<material>
<mattext texttype="text/html" charset="utf-8"><![CDATA[
 D
]]></mattext>
</material>
</response_label>
</flow_label>
</render_choice>
</response_lid>
</flow>
</presentation>
<resprocessing>
<outcomes>
<decvar varname="SCORE" vartype="Decimal" defaultval="0" minvalue="0" maxvalue="1" cutvalue="1"/>
</outcomes>
<respcondition title="Mastery" continue="No">
<conditionvar>
<and>
<varequal respident="ET_049_648301853_section_2_item_1_schoice_RESPONSE_3409255" case="Yes">ET_049_648301853_section_2_item_1_schoice_4834723624</varequal>
<not> <varequal respident="ET_049_648301853_section_2_item_1_schoice_RESPONSE_3409255" case="Yes">ET_049_648301853_section_2_item_1_schoice_8372838091</varequal> </not>
<not> <varequal respident="ET_049_648301853_section_2_item_1_schoice_RESPONSE_3409255" case="Yes">ET_049_648301853_section_2_item_1_schoice_7326674919</varequal> </not>
<not> <varequal respident="ET_049_648301853_section_2_item_1_schoice_RESPONSE_3409255" case="Yes">ET_049_648301853_section_2_item_1_schoice_9743247409</varequal> </not>
</and>
</conditionvar>
<setvar varname="SCORE" action="Set">1</setvar>
<displayfeedback feedbacktype="Response" linkrefid="correct_fb"/>
</respcondition>
<respcondition continue="Yes">
<conditionvar>
<other/>
</conditionvar>
<displayfeedback feedbacktype="Response" linkrefid="general_incorrect_fb"/>
</respcondition>
</resprocessing>
<itemfeedback ident="correct_fb" view="All">
<flow_mat>
<material>
<mattext texttype="text/html"><![CDATA[
<p>The correct answer is C</p>
]]></mattext>
</material>
</flow_mat>
</itemfeedback>
<itemfeedback ident="general_incorrect_fb" view="All">
<flow_mat>
<material>
<mattext texttype="text/html"><![CDATA[
<p>The correct answer is C</p>
]]></mattext>
</material>
</flow_mat>
</itemfeedback>
</item>


</section>
<section ident="ET_049_648301853_section_3" title="Exercise">

<objectives>
<material>
<mattext><![CDATA[Please answer the following question.]]></mattext>
</material>
</objectives>
<selection_ordering>
<selection>
<selection_number>1</selection_number>
<selection_extension>
<points_per_item>1</points_per_item>
</selection_extension>
</selection>
<order order_type="Random"/>
</selection_ordering>

<item ident="ET_049_648301853_section_3_item_1_schoice" title="Question" maxattempts="3">
<itemcontrol feedbackswitch="No" hintswitch="No" solutionswitch="No"/>
<itemmetadata>
<qtimetadata>
<qtimetadatafield>
<fieldlabel>question_type</fieldlabel>
<fieldentry>multiple_choice_question</fieldentry>
</qtimetadatafield>
</qtimetadata>
</itemmetadata>
<presentation>
<flow>
<material>
<matbreak/>
<mattext texttype="text/html" charset="utf-8"><![CDATA[
<p>Question ID: 11_203</p>
<p><img src="data/supplements3/xx.png" /></p>
]]></mattext>
<matbreak/>
</material>
<response_lid ident="ET_049_648301853_section_3_item_1_schoice_RESPONSE_3365391" rcardinality="Single" rtiming="No">
<render_choice shuffle="No">
<flow_label class="List">
<response_label ident="ET_049_648301853_section_3_item_1_schoice_1868794507" rshuffle="No">
<material>
<mattext texttype="text/html" charset="utf-8"><![CDATA[
 A
]]></mattext>
</material>
</response_label>
</flow_label>
<flow_label class="List">
<response_label ident="ET_049_648301853_section_3_item_1_schoice_4452657422" rshuffle="No">
<material>
<mattext texttype="text/html" charset="utf-8"><![CDATA[
 B
]]></mattext>
</material>
</response_label>
</flow_label>
<flow_label class="List">
<response_label ident="ET_049_648301853_section_3_item_1_schoice_5454969042" rshuffle="No">
<material>
<mattext texttype="text/html" charset="utf-8"><![CDATA[
 C
]]></mattext>
</material>
</response_label>
</flow_label>
<flow_label class="List">
<response_label ident="ET_049_648301853_section_3_item_1_schoice_2948874183" rshuffle="No">
<material>
<mattext texttype="text/html" charset="utf-8"><![CDATA[
 D
]]></mattext>
</material>
</response_label>
</flow_label>
</render_choice>
</response_lid>
</flow>
</presentation>
<resprocessing>
<outcomes>
<decvar varname="SCORE" vartype="Decimal" defaultval="0" minvalue="0" maxvalue="1" cutvalue="1"/>
</outcomes>
<respcondition title="Mastery" continue="No">
<conditionvar>
<and>
<varequal respident="ET_049_648301853_section_3_item_1_schoice_RESPONSE_3365391" case="Yes">ET_049_648301853_section_3_item_1_schoice_4452657422</varequal>
<not> <varequal respident="ET_049_648301853_section_3_item_1_schoice_RESPONSE_3365391" case="Yes">ET_049_648301853_section_3_item_1_schoice_1868794507</varequal> </not>
<not> <varequal respident="ET_049_648301853_section_3_item_1_schoice_RESPONSE_3365391" case="Yes">ET_049_648301853_section_3_item_1_schoice_5454969042</varequal> </not>
<not> <varequal respident="ET_049_648301853_section_3_item_1_schoice_RESPONSE_3365391" case="Yes">ET_049_648301853_section_3_item_1_schoice_2948874183</varequal> </not>
</and>
</conditionvar>
<setvar varname="SCORE" action="Set">1</setvar>
<displayfeedback feedbacktype="Response" linkrefid="correct_fb"/>
</respcondition>
<respcondition continue="Yes">
<conditionvar>
<other/>
</conditionvar>
<displayfeedback feedbacktype="Response" linkrefid="general_incorrect_fb"/>
</respcondition>
</resprocessing>
<itemfeedback ident="correct_fb" view="All">
<flow_mat>
<material>
<mattext texttype="text/html"><![CDATA[
<p>The correct answer is B</p>
]]></mattext>
</material>
</flow_mat>
</itemfeedback>
<itemfeedback ident="general_incorrect_fb" view="All">
<flow_mat>
<material>
<mattext texttype="text/html"><![CDATA[
<p>The correct answer is B</p>
]]></mattext>
</material>
</flow_mat>
</itemfeedback>
</item>


</section>

</assessment>
</questestinterop>
