<?xml version="1.0" encoding="UTF-8"?>
<!DOCTYPE questestinterop SYSTEM "ims_qtiasiv1p2p1.dtd">

<questestinterop>
<assessment ident="ET_110_884868015" title="ET_110">

<qtimetadata>
<qtimetadatafield>
<fieldlabel>cc_maxattempts</fieldlabel>
<fieldentry>3</fieldentry>
</qtimetadatafield>
<qtimetadatafield>
<fieldlabel>qmd_assessmenttype</fieldlabel>
<fieldentry>Assessment</fieldentry>
</qtimetadatafield>
</qtimetadata>
<objectives>
<material>
<mattext><![CDATA[Please solve the following exercises.]]></mattext>
</material>
</objectives>
<assessmentcontrol feedbackswitch="No" hintswitch="No" solutionswitch="Yes"/>
<outcomes_processing scoremodel="SumOfScores">
<outcomes>
<decvar varname="SCORE" vartype="Decimal" cutvalue="0"/>
</outcomes>
</outcomes_processing>
<assessfeedback title="AssessmentFeedback" ident="AssessmentFeedback">
<flow_mat>
<material>
<mattext>##AssessmentFeedback##</mattext>
</material>
</flow_mat>
</assessfeedback>

<section ident="ET_110_884868015_section_1" title="Exercise">

<objectives>
<material>
<mattext><![CDATA[Please answer the following question.]]></mattext>
</material>
</objectives>
<selection_ordering>
<selection>
<selection_number>1</selection_number>
<selection_extension>
<points_per_item>1</points_per_item>
</selection_extension>
</selection>
<order order_type="Random"/>
</selection_ordering>

<item ident="ET_110_884868015_section_1_item_01_schoice" title="Question" maxattempts="3">
<itemcontrol feedbackswitch="No" hintswitch="No" solutionswitch="Yes"/>
<itemmetadata>
<qtimetadata>
<qtimetadatafield>
<fieldlabel>question_type</fieldlabel>
<fieldentry>multiple_choice_question</fieldentry>
</qtimetadatafield>
</qtimetadata>
</itemmetadata>
<presentation>
<flow>
<material>
<matbreak/>
<mattext texttype="text/html" charset="utf-8"><![CDATA[
<p>Question ID: 14_208</p>
<p><img src="data/supplements1/xx.png" /></p>
]]></mattext>
<matbreak/>
</material>
<response_lid ident="ET_110_884868015_section_1_item_01_schoice_RESPONSE_9765079" rcardinality="Single" rtiming="No">
<render_choice shuffle="No">
<flow_label class="List">
<response_label ident="ET_110_884868015_section_1_item_01_schoice_1422544355" rshuffle="No">
<material>
<mattext texttype="text/html" charset="utf-8"><![CDATA[
 A
]]></mattext>
</material>
</response_label>
</flow_label>
<flow_label class="List">
<response_label ident="ET_110_884868015_section_1_item_01_schoice_5127707863" rshuffle="No">
<material>
<mattext texttype="text/html" charset="utf-8"><![CDATA[
 B
]]></mattext>
</material>
</response_label>
</flow_label>
<flow_label class="List">
<response_label ident="ET_110_884868015_section_1_item_01_schoice_1418886760" rshuffle="No">
<material>
<mattext texttype="text/html" charset="utf-8"><![CDATA[
 C
]]></mattext>
</material>
</response_label>
</flow_label>
<flow_label class="List">
<response_label ident="ET_110_884868015_section_1_item_01_schoice_2555504672" rshuffle="No">
<material>
<mattext texttype="text/html" charset="utf-8"><![CDATA[
 D
]]></mattext>
</material>
</response_label>
</flow_label>
</render_choice>
</response_lid>
</flow>
</presentation>
<resprocessing>
<outcomes>
<decvar varname="SCORE" vartype="Decimal" defaultval="0" minvalue="0" maxvalue="1" cutvalue="1"/>
</outcomes>
<respcondition title="Mastery" continue="No">
<conditionvar>
<and>
<varequal respident="ET_110_884868015_section_1_item_01_schoice_RESPONSE_9765079" case="Yes">ET_110_884868015_section_1_item_01_schoice_5127707863</varequal>
<not> <varequal respident="ET_110_884868015_section_1_item_01_schoice_RESPONSE_9765079" case="Yes">ET_110_884868015_section_1_item_01_schoice_1422544355</varequal> </not>
<not> <varequal respident="ET_110_884868015_section_1_item_01_schoice_RESPONSE_9765079" case="Yes">ET_110_884868015_section_1_item_01_schoice_1418886760</varequal> </not>
<not> <varequal respident="ET_110_884868015_section_1_item_01_schoice_RESPONSE_9765079" case="Yes">ET_110_884868015_section_1_item_01_schoice_2555504672</varequal> </not>
</and>
</conditionvar>
<setvar varname="SCORE" action="Set">1</setvar>
<displayfeedback feedbacktype="Response" linkrefid="correct_fb"/>
</respcondition>
<respcondition continue="Yes">
<conditionvar>
<other/>
</conditionvar>
<displayfeedback feedbacktype="Response" linkrefid="general_incorrect_fb"/>
</respcondition>
</resprocessing>
<itemfeedback ident="correct_fb" view="All">
<flow_mat>
<material>
<mattext texttype="text/html"><![CDATA[
<p>The correct answer is B</p>
]]></mattext>
</material>
</flow_mat>
</itemfeedback>
<itemfeedback ident="general_incorrect_fb" view="All">
<flow_mat>
<material>
<mattext texttype="text/html"><![CDATA[
<p>The correct answer is B</p>
]]></mattext>
</material>
</flow_mat>
</itemfeedback>
</item>

<item ident="ET_110_884868015_section_1_item_02_schoice" title="Question" maxattempts="3">
<itemcontrol feedbackswitch="No" hintswitch="No" solutionswitch="Yes"/>
<itemmetadata>
<qtimetadata>
<qtimetadatafield>
<fieldlabel>question_type</fieldlabel>
<fieldentry>multiple_choice_question</fieldentry>
</qtimetadatafield>
</qtimetadata>
</itemmetadata>
<presentation>
<flow>
<material>
<matbreak/>
<mattext texttype="text/html" charset="utf-8"><![CDATA[
<p>Question ID: 08_406</p>
<p><img src="data/supplements2/xx.png" /></p>
]]></mattext>
<matbreak/>
</material>
<response_lid ident="ET_110_884868015_section_1_item_02_schoice_RESPONSE_6505051" rcardinality="Single" rtiming="No">
<render_choice shuffle="No">
<flow_label class="List">
<response_label ident="ET_110_884868015_section_1_item_02_schoice_8323293447" rshuffle="No">
<material>
<mattext texttype="text/html" charset="utf-8"><![CDATA[
 A
]]></mattext>
</material>
</response_label>
</flow_label>
<flow_label class="List">
<response_label ident="ET_110_884868015_section_1_item_02_schoice_1319544729" rshuffle="No">
<material>
<mattext texttype="text/html" charset="utf-8"><![CDATA[
 B
]]></mattext>
</material>
</response_label>
</flow_label>
<flow_label class="List">
<response_label ident="ET_110_884868015_section_1_item_02_schoice_7344572364" rshuffle="No">
<material>
<mattext texttype="text/html" charset="utf-8"><![CDATA[
 C
]]></mattext>
</material>
</response_label>
</flow_label>
<flow_label class="List">
<response_label ident="ET_110_884868015_section_1_item_02_schoice_5405354353" rshuffle="No">
<material>
<mattext texttype="text/html" charset="utf-8"><![CDATA[
 D
]]></mattext>
</material>
</response_label>
</flow_label>
</render_choice>
</response_lid>
</flow>
</presentation>
<resprocessing>
<outcomes>
<decvar varname="SCORE" vartype="Decimal" defaultval="0" minvalue="0" maxvalue="1" cutvalue="1"/>
</outcomes>
<respcondition title="Mastery" continue="No">
<conditionvar>
<and>
<varequal respident="ET_110_884868015_section_1_item_02_schoice_RESPONSE_6505051" case="Yes">ET_110_884868015_section_1_item_02_schoice_5405354353</varequal>
<not> <varequal respident="ET_110_884868015_section_1_item_02_schoice_RESPONSE_6505051" case="Yes">ET_110_884868015_section_1_item_02_schoice_8323293447</varequal> </not>
<not> <varequal respident="ET_110_884868015_section_1_item_02_schoice_RESPONSE_6505051" case="Yes">ET_110_884868015_section_1_item_02_schoice_1319544729</varequal> </not>
<not> <varequal respident="ET_110_884868015_section_1_item_02_schoice_RESPONSE_6505051" case="Yes">ET_110_884868015_section_1_item_02_schoice_7344572364</varequal> </not>
</and>
</conditionvar>
<setvar varname="SCORE" action="Set">1</setvar>
<displayfeedback feedbacktype="Response" linkrefid="correct_fb"/>
</respcondition>
<respcondition continue="Yes">
<conditionvar>
<other/>
</conditionvar>
<displayfeedback feedbacktype="Response" linkrefid="general_incorrect_fb"/>
</respcondition>
</resprocessing>
<itemfeedback ident="correct_fb" view="All">
<flow_mat>
<material>
<mattext texttype="text/html"><![CDATA[
<p>The correct answer is D</p>
]]></mattext>
</material>
</flow_mat>
</itemfeedback>
<itemfeedback ident="general_incorrect_fb" view="All">
<flow_mat>
<material>
<mattext texttype="text/html"><![CDATA[
<p>The correct answer is D</p>
]]></mattext>
</material>
</flow_mat>
</itemfeedback>
</item>

<item ident="ET_110_884868015_section_1_item_03_schoice" title="Question" maxattempts="3">
<itemcontrol feedbackswitch="No" hintswitch="No" solutionswitch="Yes"/>
<itemmetadata>
<qtimetadata>
<qtimetadatafield>
<fieldlabel>question_type</fieldlabel>
<fieldentry>multiple_choice_question</fieldentry>
</qtimetadatafield>
</qtimetadata>
</itemmetadata>
<presentation>
<flow>
<material>
<matbreak/>
<mattext texttype="text/html" charset="utf-8"><![CDATA[
<p>Question ID: 14_226</p>
<p><img src="data/supplements3/xx.png" /></p>
]]></mattext>
<matbreak/>
</material>
<response_lid ident="ET_110_884868015_section_1_item_03_schoice_RESPONSE_4395925" rcardinality="Single" rtiming="No">
<render_choice shuffle="No">
<flow_label class="List">
<response_label ident="ET_110_884868015_section_1_item_03_schoice_2341130187" rshuffle="No">
<material>
<mattext texttype="text/html" charset="utf-8"><![CDATA[
 A
]]></mattext>
</material>
</response_label>
</flow_label>
<flow_label class="List">
<response_label ident="ET_110_884868015_section_1_item_03_schoice_6219406930" rshuffle="No">
<material>
<mattext texttype="text/html" charset="utf-8"><![CDATA[
 B
]]></mattext>
</material>
</response_label>
</flow_label>
<flow_label class="List">
<response_label ident="ET_110_884868015_section_1_item_03_schoice_9151036846" rshuffle="No">
<material>
<mattext texttype="text/html" charset="utf-8"><![CDATA[
 C
]]></mattext>
</material>
</response_label>
</flow_label>
<flow_label class="List">
<response_label ident="ET_110_884868015_section_1_item_03_schoice_4386619957" rshuffle="No">
<material>
<mattext texttype="text/html" charset="utf-8"><![CDATA[
 D
]]></mattext>
</material>
</response_label>
</flow_label>
</render_choice>
</response_lid>
</flow>
</presentation>
<resprocessing>
<outcomes>
<decvar varname="SCORE" vartype="Decimal" defaultval="0" minvalue="0" maxvalue="1" cutvalue="1"/>
</outcomes>
<respcondition title="Mastery" continue="No">
<conditionvar>
<and>
<varequal respident="ET_110_884868015_section_1_item_03_schoice_RESPONSE_4395925" case="Yes">ET_110_884868015_section_1_item_03_schoice_6219406930</varequal>
<not> <varequal respident="ET_110_884868015_section_1_item_03_schoice_RESPONSE_4395925" case="Yes">ET_110_884868015_section_1_item_03_schoice_2341130187</varequal> </not>
<not> <varequal respident="ET_110_884868015_section_1_item_03_schoice_RESPONSE_4395925" case="Yes">ET_110_884868015_section_1_item_03_schoice_9151036846</varequal> </not>
<not> <varequal respident="ET_110_884868015_section_1_item_03_schoice_RESPONSE_4395925" case="Yes">ET_110_884868015_section_1_item_03_schoice_4386619957</varequal> </not>
</and>
</conditionvar>
<setvar varname="SCORE" action="Set">1</setvar>
<displayfeedback feedbacktype="Response" linkrefid="correct_fb"/>
</respcondition>
<respcondition continue="Yes">
<conditionvar>
<other/>
</conditionvar>
<displayfeedback feedbacktype="Response" linkrefid="general_incorrect_fb"/>
</respcondition>
</resprocessing>
<itemfeedback ident="correct_fb" view="All">
<flow_mat>
<material>
<mattext texttype="text/html"><![CDATA[
<p>The correct answer is B</p>
]]></mattext>
</material>
</flow_mat>
</itemfeedback>
<itemfeedback ident="general_incorrect_fb" view="All">
<flow_mat>
<material>
<mattext texttype="text/html"><![CDATA[
<p>The correct answer is B</p>
]]></mattext>
</material>
</flow_mat>
</itemfeedback>
</item>

<item ident="ET_110_884868015_section_1_item_04_schoice" title="Question" maxattempts="3">
<itemcontrol feedbackswitch="No" hintswitch="No" solutionswitch="Yes"/>
<itemmetadata>
<qtimetadata>
<qtimetadatafield>
<fieldlabel>question_type</fieldlabel>
<fieldentry>multiple_choice_question</fieldentry>
</qtimetadatafield>
</qtimetadata>
</itemmetadata>
<presentation>
<flow>
<material>
<matbreak/>
<mattext texttype="text/html" charset="utf-8"><![CDATA[
<p>Question ID: 14_126</p>
<p><img src="data/supplements4/xx.png" /></p>
]]></mattext>
<matbreak/>
</material>
<response_lid ident="ET_110_884868015_section_1_item_04_schoice_RESPONSE_8855155" rcardinality="Single" rtiming="No">
<render_choice shuffle="No">
<flow_label class="List">
<response_label ident="ET_110_884868015_section_1_item_04_schoice_7227849211" rshuffle="No">
<material>
<mattext texttype="text/html" charset="utf-8"><![CDATA[
 A
]]></mattext>
</material>
</response_label>
</flow_label>
<flow_label class="List">
<response_label ident="ET_110_884868015_section_1_item_04_schoice_7053339307" rshuffle="No">
<material>
<mattext texttype="text/html" charset="utf-8"><![CDATA[
 B
]]></mattext>
</material>
</response_label>
</flow_label>
<flow_label class="List">
<response_label ident="ET_110_884868015_section_1_item_04_schoice_3864647098" rshuffle="No">
<material>
<mattext texttype="text/html" charset="utf-8"><![CDATA[
 C
]]></mattext>
</material>
</response_label>
</flow_label>
<flow_label class="List">
<response_label ident="ET_110_884868015_section_1_item_04_schoice_4785738208" rshuffle="No">
<material>
<mattext texttype="text/html" charset="utf-8"><![CDATA[
 D
]]></mattext>
</material>
</response_label>
</flow_label>
</render_choice>
</response_lid>
</flow>
</presentation>
<resprocessing>
<outcomes>
<decvar varname="SCORE" vartype="Decimal" defaultval="0" minvalue="0" maxvalue="1" cutvalue="1"/>
</outcomes>
<respcondition title="Mastery" continue="No">
<conditionvar>
<and>
<varequal respident="ET_110_884868015_section_1_item_04_schoice_RESPONSE_8855155" case="Yes">ET_110_884868015_section_1_item_04_schoice_4785738208</varequal>
<not> <varequal respident="ET_110_884868015_section_1_item_04_schoice_RESPONSE_8855155" case="Yes">ET_110_884868015_section_1_item_04_schoice_7227849211</varequal> </not>
<not> <varequal respident="ET_110_884868015_section_1_item_04_schoice_RESPONSE_8855155" case="Yes">ET_110_884868015_section_1_item_04_schoice_7053339307</varequal> </not>
<not> <varequal respident="ET_110_884868015_section_1_item_04_schoice_RESPONSE_8855155" case="Yes">ET_110_884868015_section_1_item_04_schoice_3864647098</varequal> </not>
</and>
</conditionvar>
<setvar varname="SCORE" action="Set">1</setvar>
<displayfeedback feedbacktype="Response" linkrefid="correct_fb"/>
</respcondition>
<respcondition continue="Yes">
<conditionvar>
<other/>
</conditionvar>
<displayfeedback feedbacktype="Response" linkrefid="general_incorrect_fb"/>
</respcondition>
</resprocessing>
<itemfeedback ident="correct_fb" view="All">
<flow_mat>
<material>
<mattext texttype="text/html"><![CDATA[
<p>The correct answer is D</p>
]]></mattext>
</material>
</flow_mat>
</itemfeedback>
<itemfeedback ident="general_incorrect_fb" view="All">
<flow_mat>
<material>
<mattext texttype="text/html"><![CDATA[
<p>The correct answer is D</p>
]]></mattext>
</material>
</flow_mat>
</itemfeedback>
</item>

<item ident="ET_110_884868015_section_1_item_05_schoice" title="Question" maxattempts="3">
<itemcontrol feedbackswitch="No" hintswitch="No" solutionswitch="Yes"/>
<itemmetadata>
<qtimetadata>
<qtimetadatafield>
<fieldlabel>question_type</fieldlabel>
<fieldentry>multiple_choice_question</fieldentry>
</qtimetadatafield>
</qtimetadata>
</itemmetadata>
<presentation>
<flow>
<material>
<matbreak/>
<mattext texttype="text/html" charset="utf-8"><![CDATA[
<p>Question ID: 03_425</p>
<p><img src="data/supplements5/xx.png" /></p>
]]></mattext>
<matbreak/>
</material>
<response_lid ident="ET_110_884868015_section_1_item_05_schoice_RESPONSE_9265873" rcardinality="Single" rtiming="No">
<render_choice shuffle="No">
<flow_label class="List">
<response_label ident="ET_110_884868015_section_1_item_05_schoice_1719449698" rshuffle="No">
<material>
<mattext texttype="text/html" charset="utf-8"><![CDATA[
 A
]]></mattext>
</material>
</response_label>
</flow_label>
<flow_label class="List">
<response_label ident="ET_110_884868015_section_1_item_05_schoice_4524276762" rshuffle="No">
<material>
<mattext texttype="text/html" charset="utf-8"><![CDATA[
 B
]]></mattext>
</material>
</response_label>
</flow_label>
<flow_label class="List">
<response_label ident="ET_110_884868015_section_1_item_05_schoice_9821778377" rshuffle="No">
<material>
<mattext texttype="text/html" charset="utf-8"><![CDATA[
 C
]]></mattext>
</material>
</response_label>
</flow_label>
<flow_label class="List">
<response_label ident="ET_110_884868015_section_1_item_05_schoice_1176536892" rshuffle="No">
<material>
<mattext texttype="text/html" charset="utf-8"><![CDATA[
 D
]]></mattext>
</material>
</response_label>
</flow_label>
</render_choice>
</response_lid>
</flow>
</presentation>
<resprocessing>
<outcomes>
<decvar varname="SCORE" vartype="Decimal" defaultval="0" minvalue="0" maxvalue="1" cutvalue="1"/>
</outcomes>
<respcondition title="Mastery" continue="No">
<conditionvar>
<and>
<varequal respident="ET_110_884868015_section_1_item_05_schoice_RESPONSE_9265873" case="Yes">ET_110_884868015_section_1_item_05_schoice_1176536892</varequal>
<not> <varequal respident="ET_110_884868015_section_1_item_05_schoice_RESPONSE_9265873" case="Yes">ET_110_884868015_section_1_item_05_schoice_1719449698</varequal> </not>
<not> <varequal respident="ET_110_884868015_section_1_item_05_schoice_RESPONSE_9265873" case="Yes">ET_110_884868015_section_1_item_05_schoice_4524276762</varequal> </not>
<not> <varequal respident="ET_110_884868015_section_1_item_05_schoice_RESPONSE_9265873" case="Yes">ET_110_884868015_section_1_item_05_schoice_9821778377</varequal> </not>
</and>
</conditionvar>
<setvar varname="SCORE" action="Set">1</setvar>
<displayfeedback feedbacktype="Response" linkrefid="correct_fb"/>
</respcondition>
<respcondition continue="Yes">
<conditionvar>
<other/>
</conditionvar>
<displayfeedback feedbacktype="Response" linkrefid="general_incorrect_fb"/>
</respcondition>
</resprocessing>
<itemfeedback ident="correct_fb" view="All">
<flow_mat>
<material>
<mattext texttype="text/html"><![CDATA[
<p>The correct answer is D</p>
]]></mattext>
</material>
</flow_mat>
</itemfeedback>
<itemfeedback ident="general_incorrect_fb" view="All">
<flow_mat>
<material>
<mattext texttype="text/html"><![CDATA[
<p>The correct answer is D</p>
]]></mattext>
</material>
</flow_mat>
</itemfeedback>
</item>

<item ident="ET_110_884868015_section_1_item_06_num" title="Question" maxattempts="3">
<itemcontrol feedbackswitch="No" hintswitch="No" solutionswitch="Yes"/>
<itemmetadata>
<qtimetadata>
<qtimetadatafield>
<fieldlabel>question_type</fieldlabel>
<fieldentry>numerical_question</fieldentry>
</qtimetadatafield>
</qtimetadata>
</itemmetadata>
<presentation>
<flow>
<material>
<matbreak/>
<mattext texttype="text/html" charset="utf-8"><![CDATA[
<p>Question ID: 13_121</p>
<p><img src="data/supplements6/xx.png" /></p>
]]></mattext>
<matbreak/>
</material>
<response_num ident="ET_110_884868015_section_1_item_06_num_RESPONSE_9747664" rcardinality="Single" numtype="Decimal">
<render_fib fibtype="Decimal" maxchars="12">
<flow_label class="Block">
<response_label ident="ET_110_884868015_section_1_item_06_num_RESPONSE_9747664" rshuffle="No"/>
</flow_label>
</render_fib>
</response_num>
<material>
<matbreak/>
</material>
</flow>
</presentation>
<resprocessing>
<outcomes>
<decvar varname="SCORE" vartype="Decimal" defaultval="0" minvalue="0" maxvalue="1" cutvalue="1"/>
</outcomes>
<respcondition title="Mastery" continue="No">
<conditionvar>

<or>
<varequal respident="ET_110_884868015_section_1_item_06_num_RESPONSE_9747664" case="No"><![CDATA[1.8]]></varequal>
<and>
<vargte respident="ET_110_884868015_section_1_item_06_num_RESPONSE_9747664"><![CDATA[1.79999]]></vargte>
<varlte respident="ET_110_884868015_section_1_item_06_num_RESPONSE_9747664"><![CDATA[1.80001]]></varlte>
</and>
</or>
</conditionvar>
<setvar varname="SCORE" action="Set">1</setvar>
<displayfeedback feedbacktype="Response" linkrefid="correct_fb"/>
</respcondition>
<respcondition continue="Yes">
<conditionvar>
<other/>
</conditionvar>
<displayfeedback feedbacktype="Response" linkrefid="general_incorrect_fb"/>
</respcondition>
</resprocessing>
<itemfeedback ident="correct_fb" view="All">
<flow_mat>
<material>
<mattext texttype="text/html"><![CDATA[
<p>The correct answer is 1.8.</p>
]]></mattext>
</material>
</flow_mat>
</itemfeedback>
<itemfeedback ident="general_incorrect_fb" view="All">
<flow_mat>
<material>
<mattext texttype="text/html"><![CDATA[
<p>The correct answer is 1.8.</p>
]]></mattext>
</material>
</flow_mat>
</itemfeedback>
</item>

<item ident="ET_110_884868015_section_1_item_07_num" title="Question" maxattempts="3">
<itemcontrol feedbackswitch="No" hintswitch="No" solutionswitch="Yes"/>
<itemmetadata>
<qtimetadata>
<qtimetadatafield>
<fieldlabel>question_type</fieldlabel>
<fieldentry>numerical_question</fieldentry>
</qtimetadatafield>
</qtimetadata>
</itemmetadata>
<presentation>
<flow>
<material>
<matbreak/>
<mattext texttype="text/html" charset="utf-8"><![CDATA[
<p>Question ID: 02_320</p>
<p><img src="data/supplements7/xx.png" /></p>
]]></mattext>
<matbreak/>
</material>
<response_num ident="ET_110_884868015_section_1_item_07_num_RESPONSE_9581989" rcardinality="Single" numtype="Decimal">
<render_fib fibtype="Decimal" maxchars="12">
<flow_label class="Block">
<response_label ident="ET_110_884868015_section_1_item_07_num_RESPONSE_9581989" rshuffle="No"/>
</flow_label>
</render_fib>
</response_num>
<material>
<matbreak/>
</material>
</flow>
</presentation>
<resprocessing>
<outcomes>
<decvar varname="SCORE" vartype="Decimal" defaultval="0" minvalue="0" maxvalue="1" cutvalue="1"/>
</outcomes>
<respcondition title="Mastery" continue="No">
<conditionvar>

<or>
<varequal respident="ET_110_884868015_section_1_item_07_num_RESPONSE_9581989" case="No"><![CDATA[0.25]]></varequal>
<and>
<vargte respident="ET_110_884868015_section_1_item_07_num_RESPONSE_9581989"><![CDATA[0.24999]]></vargte>
<varlte respident="ET_110_884868015_section_1_item_07_num_RESPONSE_9581989"><![CDATA[0.25001]]></varlte>
</and>
</or>
</conditionvar>
<setvar varname="SCORE" action="Set">1</setvar>
<displayfeedback feedbacktype="Response" linkrefid="correct_fb"/>
</respcondition>
<respcondition continue="Yes">
<conditionvar>
<other/>
</conditionvar>
<displayfeedback feedbacktype="Response" linkrefid="general_incorrect_fb"/>
</respcondition>
</resprocessing>
<itemfeedback ident="correct_fb" view="All">
<flow_mat>
<material>
<mattext texttype="text/html"><![CDATA[
<p>The correct answer is 0.25.</p>
]]></mattext>
</material>
</flow_mat>
</itemfeedback>
<itemfeedback ident="general_incorrect_fb" view="All">
<flow_mat>
<material>
<mattext texttype="text/html"><![CDATA[
<p>The correct answer is 0.25.</p>
]]></mattext>
</material>
</flow_mat>
</itemfeedback>
</item>

<item ident="ET_110_884868015_section_1_item_08_schoice" title="Question" maxattempts="3">
<itemcontrol feedbackswitch="No" hintswitch="No" solutionswitch="Yes"/>
<itemmetadata>
<qtimetadata>
<qtimetadatafield>
<fieldlabel>question_type</fieldlabel>
<fieldentry>multiple_choice_question</fieldentry>
</qtimetadatafield>
</qtimetadata>
</itemmetadata>
<presentation>
<flow>
<material>
<matbreak/>
<mattext texttype="text/html" charset="utf-8"><![CDATA[
<p>Question ID: 09_420</p>
<p><img src="data/supplements8/xx.png" /></p>
]]></mattext>
<matbreak/>
</material>
<response_lid ident="ET_110_884868015_section_1_item_08_schoice_RESPONSE_1681721" rcardinality="Single" rtiming="No">
<render_choice shuffle="No">
<flow_label class="List">
<response_label ident="ET_110_884868015_section_1_item_08_schoice_9325481348" rshuffle="No">
<material>
<mattext texttype="text/html" charset="utf-8"><![CDATA[
 A
]]></mattext>
</material>
</response_label>
</flow_label>
<flow_label class="List">
<response_label ident="ET_110_884868015_section_1_item_08_schoice_7394900325" rshuffle="No">
<material>
<mattext texttype="text/html" charset="utf-8"><![CDATA[
 B
]]></mattext>
</material>
</response_label>
</flow_label>
<flow_label class="List">
<response_label ident="ET_110_884868015_section_1_item_08_schoice_4503016568" rshuffle="No">
<material>
<mattext texttype="text/html" charset="utf-8"><![CDATA[
 C
]]></mattext>
</material>
</response_label>
</flow_label>
<flow_label class="List">
<response_label ident="ET_110_884868015_section_1_item_08_schoice_6355823211" rshuffle="No">
<material>
<mattext texttype="text/html" charset="utf-8"><![CDATA[
 D
]]></mattext>
</material>
</response_label>
</flow_label>
</render_choice>
</response_lid>
</flow>
</presentation>
<resprocessing>
<outcomes>
<decvar varname="SCORE" vartype="Decimal" defaultval="0" minvalue="0" maxvalue="1" cutvalue="1"/>
</outcomes>
<respcondition title="Mastery" continue="No">
<conditionvar>
<and>
<varequal respident="ET_110_884868015_section_1_item_08_schoice_RESPONSE_1681721" case="Yes">ET_110_884868015_section_1_item_08_schoice_9325481348</varequal>
<not> <varequal respident="ET_110_884868015_section_1_item_08_schoice_RESPONSE_1681721" case="Yes">ET_110_884868015_section_1_item_08_schoice_7394900325</varequal> </not>
<not> <varequal respident="ET_110_884868015_section_1_item_08_schoice_RESPONSE_1681721" case="Yes">ET_110_884868015_section_1_item_08_schoice_4503016568</varequal> </not>
<not> <varequal respident="ET_110_884868015_section_1_item_08_schoice_RESPONSE_1681721" case="Yes">ET_110_884868015_section_1_item_08_schoice_6355823211</varequal> </not>
</and>
</conditionvar>
<setvar varname="SCORE" action="Set">1</setvar>
<displayfeedback feedbacktype="Response" linkrefid="correct_fb"/>
</respcondition>
<respcondition continue="Yes">
<conditionvar>
<other/>
</conditionvar>
<displayfeedback feedbacktype="Response" linkrefid="general_incorrect_fb"/>
</respcondition>
</resprocessing>
<itemfeedback ident="correct_fb" view="All">
<flow_mat>
<material>
<mattext texttype="text/html"><![CDATA[
<p>The correct answer is A</p>
]]></mattext>
</material>
</flow_mat>
</itemfeedback>
<itemfeedback ident="general_incorrect_fb" view="All">
<flow_mat>
<material>
<mattext texttype="text/html"><![CDATA[
<p>The correct answer is A</p>
]]></mattext>
</material>
</flow_mat>
</itemfeedback>
</item>

<item ident="ET_110_884868015_section_1_item_09_schoice" title="Question" maxattempts="3">
<itemcontrol feedbackswitch="No" hintswitch="No" solutionswitch="Yes"/>
<itemmetadata>
<qtimetadata>
<qtimetadatafield>
<fieldlabel>question_type</fieldlabel>
<fieldentry>multiple_choice_question</fieldentry>
</qtimetadatafield>
</qtimetadata>
</itemmetadata>
<presentation>
<flow>
<material>
<matbreak/>
<mattext texttype="text/html" charset="utf-8"><![CDATA[
<p>Question ID: 10_409</p>
<p><img src="data/supplements9/xx.png" /></p>
]]></mattext>
<matbreak/>
</material>
<response_lid ident="ET_110_884868015_section_1_item_09_schoice_RESPONSE_8787954" rcardinality="Single" rtiming="No">
<render_choice shuffle="No">
<flow_label class="List">
<response_label ident="ET_110_884868015_section_1_item_09_schoice_3603367886" rshuffle="No">
<material>
<mattext texttype="text/html" charset="utf-8"><![CDATA[
 A
]]></mattext>
</material>
</response_label>
</flow_label>
<flow_label class="List">
<response_label ident="ET_110_884868015_section_1_item_09_schoice_3029426462" rshuffle="No">
<material>
<mattext texttype="text/html" charset="utf-8"><![CDATA[
 B
]]></mattext>
</material>
</response_label>
</flow_label>
<flow_label class="List">
<response_label ident="ET_110_884868015_section_1_item_09_schoice_1075031002" rshuffle="No">
<material>
<mattext texttype="text/html" charset="utf-8"><![CDATA[
 C
]]></mattext>
</material>
</response_label>
</flow_label>
<flow_label class="List">
<response_label ident="ET_110_884868015_section_1_item_09_schoice_8671770774" rshuffle="No">
<material>
<mattext texttype="text/html" charset="utf-8"><![CDATA[
 D
]]></mattext>
</material>
</response_label>
</flow_label>
</render_choice>
</response_lid>
</flow>
</presentation>
<resprocessing>
<outcomes>
<decvar varname="SCORE" vartype="Decimal" defaultval="0" minvalue="0" maxvalue="1" cutvalue="1"/>
</outcomes>
<respcondition title="Mastery" continue="No">
<conditionvar>
<and>
<varequal respident="ET_110_884868015_section_1_item_09_schoice_RESPONSE_8787954" case="Yes">ET_110_884868015_section_1_item_09_schoice_1075031002</varequal>
<not> <varequal respident="ET_110_884868015_section_1_item_09_schoice_RESPONSE_8787954" case="Yes">ET_110_884868015_section_1_item_09_schoice_3603367886</varequal> </not>
<not> <varequal respident="ET_110_884868015_section_1_item_09_schoice_RESPONSE_8787954" case="Yes">ET_110_884868015_section_1_item_09_schoice_3029426462</varequal> </not>
<not> <varequal respident="ET_110_884868015_section_1_item_09_schoice_RESPONSE_8787954" case="Yes">ET_110_884868015_section_1_item_09_schoice_8671770774</varequal> </not>
</and>
</conditionvar>
<setvar varname="SCORE" action="Set">1</setvar>
<displayfeedback feedbacktype="Response" linkrefid="correct_fb"/>
</respcondition>
<respcondition continue="Yes">
<conditionvar>
<other/>
</conditionvar>
<displayfeedback feedbacktype="Response" linkrefid="general_incorrect_fb"/>
</respcondition>
</resprocessing>
<itemfeedback ident="correct_fb" view="All">
<flow_mat>
<material>
<mattext texttype="text/html"><![CDATA[
<p>The correct answer is C</p>
]]></mattext>
</material>
</flow_mat>
</itemfeedback>
<itemfeedback ident="general_incorrect_fb" view="All">
<flow_mat>
<material>
<mattext texttype="text/html"><![CDATA[
<p>The correct answer is C</p>
]]></mattext>
</material>
</flow_mat>
</itemfeedback>
</item>

<item ident="ET_110_884868015_section_1_item_10_schoice" title="Question" maxattempts="3">
<itemcontrol feedbackswitch="No" hintswitch="No" solutionswitch="Yes"/>
<itemmetadata>
<qtimetadata>
<qtimetadatafield>
<fieldlabel>question_type</fieldlabel>
<fieldentry>multiple_choice_question</fieldentry>
</qtimetadatafield>
</qtimetadata>
</itemmetadata>
<presentation>
<flow>
<material>
<matbreak/>
<mattext texttype="text/html" charset="utf-8"><![CDATA[
<p>Question ID: 12_218</p>
<p><img src="data/supplements10/xx.png" /></p>
]]></mattext>
<matbreak/>
</material>
<response_lid ident="ET_110_884868015_section_1_item_10_schoice_RESPONSE_1263613" rcardinality="Single" rtiming="No">
<render_choice shuffle="No">
<flow_label class="List">
<response_label ident="ET_110_884868015_section_1_item_10_schoice_1748895641" rshuffle="No">
<material>
<mattext texttype="text/html" charset="utf-8"><![CDATA[
 A
]]></mattext>
</material>
</response_label>
</flow_label>
<flow_label class="List">
<response_label ident="ET_110_884868015_section_1_item_10_schoice_5658915409" rshuffle="No">
<material>
<mattext texttype="text/html" charset="utf-8"><![CDATA[
 B
]]></mattext>
</material>
</response_label>
</flow_label>
<flow_label class="List">
<response_label ident="ET_110_884868015_section_1_item_10_schoice_5547822378" rshuffle="No">
<material>
<mattext texttype="text/html" charset="utf-8"><![CDATA[
 C
]]></mattext>
</material>
</response_label>
</flow_label>
<flow_label class="List">
<response_label ident="ET_110_884868015_section_1_item_10_schoice_3906868788" rshuffle="No">
<material>
<mattext texttype="text/html" charset="utf-8"><![CDATA[
 D
]]></mattext>
</material>
</response_label>
</flow_label>
</render_choice>
</response_lid>
</flow>
</presentation>
<resprocessing>
<outcomes>
<decvar varname="SCORE" vartype="Decimal" defaultval="0" minvalue="0" maxvalue="1" cutvalue="1"/>
</outcomes>
<respcondition title="Mastery" continue="No">
<conditionvar>
<and>
<varequal respident="ET_110_884868015_section_1_item_10_schoice_RESPONSE_1263613" case="Yes">ET_110_884868015_section_1_item_10_schoice_5547822378</varequal>
<not> <varequal respident="ET_110_884868015_section_1_item_10_schoice_RESPONSE_1263613" case="Yes">ET_110_884868015_section_1_item_10_schoice_1748895641</varequal> </not>
<not> <varequal respident="ET_110_884868015_section_1_item_10_schoice_RESPONSE_1263613" case="Yes">ET_110_884868015_section_1_item_10_schoice_5658915409</varequal> </not>
<not> <varequal respident="ET_110_884868015_section_1_item_10_schoice_RESPONSE_1263613" case="Yes">ET_110_884868015_section_1_item_10_schoice_3906868788</varequal> </not>
</and>
</conditionvar>
<setvar varname="SCORE" action="Set">1</setvar>
<displayfeedback feedbacktype="Response" linkrefid="correct_fb"/>
</respcondition>
<respcondition continue="Yes">
<conditionvar>
<other/>
</conditionvar>
<displayfeedback feedbacktype="Response" linkrefid="general_incorrect_fb"/>
</respcondition>
</resprocessing>
<itemfeedback ident="correct_fb" view="All">
<flow_mat>
<material>
<mattext texttype="text/html"><![CDATA[
<p>The correct answer is C</p>
]]></mattext>
</material>
</flow_mat>
</itemfeedback>
<itemfeedback ident="general_incorrect_fb" view="All">
<flow_mat>
<material>
<mattext texttype="text/html"><![CDATA[
<p>The correct answer is C</p>
]]></mattext>
</material>
</flow_mat>
</itemfeedback>
</item>

<item ident="ET_110_884868015_section_1_item_11_num" title="Question" maxattempts="3">
<itemcontrol feedbackswitch="No" hintswitch="No" solutionswitch="Yes"/>
<itemmetadata>
<qtimetadata>
<qtimetadatafield>
<fieldlabel>question_type</fieldlabel>
<fieldentry>numerical_question</fieldentry>
</qtimetadatafield>
</qtimetadata>
</itemmetadata>
<presentation>
<flow>
<material>
<matbreak/>
<mattext texttype="text/html" charset="utf-8"><![CDATA[
<p>Question ID: 03_435</p>
<p><img src="data/supplements11/xx.png" /></p>
]]></mattext>
<matbreak/>
</material>
<response_num ident="ET_110_884868015_section_1_item_11_num_RESPONSE_1659303" rcardinality="Single" numtype="Decimal">
<render_fib fibtype="Decimal" maxchars="12">
<flow_label class="Block">
<response_label ident="ET_110_884868015_section_1_item_11_num_RESPONSE_1659303" rshuffle="No"/>
</flow_label>
</render_fib>
</response_num>
<material>
<matbreak/>
</material>
</flow>
</presentation>
<resprocessing>
<outcomes>
<decvar varname="SCORE" vartype="Decimal" defaultval="0" minvalue="0" maxvalue="1" cutvalue="1"/>
</outcomes>
<respcondition title="Mastery" continue="No">
<conditionvar>

<or>
<varequal respident="ET_110_884868015_section_1_item_11_num_RESPONSE_1659303" case="No"><![CDATA[50]]></varequal>
<and>
<vargte respident="ET_110_884868015_section_1_item_11_num_RESPONSE_1659303"><![CDATA[49.99999]]></vargte>
<varlte respident="ET_110_884868015_section_1_item_11_num_RESPONSE_1659303"><![CDATA[50.00001]]></varlte>
</and>
</or>
</conditionvar>
<setvar varname="SCORE" action="Set">1</setvar>
<displayfeedback feedbacktype="Response" linkrefid="correct_fb"/>
</respcondition>
<respcondition continue="Yes">
<conditionvar>
<other/>
</conditionvar>
<displayfeedback feedbacktype="Response" linkrefid="general_incorrect_fb"/>
</respcondition>
</resprocessing>
<itemfeedback ident="correct_fb" view="All">
<flow_mat>
<material>
<mattext texttype="text/html"><![CDATA[
<p>The correct answer is 50.</p>
]]></mattext>
</material>
</flow_mat>
</itemfeedback>
<itemfeedback ident="general_incorrect_fb" view="All">
<flow_mat>
<material>
<mattext texttype="text/html"><![CDATA[
<p>The correct answer is 50.</p>
]]></mattext>
</material>
</flow_mat>
</itemfeedback>
</item>

<item ident="ET_110_884868015_section_1_item_12_schoice" title="Question" maxattempts="3">
<itemcontrol feedbackswitch="No" hintswitch="No" solutionswitch="Yes"/>
<itemmetadata>
<qtimetadata>
<qtimetadatafield>
<fieldlabel>question_type</fieldlabel>
<fieldentry>multiple_choice_question</fieldentry>
</qtimetadatafield>
</qtimetadata>
</itemmetadata>
<presentation>
<flow>
<material>
<matbreak/>
<mattext texttype="text/html" charset="utf-8"><![CDATA[
<p>Question ID: 02_308</p>
<p><img src="data/supplements12/xx.png" /></p>
]]></mattext>
<matbreak/>
</material>
<response_lid ident="ET_110_884868015_section_1_item_12_schoice_RESPONSE_4054057" rcardinality="Single" rtiming="No">
<render_choice shuffle="No">
<flow_label class="List">
<response_label ident="ET_110_884868015_section_1_item_12_schoice_1479767522" rshuffle="No">
<material>
<mattext texttype="text/html" charset="utf-8"><![CDATA[
 A
]]></mattext>
</material>
</response_label>
</flow_label>
<flow_label class="List">
<response_label ident="ET_110_884868015_section_1_item_12_schoice_9841963997" rshuffle="No">
<material>
<mattext texttype="text/html" charset="utf-8"><![CDATA[
 B
]]></mattext>
</material>
</response_label>
</flow_label>
<flow_label class="List">
<response_label ident="ET_110_884868015_section_1_item_12_schoice_6707567935" rshuffle="No">
<material>
<mattext texttype="text/html" charset="utf-8"><![CDATA[
 C
]]></mattext>
</material>
</response_label>
</flow_label>
<flow_label class="List">
<response_label ident="ET_110_884868015_section_1_item_12_schoice_9878232585" rshuffle="No">
<material>
<mattext texttype="text/html" charset="utf-8"><![CDATA[
 D
]]></mattext>
</material>
</response_label>
</flow_label>
</render_choice>
</response_lid>
</flow>
</presentation>
<resprocessing>
<outcomes>
<decvar varname="SCORE" vartype="Decimal" defaultval="0" minvalue="0" maxvalue="1" cutvalue="1"/>
</outcomes>
<respcondition title="Mastery" continue="No">
<conditionvar>
<and>
<varequal respident="ET_110_884868015_section_1_item_12_schoice_RESPONSE_4054057" case="Yes">ET_110_884868015_section_1_item_12_schoice_6707567935</varequal>
<not> <varequal respident="ET_110_884868015_section_1_item_12_schoice_RESPONSE_4054057" case="Yes">ET_110_884868015_section_1_item_12_schoice_1479767522</varequal> </not>
<not> <varequal respident="ET_110_884868015_section_1_item_12_schoice_RESPONSE_4054057" case="Yes">ET_110_884868015_section_1_item_12_schoice_9841963997</varequal> </not>
<not> <varequal respident="ET_110_884868015_section_1_item_12_schoice_RESPONSE_4054057" case="Yes">ET_110_884868015_section_1_item_12_schoice_9878232585</varequal> </not>
</and>
</conditionvar>
<setvar varname="SCORE" action="Set">1</setvar>
<displayfeedback feedbacktype="Response" linkrefid="correct_fb"/>
</respcondition>
<respcondition continue="Yes">
<conditionvar>
<other/>
</conditionvar>
<displayfeedback feedbacktype="Response" linkrefid="general_incorrect_fb"/>
</respcondition>
</resprocessing>
<itemfeedback ident="correct_fb" view="All">
<flow_mat>
<material>
<mattext texttype="text/html"><![CDATA[
<p>The correct answer is C</p>
]]></mattext>
</material>
</flow_mat>
</itemfeedback>
<itemfeedback ident="general_incorrect_fb" view="All">
<flow_mat>
<material>
<mattext texttype="text/html"><![CDATA[
<p>The correct answer is C</p>
]]></mattext>
</material>
</flow_mat>
</itemfeedback>
</item>

<item ident="ET_110_884868015_section_1_item_13_num" title="Question" maxattempts="3">
<itemcontrol feedbackswitch="No" hintswitch="No" solutionswitch="Yes"/>
<itemmetadata>
<qtimetadata>
<qtimetadatafield>
<fieldlabel>question_type</fieldlabel>
<fieldentry>numerical_question</fieldentry>
</qtimetadatafield>
</qtimetadata>
</itemmetadata>
<presentation>
<flow>
<material>
<matbreak/>
<mattext texttype="text/html" charset="utf-8"><![CDATA[
<p>Question ID: 07_437</p>
<p><img src="data/supplements13/xx.png" /></p>
]]></mattext>
<matbreak/>
</material>
<response_num ident="ET_110_884868015_section_1_item_13_num_RESPONSE_1996439" rcardinality="Single" numtype="Decimal">
<render_fib fibtype="Decimal" maxchars="12">
<flow_label class="Block">
<response_label ident="ET_110_884868015_section_1_item_13_num_RESPONSE_1996439" rshuffle="No"/>
</flow_label>
</render_fib>
</response_num>
<material>
<matbreak/>
</material>
</flow>
</presentation>
<resprocessing>
<outcomes>
<decvar varname="SCORE" vartype="Decimal" defaultval="0" minvalue="0" maxvalue="1" cutvalue="1"/>
</outcomes>
<respcondition title="Mastery" continue="No">
<conditionvar>

<or>
<varequal respident="ET_110_884868015_section_1_item_13_num_RESPONSE_1996439" case="No"><![CDATA[2.4]]></varequal>
<and>
<vargte respident="ET_110_884868015_section_1_item_13_num_RESPONSE_1996439"><![CDATA[2.39999]]></vargte>
<varlte respident="ET_110_884868015_section_1_item_13_num_RESPONSE_1996439"><![CDATA[2.40001]]></varlte>
</and>
</or>
</conditionvar>
<setvar varname="SCORE" action="Set">1</setvar>
<displayfeedback feedbacktype="Response" linkrefid="correct_fb"/>
</respcondition>
<respcondition continue="Yes">
<conditionvar>
<other/>
</conditionvar>
<displayfeedback feedbacktype="Response" linkrefid="general_incorrect_fb"/>
</respcondition>
</resprocessing>
<itemfeedback ident="correct_fb" view="All">
<flow_mat>
<material>
<mattext texttype="text/html"><![CDATA[
<p>The correct answer is 2.4.</p>
]]></mattext>
</material>
</flow_mat>
</itemfeedback>
<itemfeedback ident="general_incorrect_fb" view="All">
<flow_mat>
<material>
<mattext texttype="text/html"><![CDATA[
<p>The correct answer is 2.4.</p>
]]></mattext>
</material>
</flow_mat>
</itemfeedback>
</item>

<item ident="ET_110_884868015_section_1_item_14_schoice" title="Question" maxattempts="3">
<itemcontrol feedbackswitch="No" hintswitch="No" solutionswitch="Yes"/>
<itemmetadata>
<qtimetadata>
<qtimetadatafield>
<fieldlabel>question_type</fieldlabel>
<fieldentry>multiple_choice_question</fieldentry>
</qtimetadatafield>
</qtimetadata>
</itemmetadata>
<presentation>
<flow>
<material>
<matbreak/>
<mattext texttype="text/html" charset="utf-8"><![CDATA[
<p>Question ID: 08_314</p>
<p><img src="data/supplements14/xx.png" /></p>
]]></mattext>
<matbreak/>
</material>
<response_lid ident="ET_110_884868015_section_1_item_14_schoice_RESPONSE_3377407" rcardinality="Single" rtiming="No">
<render_choice shuffle="No">
<flow_label class="List">
<response_label ident="ET_110_884868015_section_1_item_14_schoice_4542240750" rshuffle="No">
<material>
<mattext texttype="text/html" charset="utf-8"><![CDATA[
 A
]]></mattext>
</material>
</response_label>
</flow_label>
<flow_label class="List">
<response_label ident="ET_110_884868015_section_1_item_14_schoice_2383056998" rshuffle="No">
<material>
<mattext texttype="text/html" charset="utf-8"><![CDATA[
 B
]]></mattext>
</material>
</response_label>
</flow_label>
<flow_label class="List">
<response_label ident="ET_110_884868015_section_1_item_14_schoice_4389506529" rshuffle="No">
<material>
<mattext texttype="text/html" charset="utf-8"><![CDATA[
 C
]]></mattext>
</material>
</response_label>
</flow_label>
<flow_label class="List">
<response_label ident="ET_110_884868015_section_1_item_14_schoice_7313124220" rshuffle="No">
<material>
<mattext texttype="text/html" charset="utf-8"><![CDATA[
 D
]]></mattext>
</material>
</response_label>
</flow_label>
</render_choice>
</response_lid>
</flow>
</presentation>
<resprocessing>
<outcomes>
<decvar varname="SCORE" vartype="Decimal" defaultval="0" minvalue="0" maxvalue="1" cutvalue="1"/>
</outcomes>
<respcondition title="Mastery" continue="No">
<conditionvar>
<and>
<varequal respident="ET_110_884868015_section_1_item_14_schoice_RESPONSE_3377407" case="Yes">ET_110_884868015_section_1_item_14_schoice_4389506529</varequal>
<not> <varequal respident="ET_110_884868015_section_1_item_14_schoice_RESPONSE_3377407" case="Yes">ET_110_884868015_section_1_item_14_schoice_4542240750</varequal> </not>
<not> <varequal respident="ET_110_884868015_section_1_item_14_schoice_RESPONSE_3377407" case="Yes">ET_110_884868015_section_1_item_14_schoice_2383056998</varequal> </not>
<not> <varequal respident="ET_110_884868015_section_1_item_14_schoice_RESPONSE_3377407" case="Yes">ET_110_884868015_section_1_item_14_schoice_7313124220</varequal> </not>
</and>
</conditionvar>
<setvar varname="SCORE" action="Set">1</setvar>
<displayfeedback feedbacktype="Response" linkrefid="correct_fb"/>
</respcondition>
<respcondition continue="Yes">
<conditionvar>
<other/>
</conditionvar>
<displayfeedback feedbacktype="Response" linkrefid="general_incorrect_fb"/>
</respcondition>
</resprocessing>
<itemfeedback ident="correct_fb" view="All">
<flow_mat>
<material>
<mattext texttype="text/html"><![CDATA[
<p>The correct answer is C</p>
]]></mattext>
</material>
</flow_mat>
</itemfeedback>
<itemfeedback ident="general_incorrect_fb" view="All">
<flow_mat>
<material>
<mattext texttype="text/html"><![CDATA[
<p>The correct answer is C</p>
]]></mattext>
</material>
</flow_mat>
</itemfeedback>
</item>

<item ident="ET_110_884868015_section_1_item_15_schoice" title="Question" maxattempts="3">
<itemcontrol feedbackswitch="No" hintswitch="No" solutionswitch="Yes"/>
<itemmetadata>
<qtimetadata>
<qtimetadatafield>
<fieldlabel>question_type</fieldlabel>
<fieldentry>multiple_choice_question</fieldentry>
</qtimetadatafield>
</qtimetadata>
</itemmetadata>
<presentation>
<flow>
<material>
<matbreak/>
<mattext texttype="text/html" charset="utf-8"><![CDATA[
<p>Question ID: 01_407</p>
<p><img src="data/supplements15/xx.png" /></p>
]]></mattext>
<matbreak/>
</material>
<response_lid ident="ET_110_884868015_section_1_item_15_schoice_RESPONSE_7393730" rcardinality="Single" rtiming="No">
<render_choice shuffle="No">
<flow_label class="List">
<response_label ident="ET_110_884868015_section_1_item_15_schoice_2437624173" rshuffle="No">
<material>
<mattext texttype="text/html" charset="utf-8"><![CDATA[
 A
]]></mattext>
</material>
</response_label>
</flow_label>
<flow_label class="List">
<response_label ident="ET_110_884868015_section_1_item_15_schoice_3118119286" rshuffle="No">
<material>
<mattext texttype="text/html" charset="utf-8"><![CDATA[
 B
]]></mattext>
</material>
</response_label>
</flow_label>
<flow_label class="List">
<response_label ident="ET_110_884868015_section_1_item_15_schoice_5214106477" rshuffle="No">
<material>
<mattext texttype="text/html" charset="utf-8"><![CDATA[
 C
]]></mattext>
</material>
</response_label>
</flow_label>
<flow_label class="List">
<response_label ident="ET_110_884868015_section_1_item_15_schoice_2123789096" rshuffle="No">
<material>
<mattext texttype="text/html" charset="utf-8"><![CDATA[
 D
]]></mattext>
</material>
</response_label>
</flow_label>
</render_choice>
</response_lid>
</flow>
</presentation>
<resprocessing>
<outcomes>
<decvar varname="SCORE" vartype="Decimal" defaultval="0" minvalue="0" maxvalue="1" cutvalue="1"/>
</outcomes>
<respcondition title="Mastery" continue="No">
<conditionvar>
<and>
<varequal respident="ET_110_884868015_section_1_item_15_schoice_RESPONSE_7393730" case="Yes">ET_110_884868015_section_1_item_15_schoice_5214106477</varequal>
<not> <varequal respident="ET_110_884868015_section_1_item_15_schoice_RESPONSE_7393730" case="Yes">ET_110_884868015_section_1_item_15_schoice_2437624173</varequal> </not>
<not> <varequal respident="ET_110_884868015_section_1_item_15_schoice_RESPONSE_7393730" case="Yes">ET_110_884868015_section_1_item_15_schoice_3118119286</varequal> </not>
<not> <varequal respident="ET_110_884868015_section_1_item_15_schoice_RESPONSE_7393730" case="Yes">ET_110_884868015_section_1_item_15_schoice_2123789096</varequal> </not>
</and>
</conditionvar>
<setvar varname="SCORE" action="Set">1</setvar>
<displayfeedback feedbacktype="Response" linkrefid="correct_fb"/>
</respcondition>
<respcondition continue="Yes">
<conditionvar>
<other/>
</conditionvar>
<displayfeedback feedbacktype="Response" linkrefid="general_incorrect_fb"/>
</respcondition>
</resprocessing>
<itemfeedback ident="correct_fb" view="All">
<flow_mat>
<material>
<mattext texttype="text/html"><![CDATA[
<p>The correct answer is C</p>
]]></mattext>
</material>
</flow_mat>
</itemfeedback>
<itemfeedback ident="general_incorrect_fb" view="All">
<flow_mat>
<material>
<mattext texttype="text/html"><![CDATA[
<p>The correct answer is C</p>
]]></mattext>
</material>
</flow_mat>
</itemfeedback>
</item>


</section>
<section ident="ET_110_884868015_section_2" title="Exercise">

<objectives>
<material>
<mattext><![CDATA[Please answer the following question.]]></mattext>
</material>
</objectives>
<selection_ordering>
<selection>
<selection_number>1</selection_number>
<selection_extension>
<points_per_item>1</points_per_item>
</selection_extension>
</selection>
<order order_type="Random"/>
</selection_ordering>

<item ident="ET_110_884868015_section_2_item_01_schoice" title="Question" maxattempts="3">
<itemcontrol feedbackswitch="No" hintswitch="No" solutionswitch="Yes"/>
<itemmetadata>
<qtimetadata>
<qtimetadatafield>
<fieldlabel>question_type</fieldlabel>
<fieldentry>multiple_choice_question</fieldentry>
</qtimetadatafield>
</qtimetadata>
</itemmetadata>
<presentation>
<flow>
<material>
<matbreak/>
<mattext texttype="text/html" charset="utf-8"><![CDATA[
<p>Question ID: 03_402</p>
<p><img src="data/supplements16/xx.png" /></p>
]]></mattext>
<matbreak/>
</material>
<response_lid ident="ET_110_884868015_section_2_item_01_schoice_RESPONSE_6632936" rcardinality="Single" rtiming="No">
<render_choice shuffle="No">
<flow_label class="List">
<response_label ident="ET_110_884868015_section_2_item_01_schoice_5831627077" rshuffle="No">
<material>
<mattext texttype="text/html" charset="utf-8"><![CDATA[
 A
]]></mattext>
</material>
</response_label>
</flow_label>
<flow_label class="List">
<response_label ident="ET_110_884868015_section_2_item_01_schoice_6363779224" rshuffle="No">
<material>
<mattext texttype="text/html" charset="utf-8"><![CDATA[
 B
]]></mattext>
</material>
</response_label>
</flow_label>
<flow_label class="List">
<response_label ident="ET_110_884868015_section_2_item_01_schoice_1346554239" rshuffle="No">
<material>
<mattext texttype="text/html" charset="utf-8"><![CDATA[
 C
]]></mattext>
</material>
</response_label>
</flow_label>
<flow_label class="List">
<response_label ident="ET_110_884868015_section_2_item_01_schoice_3005109914" rshuffle="No">
<material>
<mattext texttype="text/html" charset="utf-8"><![CDATA[
 D
]]></mattext>
</material>
</response_label>
</flow_label>
</render_choice>
</response_lid>
</flow>
</presentation>
<resprocessing>
<outcomes>
<decvar varname="SCORE" vartype="Decimal" defaultval="0" minvalue="0" maxvalue="1" cutvalue="1"/>
</outcomes>
<respcondition title="Mastery" continue="No">
<conditionvar>
<and>
<varequal respident="ET_110_884868015_section_2_item_01_schoice_RESPONSE_6632936" case="Yes">ET_110_884868015_section_2_item_01_schoice_6363779224</varequal>
<not> <varequal respident="ET_110_884868015_section_2_item_01_schoice_RESPONSE_6632936" case="Yes">ET_110_884868015_section_2_item_01_schoice_5831627077</varequal> </not>
<not> <varequal respident="ET_110_884868015_section_2_item_01_schoice_RESPONSE_6632936" case="Yes">ET_110_884868015_section_2_item_01_schoice_1346554239</varequal> </not>
<not> <varequal respident="ET_110_884868015_section_2_item_01_schoice_RESPONSE_6632936" case="Yes">ET_110_884868015_section_2_item_01_schoice_3005109914</varequal> </not>
</and>
</conditionvar>
<setvar varname="SCORE" action="Set">1</setvar>
<displayfeedback feedbacktype="Response" linkrefid="correct_fb"/>
</respcondition>
<respcondition continue="Yes">
<conditionvar>
<other/>
</conditionvar>
<displayfeedback feedbacktype="Response" linkrefid="general_incorrect_fb"/>
</respcondition>
</resprocessing>
<itemfeedback ident="correct_fb" view="All">
<flow_mat>
<material>
<mattext texttype="text/html"><![CDATA[
<p>The correct answer is B</p>
]]></mattext>
</material>
</flow_mat>
</itemfeedback>
<itemfeedback ident="general_incorrect_fb" view="All">
<flow_mat>
<material>
<mattext texttype="text/html"><![CDATA[
<p>The correct answer is B</p>
]]></mattext>
</material>
</flow_mat>
</itemfeedback>
</item>

<item ident="ET_110_884868015_section_2_item_02_schoice" title="Question" maxattempts="3">
<itemcontrol feedbackswitch="No" hintswitch="No" solutionswitch="Yes"/>
<itemmetadata>
<qtimetadata>
<qtimetadatafield>
<fieldlabel>question_type</fieldlabel>
<fieldentry>multiple_choice_question</fieldentry>
</qtimetadatafield>
</qtimetadata>
</itemmetadata>
<presentation>
<flow>
<material>
<matbreak/>
<mattext texttype="text/html" charset="utf-8"><![CDATA[
<p>Question ID: 08_424</p>
<p><img src="data/supplements17/xx.png" /></p>
]]></mattext>
<matbreak/>
</material>
<response_lid ident="ET_110_884868015_section_2_item_02_schoice_RESPONSE_1192503" rcardinality="Single" rtiming="No">
<render_choice shuffle="No">
<flow_label class="List">
<response_label ident="ET_110_884868015_section_2_item_02_schoice_9766244390" rshuffle="No">
<material>
<mattext texttype="text/html" charset="utf-8"><![CDATA[
 A
]]></mattext>
</material>
</response_label>
</flow_label>
<flow_label class="List">
<response_label ident="ET_110_884868015_section_2_item_02_schoice_2623729737" rshuffle="No">
<material>
<mattext texttype="text/html" charset="utf-8"><![CDATA[
 B
]]></mattext>
</material>
</response_label>
</flow_label>
<flow_label class="List">
<response_label ident="ET_110_884868015_section_2_item_02_schoice_3026928733" rshuffle="No">
<material>
<mattext texttype="text/html" charset="utf-8"><![CDATA[
 C
]]></mattext>
</material>
</response_label>
</flow_label>
<flow_label class="List">
<response_label ident="ET_110_884868015_section_2_item_02_schoice_3287767134" rshuffle="No">
<material>
<mattext texttype="text/html" charset="utf-8"><![CDATA[
 D
]]></mattext>
</material>
</response_label>
</flow_label>
</render_choice>
</response_lid>
</flow>
</presentation>
<resprocessing>
<outcomes>
<decvar varname="SCORE" vartype="Decimal" defaultval="0" minvalue="0" maxvalue="1" cutvalue="1"/>
</outcomes>
<respcondition title="Mastery" continue="No">
<conditionvar>
<and>
<varequal respident="ET_110_884868015_section_2_item_02_schoice_RESPONSE_1192503" case="Yes">ET_110_884868015_section_2_item_02_schoice_3287767134</varequal>
<not> <varequal respident="ET_110_884868015_section_2_item_02_schoice_RESPONSE_1192503" case="Yes">ET_110_884868015_section_2_item_02_schoice_9766244390</varequal> </not>
<not> <varequal respident="ET_110_884868015_section_2_item_02_schoice_RESPONSE_1192503" case="Yes">ET_110_884868015_section_2_item_02_schoice_2623729737</varequal> </not>
<not> <varequal respident="ET_110_884868015_section_2_item_02_schoice_RESPONSE_1192503" case="Yes">ET_110_884868015_section_2_item_02_schoice_3026928733</varequal> </not>
</and>
</conditionvar>
<setvar varname="SCORE" action="Set">1</setvar>
<displayfeedback feedbacktype="Response" linkrefid="correct_fb"/>
</respcondition>
<respcondition continue="Yes">
<conditionvar>
<other/>
</conditionvar>
<displayfeedback feedbacktype="Response" linkrefid="general_incorrect_fb"/>
</respcondition>
</resprocessing>
<itemfeedback ident="correct_fb" view="All">
<flow_mat>
<material>
<mattext texttype="text/html"><![CDATA[
<p>The correct answer is D</p>
]]></mattext>
</material>
</flow_mat>
</itemfeedback>
<itemfeedback ident="general_incorrect_fb" view="All">
<flow_mat>
<material>
<mattext texttype="text/html"><![CDATA[
<p>The correct answer is D</p>
]]></mattext>
</material>
</flow_mat>
</itemfeedback>
</item>

<item ident="ET_110_884868015_section_2_item_03_schoice" title="Question" maxattempts="3">
<itemcontrol feedbackswitch="No" hintswitch="No" solutionswitch="Yes"/>
<itemmetadata>
<qtimetadata>
<qtimetadatafield>
<fieldlabel>question_type</fieldlabel>
<fieldentry>multiple_choice_question</fieldentry>
</qtimetadatafield>
</qtimetadata>
</itemmetadata>
<presentation>
<flow>
<material>
<matbreak/>
<mattext texttype="text/html" charset="utf-8"><![CDATA[
<p>Question ID: 07_411</p>
<p><img src="data/supplements18/xx.png" /></p>
]]></mattext>
<matbreak/>
</material>
<response_lid ident="ET_110_884868015_section_2_item_03_schoice_RESPONSE_1778473" rcardinality="Single" rtiming="No">
<render_choice shuffle="No">
<flow_label class="List">
<response_label ident="ET_110_884868015_section_2_item_03_schoice_1970350672" rshuffle="No">
<material>
<mattext texttype="text/html" charset="utf-8"><![CDATA[
 A
]]></mattext>
</material>
</response_label>
</flow_label>
<flow_label class="List">
<response_label ident="ET_110_884868015_section_2_item_03_schoice_4790284340" rshuffle="No">
<material>
<mattext texttype="text/html" charset="utf-8"><![CDATA[
 B
]]></mattext>
</material>
</response_label>
</flow_label>
<flow_label class="List">
<response_label ident="ET_110_884868015_section_2_item_03_schoice_2565748763" rshuffle="No">
<material>
<mattext texttype="text/html" charset="utf-8"><![CDATA[
 C
]]></mattext>
</material>
</response_label>
</flow_label>
<flow_label class="List">
<response_label ident="ET_110_884868015_section_2_item_03_schoice_8415862555" rshuffle="No">
<material>
<mattext texttype="text/html" charset="utf-8"><![CDATA[
 D
]]></mattext>
</material>
</response_label>
</flow_label>
</render_choice>
</response_lid>
</flow>
</presentation>
<resprocessing>
<outcomes>
<decvar varname="SCORE" vartype="Decimal" defaultval="0" minvalue="0" maxvalue="1" cutvalue="1"/>
</outcomes>
<respcondition title="Mastery" continue="No">
<conditionvar>
<and>
<varequal respident="ET_110_884868015_section_2_item_03_schoice_RESPONSE_1778473" case="Yes">ET_110_884868015_section_2_item_03_schoice_1970350672</varequal>
<not> <varequal respident="ET_110_884868015_section_2_item_03_schoice_RESPONSE_1778473" case="Yes">ET_110_884868015_section_2_item_03_schoice_4790284340</varequal> </not>
<not> <varequal respident="ET_110_884868015_section_2_item_03_schoice_RESPONSE_1778473" case="Yes">ET_110_884868015_section_2_item_03_schoice_2565748763</varequal> </not>
<not> <varequal respident="ET_110_884868015_section_2_item_03_schoice_RESPONSE_1778473" case="Yes">ET_110_884868015_section_2_item_03_schoice_8415862555</varequal> </not>
</and>
</conditionvar>
<setvar varname="SCORE" action="Set">1</setvar>
<displayfeedback feedbacktype="Response" linkrefid="correct_fb"/>
</respcondition>
<respcondition continue="Yes">
<conditionvar>
<other/>
</conditionvar>
<displayfeedback feedbacktype="Response" linkrefid="general_incorrect_fb"/>
</respcondition>
</resprocessing>
<itemfeedback ident="correct_fb" view="All">
<flow_mat>
<material>
<mattext texttype="text/html"><![CDATA[
<p>The correct answer is A</p>
]]></mattext>
</material>
</flow_mat>
</itemfeedback>
<itemfeedback ident="general_incorrect_fb" view="All">
<flow_mat>
<material>
<mattext texttype="text/html"><![CDATA[
<p>The correct answer is A</p>
]]></mattext>
</material>
</flow_mat>
</itemfeedback>
</item>

<item ident="ET_110_884868015_section_2_item_04_schoice" title="Question" maxattempts="3">
<itemcontrol feedbackswitch="No" hintswitch="No" solutionswitch="Yes"/>
<itemmetadata>
<qtimetadata>
<qtimetadatafield>
<fieldlabel>question_type</fieldlabel>
<fieldentry>multiple_choice_question</fieldentry>
</qtimetadatafield>
</qtimetadata>
</itemmetadata>
<presentation>
<flow>
<material>
<matbreak/>
<mattext texttype="text/html" charset="utf-8"><![CDATA[
<p>Question ID: 11_223</p>
<p><img src="data/supplements19/xx.png" /></p>
]]></mattext>
<matbreak/>
</material>
<response_lid ident="ET_110_884868015_section_2_item_04_schoice_RESPONSE_5318791" rcardinality="Single" rtiming="No">
<render_choice shuffle="No">
<flow_label class="List">
<response_label ident="ET_110_884868015_section_2_item_04_schoice_1614118787" rshuffle="No">
<material>
<mattext texttype="text/html" charset="utf-8"><![CDATA[
 A
]]></mattext>
</material>
</response_label>
</flow_label>
<flow_label class="List">
<response_label ident="ET_110_884868015_section_2_item_04_schoice_1114028627" rshuffle="No">
<material>
<mattext texttype="text/html" charset="utf-8"><![CDATA[
 B
]]></mattext>
</material>
</response_label>
</flow_label>
<flow_label class="List">
<response_label ident="ET_110_884868015_section_2_item_04_schoice_8216069812" rshuffle="No">
<material>
<mattext texttype="text/html" charset="utf-8"><![CDATA[
 C
]]></mattext>
</material>
</response_label>
</flow_label>
<flow_label class="List">
<response_label ident="ET_110_884868015_section_2_item_04_schoice_6241507483" rshuffle="No">
<material>
<mattext texttype="text/html" charset="utf-8"><![CDATA[
 D
]]></mattext>
</material>
</response_label>
</flow_label>
</render_choice>
</response_lid>
</flow>
</presentation>
<resprocessing>
<outcomes>
<decvar varname="SCORE" vartype="Decimal" defaultval="0" minvalue="0" maxvalue="1" cutvalue="1"/>
</outcomes>
<respcondition title="Mastery" continue="No">
<conditionvar>
<and>
<varequal respident="ET_110_884868015_section_2_item_04_schoice_RESPONSE_5318791" case="Yes">ET_110_884868015_section_2_item_04_schoice_1114028627</varequal>
<not> <varequal respident="ET_110_884868015_section_2_item_04_schoice_RESPONSE_5318791" case="Yes">ET_110_884868015_section_2_item_04_schoice_1614118787</varequal> </not>
<not> <varequal respident="ET_110_884868015_section_2_item_04_schoice_RESPONSE_5318791" case="Yes">ET_110_884868015_section_2_item_04_schoice_8216069812</varequal> </not>
<not> <varequal respident="ET_110_884868015_section_2_item_04_schoice_RESPONSE_5318791" case="Yes">ET_110_884868015_section_2_item_04_schoice_6241507483</varequal> </not>
</and>
</conditionvar>
<setvar varname="SCORE" action="Set">1</setvar>
<displayfeedback feedbacktype="Response" linkrefid="correct_fb"/>
</respcondition>
<respcondition continue="Yes">
<conditionvar>
<other/>
</conditionvar>
<displayfeedback feedbacktype="Response" linkrefid="general_incorrect_fb"/>
</respcondition>
</resprocessing>
<itemfeedback ident="correct_fb" view="All">
<flow_mat>
<material>
<mattext texttype="text/html"><![CDATA[
<p>The correct answer is B</p>
]]></mattext>
</material>
</flow_mat>
</itemfeedback>
<itemfeedback ident="general_incorrect_fb" view="All">
<flow_mat>
<material>
<mattext texttype="text/html"><![CDATA[
<p>The correct answer is B</p>
]]></mattext>
</material>
</flow_mat>
</itemfeedback>
</item>

<item ident="ET_110_884868015_section_2_item_05_num" title="Question" maxattempts="3">
<itemcontrol feedbackswitch="No" hintswitch="No" solutionswitch="Yes"/>
<itemmetadata>
<qtimetadata>
<qtimetadatafield>
<fieldlabel>question_type</fieldlabel>
<fieldentry>numerical_question</fieldentry>
</qtimetadatafield>
</qtimetadata>
</itemmetadata>
<presentation>
<flow>
<material>
<matbreak/>
<mattext texttype="text/html" charset="utf-8"><![CDATA[
<p>Question ID: 11_220</p>
<p><img src="data/supplements20/xx.png" /></p>
]]></mattext>
<matbreak/>
</material>
<response_num ident="ET_110_884868015_section_2_item_05_num_RESPONSE_5016113" rcardinality="Single" numtype="Decimal">
<render_fib fibtype="Decimal" maxchars="12">
<flow_label class="Block">
<response_label ident="ET_110_884868015_section_2_item_05_num_RESPONSE_5016113" rshuffle="No"/>
</flow_label>
</render_fib>
</response_num>
<material>
<matbreak/>
</material>
</flow>
</presentation>
<resprocessing>
<outcomes>
<decvar varname="SCORE" vartype="Decimal" defaultval="0" minvalue="0" maxvalue="1" cutvalue="1"/>
</outcomes>
<respcondition title="Mastery" continue="No">
<conditionvar>

<or>
<varequal respident="ET_110_884868015_section_2_item_05_num_RESPONSE_5016113" case="No"><![CDATA[16]]></varequal>
<and>
<vargte respident="ET_110_884868015_section_2_item_05_num_RESPONSE_5016113"><![CDATA[15.99999]]></vargte>
<varlte respident="ET_110_884868015_section_2_item_05_num_RESPONSE_5016113"><![CDATA[16.00001]]></varlte>
</and>
</or>
</conditionvar>
<setvar varname="SCORE" action="Set">1</setvar>
<displayfeedback feedbacktype="Response" linkrefid="correct_fb"/>
</respcondition>
<respcondition continue="Yes">
<conditionvar>
<other/>
</conditionvar>
<displayfeedback feedbacktype="Response" linkrefid="general_incorrect_fb"/>
</respcondition>
</resprocessing>
<itemfeedback ident="correct_fb" view="All">
<flow_mat>
<material>
<mattext texttype="text/html"><![CDATA[
<p>The correct answer is 16.</p>
]]></mattext>
</material>
</flow_mat>
</itemfeedback>
<itemfeedback ident="general_incorrect_fb" view="All">
<flow_mat>
<material>
<mattext texttype="text/html"><![CDATA[
<p>The correct answer is 16.</p>
]]></mattext>
</material>
</flow_mat>
</itemfeedback>
</item>

<item ident="ET_110_884868015_section_2_item_06_schoice" title="Question" maxattempts="3">
<itemcontrol feedbackswitch="No" hintswitch="No" solutionswitch="Yes"/>
<itemmetadata>
<qtimetadata>
<qtimetadatafield>
<fieldlabel>question_type</fieldlabel>
<fieldentry>multiple_choice_question</fieldentry>
</qtimetadatafield>
</qtimetadata>
</itemmetadata>
<presentation>
<flow>
<material>
<matbreak/>
<mattext texttype="text/html" charset="utf-8"><![CDATA[
<p>Question ID: 04_428</p>
<p><img src="data/supplements21/xx.png" /></p>
]]></mattext>
<matbreak/>
</material>
<response_lid ident="ET_110_884868015_section_2_item_06_schoice_RESPONSE_1566287" rcardinality="Single" rtiming="No">
<render_choice shuffle="No">
<flow_label class="List">
<response_label ident="ET_110_884868015_section_2_item_06_schoice_2254399070" rshuffle="No">
<material>
<mattext texttype="text/html" charset="utf-8"><![CDATA[
 A
]]></mattext>
</material>
</response_label>
</flow_label>
<flow_label class="List">
<response_label ident="ET_110_884868015_section_2_item_06_schoice_1330518105" rshuffle="No">
<material>
<mattext texttype="text/html" charset="utf-8"><![CDATA[
 B
]]></mattext>
</material>
</response_label>
</flow_label>
<flow_label class="List">
<response_label ident="ET_110_884868015_section_2_item_06_schoice_3212128950" rshuffle="No">
<material>
<mattext texttype="text/html" charset="utf-8"><![CDATA[
 C
]]></mattext>
</material>
</response_label>
</flow_label>
<flow_label class="List">
<response_label ident="ET_110_884868015_section_2_item_06_schoice_9270251206" rshuffle="No">
<material>
<mattext texttype="text/html" charset="utf-8"><![CDATA[
 D
]]></mattext>
</material>
</response_label>
</flow_label>
</render_choice>
</response_lid>
</flow>
</presentation>
<resprocessing>
<outcomes>
<decvar varname="SCORE" vartype="Decimal" defaultval="0" minvalue="0" maxvalue="1" cutvalue="1"/>
</outcomes>
<respcondition title="Mastery" continue="No">
<conditionvar>
<and>
<varequal respident="ET_110_884868015_section_2_item_06_schoice_RESPONSE_1566287" case="Yes">ET_110_884868015_section_2_item_06_schoice_9270251206</varequal>
<not> <varequal respident="ET_110_884868015_section_2_item_06_schoice_RESPONSE_1566287" case="Yes">ET_110_884868015_section_2_item_06_schoice_2254399070</varequal> </not>
<not> <varequal respident="ET_110_884868015_section_2_item_06_schoice_RESPONSE_1566287" case="Yes">ET_110_884868015_section_2_item_06_schoice_1330518105</varequal> </not>
<not> <varequal respident="ET_110_884868015_section_2_item_06_schoice_RESPONSE_1566287" case="Yes">ET_110_884868015_section_2_item_06_schoice_3212128950</varequal> </not>
</and>
</conditionvar>
<setvar varname="SCORE" action="Set">1</setvar>
<displayfeedback feedbacktype="Response" linkrefid="correct_fb"/>
</respcondition>
<respcondition continue="Yes">
<conditionvar>
<other/>
</conditionvar>
<displayfeedback feedbacktype="Response" linkrefid="general_incorrect_fb"/>
</respcondition>
</resprocessing>
<itemfeedback ident="correct_fb" view="All">
<flow_mat>
<material>
<mattext texttype="text/html"><![CDATA[
<p>The correct answer is D</p>
]]></mattext>
</material>
</flow_mat>
</itemfeedback>
<itemfeedback ident="general_incorrect_fb" view="All">
<flow_mat>
<material>
<mattext texttype="text/html"><![CDATA[
<p>The correct answer is D</p>
]]></mattext>
</material>
</flow_mat>
</itemfeedback>
</item>

<item ident="ET_110_884868015_section_2_item_07_schoice" title="Question" maxattempts="3">
<itemcontrol feedbackswitch="No" hintswitch="No" solutionswitch="Yes"/>
<itemmetadata>
<qtimetadata>
<qtimetadatafield>
<fieldlabel>question_type</fieldlabel>
<fieldentry>multiple_choice_question</fieldentry>
</qtimetadatafield>
</qtimetadata>
</itemmetadata>
<presentation>
<flow>
<material>
<matbreak/>
<mattext texttype="text/html" charset="utf-8"><![CDATA[
<p>Question ID: 03_301</p>
<p><img src="data/supplements22/xx.png" /></p>
]]></mattext>
<matbreak/>
</material>
<response_lid ident="ET_110_884868015_section_2_item_07_schoice_RESPONSE_1476051" rcardinality="Single" rtiming="No">
<render_choice shuffle="No">
<flow_label class="List">
<response_label ident="ET_110_884868015_section_2_item_07_schoice_8629691147" rshuffle="No">
<material>
<mattext texttype="text/html" charset="utf-8"><![CDATA[
 A
]]></mattext>
</material>
</response_label>
</flow_label>
<flow_label class="List">
<response_label ident="ET_110_884868015_section_2_item_07_schoice_2258731914" rshuffle="No">
<material>
<mattext texttype="text/html" charset="utf-8"><![CDATA[
 B
]]></mattext>
</material>
</response_label>
</flow_label>
<flow_label class="List">
<response_label ident="ET_110_884868015_section_2_item_07_schoice_5766990621" rshuffle="No">
<material>
<mattext texttype="text/html" charset="utf-8"><![CDATA[
 C
]]></mattext>
</material>
</response_label>
</flow_label>
<flow_label class="List">
<response_label ident="ET_110_884868015_section_2_item_07_schoice_8917729764" rshuffle="No">
<material>
<mattext texttype="text/html" charset="utf-8"><![CDATA[
 D
]]></mattext>
</material>
</response_label>
</flow_label>
</render_choice>
</response_lid>
</flow>
</presentation>
<resprocessing>
<outcomes>
<decvar varname="SCORE" vartype="Decimal" defaultval="0" minvalue="0" maxvalue="1" cutvalue="1"/>
</outcomes>
<respcondition title="Mastery" continue="No">
<conditionvar>
<and>
<varequal respident="ET_110_884868015_section_2_item_07_schoice_RESPONSE_1476051" case="Yes">ET_110_884868015_section_2_item_07_schoice_5766990621</varequal>
<not> <varequal respident="ET_110_884868015_section_2_item_07_schoice_RESPONSE_1476051" case="Yes">ET_110_884868015_section_2_item_07_schoice_8629691147</varequal> </not>
<not> <varequal respident="ET_110_884868015_section_2_item_07_schoice_RESPONSE_1476051" case="Yes">ET_110_884868015_section_2_item_07_schoice_2258731914</varequal> </not>
<not> <varequal respident="ET_110_884868015_section_2_item_07_schoice_RESPONSE_1476051" case="Yes">ET_110_884868015_section_2_item_07_schoice_8917729764</varequal> </not>
</and>
</conditionvar>
<setvar varname="SCORE" action="Set">1</setvar>
<displayfeedback feedbacktype="Response" linkrefid="correct_fb"/>
</respcondition>
<respcondition continue="Yes">
<conditionvar>
<other/>
</conditionvar>
<displayfeedback feedbacktype="Response" linkrefid="general_incorrect_fb"/>
</respcondition>
</resprocessing>
<itemfeedback ident="correct_fb" view="All">
<flow_mat>
<material>
<mattext texttype="text/html"><![CDATA[
<p>The correct answer is C</p>
]]></mattext>
</material>
</flow_mat>
</itemfeedback>
<itemfeedback ident="general_incorrect_fb" view="All">
<flow_mat>
<material>
<mattext texttype="text/html"><![CDATA[
<p>The correct answer is C</p>
]]></mattext>
</material>
</flow_mat>
</itemfeedback>
</item>

<item ident="ET_110_884868015_section_2_item_08_schoice" title="Question" maxattempts="3">
<itemcontrol feedbackswitch="No" hintswitch="No" solutionswitch="Yes"/>
<itemmetadata>
<qtimetadata>
<qtimetadatafield>
<fieldlabel>question_type</fieldlabel>
<fieldentry>multiple_choice_question</fieldentry>
</qtimetadatafield>
</qtimetadata>
</itemmetadata>
<presentation>
<flow>
<material>
<matbreak/>
<mattext texttype="text/html" charset="utf-8"><![CDATA[
<p>Question ID: 08_415</p>
<p><img src="data/supplements23/xx.png" /></p>
]]></mattext>
<matbreak/>
</material>
<response_lid ident="ET_110_884868015_section_2_item_08_schoice_RESPONSE_7722071" rcardinality="Single" rtiming="No">
<render_choice shuffle="No">
<flow_label class="List">
<response_label ident="ET_110_884868015_section_2_item_08_schoice_7977029363" rshuffle="No">
<material>
<mattext texttype="text/html" charset="utf-8"><![CDATA[
 A
]]></mattext>
</material>
</response_label>
</flow_label>
<flow_label class="List">
<response_label ident="ET_110_884868015_section_2_item_08_schoice_7603183447" rshuffle="No">
<material>
<mattext texttype="text/html" charset="utf-8"><![CDATA[
 B
]]></mattext>
</material>
</response_label>
</flow_label>
<flow_label class="List">
<response_label ident="ET_110_884868015_section_2_item_08_schoice_7569723524" rshuffle="No">
<material>
<mattext texttype="text/html" charset="utf-8"><![CDATA[
 C
]]></mattext>
</material>
</response_label>
</flow_label>
<flow_label class="List">
<response_label ident="ET_110_884868015_section_2_item_08_schoice_3338892306" rshuffle="No">
<material>
<mattext texttype="text/html" charset="utf-8"><![CDATA[
 D
]]></mattext>
</material>
</response_label>
</flow_label>
</render_choice>
</response_lid>
</flow>
</presentation>
<resprocessing>
<outcomes>
<decvar varname="SCORE" vartype="Decimal" defaultval="0" minvalue="0" maxvalue="1" cutvalue="1"/>
</outcomes>
<respcondition title="Mastery" continue="No">
<conditionvar>
<and>
<varequal respident="ET_110_884868015_section_2_item_08_schoice_RESPONSE_7722071" case="Yes">ET_110_884868015_section_2_item_08_schoice_3338892306</varequal>
<not> <varequal respident="ET_110_884868015_section_2_item_08_schoice_RESPONSE_7722071" case="Yes">ET_110_884868015_section_2_item_08_schoice_7977029363</varequal> </not>
<not> <varequal respident="ET_110_884868015_section_2_item_08_schoice_RESPONSE_7722071" case="Yes">ET_110_884868015_section_2_item_08_schoice_7603183447</varequal> </not>
<not> <varequal respident="ET_110_884868015_section_2_item_08_schoice_RESPONSE_7722071" case="Yes">ET_110_884868015_section_2_item_08_schoice_7569723524</varequal> </not>
</and>
</conditionvar>
<setvar varname="SCORE" action="Set">1</setvar>
<displayfeedback feedbacktype="Response" linkrefid="correct_fb"/>
</respcondition>
<respcondition continue="Yes">
<conditionvar>
<other/>
</conditionvar>
<displayfeedback feedbacktype="Response" linkrefid="general_incorrect_fb"/>
</respcondition>
</resprocessing>
<itemfeedback ident="correct_fb" view="All">
<flow_mat>
<material>
<mattext texttype="text/html"><![CDATA[
<p>The correct answer is D</p>
]]></mattext>
</material>
</flow_mat>
</itemfeedback>
<itemfeedback ident="general_incorrect_fb" view="All">
<flow_mat>
<material>
<mattext texttype="text/html"><![CDATA[
<p>The correct answer is D</p>
]]></mattext>
</material>
</flow_mat>
</itemfeedback>
</item>

<item ident="ET_110_884868015_section_2_item_09_schoice" title="Question" maxattempts="3">
<itemcontrol feedbackswitch="No" hintswitch="No" solutionswitch="Yes"/>
<itemmetadata>
<qtimetadata>
<qtimetadatafield>
<fieldlabel>question_type</fieldlabel>
<fieldentry>multiple_choice_question</fieldentry>
</qtimetadatafield>
</qtimetadata>
</itemmetadata>
<presentation>
<flow>
<material>
<matbreak/>
<mattext texttype="text/html" charset="utf-8"><![CDATA[
<p>Question ID: 08_301</p>
<p><img src="data/supplements24/xx.png" /></p>
]]></mattext>
<matbreak/>
</material>
<response_lid ident="ET_110_884868015_section_2_item_09_schoice_RESPONSE_5158802" rcardinality="Single" rtiming="No">
<render_choice shuffle="No">
<flow_label class="List">
<response_label ident="ET_110_884868015_section_2_item_09_schoice_5569562037" rshuffle="No">
<material>
<mattext texttype="text/html" charset="utf-8"><![CDATA[
 A
]]></mattext>
</material>
</response_label>
</flow_label>
<flow_label class="List">
<response_label ident="ET_110_884868015_section_2_item_09_schoice_3811358141" rshuffle="No">
<material>
<mattext texttype="text/html" charset="utf-8"><![CDATA[
 B
]]></mattext>
</material>
</response_label>
</flow_label>
<flow_label class="List">
<response_label ident="ET_110_884868015_section_2_item_09_schoice_3999157940" rshuffle="No">
<material>
<mattext texttype="text/html" charset="utf-8"><![CDATA[
 C
]]></mattext>
</material>
</response_label>
</flow_label>
<flow_label class="List">
<response_label ident="ET_110_884868015_section_2_item_09_schoice_8853070463" rshuffle="No">
<material>
<mattext texttype="text/html" charset="utf-8"><![CDATA[
 D
]]></mattext>
</material>
</response_label>
</flow_label>
</render_choice>
</response_lid>
</flow>
</presentation>
<resprocessing>
<outcomes>
<decvar varname="SCORE" vartype="Decimal" defaultval="0" minvalue="0" maxvalue="1" cutvalue="1"/>
</outcomes>
<respcondition title="Mastery" continue="No">
<conditionvar>
<and>
<varequal respident="ET_110_884868015_section_2_item_09_schoice_RESPONSE_5158802" case="Yes">ET_110_884868015_section_2_item_09_schoice_8853070463</varequal>
<not> <varequal respident="ET_110_884868015_section_2_item_09_schoice_RESPONSE_5158802" case="Yes">ET_110_884868015_section_2_item_09_schoice_5569562037</varequal> </not>
<not> <varequal respident="ET_110_884868015_section_2_item_09_schoice_RESPONSE_5158802" case="Yes">ET_110_884868015_section_2_item_09_schoice_3811358141</varequal> </not>
<not> <varequal respident="ET_110_884868015_section_2_item_09_schoice_RESPONSE_5158802" case="Yes">ET_110_884868015_section_2_item_09_schoice_3999157940</varequal> </not>
</and>
</conditionvar>
<setvar varname="SCORE" action="Set">1</setvar>
<displayfeedback feedbacktype="Response" linkrefid="correct_fb"/>
</respcondition>
<respcondition continue="Yes">
<conditionvar>
<other/>
</conditionvar>
<displayfeedback feedbacktype="Response" linkrefid="general_incorrect_fb"/>
</respcondition>
</resprocessing>
<itemfeedback ident="correct_fb" view="All">
<flow_mat>
<material>
<mattext texttype="text/html"><![CDATA[
<p>The correct answer is D</p>
]]></mattext>
</material>
</flow_mat>
</itemfeedback>
<itemfeedback ident="general_incorrect_fb" view="All">
<flow_mat>
<material>
<mattext texttype="text/html"><![CDATA[
<p>The correct answer is D</p>
]]></mattext>
</material>
</flow_mat>
</itemfeedback>
</item>

<item ident="ET_110_884868015_section_2_item_10_schoice" title="Question" maxattempts="3">
<itemcontrol feedbackswitch="No" hintswitch="No" solutionswitch="Yes"/>
<itemmetadata>
<qtimetadata>
<qtimetadatafield>
<fieldlabel>question_type</fieldlabel>
<fieldentry>multiple_choice_question</fieldentry>
</qtimetadatafield>
</qtimetadata>
</itemmetadata>
<presentation>
<flow>
<material>
<matbreak/>
<mattext texttype="text/html" charset="utf-8"><![CDATA[
<p>Question ID: 01_420</p>
<p><img src="data/supplements25/xx.png" /></p>
]]></mattext>
<matbreak/>
</material>
<response_lid ident="ET_110_884868015_section_2_item_10_schoice_RESPONSE_9383457" rcardinality="Single" rtiming="No">
<render_choice shuffle="No">
<flow_label class="List">
<response_label ident="ET_110_884868015_section_2_item_10_schoice_7815256705" rshuffle="No">
<material>
<mattext texttype="text/html" charset="utf-8"><![CDATA[
 A
]]></mattext>
</material>
</response_label>
</flow_label>
<flow_label class="List">
<response_label ident="ET_110_884868015_section_2_item_10_schoice_2045908619" rshuffle="No">
<material>
<mattext texttype="text/html" charset="utf-8"><![CDATA[
 B
]]></mattext>
</material>
</response_label>
</flow_label>
<flow_label class="List">
<response_label ident="ET_110_884868015_section_2_item_10_schoice_2600469883" rshuffle="No">
<material>
<mattext texttype="text/html" charset="utf-8"><![CDATA[
 C
]]></mattext>
</material>
</response_label>
</flow_label>
<flow_label class="List">
<response_label ident="ET_110_884868015_section_2_item_10_schoice_4092942411" rshuffle="No">
<material>
<mattext texttype="text/html" charset="utf-8"><![CDATA[
 D
]]></mattext>
</material>
</response_label>
</flow_label>
</render_choice>
</response_lid>
</flow>
</presentation>
<resprocessing>
<outcomes>
<decvar varname="SCORE" vartype="Decimal" defaultval="0" minvalue="0" maxvalue="1" cutvalue="1"/>
</outcomes>
<respcondition title="Mastery" continue="No">
<conditionvar>
<and>
<varequal respident="ET_110_884868015_section_2_item_10_schoice_RESPONSE_9383457" case="Yes">ET_110_884868015_section_2_item_10_schoice_4092942411</varequal>
<not> <varequal respident="ET_110_884868015_section_2_item_10_schoice_RESPONSE_9383457" case="Yes">ET_110_884868015_section_2_item_10_schoice_7815256705</varequal> </not>
<not> <varequal respident="ET_110_884868015_section_2_item_10_schoice_RESPONSE_9383457" case="Yes">ET_110_884868015_section_2_item_10_schoice_2045908619</varequal> </not>
<not> <varequal respident="ET_110_884868015_section_2_item_10_schoice_RESPONSE_9383457" case="Yes">ET_110_884868015_section_2_item_10_schoice_2600469883</varequal> </not>
</and>
</conditionvar>
<setvar varname="SCORE" action="Set">1</setvar>
<displayfeedback feedbacktype="Response" linkrefid="correct_fb"/>
</respcondition>
<respcondition continue="Yes">
<conditionvar>
<other/>
</conditionvar>
<displayfeedback feedbacktype="Response" linkrefid="general_incorrect_fb"/>
</respcondition>
</resprocessing>
<itemfeedback ident="correct_fb" view="All">
<flow_mat>
<material>
<mattext texttype="text/html"><![CDATA[
<p>The correct answer is D</p>
]]></mattext>
</material>
</flow_mat>
</itemfeedback>
<itemfeedback ident="general_incorrect_fb" view="All">
<flow_mat>
<material>
<mattext texttype="text/html"><![CDATA[
<p>The correct answer is D</p>
]]></mattext>
</material>
</flow_mat>
</itemfeedback>
</item>

<item ident="ET_110_884868015_section_2_item_11_schoice" title="Question" maxattempts="3">
<itemcontrol feedbackswitch="No" hintswitch="No" solutionswitch="Yes"/>
<itemmetadata>
<qtimetadata>
<qtimetadatafield>
<fieldlabel>question_type</fieldlabel>
<fieldentry>multiple_choice_question</fieldentry>
</qtimetadatafield>
</qtimetadata>
</itemmetadata>
<presentation>
<flow>
<material>
<matbreak/>
<mattext texttype="text/html" charset="utf-8"><![CDATA[
<p>Question ID: 02_315</p>
<p><img src="data/supplements26/xx.png" /></p>
]]></mattext>
<matbreak/>
</material>
<response_lid ident="ET_110_884868015_section_2_item_11_schoice_RESPONSE_4336738" rcardinality="Single" rtiming="No">
<render_choice shuffle="No">
<flow_label class="List">
<response_label ident="ET_110_884868015_section_2_item_11_schoice_6164727382" rshuffle="No">
<material>
<mattext texttype="text/html" charset="utf-8"><![CDATA[
 A
]]></mattext>
</material>
</response_label>
</flow_label>
<flow_label class="List">
<response_label ident="ET_110_884868015_section_2_item_11_schoice_4835106199" rshuffle="No">
<material>
<mattext texttype="text/html" charset="utf-8"><![CDATA[
 B
]]></mattext>
</material>
</response_label>
</flow_label>
<flow_label class="List">
<response_label ident="ET_110_884868015_section_2_item_11_schoice_7182684426" rshuffle="No">
<material>
<mattext texttype="text/html" charset="utf-8"><![CDATA[
 C
]]></mattext>
</material>
</response_label>
</flow_label>
<flow_label class="List">
<response_label ident="ET_110_884868015_section_2_item_11_schoice_2274996565" rshuffle="No">
<material>
<mattext texttype="text/html" charset="utf-8"><![CDATA[
 D
]]></mattext>
</material>
</response_label>
</flow_label>
</render_choice>
</response_lid>
</flow>
</presentation>
<resprocessing>
<outcomes>
<decvar varname="SCORE" vartype="Decimal" defaultval="0" minvalue="0" maxvalue="1" cutvalue="1"/>
</outcomes>
<respcondition title="Mastery" continue="No">
<conditionvar>
<and>
<varequal respident="ET_110_884868015_section_2_item_11_schoice_RESPONSE_4336738" case="Yes">ET_110_884868015_section_2_item_11_schoice_2274996565</varequal>
<not> <varequal respident="ET_110_884868015_section_2_item_11_schoice_RESPONSE_4336738" case="Yes">ET_110_884868015_section_2_item_11_schoice_6164727382</varequal> </not>
<not> <varequal respident="ET_110_884868015_section_2_item_11_schoice_RESPONSE_4336738" case="Yes">ET_110_884868015_section_2_item_11_schoice_4835106199</varequal> </not>
<not> <varequal respident="ET_110_884868015_section_2_item_11_schoice_RESPONSE_4336738" case="Yes">ET_110_884868015_section_2_item_11_schoice_7182684426</varequal> </not>
</and>
</conditionvar>
<setvar varname="SCORE" action="Set">1</setvar>
<displayfeedback feedbacktype="Response" linkrefid="correct_fb"/>
</respcondition>
<respcondition continue="Yes">
<conditionvar>
<other/>
</conditionvar>
<displayfeedback feedbacktype="Response" linkrefid="general_incorrect_fb"/>
</respcondition>
</resprocessing>
<itemfeedback ident="correct_fb" view="All">
<flow_mat>
<material>
<mattext texttype="text/html"><![CDATA[
<p>The correct answer is D</p>
]]></mattext>
</material>
</flow_mat>
</itemfeedback>
<itemfeedback ident="general_incorrect_fb" view="All">
<flow_mat>
<material>
<mattext texttype="text/html"><![CDATA[
<p>The correct answer is D</p>
]]></mattext>
</material>
</flow_mat>
</itemfeedback>
</item>

<item ident="ET_110_884868015_section_2_item_12_schoice" title="Question" maxattempts="3">
<itemcontrol feedbackswitch="No" hintswitch="No" solutionswitch="Yes"/>
<itemmetadata>
<qtimetadata>
<qtimetadatafield>
<fieldlabel>question_type</fieldlabel>
<fieldentry>multiple_choice_question</fieldentry>
</qtimetadatafield>
</qtimetadata>
</itemmetadata>
<presentation>
<flow>
<material>
<matbreak/>
<mattext texttype="text/html" charset="utf-8"><![CDATA[
<p>Question ID: 08_416</p>
<p><img src="data/supplements27/xx.png" /></p>
]]></mattext>
<matbreak/>
</material>
<response_lid ident="ET_110_884868015_section_2_item_12_schoice_RESPONSE_9520371" rcardinality="Single" rtiming="No">
<render_choice shuffle="No">
<flow_label class="List">
<response_label ident="ET_110_884868015_section_2_item_12_schoice_1000859235" rshuffle="No">
<material>
<mattext texttype="text/html" charset="utf-8"><![CDATA[
 A
]]></mattext>
</material>
</response_label>
</flow_label>
<flow_label class="List">
<response_label ident="ET_110_884868015_section_2_item_12_schoice_9775269085" rshuffle="No">
<material>
<mattext texttype="text/html" charset="utf-8"><![CDATA[
 B
]]></mattext>
</material>
</response_label>
</flow_label>
<flow_label class="List">
<response_label ident="ET_110_884868015_section_2_item_12_schoice_2143329299" rshuffle="No">
<material>
<mattext texttype="text/html" charset="utf-8"><![CDATA[
 C
]]></mattext>
</material>
</response_label>
</flow_label>
<flow_label class="List">
<response_label ident="ET_110_884868015_section_2_item_12_schoice_1757320107" rshuffle="No">
<material>
<mattext texttype="text/html" charset="utf-8"><![CDATA[
 D
]]></mattext>
</material>
</response_label>
</flow_label>
</render_choice>
</response_lid>
</flow>
</presentation>
<resprocessing>
<outcomes>
<decvar varname="SCORE" vartype="Decimal" defaultval="0" minvalue="0" maxvalue="1" cutvalue="1"/>
</outcomes>
<respcondition title="Mastery" continue="No">
<conditionvar>
<and>
<varequal respident="ET_110_884868015_section_2_item_12_schoice_RESPONSE_9520371" case="Yes">ET_110_884868015_section_2_item_12_schoice_9775269085</varequal>
<not> <varequal respident="ET_110_884868015_section_2_item_12_schoice_RESPONSE_9520371" case="Yes">ET_110_884868015_section_2_item_12_schoice_1000859235</varequal> </not>
<not> <varequal respident="ET_110_884868015_section_2_item_12_schoice_RESPONSE_9520371" case="Yes">ET_110_884868015_section_2_item_12_schoice_2143329299</varequal> </not>
<not> <varequal respident="ET_110_884868015_section_2_item_12_schoice_RESPONSE_9520371" case="Yes">ET_110_884868015_section_2_item_12_schoice_1757320107</varequal> </not>
</and>
</conditionvar>
<setvar varname="SCORE" action="Set">1</setvar>
<displayfeedback feedbacktype="Response" linkrefid="correct_fb"/>
</respcondition>
<respcondition continue="Yes">
<conditionvar>
<other/>
</conditionvar>
<displayfeedback feedbacktype="Response" linkrefid="general_incorrect_fb"/>
</respcondition>
</resprocessing>
<itemfeedback ident="correct_fb" view="All">
<flow_mat>
<material>
<mattext texttype="text/html"><![CDATA[
<p>The correct answer is B</p>
]]></mattext>
</material>
</flow_mat>
</itemfeedback>
<itemfeedback ident="general_incorrect_fb" view="All">
<flow_mat>
<material>
<mattext texttype="text/html"><![CDATA[
<p>The correct answer is B</p>
]]></mattext>
</material>
</flow_mat>
</itemfeedback>
</item>

<item ident="ET_110_884868015_section_2_item_13_schoice" title="Question" maxattempts="3">
<itemcontrol feedbackswitch="No" hintswitch="No" solutionswitch="Yes"/>
<itemmetadata>
<qtimetadata>
<qtimetadatafield>
<fieldlabel>question_type</fieldlabel>
<fieldentry>multiple_choice_question</fieldentry>
</qtimetadatafield>
</qtimetadata>
</itemmetadata>
<presentation>
<flow>
<material>
<matbreak/>
<mattext texttype="text/html" charset="utf-8"><![CDATA[
<p>Question ID: 03_415</p>
<p><img src="data/supplements28/xx.png" /></p>
]]></mattext>
<matbreak/>
</material>
<response_lid ident="ET_110_884868015_section_2_item_13_schoice_RESPONSE_8784360" rcardinality="Single" rtiming="No">
<render_choice shuffle="No">
<flow_label class="List">
<response_label ident="ET_110_884868015_section_2_item_13_schoice_8390976394" rshuffle="No">
<material>
<mattext texttype="text/html" charset="utf-8"><![CDATA[
 A
]]></mattext>
</material>
</response_label>
</flow_label>
<flow_label class="List">
<response_label ident="ET_110_884868015_section_2_item_13_schoice_3173447450" rshuffle="No">
<material>
<mattext texttype="text/html" charset="utf-8"><![CDATA[
 B
]]></mattext>
</material>
</response_label>
</flow_label>
<flow_label class="List">
<response_label ident="ET_110_884868015_section_2_item_13_schoice_7659806142" rshuffle="No">
<material>
<mattext texttype="text/html" charset="utf-8"><![CDATA[
 C
]]></mattext>
</material>
</response_label>
</flow_label>
<flow_label class="List">
<response_label ident="ET_110_884868015_section_2_item_13_schoice_2483353104" rshuffle="No">
<material>
<mattext texttype="text/html" charset="utf-8"><![CDATA[
 D
]]></mattext>
</material>
</response_label>
</flow_label>
</render_choice>
</response_lid>
</flow>
</presentation>
<resprocessing>
<outcomes>
<decvar varname="SCORE" vartype="Decimal" defaultval="0" minvalue="0" maxvalue="1" cutvalue="1"/>
</outcomes>
<respcondition title="Mastery" continue="No">
<conditionvar>
<and>
<varequal respident="ET_110_884868015_section_2_item_13_schoice_RESPONSE_8784360" case="Yes">ET_110_884868015_section_2_item_13_schoice_8390976394</varequal>
<not> <varequal respident="ET_110_884868015_section_2_item_13_schoice_RESPONSE_8784360" case="Yes">ET_110_884868015_section_2_item_13_schoice_3173447450</varequal> </not>
<not> <varequal respident="ET_110_884868015_section_2_item_13_schoice_RESPONSE_8784360" case="Yes">ET_110_884868015_section_2_item_13_schoice_7659806142</varequal> </not>
<not> <varequal respident="ET_110_884868015_section_2_item_13_schoice_RESPONSE_8784360" case="Yes">ET_110_884868015_section_2_item_13_schoice_2483353104</varequal> </not>
</and>
</conditionvar>
<setvar varname="SCORE" action="Set">1</setvar>
<displayfeedback feedbacktype="Response" linkrefid="correct_fb"/>
</respcondition>
<respcondition continue="Yes">
<conditionvar>
<other/>
</conditionvar>
<displayfeedback feedbacktype="Response" linkrefid="general_incorrect_fb"/>
</respcondition>
</resprocessing>
<itemfeedback ident="correct_fb" view="All">
<flow_mat>
<material>
<mattext texttype="text/html"><![CDATA[
<p>The correct answer is A</p>
]]></mattext>
</material>
</flow_mat>
</itemfeedback>
<itemfeedback ident="general_incorrect_fb" view="All">
<flow_mat>
<material>
<mattext texttype="text/html"><![CDATA[
<p>The correct answer is A</p>
]]></mattext>
</material>
</flow_mat>
</itemfeedback>
</item>

<item ident="ET_110_884868015_section_2_item_14_num" title="Question" maxattempts="3">
<itemcontrol feedbackswitch="No" hintswitch="No" solutionswitch="Yes"/>
<itemmetadata>
<qtimetadata>
<qtimetadatafield>
<fieldlabel>question_type</fieldlabel>
<fieldentry>numerical_question</fieldentry>
</qtimetadatafield>
</qtimetadata>
</itemmetadata>
<presentation>
<flow>
<material>
<matbreak/>
<mattext texttype="text/html" charset="utf-8"><![CDATA[
<p>Question ID: 01_317</p>
<p><img src="data/supplements29/xx.png" /></p>
]]></mattext>
<matbreak/>
</material>
<response_num ident="ET_110_884868015_section_2_item_14_num_RESPONSE_1848394" rcardinality="Single" numtype="Decimal">
<render_fib fibtype="Decimal" maxchars="12">
<flow_label class="Block">
<response_label ident="ET_110_884868015_section_2_item_14_num_RESPONSE_1848394" rshuffle="No"/>
</flow_label>
</render_fib>
</response_num>
<material>
<matbreak/>
</material>
</flow>
</presentation>
<resprocessing>
<outcomes>
<decvar varname="SCORE" vartype="Decimal" defaultval="0" minvalue="0" maxvalue="1" cutvalue="1"/>
</outcomes>
<respcondition title="Mastery" continue="No">
<conditionvar>

<or>
<varequal respident="ET_110_884868015_section_2_item_14_num_RESPONSE_1848394" case="No"><![CDATA[1600]]></varequal>
<and>
<vargte respident="ET_110_884868015_section_2_item_14_num_RESPONSE_1848394"><![CDATA[1599.99999]]></vargte>
<varlte respident="ET_110_884868015_section_2_item_14_num_RESPONSE_1848394"><![CDATA[1600.00001]]></varlte>
</and>
</or>
</conditionvar>
<setvar varname="SCORE" action="Set">1</setvar>
<displayfeedback feedbacktype="Response" linkrefid="correct_fb"/>
</respcondition>
<respcondition continue="Yes">
<conditionvar>
<other/>
</conditionvar>
<displayfeedback feedbacktype="Response" linkrefid="general_incorrect_fb"/>
</respcondition>
</resprocessing>
<itemfeedback ident="correct_fb" view="All">
<flow_mat>
<material>
<mattext texttype="text/html"><![CDATA[
<p>The correct answer is 1600.</p>
]]></mattext>
</material>
</flow_mat>
</itemfeedback>
<itemfeedback ident="general_incorrect_fb" view="All">
<flow_mat>
<material>
<mattext texttype="text/html"><![CDATA[
<p>The correct answer is 1600.</p>
]]></mattext>
</material>
</flow_mat>
</itemfeedback>
</item>

<item ident="ET_110_884868015_section_2_item_15_schoice" title="Question" maxattempts="3">
<itemcontrol feedbackswitch="No" hintswitch="No" solutionswitch="Yes"/>
<itemmetadata>
<qtimetadata>
<qtimetadatafield>
<fieldlabel>question_type</fieldlabel>
<fieldentry>multiple_choice_question</fieldentry>
</qtimetadatafield>
</qtimetadata>
</itemmetadata>
<presentation>
<flow>
<material>
<matbreak/>
<mattext texttype="text/html" charset="utf-8"><![CDATA[
<p>Question ID: 12_215</p>
<p><img src="data/supplements30/xx.png" /></p>
]]></mattext>
<matbreak/>
</material>
<response_lid ident="ET_110_884868015_section_2_item_15_schoice_RESPONSE_4409542" rcardinality="Single" rtiming="No">
<render_choice shuffle="No">
<flow_label class="List">
<response_label ident="ET_110_884868015_section_2_item_15_schoice_8005938467" rshuffle="No">
<material>
<mattext texttype="text/html" charset="utf-8"><![CDATA[
 A
]]></mattext>
</material>
</response_label>
</flow_label>
<flow_label class="List">
<response_label ident="ET_110_884868015_section_2_item_15_schoice_9492241852" rshuffle="No">
<material>
<mattext texttype="text/html" charset="utf-8"><![CDATA[
 B
]]></mattext>
</material>
</response_label>
</flow_label>
<flow_label class="List">
<response_label ident="ET_110_884868015_section_2_item_15_schoice_6781064479" rshuffle="No">
<material>
<mattext texttype="text/html" charset="utf-8"><![CDATA[
 C
]]></mattext>
</material>
</response_label>
</flow_label>
<flow_label class="List">
<response_label ident="ET_110_884868015_section_2_item_15_schoice_1019605859" rshuffle="No">
<material>
<mattext texttype="text/html" charset="utf-8"><![CDATA[
 D
]]></mattext>
</material>
</response_label>
</flow_label>
</render_choice>
</response_lid>
</flow>
</presentation>
<resprocessing>
<outcomes>
<decvar varname="SCORE" vartype="Decimal" defaultval="0" minvalue="0" maxvalue="1" cutvalue="1"/>
</outcomes>
<respcondition title="Mastery" continue="No">
<conditionvar>
<and>
<varequal respident="ET_110_884868015_section_2_item_15_schoice_RESPONSE_4409542" case="Yes">ET_110_884868015_section_2_item_15_schoice_9492241852</varequal>
<not> <varequal respident="ET_110_884868015_section_2_item_15_schoice_RESPONSE_4409542" case="Yes">ET_110_884868015_section_2_item_15_schoice_8005938467</varequal> </not>
<not> <varequal respident="ET_110_884868015_section_2_item_15_schoice_RESPONSE_4409542" case="Yes">ET_110_884868015_section_2_item_15_schoice_6781064479</varequal> </not>
<not> <varequal respident="ET_110_884868015_section_2_item_15_schoice_RESPONSE_4409542" case="Yes">ET_110_884868015_section_2_item_15_schoice_1019605859</varequal> </not>
</and>
</conditionvar>
<setvar varname="SCORE" action="Set">1</setvar>
<displayfeedback feedbacktype="Response" linkrefid="correct_fb"/>
</respcondition>
<respcondition continue="Yes">
<conditionvar>
<other/>
</conditionvar>
<displayfeedback feedbacktype="Response" linkrefid="general_incorrect_fb"/>
</respcondition>
</resprocessing>
<itemfeedback ident="correct_fb" view="All">
<flow_mat>
<material>
<mattext texttype="text/html"><![CDATA[
<p>The correct answer is B</p>
]]></mattext>
</material>
</flow_mat>
</itemfeedback>
<itemfeedback ident="general_incorrect_fb" view="All">
<flow_mat>
<material>
<mattext texttype="text/html"><![CDATA[
<p>The correct answer is B</p>
]]></mattext>
</material>
</flow_mat>
</itemfeedback>
</item>


</section>

</assessment>
</questestinterop>
