<?xml version="1.0" encoding="UTF-8"?>
<manifest identifier="MID_at1120entrance_181821053" xmlns="http://www.imsglobal.org/xsd/imsccv1p1/imscp_v1p1" xmlns:lom="http://ltsc.ieee.org/xsd/imsccv1p1/LOM/resource" xmlns:imsmd="http://www.imsglobal.org/xsd/imsmd_v1p2" xmlns:xsi="http://www.w3.org/2001/XMLSchema-instance" xsi:schemaLocation="http://www.imsglobal.org/xsd/imsccv1p1/imscp_v1p1 http://www.imsglobal.org/xsd/imscp_v1p1.xsd http://ltsc.ieee.org/xsd/imsccv1p1/LOM/resource http://www.imsglobal.org/profile/cc/ccv1p1/LOM/ccv1p1_lomresource_v1p0.xsd http://www.imsglobal.org/xsd/imsmd_v1p2 http://www.imsglobal.org/xsd/imsmd_v1p2p2.xsd">
  <metadata>
    <schema>IMS Content</schema>
    <schemaversion>1.1.3</schemaversion>
    <imsmd:lom>
      <imsmd:general>
        <imsmd:title>
          <imsmd:string>at1120entrance</imsmd:string>
        </imsmd:title>
      </imsmd:general>
      <imsmd:lifeCycle>
        <imsmd:contribute>
          <imsmd:date>
            <imsmd:dateTime>2025-11-20</imsmd:dateTime>
          </imsmd:date>
        </imsmd:contribute>
      </imsmd:lifeCycle>
      <imsmd:rights>
        <imsmd:copyrightAndOtherRestrictions>
          <imsmd:value>yes</imsmd:value>
        </imsmd:copyrightAndOtherRestrictions>
        <imsmd:description>
          <imsmd:string>Private (Copyrighted) - http://en.wikipedia.org/wiki/Copyright</imsmd:string>
        </imsmd:description>
      </imsmd:rights>
    </imsmd:lom>
  </metadata>
  <organizations/>
  <resources>
    <resource identifier="at1120entrance_788292721" type="imsqti_xmlv1p2">
      <file href="at1120entrance_788292721/at1120entrance_788292721.xml"/>
      <dependency identifierref="MID_REF_at1120entrance_181821053"/>
    </resource>
    <resource identifier="MID_REF_at1120entrance_181821053" type="associatedcontent/imscc_xmlv1p1/learning-application-resource" href="at1120entrance_788292721/assessment_meta.xml">
      <file href="at1120entrance_788292721/assessment_meta.xml"/>
    </resource>
    <resource href="data/supplements_1_4/unnamed-chunk-2-1.png" identifier="1234" type="webcontent">
      <file href="data/supplements_1_4/unnamed-chunk-2-1.png"/>
    </resource>
    <resource href="data/supplements_10_4/unnamed-chunk-2-1.png" identifier="1235" type="webcontent">
      <file href="data/supplements_10_4/unnamed-chunk-2-1.png"/>
    </resource>
    <resource href="data/supplements_11_4/unnamed-chunk-2-1.png" identifier="1236" type="webcontent">
      <file href="data/supplements_11_4/unnamed-chunk-2-1.png"/>
    </resource>
    <resource href="data/supplements_12_4/unnamed-chunk-2-1.png" identifier="1237" type="webcontent">
      <file href="data/supplements_12_4/unnamed-chunk-2-1.png"/>
    </resource>
    <resource href="data/supplements_13_4/unnamed-chunk-2-1.png" identifier="1238" type="webcontent">
      <file href="data/supplements_13_4/unnamed-chunk-2-1.png"/>
    </resource>
    <resource href="data/supplements_14_4/unnamed-chunk-2-1.png" identifier="1239" type="webcontent">
      <file href="data/supplements_14_4/unnamed-chunk-2-1.png"/>
    </resource>
    <resource href="data/supplements_15_4/unnamed-chunk-2-1.png" identifier="1240" type="webcontent">
      <file href="data/supplements_15_4/unnamed-chunk-2-1.png"/>
    </resource>
    <resource href="data/supplements_16_4/unnamed-chunk-2-1.png" identifier="1241" type="webcontent">
      <file href="data/supplements_16_4/unnamed-chunk-2-1.png"/>
    </resource>
    <resource href="data/supplements_17_4/unnamed-chunk-2-1.png" identifier="1242" type="webcontent">
      <file href="data/supplements_17_4/unnamed-chunk-2-1.png"/>
    </resource>
    <resource href="data/supplements_18_4/unnamed-chunk-2-1.png" identifier="1243" type="webcontent">
      <file href="data/supplements_18_4/unnamed-chunk-2-1.png"/>
    </resource>
    <resource href="data/supplements_19_4/unnamed-chunk-2-1.png" identifier="1244" type="webcontent">
      <file href="data/supplements_19_4/unnamed-chunk-2-1.png"/>
    </resource>
    <resource href="data/supplements_2_4/unnamed-chunk-2-1.png" identifier="1245" type="webcontent">
      <file href="data/supplements_2_4/unnamed-chunk-2-1.png"/>
    </resource>
    <resource href="data/supplements_20_4/unnamed-chunk-2-1.png" identifier="1246" type="webcontent">
      <file href="data/supplements_20_4/unnamed-chunk-2-1.png"/>
    </resource>
    <resource href="data/supplements_21_4/unnamed-chunk-2-1.png" identifier="1247" type="webcontent">
      <file href="data/supplements_21_4/unnamed-chunk-2-1.png"/>
    </resource>
    <resource href="data/supplements_22_4/unnamed-chunk-2-1.png" identifier="1248" type="webcontent">
      <file href="data/supplements_22_4/unnamed-chunk-2-1.png"/>
    </resource>
    <resource href="data/supplements_23_4/unnamed-chunk-2-1.png" identifier="1249" type="webcontent">
      <file href="data/supplements_23_4/unnamed-chunk-2-1.png"/>
    </resource>
    <resource href="data/supplements_24_4/unnamed-chunk-2-1.png" identifier="1250" type="webcontent">
      <file href="data/supplements_24_4/unnamed-chunk-2-1.png"/>
    </resource>
    <resource href="data/supplements_25_4/unnamed-chunk-2-1.png" identifier="1251" type="webcontent">
      <file href="data/supplements_25_4/unnamed-chunk-2-1.png"/>
    </resource>
    <resource href="data/supplements_26_4/unnamed-chunk-2-1.png" identifier="1252" type="webcontent">
      <file href="data/supplements_26_4/unnamed-chunk-2-1.png"/>
    </resource>
    <resource href="data/supplements_27_4/unnamed-chunk-2-1.png" identifier="1253" type="webcontent">
      <file href="data/supplements_27_4/unnamed-chunk-2-1.png"/>
    </resource>
    <resource href="data/supplements_28_4/unnamed-chunk-2-1.png" identifier="1254" type="webcontent">
      <file href="data/supplements_28_4/unnamed-chunk-2-1.png"/>
    </resource>
    <resource href="data/supplements_29_4/unnamed-chunk-2-1.png" identifier="1255" type="webcontent">
      <file href="data/supplements_29_4/unnamed-chunk-2-1.png"/>
    </resource>
    <resource href="data/supplements_3_4/unnamed-chunk-2-1.png" identifier="1256" type="webcontent">
      <file href="data/supplements_3_4/unnamed-chunk-2-1.png"/>
    </resource>
    <resource href="data/supplements_30_4/unnamed-chunk-2-1.png" identifier="1257" type="webcontent">
      <file href="data/supplements_30_4/unnamed-chunk-2-1.png"/>
    </resource>
    <resource href="data/supplements_4_4/unnamed-chunk-2-1.png" identifier="1258" type="webcontent">
      <file href="data/supplements_4_4/unnamed-chunk-2-1.png"/>
    </resource>
    <resource href="data/supplements_5_4/unnamed-chunk-2-1.png" identifier="1259" type="webcontent">
      <file href="data/supplements_5_4/unnamed-chunk-2-1.png"/>
    </resource>
    <resource href="data/supplements_6_4/unnamed-chunk-2-1.png" identifier="1260" type="webcontent">
      <file href="data/supplements_6_4/unnamed-chunk-2-1.png"/>
    </resource>
    <resource href="data/supplements_7_4/unnamed-chunk-2-1.png" identifier="1261" type="webcontent">
      <file href="data/supplements_7_4/unnamed-chunk-2-1.png"/>
    </resource>
    <resource href="data/supplements_8_4/unnamed-chunk-2-1.png" identifier="1262" type="webcontent">
      <file href="data/supplements_8_4/unnamed-chunk-2-1.png"/>
    </resource>
    <resource href="data/supplements_9_4/unnamed-chunk-2-1.png" identifier="1263" type="webcontent">
      <file href="data/supplements_9_4/unnamed-chunk-2-1.png"/>
    </resource>
  </resources>
</manifest>
