<?xml version="1.0" encoding="UTF-8"?>
<manifest identifier="MID_u11__mastery_664142842" xmlns="http://www.imsglobal.org/xsd/imsccv1p1/imscp_v1p1" xmlns:lom="http://ltsc.ieee.org/xsd/imsccv1p1/LOM/resource" xmlns:imsmd="http://www.imsglobal.org/xsd/imsmd_v1p2" xmlns:xsi="http://www.w3.org/2001/XMLSchema-instance" xsi:schemaLocation="http://www.imsglobal.org/xsd/imsccv1p1/imscp_v1p1 http://www.imsglobal.org/xsd/imscp_v1p1.xsd http://ltsc.ieee.org/xsd/imsccv1p1/LOM/resource http://www.imsglobal.org/profile/cc/ccv1p1/LOM/ccv1p1_lomresource_v1p0.xsd http://www.imsglobal.org/xsd/imsmd_v1p2 http://www.imsglobal.org/xsd/imsmd_v1p2p2.xsd">
  <metadata>
    <schema>IMS Content</schema>
    <schemaversion>1.1.3</schemaversion>
    <imsmd:lom>
      <imsmd:general>
        <imsmd:title>
          <imsmd:string>u11__mastery</imsmd:string>
        </imsmd:title>
      </imsmd:general>
      <imsmd:lifeCycle>
        <imsmd:contribute>
          <imsmd:date>
            <imsmd:dateTime>2025-01-09</imsmd:dateTime>
          </imsmd:date>
        </imsmd:contribute>
      </imsmd:lifeCycle>
      <imsmd:rights>
        <imsmd:copyrightAndOtherRestrictions>
          <imsmd:value>yes</imsmd:value>
        </imsmd:copyrightAndOtherRestrictions>
        <imsmd:description>
          <imsmd:string>Private (Copyrighted) - http://en.wikipedia.org/wiki/Copyright</imsmd:string>
        </imsmd:description>
      </imsmd:rights>
    </imsmd:lom>
  </metadata>
  <organizations/>
  <resources>
    <resource identifier="u11__mastery_808657142" type="imsqti_xmlv1p2">
      <file href="u11__mastery_808657142/u11__mastery_808657142.xml"/>
      <dependency identifierref="MID_REF_u11__mastery_664142842"/>
    </resource>
    <resource identifier="MID_REF_u11__mastery_664142842" type="associatedcontent/imscc_xmlv1p1/learning-application-resource" href="u11__mastery_808657142/assessment_meta.xml">
      <file href="u11__mastery_808657142/assessment_meta.xml"/>
    </resource>
    <resource href="data/supplements1/unnamed-chunk-1-1.png" identifier="1234" type="webcontent">
      <file href="data/supplements1/unnamed-chunk-1-1.png"/>
    </resource>
    <resource href="data/supplements1/unnamed-chunk-2-1.png" identifier="1235" type="webcontent">
      <file href="data/supplements1/unnamed-chunk-2-1.png"/>
    </resource>
    <resource href="data/supplements1/unnamed-chunk-3-1.png" identifier="1236" type="webcontent">
      <file href="data/supplements1/unnamed-chunk-3-1.png"/>
    </resource>
    <resource href="data/supplements10/unnamed-chunk-1-1.png" identifier="1237" type="webcontent">
      <file href="data/supplements10/unnamed-chunk-1-1.png"/>
    </resource>
    <resource href="data/supplements10/unnamed-chunk-2-1.png" identifier="1238" type="webcontent">
      <file href="data/supplements10/unnamed-chunk-2-1.png"/>
    </resource>
    <resource href="data/supplements10/unnamed-chunk-3-1.png" identifier="1239" type="webcontent">
      <file href="data/supplements10/unnamed-chunk-3-1.png"/>
    </resource>
    <resource href="data/supplements100/unnamed-chunk-1-1.png" identifier="1240" type="webcontent">
      <file href="data/supplements100/unnamed-chunk-1-1.png"/>
    </resource>
    <resource href="data/supplements101/unnamed-chunk-1-1.png" identifier="1241" type="webcontent">
      <file href="data/supplements101/unnamed-chunk-1-1.png"/>
    </resource>
    <resource href="data/supplements102/unnamed-chunk-1-1.png" identifier="1242" type="webcontent">
      <file href="data/supplements102/unnamed-chunk-1-1.png"/>
    </resource>
    <resource href="data/supplements103/unnamed-chunk-1-1.png" identifier="1243" type="webcontent">
      <file href="data/supplements103/unnamed-chunk-1-1.png"/>
    </resource>
    <resource href="data/supplements104/unnamed-chunk-1-1.png" identifier="1244" type="webcontent">
      <file href="data/supplements104/unnamed-chunk-1-1.png"/>
    </resource>
    <resource href="data/supplements105/unnamed-chunk-1-1.png" identifier="1245" type="webcontent">
      <file href="data/supplements105/unnamed-chunk-1-1.png"/>
    </resource>
    <resource href="data/supplements106/unnamed-chunk-1-1.png" identifier="1246" type="webcontent">
      <file href="data/supplements106/unnamed-chunk-1-1.png"/>
    </resource>
    <resource href="data/supplements107/unnamed-chunk-1-1.png" identifier="1247" type="webcontent">
      <file href="data/supplements107/unnamed-chunk-1-1.png"/>
    </resource>
    <resource href="data/supplements108/unnamed-chunk-1-1.png" identifier="1248" type="webcontent">
      <file href="data/supplements108/unnamed-chunk-1-1.png"/>
    </resource>
    <resource href="data/supplements109/unnamed-chunk-1-1.png" identifier="1249" type="webcontent">
      <file href="data/supplements109/unnamed-chunk-1-1.png"/>
    </resource>
    <resource href="data/supplements11/unnamed-chunk-1-1.png" identifier="1250" type="webcontent">
      <file href="data/supplements11/unnamed-chunk-1-1.png"/>
    </resource>
    <resource href="data/supplements11/unnamed-chunk-2-1.png" identifier="1251" type="webcontent">
      <file href="data/supplements11/unnamed-chunk-2-1.png"/>
    </resource>
    <resource href="data/supplements11/unnamed-chunk-3-1.png" identifier="1252" type="webcontent">
      <file href="data/supplements11/unnamed-chunk-3-1.png"/>
    </resource>
    <resource href="data/supplements110/unnamed-chunk-1-1.png" identifier="1253" type="webcontent">
      <file href="data/supplements110/unnamed-chunk-1-1.png"/>
    </resource>
    <resource href="data/supplements111/unnamed-chunk-1-1.png" identifier="1254" type="webcontent">
      <file href="data/supplements111/unnamed-chunk-1-1.png"/>
    </resource>
    <resource href="data/supplements112/unnamed-chunk-1-1.png" identifier="1255" type="webcontent">
      <file href="data/supplements112/unnamed-chunk-1-1.png"/>
    </resource>
    <resource href="data/supplements113/unnamed-chunk-1-1.png" identifier="1256" type="webcontent">
      <file href="data/supplements113/unnamed-chunk-1-1.png"/>
    </resource>
    <resource href="data/supplements114/unnamed-chunk-1-1.png" identifier="1257" type="webcontent">
      <file href="data/supplements114/unnamed-chunk-1-1.png"/>
    </resource>
    <resource href="data/supplements115/unnamed-chunk-1-1.png" identifier="1258" type="webcontent">
      <file href="data/supplements115/unnamed-chunk-1-1.png"/>
    </resource>
    <resource href="data/supplements116/unnamed-chunk-1-1.png" identifier="1259" type="webcontent">
      <file href="data/supplements116/unnamed-chunk-1-1.png"/>
    </resource>
    <resource href="data/supplements117/unnamed-chunk-1-1.png" identifier="1260" type="webcontent">
      <file href="data/supplements117/unnamed-chunk-1-1.png"/>
    </resource>
    <resource href="data/supplements118/unnamed-chunk-1-1.png" identifier="1261" type="webcontent">
      <file href="data/supplements118/unnamed-chunk-1-1.png"/>
    </resource>
    <resource href="data/supplements119/unnamed-chunk-1-1.png" identifier="1262" type="webcontent">
      <file href="data/supplements119/unnamed-chunk-1-1.png"/>
    </resource>
    <resource href="data/supplements12/unnamed-chunk-1-1.png" identifier="1263" type="webcontent">
      <file href="data/supplements12/unnamed-chunk-1-1.png"/>
    </resource>
    <resource href="data/supplements12/unnamed-chunk-2-1.png" identifier="1264" type="webcontent">
      <file href="data/supplements12/unnamed-chunk-2-1.png"/>
    </resource>
    <resource href="data/supplements12/unnamed-chunk-3-1.png" identifier="1265" type="webcontent">
      <file href="data/supplements12/unnamed-chunk-3-1.png"/>
    </resource>
    <resource href="data/supplements120/unnamed-chunk-1-1.png" identifier="1266" type="webcontent">
      <file href="data/supplements120/unnamed-chunk-1-1.png"/>
    </resource>
    <resource href="data/supplements121/unnamed-chunk-2-1.png" identifier="1267" type="webcontent">
      <file href="data/supplements121/unnamed-chunk-2-1.png"/>
    </resource>
    <resource href="data/supplements122/unnamed-chunk-2-1.png" identifier="1268" type="webcontent">
      <file href="data/supplements122/unnamed-chunk-2-1.png"/>
    </resource>
    <resource href="data/supplements123/unnamed-chunk-2-1.png" identifier="1269" type="webcontent">
      <file href="data/supplements123/unnamed-chunk-2-1.png"/>
    </resource>
    <resource href="data/supplements124/unnamed-chunk-2-1.png" identifier="1270" type="webcontent">
      <file href="data/supplements124/unnamed-chunk-2-1.png"/>
    </resource>
    <resource href="data/supplements125/unnamed-chunk-2-1.png" identifier="1271" type="webcontent">
      <file href="data/supplements125/unnamed-chunk-2-1.png"/>
    </resource>
    <resource href="data/supplements126/unnamed-chunk-2-1.png" identifier="1272" type="webcontent">
      <file href="data/supplements126/unnamed-chunk-2-1.png"/>
    </resource>
    <resource href="data/supplements127/unnamed-chunk-2-1.png" identifier="1273" type="webcontent">
      <file href="data/supplements127/unnamed-chunk-2-1.png"/>
    </resource>
    <resource href="data/supplements128/unnamed-chunk-2-1.png" identifier="1274" type="webcontent">
      <file href="data/supplements128/unnamed-chunk-2-1.png"/>
    </resource>
    <resource href="data/supplements129/unnamed-chunk-2-1.png" identifier="1275" type="webcontent">
      <file href="data/supplements129/unnamed-chunk-2-1.png"/>
    </resource>
    <resource href="data/supplements13/unnamed-chunk-1-1.png" identifier="1276" type="webcontent">
      <file href="data/supplements13/unnamed-chunk-1-1.png"/>
    </resource>
    <resource href="data/supplements13/unnamed-chunk-2-1.png" identifier="1277" type="webcontent">
      <file href="data/supplements13/unnamed-chunk-2-1.png"/>
    </resource>
    <resource href="data/supplements13/unnamed-chunk-3-1.png" identifier="1278" type="webcontent">
      <file href="data/supplements13/unnamed-chunk-3-1.png"/>
    </resource>
    <resource href="data/supplements130/unnamed-chunk-2-1.png" identifier="1279" type="webcontent">
      <file href="data/supplements130/unnamed-chunk-2-1.png"/>
    </resource>
    <resource href="data/supplements131/unnamed-chunk-2-1.png" identifier="1280" type="webcontent">
      <file href="data/supplements131/unnamed-chunk-2-1.png"/>
    </resource>
    <resource href="data/supplements132/unnamed-chunk-2-1.png" identifier="1281" type="webcontent">
      <file href="data/supplements132/unnamed-chunk-2-1.png"/>
    </resource>
    <resource href="data/supplements133/unnamed-chunk-2-1.png" identifier="1282" type="webcontent">
      <file href="data/supplements133/unnamed-chunk-2-1.png"/>
    </resource>
    <resource href="data/supplements134/unnamed-chunk-2-1.png" identifier="1283" type="webcontent">
      <file href="data/supplements134/unnamed-chunk-2-1.png"/>
    </resource>
    <resource href="data/supplements135/unnamed-chunk-2-1.png" identifier="1284" type="webcontent">
      <file href="data/supplements135/unnamed-chunk-2-1.png"/>
    </resource>
    <resource href="data/supplements136/unnamed-chunk-2-1.png" identifier="1285" type="webcontent">
      <file href="data/supplements136/unnamed-chunk-2-1.png"/>
    </resource>
    <resource href="data/supplements137/unnamed-chunk-2-1.png" identifier="1286" type="webcontent">
      <file href="data/supplements137/unnamed-chunk-2-1.png"/>
    </resource>
    <resource href="data/supplements138/unnamed-chunk-2-1.png" identifier="1287" type="webcontent">
      <file href="data/supplements138/unnamed-chunk-2-1.png"/>
    </resource>
    <resource href="data/supplements139/unnamed-chunk-2-1.png" identifier="1288" type="webcontent">
      <file href="data/supplements139/unnamed-chunk-2-1.png"/>
    </resource>
    <resource href="data/supplements14/unnamed-chunk-1-1.png" identifier="1289" type="webcontent">
      <file href="data/supplements14/unnamed-chunk-1-1.png"/>
    </resource>
    <resource href="data/supplements14/unnamed-chunk-2-1.png" identifier="1290" type="webcontent">
      <file href="data/supplements14/unnamed-chunk-2-1.png"/>
    </resource>
    <resource href="data/supplements14/unnamed-chunk-3-1.png" identifier="1291" type="webcontent">
      <file href="data/supplements14/unnamed-chunk-3-1.png"/>
    </resource>
    <resource href="data/supplements140/unnamed-chunk-2-1.png" identifier="1292" type="webcontent">
      <file href="data/supplements140/unnamed-chunk-2-1.png"/>
    </resource>
    <resource href="data/supplements141/unnamed-chunk-2-1.png" identifier="1293" type="webcontent">
      <file href="data/supplements141/unnamed-chunk-2-1.png"/>
    </resource>
    <resource href="data/supplements142/unnamed-chunk-2-1.png" identifier="1294" type="webcontent">
      <file href="data/supplements142/unnamed-chunk-2-1.png"/>
    </resource>
    <resource href="data/supplements143/unnamed-chunk-2-1.png" identifier="1295" type="webcontent">
      <file href="data/supplements143/unnamed-chunk-2-1.png"/>
    </resource>
    <resource href="data/supplements144/unnamed-chunk-2-1.png" identifier="1296" type="webcontent">
      <file href="data/supplements144/unnamed-chunk-2-1.png"/>
    </resource>
    <resource href="data/supplements145/unnamed-chunk-2-1.png" identifier="1297" type="webcontent">
      <file href="data/supplements145/unnamed-chunk-2-1.png"/>
    </resource>
    <resource href="data/supplements146/unnamed-chunk-2-1.png" identifier="1298" type="webcontent">
      <file href="data/supplements146/unnamed-chunk-2-1.png"/>
    </resource>
    <resource href="data/supplements147/unnamed-chunk-2-1.png" identifier="1299" type="webcontent">
      <file href="data/supplements147/unnamed-chunk-2-1.png"/>
    </resource>
    <resource href="data/supplements148/unnamed-chunk-2-1.png" identifier="1300" type="webcontent">
      <file href="data/supplements148/unnamed-chunk-2-1.png"/>
    </resource>
    <resource href="data/supplements149/unnamed-chunk-2-1.png" identifier="1301" type="webcontent">
      <file href="data/supplements149/unnamed-chunk-2-1.png"/>
    </resource>
    <resource href="data/supplements15/unnamed-chunk-1-1.png" identifier="1302" type="webcontent">
      <file href="data/supplements15/unnamed-chunk-1-1.png"/>
    </resource>
    <resource href="data/supplements15/unnamed-chunk-2-1.png" identifier="1303" type="webcontent">
      <file href="data/supplements15/unnamed-chunk-2-1.png"/>
    </resource>
    <resource href="data/supplements15/unnamed-chunk-3-1.png" identifier="1304" type="webcontent">
      <file href="data/supplements15/unnamed-chunk-3-1.png"/>
    </resource>
    <resource href="data/supplements150/unnamed-chunk-2-1.png" identifier="1305" type="webcontent">
      <file href="data/supplements150/unnamed-chunk-2-1.png"/>
    </resource>
    <resource href="data/supplements151/unnamed-chunk-3-1.png" identifier="1306" type="webcontent">
      <file href="data/supplements151/unnamed-chunk-3-1.png"/>
    </resource>
    <resource href="data/supplements151/unnamed-chunk-4-1.png" identifier="1307" type="webcontent">
      <file href="data/supplements151/unnamed-chunk-4-1.png"/>
    </resource>
    <resource href="data/supplements152/unnamed-chunk-3-1.png" identifier="1308" type="webcontent">
      <file href="data/supplements152/unnamed-chunk-3-1.png"/>
    </resource>
    <resource href="data/supplements152/unnamed-chunk-4-1.png" identifier="1309" type="webcontent">
      <file href="data/supplements152/unnamed-chunk-4-1.png"/>
    </resource>
    <resource href="data/supplements153/unnamed-chunk-3-1.png" identifier="1310" type="webcontent">
      <file href="data/supplements153/unnamed-chunk-3-1.png"/>
    </resource>
    <resource href="data/supplements153/unnamed-chunk-4-1.png" identifier="1311" type="webcontent">
      <file href="data/supplements153/unnamed-chunk-4-1.png"/>
    </resource>
    <resource href="data/supplements154/unnamed-chunk-3-1.png" identifier="1312" type="webcontent">
      <file href="data/supplements154/unnamed-chunk-3-1.png"/>
    </resource>
    <resource href="data/supplements154/unnamed-chunk-4-1.png" identifier="1313" type="webcontent">
      <file href="data/supplements154/unnamed-chunk-4-1.png"/>
    </resource>
    <resource href="data/supplements155/unnamed-chunk-3-1.png" identifier="1314" type="webcontent">
      <file href="data/supplements155/unnamed-chunk-3-1.png"/>
    </resource>
    <resource href="data/supplements155/unnamed-chunk-4-1.png" identifier="1315" type="webcontent">
      <file href="data/supplements155/unnamed-chunk-4-1.png"/>
    </resource>
    <resource href="data/supplements156/unnamed-chunk-3-1.png" identifier="1316" type="webcontent">
      <file href="data/supplements156/unnamed-chunk-3-1.png"/>
    </resource>
    <resource href="data/supplements156/unnamed-chunk-4-1.png" identifier="1317" type="webcontent">
      <file href="data/supplements156/unnamed-chunk-4-1.png"/>
    </resource>
    <resource href="data/supplements157/unnamed-chunk-3-1.png" identifier="1318" type="webcontent">
      <file href="data/supplements157/unnamed-chunk-3-1.png"/>
    </resource>
    <resource href="data/supplements157/unnamed-chunk-4-1.png" identifier="1319" type="webcontent">
      <file href="data/supplements157/unnamed-chunk-4-1.png"/>
    </resource>
    <resource href="data/supplements158/unnamed-chunk-3-1.png" identifier="1320" type="webcontent">
      <file href="data/supplements158/unnamed-chunk-3-1.png"/>
    </resource>
    <resource href="data/supplements158/unnamed-chunk-4-1.png" identifier="1321" type="webcontent">
      <file href="data/supplements158/unnamed-chunk-4-1.png"/>
    </resource>
    <resource href="data/supplements159/unnamed-chunk-3-1.png" identifier="1322" type="webcontent">
      <file href="data/supplements159/unnamed-chunk-3-1.png"/>
    </resource>
    <resource href="data/supplements159/unnamed-chunk-4-1.png" identifier="1323" type="webcontent">
      <file href="data/supplements159/unnamed-chunk-4-1.png"/>
    </resource>
    <resource href="data/supplements16/unnamed-chunk-1-1.png" identifier="1324" type="webcontent">
      <file href="data/supplements16/unnamed-chunk-1-1.png"/>
    </resource>
    <resource href="data/supplements16/unnamed-chunk-2-1.png" identifier="1325" type="webcontent">
      <file href="data/supplements16/unnamed-chunk-2-1.png"/>
    </resource>
    <resource href="data/supplements16/unnamed-chunk-3-1.png" identifier="1326" type="webcontent">
      <file href="data/supplements16/unnamed-chunk-3-1.png"/>
    </resource>
    <resource href="data/supplements160/unnamed-chunk-3-1.png" identifier="1327" type="webcontent">
      <file href="data/supplements160/unnamed-chunk-3-1.png"/>
    </resource>
    <resource href="data/supplements160/unnamed-chunk-4-1.png" identifier="1328" type="webcontent">
      <file href="data/supplements160/unnamed-chunk-4-1.png"/>
    </resource>
    <resource href="data/supplements161/unnamed-chunk-3-1.png" identifier="1329" type="webcontent">
      <file href="data/supplements161/unnamed-chunk-3-1.png"/>
    </resource>
    <resource href="data/supplements161/unnamed-chunk-4-1.png" identifier="1330" type="webcontent">
      <file href="data/supplements161/unnamed-chunk-4-1.png"/>
    </resource>
    <resource href="data/supplements162/unnamed-chunk-3-1.png" identifier="1331" type="webcontent">
      <file href="data/supplements162/unnamed-chunk-3-1.png"/>
    </resource>
    <resource href="data/supplements162/unnamed-chunk-4-1.png" identifier="1332" type="webcontent">
      <file href="data/supplements162/unnamed-chunk-4-1.png"/>
    </resource>
    <resource href="data/supplements163/unnamed-chunk-3-1.png" identifier="1333" type="webcontent">
      <file href="data/supplements163/unnamed-chunk-3-1.png"/>
    </resource>
    <resource href="data/supplements163/unnamed-chunk-4-1.png" identifier="1334" type="webcontent">
      <file href="data/supplements163/unnamed-chunk-4-1.png"/>
    </resource>
    <resource href="data/supplements164/unnamed-chunk-3-1.png" identifier="1335" type="webcontent">
      <file href="data/supplements164/unnamed-chunk-3-1.png"/>
    </resource>
    <resource href="data/supplements164/unnamed-chunk-4-1.png" identifier="1336" type="webcontent">
      <file href="data/supplements164/unnamed-chunk-4-1.png"/>
    </resource>
    <resource href="data/supplements165/unnamed-chunk-3-1.png" identifier="1337" type="webcontent">
      <file href="data/supplements165/unnamed-chunk-3-1.png"/>
    </resource>
    <resource href="data/supplements165/unnamed-chunk-4-1.png" identifier="1338" type="webcontent">
      <file href="data/supplements165/unnamed-chunk-4-1.png"/>
    </resource>
    <resource href="data/supplements166/unnamed-chunk-3-1.png" identifier="1339" type="webcontent">
      <file href="data/supplements166/unnamed-chunk-3-1.png"/>
    </resource>
    <resource href="data/supplements166/unnamed-chunk-4-1.png" identifier="1340" type="webcontent">
      <file href="data/supplements166/unnamed-chunk-4-1.png"/>
    </resource>
    <resource href="data/supplements167/unnamed-chunk-3-1.png" identifier="1341" type="webcontent">
      <file href="data/supplements167/unnamed-chunk-3-1.png"/>
    </resource>
    <resource href="data/supplements167/unnamed-chunk-4-1.png" identifier="1342" type="webcontent">
      <file href="data/supplements167/unnamed-chunk-4-1.png"/>
    </resource>
    <resource href="data/supplements168/unnamed-chunk-3-1.png" identifier="1343" type="webcontent">
      <file href="data/supplements168/unnamed-chunk-3-1.png"/>
    </resource>
    <resource href="data/supplements168/unnamed-chunk-4-1.png" identifier="1344" type="webcontent">
      <file href="data/supplements168/unnamed-chunk-4-1.png"/>
    </resource>
    <resource href="data/supplements169/unnamed-chunk-3-1.png" identifier="1345" type="webcontent">
      <file href="data/supplements169/unnamed-chunk-3-1.png"/>
    </resource>
    <resource href="data/supplements169/unnamed-chunk-4-1.png" identifier="1346" type="webcontent">
      <file href="data/supplements169/unnamed-chunk-4-1.png"/>
    </resource>
    <resource href="data/supplements17/unnamed-chunk-1-1.png" identifier="1347" type="webcontent">
      <file href="data/supplements17/unnamed-chunk-1-1.png"/>
    </resource>
    <resource href="data/supplements17/unnamed-chunk-2-1.png" identifier="1348" type="webcontent">
      <file href="data/supplements17/unnamed-chunk-2-1.png"/>
    </resource>
    <resource href="data/supplements17/unnamed-chunk-3-1.png" identifier="1349" type="webcontent">
      <file href="data/supplements17/unnamed-chunk-3-1.png"/>
    </resource>
    <resource href="data/supplements170/unnamed-chunk-3-1.png" identifier="1350" type="webcontent">
      <file href="data/supplements170/unnamed-chunk-3-1.png"/>
    </resource>
    <resource href="data/supplements170/unnamed-chunk-4-1.png" identifier="1351" type="webcontent">
      <file href="data/supplements170/unnamed-chunk-4-1.png"/>
    </resource>
    <resource href="data/supplements171/unnamed-chunk-3-1.png" identifier="1352" type="webcontent">
      <file href="data/supplements171/unnamed-chunk-3-1.png"/>
    </resource>
    <resource href="data/supplements171/unnamed-chunk-4-1.png" identifier="1353" type="webcontent">
      <file href="data/supplements171/unnamed-chunk-4-1.png"/>
    </resource>
    <resource href="data/supplements172/unnamed-chunk-3-1.png" identifier="1354" type="webcontent">
      <file href="data/supplements172/unnamed-chunk-3-1.png"/>
    </resource>
    <resource href="data/supplements172/unnamed-chunk-4-1.png" identifier="1355" type="webcontent">
      <file href="data/supplements172/unnamed-chunk-4-1.png"/>
    </resource>
    <resource href="data/supplements173/unnamed-chunk-3-1.png" identifier="1356" type="webcontent">
      <file href="data/supplements173/unnamed-chunk-3-1.png"/>
    </resource>
    <resource href="data/supplements173/unnamed-chunk-4-1.png" identifier="1357" type="webcontent">
      <file href="data/supplements173/unnamed-chunk-4-1.png"/>
    </resource>
    <resource href="data/supplements174/unnamed-chunk-3-1.png" identifier="1358" type="webcontent">
      <file href="data/supplements174/unnamed-chunk-3-1.png"/>
    </resource>
    <resource href="data/supplements174/unnamed-chunk-4-1.png" identifier="1359" type="webcontent">
      <file href="data/supplements174/unnamed-chunk-4-1.png"/>
    </resource>
    <resource href="data/supplements175/unnamed-chunk-3-1.png" identifier="1360" type="webcontent">
      <file href="data/supplements175/unnamed-chunk-3-1.png"/>
    </resource>
    <resource href="data/supplements175/unnamed-chunk-4-1.png" identifier="1361" type="webcontent">
      <file href="data/supplements175/unnamed-chunk-4-1.png"/>
    </resource>
    <resource href="data/supplements176/unnamed-chunk-3-1.png" identifier="1362" type="webcontent">
      <file href="data/supplements176/unnamed-chunk-3-1.png"/>
    </resource>
    <resource href="data/supplements176/unnamed-chunk-4-1.png" identifier="1363" type="webcontent">
      <file href="data/supplements176/unnamed-chunk-4-1.png"/>
    </resource>
    <resource href="data/supplements177/unnamed-chunk-3-1.png" identifier="1364" type="webcontent">
      <file href="data/supplements177/unnamed-chunk-3-1.png"/>
    </resource>
    <resource href="data/supplements177/unnamed-chunk-4-1.png" identifier="1365" type="webcontent">
      <file href="data/supplements177/unnamed-chunk-4-1.png"/>
    </resource>
    <resource href="data/supplements178/unnamed-chunk-3-1.png" identifier="1366" type="webcontent">
      <file href="data/supplements178/unnamed-chunk-3-1.png"/>
    </resource>
    <resource href="data/supplements178/unnamed-chunk-4-1.png" identifier="1367" type="webcontent">
      <file href="data/supplements178/unnamed-chunk-4-1.png"/>
    </resource>
    <resource href="data/supplements179/unnamed-chunk-3-1.png" identifier="1368" type="webcontent">
      <file href="data/supplements179/unnamed-chunk-3-1.png"/>
    </resource>
    <resource href="data/supplements179/unnamed-chunk-4-1.png" identifier="1369" type="webcontent">
      <file href="data/supplements179/unnamed-chunk-4-1.png"/>
    </resource>
    <resource href="data/supplements18/unnamed-chunk-1-1.png" identifier="1370" type="webcontent">
      <file href="data/supplements18/unnamed-chunk-1-1.png"/>
    </resource>
    <resource href="data/supplements18/unnamed-chunk-2-1.png" identifier="1371" type="webcontent">
      <file href="data/supplements18/unnamed-chunk-2-1.png"/>
    </resource>
    <resource href="data/supplements18/unnamed-chunk-3-1.png" identifier="1372" type="webcontent">
      <file href="data/supplements18/unnamed-chunk-3-1.png"/>
    </resource>
    <resource href="data/supplements180/unnamed-chunk-3-1.png" identifier="1373" type="webcontent">
      <file href="data/supplements180/unnamed-chunk-3-1.png"/>
    </resource>
    <resource href="data/supplements180/unnamed-chunk-4-1.png" identifier="1374" type="webcontent">
      <file href="data/supplements180/unnamed-chunk-4-1.png"/>
    </resource>
    <resource href="data/supplements181/unnamed-chunk-2-1.png" identifier="1375" type="webcontent">
      <file href="data/supplements181/unnamed-chunk-2-1.png"/>
    </resource>
    <resource href="data/supplements182/unnamed-chunk-2-1.png" identifier="1376" type="webcontent">
      <file href="data/supplements182/unnamed-chunk-2-1.png"/>
    </resource>
    <resource href="data/supplements183/unnamed-chunk-2-1.png" identifier="1377" type="webcontent">
      <file href="data/supplements183/unnamed-chunk-2-1.png"/>
    </resource>
    <resource href="data/supplements184/unnamed-chunk-2-1.png" identifier="1378" type="webcontent">
      <file href="data/supplements184/unnamed-chunk-2-1.png"/>
    </resource>
    <resource href="data/supplements185/unnamed-chunk-2-1.png" identifier="1379" type="webcontent">
      <file href="data/supplements185/unnamed-chunk-2-1.png"/>
    </resource>
    <resource href="data/supplements186/unnamed-chunk-2-1.png" identifier="1380" type="webcontent">
      <file href="data/supplements186/unnamed-chunk-2-1.png"/>
    </resource>
    <resource href="data/supplements187/unnamed-chunk-2-1.png" identifier="1381" type="webcontent">
      <file href="data/supplements187/unnamed-chunk-2-1.png"/>
    </resource>
    <resource href="data/supplements188/unnamed-chunk-2-1.png" identifier="1382" type="webcontent">
      <file href="data/supplements188/unnamed-chunk-2-1.png"/>
    </resource>
    <resource href="data/supplements189/unnamed-chunk-2-1.png" identifier="1383" type="webcontent">
      <file href="data/supplements189/unnamed-chunk-2-1.png"/>
    </resource>
    <resource href="data/supplements19/unnamed-chunk-1-1.png" identifier="1384" type="webcontent">
      <file href="data/supplements19/unnamed-chunk-1-1.png"/>
    </resource>
    <resource href="data/supplements19/unnamed-chunk-2-1.png" identifier="1385" type="webcontent">
      <file href="data/supplements19/unnamed-chunk-2-1.png"/>
    </resource>
    <resource href="data/supplements19/unnamed-chunk-3-1.png" identifier="1386" type="webcontent">
      <file href="data/supplements19/unnamed-chunk-3-1.png"/>
    </resource>
    <resource href="data/supplements190/unnamed-chunk-2-1.png" identifier="1387" type="webcontent">
      <file href="data/supplements190/unnamed-chunk-2-1.png"/>
    </resource>
    <resource href="data/supplements191/unnamed-chunk-2-1.png" identifier="1388" type="webcontent">
      <file href="data/supplements191/unnamed-chunk-2-1.png"/>
    </resource>
    <resource href="data/supplements192/unnamed-chunk-2-1.png" identifier="1389" type="webcontent">
      <file href="data/supplements192/unnamed-chunk-2-1.png"/>
    </resource>
    <resource href="data/supplements193/unnamed-chunk-2-1.png" identifier="1390" type="webcontent">
      <file href="data/supplements193/unnamed-chunk-2-1.png"/>
    </resource>
    <resource href="data/supplements194/unnamed-chunk-2-1.png" identifier="1391" type="webcontent">
      <file href="data/supplements194/unnamed-chunk-2-1.png"/>
    </resource>
    <resource href="data/supplements195/unnamed-chunk-2-1.png" identifier="1392" type="webcontent">
      <file href="data/supplements195/unnamed-chunk-2-1.png"/>
    </resource>
    <resource href="data/supplements196/unnamed-chunk-2-1.png" identifier="1393" type="webcontent">
      <file href="data/supplements196/unnamed-chunk-2-1.png"/>
    </resource>
    <resource href="data/supplements197/unnamed-chunk-2-1.png" identifier="1394" type="webcontent">
      <file href="data/supplements197/unnamed-chunk-2-1.png"/>
    </resource>
    <resource href="data/supplements198/unnamed-chunk-2-1.png" identifier="1395" type="webcontent">
      <file href="data/supplements198/unnamed-chunk-2-1.png"/>
    </resource>
    <resource href="data/supplements199/unnamed-chunk-2-1.png" identifier="1396" type="webcontent">
      <file href="data/supplements199/unnamed-chunk-2-1.png"/>
    </resource>
    <resource href="data/supplements2/unnamed-chunk-1-1.png" identifier="1397" type="webcontent">
      <file href="data/supplements2/unnamed-chunk-1-1.png"/>
    </resource>
    <resource href="data/supplements2/unnamed-chunk-2-1.png" identifier="1398" type="webcontent">
      <file href="data/supplements2/unnamed-chunk-2-1.png"/>
    </resource>
    <resource href="data/supplements2/unnamed-chunk-3-1.png" identifier="1399" type="webcontent">
      <file href="data/supplements2/unnamed-chunk-3-1.png"/>
    </resource>
    <resource href="data/supplements20/unnamed-chunk-1-1.png" identifier="1400" type="webcontent">
      <file href="data/supplements20/unnamed-chunk-1-1.png"/>
    </resource>
    <resource href="data/supplements20/unnamed-chunk-2-1.png" identifier="1401" type="webcontent">
      <file href="data/supplements20/unnamed-chunk-2-1.png"/>
    </resource>
    <resource href="data/supplements20/unnamed-chunk-3-1.png" identifier="1402" type="webcontent">
      <file href="data/supplements20/unnamed-chunk-3-1.png"/>
    </resource>
    <resource href="data/supplements200/unnamed-chunk-2-1.png" identifier="1403" type="webcontent">
      <file href="data/supplements200/unnamed-chunk-2-1.png"/>
    </resource>
    <resource href="data/supplements201/unnamed-chunk-2-1.png" identifier="1404" type="webcontent">
      <file href="data/supplements201/unnamed-chunk-2-1.png"/>
    </resource>
    <resource href="data/supplements202/unnamed-chunk-2-1.png" identifier="1405" type="webcontent">
      <file href="data/supplements202/unnamed-chunk-2-1.png"/>
    </resource>
    <resource href="data/supplements203/unnamed-chunk-2-1.png" identifier="1406" type="webcontent">
      <file href="data/supplements203/unnamed-chunk-2-1.png"/>
    </resource>
    <resource href="data/supplements204/unnamed-chunk-2-1.png" identifier="1407" type="webcontent">
      <file href="data/supplements204/unnamed-chunk-2-1.png"/>
    </resource>
    <resource href="data/supplements205/unnamed-chunk-2-1.png" identifier="1408" type="webcontent">
      <file href="data/supplements205/unnamed-chunk-2-1.png"/>
    </resource>
    <resource href="data/supplements206/unnamed-chunk-2-1.png" identifier="1409" type="webcontent">
      <file href="data/supplements206/unnamed-chunk-2-1.png"/>
    </resource>
    <resource href="data/supplements207/unnamed-chunk-2-1.png" identifier="1410" type="webcontent">
      <file href="data/supplements207/unnamed-chunk-2-1.png"/>
    </resource>
    <resource href="data/supplements208/unnamed-chunk-2-1.png" identifier="1411" type="webcontent">
      <file href="data/supplements208/unnamed-chunk-2-1.png"/>
    </resource>
    <resource href="data/supplements209/unnamed-chunk-2-1.png" identifier="1412" type="webcontent">
      <file href="data/supplements209/unnamed-chunk-2-1.png"/>
    </resource>
    <resource href="data/supplements21/unnamed-chunk-1-1.png" identifier="1413" type="webcontent">
      <file href="data/supplements21/unnamed-chunk-1-1.png"/>
    </resource>
    <resource href="data/supplements21/unnamed-chunk-2-1.png" identifier="1414" type="webcontent">
      <file href="data/supplements21/unnamed-chunk-2-1.png"/>
    </resource>
    <resource href="data/supplements21/unnamed-chunk-3-1.png" identifier="1415" type="webcontent">
      <file href="data/supplements21/unnamed-chunk-3-1.png"/>
    </resource>
    <resource href="data/supplements210/unnamed-chunk-2-1.png" identifier="1416" type="webcontent">
      <file href="data/supplements210/unnamed-chunk-2-1.png"/>
    </resource>
    <resource href="data/supplements211/unnamed-chunk-2-1.png" identifier="1417" type="webcontent">
      <file href="data/supplements211/unnamed-chunk-2-1.png"/>
    </resource>
    <resource href="data/supplements211/unnamed-chunk-3-1.png" identifier="1418" type="webcontent">
      <file href="data/supplements211/unnamed-chunk-3-1.png"/>
    </resource>
    <resource href="data/supplements212/unnamed-chunk-2-1.png" identifier="1419" type="webcontent">
      <file href="data/supplements212/unnamed-chunk-2-1.png"/>
    </resource>
    <resource href="data/supplements212/unnamed-chunk-3-1.png" identifier="1420" type="webcontent">
      <file href="data/supplements212/unnamed-chunk-3-1.png"/>
    </resource>
    <resource href="data/supplements213/unnamed-chunk-2-1.png" identifier="1421" type="webcontent">
      <file href="data/supplements213/unnamed-chunk-2-1.png"/>
    </resource>
    <resource href="data/supplements213/unnamed-chunk-3-1.png" identifier="1422" type="webcontent">
      <file href="data/supplements213/unnamed-chunk-3-1.png"/>
    </resource>
    <resource href="data/supplements214/unnamed-chunk-2-1.png" identifier="1423" type="webcontent">
      <file href="data/supplements214/unnamed-chunk-2-1.png"/>
    </resource>
    <resource href="data/supplements214/unnamed-chunk-3-1.png" identifier="1424" type="webcontent">
      <file href="data/supplements214/unnamed-chunk-3-1.png"/>
    </resource>
    <resource href="data/supplements215/unnamed-chunk-2-1.png" identifier="1425" type="webcontent">
      <file href="data/supplements215/unnamed-chunk-2-1.png"/>
    </resource>
    <resource href="data/supplements215/unnamed-chunk-3-1.png" identifier="1426" type="webcontent">
      <file href="data/supplements215/unnamed-chunk-3-1.png"/>
    </resource>
    <resource href="data/supplements216/unnamed-chunk-2-1.png" identifier="1427" type="webcontent">
      <file href="data/supplements216/unnamed-chunk-2-1.png"/>
    </resource>
    <resource href="data/supplements216/unnamed-chunk-3-1.png" identifier="1428" type="webcontent">
      <file href="data/supplements216/unnamed-chunk-3-1.png"/>
    </resource>
    <resource href="data/supplements217/unnamed-chunk-2-1.png" identifier="1429" type="webcontent">
      <file href="data/supplements217/unnamed-chunk-2-1.png"/>
    </resource>
    <resource href="data/supplements217/unnamed-chunk-3-1.png" identifier="1430" type="webcontent">
      <file href="data/supplements217/unnamed-chunk-3-1.png"/>
    </resource>
    <resource href="data/supplements218/unnamed-chunk-2-1.png" identifier="1431" type="webcontent">
      <file href="data/supplements218/unnamed-chunk-2-1.png"/>
    </resource>
    <resource href="data/supplements218/unnamed-chunk-3-1.png" identifier="1432" type="webcontent">
      <file href="data/supplements218/unnamed-chunk-3-1.png"/>
    </resource>
    <resource href="data/supplements219/unnamed-chunk-2-1.png" identifier="1433" type="webcontent">
      <file href="data/supplements219/unnamed-chunk-2-1.png"/>
    </resource>
    <resource href="data/supplements219/unnamed-chunk-3-1.png" identifier="1434" type="webcontent">
      <file href="data/supplements219/unnamed-chunk-3-1.png"/>
    </resource>
    <resource href="data/supplements22/unnamed-chunk-1-1.png" identifier="1435" type="webcontent">
      <file href="data/supplements22/unnamed-chunk-1-1.png"/>
    </resource>
    <resource href="data/supplements22/unnamed-chunk-2-1.png" identifier="1436" type="webcontent">
      <file href="data/supplements22/unnamed-chunk-2-1.png"/>
    </resource>
    <resource href="data/supplements22/unnamed-chunk-3-1.png" identifier="1437" type="webcontent">
      <file href="data/supplements22/unnamed-chunk-3-1.png"/>
    </resource>
    <resource href="data/supplements220/unnamed-chunk-2-1.png" identifier="1438" type="webcontent">
      <file href="data/supplements220/unnamed-chunk-2-1.png"/>
    </resource>
    <resource href="data/supplements220/unnamed-chunk-3-1.png" identifier="1439" type="webcontent">
      <file href="data/supplements220/unnamed-chunk-3-1.png"/>
    </resource>
    <resource href="data/supplements221/unnamed-chunk-2-1.png" identifier="1440" type="webcontent">
      <file href="data/supplements221/unnamed-chunk-2-1.png"/>
    </resource>
    <resource href="data/supplements221/unnamed-chunk-3-1.png" identifier="1441" type="webcontent">
      <file href="data/supplements221/unnamed-chunk-3-1.png"/>
    </resource>
    <resource href="data/supplements222/unnamed-chunk-2-1.png" identifier="1442" type="webcontent">
      <file href="data/supplements222/unnamed-chunk-2-1.png"/>
    </resource>
    <resource href="data/supplements222/unnamed-chunk-3-1.png" identifier="1443" type="webcontent">
      <file href="data/supplements222/unnamed-chunk-3-1.png"/>
    </resource>
    <resource href="data/supplements223/unnamed-chunk-2-1.png" identifier="1444" type="webcontent">
      <file href="data/supplements223/unnamed-chunk-2-1.png"/>
    </resource>
    <resource href="data/supplements223/unnamed-chunk-3-1.png" identifier="1445" type="webcontent">
      <file href="data/supplements223/unnamed-chunk-3-1.png"/>
    </resource>
    <resource href="data/supplements224/unnamed-chunk-2-1.png" identifier="1446" type="webcontent">
      <file href="data/supplements224/unnamed-chunk-2-1.png"/>
    </resource>
    <resource href="data/supplements224/unnamed-chunk-3-1.png" identifier="1447" type="webcontent">
      <file href="data/supplements224/unnamed-chunk-3-1.png"/>
    </resource>
    <resource href="data/supplements225/unnamed-chunk-2-1.png" identifier="1448" type="webcontent">
      <file href="data/supplements225/unnamed-chunk-2-1.png"/>
    </resource>
    <resource href="data/supplements225/unnamed-chunk-3-1.png" identifier="1449" type="webcontent">
      <file href="data/supplements225/unnamed-chunk-3-1.png"/>
    </resource>
    <resource href="data/supplements226/unnamed-chunk-2-1.png" identifier="1450" type="webcontent">
      <file href="data/supplements226/unnamed-chunk-2-1.png"/>
    </resource>
    <resource href="data/supplements226/unnamed-chunk-3-1.png" identifier="1451" type="webcontent">
      <file href="data/supplements226/unnamed-chunk-3-1.png"/>
    </resource>
    <resource href="data/supplements227/unnamed-chunk-2-1.png" identifier="1452" type="webcontent">
      <file href="data/supplements227/unnamed-chunk-2-1.png"/>
    </resource>
    <resource href="data/supplements227/unnamed-chunk-3-1.png" identifier="1453" type="webcontent">
      <file href="data/supplements227/unnamed-chunk-3-1.png"/>
    </resource>
    <resource href="data/supplements228/unnamed-chunk-2-1.png" identifier="1454" type="webcontent">
      <file href="data/supplements228/unnamed-chunk-2-1.png"/>
    </resource>
    <resource href="data/supplements228/unnamed-chunk-3-1.png" identifier="1455" type="webcontent">
      <file href="data/supplements228/unnamed-chunk-3-1.png"/>
    </resource>
    <resource href="data/supplements229/unnamed-chunk-2-1.png" identifier="1456" type="webcontent">
      <file href="data/supplements229/unnamed-chunk-2-1.png"/>
    </resource>
    <resource href="data/supplements229/unnamed-chunk-3-1.png" identifier="1457" type="webcontent">
      <file href="data/supplements229/unnamed-chunk-3-1.png"/>
    </resource>
    <resource href="data/supplements23/unnamed-chunk-1-1.png" identifier="1458" type="webcontent">
      <file href="data/supplements23/unnamed-chunk-1-1.png"/>
    </resource>
    <resource href="data/supplements23/unnamed-chunk-2-1.png" identifier="1459" type="webcontent">
      <file href="data/supplements23/unnamed-chunk-2-1.png"/>
    </resource>
    <resource href="data/supplements23/unnamed-chunk-3-1.png" identifier="1460" type="webcontent">
      <file href="data/supplements23/unnamed-chunk-3-1.png"/>
    </resource>
    <resource href="data/supplements230/unnamed-chunk-2-1.png" identifier="1461" type="webcontent">
      <file href="data/supplements230/unnamed-chunk-2-1.png"/>
    </resource>
    <resource href="data/supplements230/unnamed-chunk-3-1.png" identifier="1462" type="webcontent">
      <file href="data/supplements230/unnamed-chunk-3-1.png"/>
    </resource>
    <resource href="data/supplements231/unnamed-chunk-2-1.png" identifier="1463" type="webcontent">
      <file href="data/supplements231/unnamed-chunk-2-1.png"/>
    </resource>
    <resource href="data/supplements231/unnamed-chunk-3-1.png" identifier="1464" type="webcontent">
      <file href="data/supplements231/unnamed-chunk-3-1.png"/>
    </resource>
    <resource href="data/supplements232/unnamed-chunk-2-1.png" identifier="1465" type="webcontent">
      <file href="data/supplements232/unnamed-chunk-2-1.png"/>
    </resource>
    <resource href="data/supplements232/unnamed-chunk-3-1.png" identifier="1466" type="webcontent">
      <file href="data/supplements232/unnamed-chunk-3-1.png"/>
    </resource>
    <resource href="data/supplements233/unnamed-chunk-2-1.png" identifier="1467" type="webcontent">
      <file href="data/supplements233/unnamed-chunk-2-1.png"/>
    </resource>
    <resource href="data/supplements233/unnamed-chunk-3-1.png" identifier="1468" type="webcontent">
      <file href="data/supplements233/unnamed-chunk-3-1.png"/>
    </resource>
    <resource href="data/supplements234/unnamed-chunk-2-1.png" identifier="1469" type="webcontent">
      <file href="data/supplements234/unnamed-chunk-2-1.png"/>
    </resource>
    <resource href="data/supplements234/unnamed-chunk-3-1.png" identifier="1470" type="webcontent">
      <file href="data/supplements234/unnamed-chunk-3-1.png"/>
    </resource>
    <resource href="data/supplements235/unnamed-chunk-2-1.png" identifier="1471" type="webcontent">
      <file href="data/supplements235/unnamed-chunk-2-1.png"/>
    </resource>
    <resource href="data/supplements235/unnamed-chunk-3-1.png" identifier="1472" type="webcontent">
      <file href="data/supplements235/unnamed-chunk-3-1.png"/>
    </resource>
    <resource href="data/supplements236/unnamed-chunk-2-1.png" identifier="1473" type="webcontent">
      <file href="data/supplements236/unnamed-chunk-2-1.png"/>
    </resource>
    <resource href="data/supplements236/unnamed-chunk-3-1.png" identifier="1474" type="webcontent">
      <file href="data/supplements236/unnamed-chunk-3-1.png"/>
    </resource>
    <resource href="data/supplements237/unnamed-chunk-2-1.png" identifier="1475" type="webcontent">
      <file href="data/supplements237/unnamed-chunk-2-1.png"/>
    </resource>
    <resource href="data/supplements237/unnamed-chunk-3-1.png" identifier="1476" type="webcontent">
      <file href="data/supplements237/unnamed-chunk-3-1.png"/>
    </resource>
    <resource href="data/supplements238/unnamed-chunk-2-1.png" identifier="1477" type="webcontent">
      <file href="data/supplements238/unnamed-chunk-2-1.png"/>
    </resource>
    <resource href="data/supplements238/unnamed-chunk-3-1.png" identifier="1478" type="webcontent">
      <file href="data/supplements238/unnamed-chunk-3-1.png"/>
    </resource>
    <resource href="data/supplements239/unnamed-chunk-2-1.png" identifier="1479" type="webcontent">
      <file href="data/supplements239/unnamed-chunk-2-1.png"/>
    </resource>
    <resource href="data/supplements239/unnamed-chunk-3-1.png" identifier="1480" type="webcontent">
      <file href="data/supplements239/unnamed-chunk-3-1.png"/>
    </resource>
    <resource href="data/supplements24/unnamed-chunk-1-1.png" identifier="1481" type="webcontent">
      <file href="data/supplements24/unnamed-chunk-1-1.png"/>
    </resource>
    <resource href="data/supplements24/unnamed-chunk-2-1.png" identifier="1482" type="webcontent">
      <file href="data/supplements24/unnamed-chunk-2-1.png"/>
    </resource>
    <resource href="data/supplements24/unnamed-chunk-3-1.png" identifier="1483" type="webcontent">
      <file href="data/supplements24/unnamed-chunk-3-1.png"/>
    </resource>
    <resource href="data/supplements240/unnamed-chunk-2-1.png" identifier="1484" type="webcontent">
      <file href="data/supplements240/unnamed-chunk-2-1.png"/>
    </resource>
    <resource href="data/supplements240/unnamed-chunk-3-1.png" identifier="1485" type="webcontent">
      <file href="data/supplements240/unnamed-chunk-3-1.png"/>
    </resource>
    <resource href="data/supplements241/unnamed-chunk-2-1.png" identifier="1486" type="webcontent">
      <file href="data/supplements241/unnamed-chunk-2-1.png"/>
    </resource>
    <resource href="data/supplements242/unnamed-chunk-2-1.png" identifier="1487" type="webcontent">
      <file href="data/supplements242/unnamed-chunk-2-1.png"/>
    </resource>
    <resource href="data/supplements243/unnamed-chunk-2-1.png" identifier="1488" type="webcontent">
      <file href="data/supplements243/unnamed-chunk-2-1.png"/>
    </resource>
    <resource href="data/supplements244/unnamed-chunk-2-1.png" identifier="1489" type="webcontent">
      <file href="data/supplements244/unnamed-chunk-2-1.png"/>
    </resource>
    <resource href="data/supplements245/unnamed-chunk-2-1.png" identifier="1490" type="webcontent">
      <file href="data/supplements245/unnamed-chunk-2-1.png"/>
    </resource>
    <resource href="data/supplements246/unnamed-chunk-2-1.png" identifier="1491" type="webcontent">
      <file href="data/supplements246/unnamed-chunk-2-1.png"/>
    </resource>
    <resource href="data/supplements247/unnamed-chunk-2-1.png" identifier="1492" type="webcontent">
      <file href="data/supplements247/unnamed-chunk-2-1.png"/>
    </resource>
    <resource href="data/supplements248/unnamed-chunk-2-1.png" identifier="1493" type="webcontent">
      <file href="data/supplements248/unnamed-chunk-2-1.png"/>
    </resource>
    <resource href="data/supplements249/unnamed-chunk-2-1.png" identifier="1494" type="webcontent">
      <file href="data/supplements249/unnamed-chunk-2-1.png"/>
    </resource>
    <resource href="data/supplements25/unnamed-chunk-1-1.png" identifier="1495" type="webcontent">
      <file href="data/supplements25/unnamed-chunk-1-1.png"/>
    </resource>
    <resource href="data/supplements25/unnamed-chunk-2-1.png" identifier="1496" type="webcontent">
      <file href="data/supplements25/unnamed-chunk-2-1.png"/>
    </resource>
    <resource href="data/supplements25/unnamed-chunk-3-1.png" identifier="1497" type="webcontent">
      <file href="data/supplements25/unnamed-chunk-3-1.png"/>
    </resource>
    <resource href="data/supplements250/unnamed-chunk-2-1.png" identifier="1498" type="webcontent">
      <file href="data/supplements250/unnamed-chunk-2-1.png"/>
    </resource>
    <resource href="data/supplements251/unnamed-chunk-2-1.png" identifier="1499" type="webcontent">
      <file href="data/supplements251/unnamed-chunk-2-1.png"/>
    </resource>
    <resource href="data/supplements252/unnamed-chunk-2-1.png" identifier="1500" type="webcontent">
      <file href="data/supplements252/unnamed-chunk-2-1.png"/>
    </resource>
    <resource href="data/supplements253/unnamed-chunk-2-1.png" identifier="1501" type="webcontent">
      <file href="data/supplements253/unnamed-chunk-2-1.png"/>
    </resource>
    <resource href="data/supplements254/unnamed-chunk-2-1.png" identifier="1502" type="webcontent">
      <file href="data/supplements254/unnamed-chunk-2-1.png"/>
    </resource>
    <resource href="data/supplements255/unnamed-chunk-2-1.png" identifier="1503" type="webcontent">
      <file href="data/supplements255/unnamed-chunk-2-1.png"/>
    </resource>
    <resource href="data/supplements256/unnamed-chunk-2-1.png" identifier="1504" type="webcontent">
      <file href="data/supplements256/unnamed-chunk-2-1.png"/>
    </resource>
    <resource href="data/supplements257/unnamed-chunk-2-1.png" identifier="1505" type="webcontent">
      <file href="data/supplements257/unnamed-chunk-2-1.png"/>
    </resource>
    <resource href="data/supplements258/unnamed-chunk-2-1.png" identifier="1506" type="webcontent">
      <file href="data/supplements258/unnamed-chunk-2-1.png"/>
    </resource>
    <resource href="data/supplements259/unnamed-chunk-2-1.png" identifier="1507" type="webcontent">
      <file href="data/supplements259/unnamed-chunk-2-1.png"/>
    </resource>
    <resource href="data/supplements26/unnamed-chunk-1-1.png" identifier="1508" type="webcontent">
      <file href="data/supplements26/unnamed-chunk-1-1.png"/>
    </resource>
    <resource href="data/supplements26/unnamed-chunk-2-1.png" identifier="1509" type="webcontent">
      <file href="data/supplements26/unnamed-chunk-2-1.png"/>
    </resource>
    <resource href="data/supplements26/unnamed-chunk-3-1.png" identifier="1510" type="webcontent">
      <file href="data/supplements26/unnamed-chunk-3-1.png"/>
    </resource>
    <resource href="data/supplements260/unnamed-chunk-2-1.png" identifier="1511" type="webcontent">
      <file href="data/supplements260/unnamed-chunk-2-1.png"/>
    </resource>
    <resource href="data/supplements261/unnamed-chunk-2-1.png" identifier="1512" type="webcontent">
      <file href="data/supplements261/unnamed-chunk-2-1.png"/>
    </resource>
    <resource href="data/supplements262/unnamed-chunk-2-1.png" identifier="1513" type="webcontent">
      <file href="data/supplements262/unnamed-chunk-2-1.png"/>
    </resource>
    <resource href="data/supplements263/unnamed-chunk-2-1.png" identifier="1514" type="webcontent">
      <file href="data/supplements263/unnamed-chunk-2-1.png"/>
    </resource>
    <resource href="data/supplements264/unnamed-chunk-2-1.png" identifier="1515" type="webcontent">
      <file href="data/supplements264/unnamed-chunk-2-1.png"/>
    </resource>
    <resource href="data/supplements265/unnamed-chunk-2-1.png" identifier="1516" type="webcontent">
      <file href="data/supplements265/unnamed-chunk-2-1.png"/>
    </resource>
    <resource href="data/supplements266/unnamed-chunk-2-1.png" identifier="1517" type="webcontent">
      <file href="data/supplements266/unnamed-chunk-2-1.png"/>
    </resource>
    <resource href="data/supplements267/unnamed-chunk-2-1.png" identifier="1518" type="webcontent">
      <file href="data/supplements267/unnamed-chunk-2-1.png"/>
    </resource>
    <resource href="data/supplements268/unnamed-chunk-2-1.png" identifier="1519" type="webcontent">
      <file href="data/supplements268/unnamed-chunk-2-1.png"/>
    </resource>
    <resource href="data/supplements269/unnamed-chunk-2-1.png" identifier="1520" type="webcontent">
      <file href="data/supplements269/unnamed-chunk-2-1.png"/>
    </resource>
    <resource href="data/supplements27/unnamed-chunk-1-1.png" identifier="1521" type="webcontent">
      <file href="data/supplements27/unnamed-chunk-1-1.png"/>
    </resource>
    <resource href="data/supplements27/unnamed-chunk-2-1.png" identifier="1522" type="webcontent">
      <file href="data/supplements27/unnamed-chunk-2-1.png"/>
    </resource>
    <resource href="data/supplements27/unnamed-chunk-3-1.png" identifier="1523" type="webcontent">
      <file href="data/supplements27/unnamed-chunk-3-1.png"/>
    </resource>
    <resource href="data/supplements270/unnamed-chunk-2-1.png" identifier="1524" type="webcontent">
      <file href="data/supplements270/unnamed-chunk-2-1.png"/>
    </resource>
    <resource href="data/supplements28/unnamed-chunk-1-1.png" identifier="1525" type="webcontent">
      <file href="data/supplements28/unnamed-chunk-1-1.png"/>
    </resource>
    <resource href="data/supplements28/unnamed-chunk-2-1.png" identifier="1526" type="webcontent">
      <file href="data/supplements28/unnamed-chunk-2-1.png"/>
    </resource>
    <resource href="data/supplements28/unnamed-chunk-3-1.png" identifier="1527" type="webcontent">
      <file href="data/supplements28/unnamed-chunk-3-1.png"/>
    </resource>
    <resource href="data/supplements29/unnamed-chunk-1-1.png" identifier="1528" type="webcontent">
      <file href="data/supplements29/unnamed-chunk-1-1.png"/>
    </resource>
    <resource href="data/supplements29/unnamed-chunk-2-1.png" identifier="1529" type="webcontent">
      <file href="data/supplements29/unnamed-chunk-2-1.png"/>
    </resource>
    <resource href="data/supplements29/unnamed-chunk-3-1.png" identifier="1530" type="webcontent">
      <file href="data/supplements29/unnamed-chunk-3-1.png"/>
    </resource>
    <resource href="data/supplements3/unnamed-chunk-1-1.png" identifier="1531" type="webcontent">
      <file href="data/supplements3/unnamed-chunk-1-1.png"/>
    </resource>
    <resource href="data/supplements3/unnamed-chunk-2-1.png" identifier="1532" type="webcontent">
      <file href="data/supplements3/unnamed-chunk-2-1.png"/>
    </resource>
    <resource href="data/supplements3/unnamed-chunk-3-1.png" identifier="1533" type="webcontent">
      <file href="data/supplements3/unnamed-chunk-3-1.png"/>
    </resource>
    <resource href="data/supplements30/unnamed-chunk-1-1.png" identifier="1534" type="webcontent">
      <file href="data/supplements30/unnamed-chunk-1-1.png"/>
    </resource>
    <resource href="data/supplements30/unnamed-chunk-2-1.png" identifier="1535" type="webcontent">
      <file href="data/supplements30/unnamed-chunk-2-1.png"/>
    </resource>
    <resource href="data/supplements30/unnamed-chunk-3-1.png" identifier="1536" type="webcontent">
      <file href="data/supplements30/unnamed-chunk-3-1.png"/>
    </resource>
    <resource href="data/supplements31/unnamed-chunk-1-1.png" identifier="1537" type="webcontent">
      <file href="data/supplements31/unnamed-chunk-1-1.png"/>
    </resource>
    <resource href="data/supplements31/unnamed-chunk-5-1.png" identifier="1538" type="webcontent">
      <file href="data/supplements31/unnamed-chunk-5-1.png"/>
    </resource>
    <resource href="data/supplements31/unnamed-chunk-7-1.png" identifier="1539" type="webcontent">
      <file href="data/supplements31/unnamed-chunk-7-1.png"/>
    </resource>
    <resource href="data/supplements32/unnamed-chunk-1-1.png" identifier="1540" type="webcontent">
      <file href="data/supplements32/unnamed-chunk-1-1.png"/>
    </resource>
    <resource href="data/supplements32/unnamed-chunk-5-1.png" identifier="1541" type="webcontent">
      <file href="data/supplements32/unnamed-chunk-5-1.png"/>
    </resource>
    <resource href="data/supplements32/unnamed-chunk-7-1.png" identifier="1542" type="webcontent">
      <file href="data/supplements32/unnamed-chunk-7-1.png"/>
    </resource>
    <resource href="data/supplements33/unnamed-chunk-1-1.png" identifier="1543" type="webcontent">
      <file href="data/supplements33/unnamed-chunk-1-1.png"/>
    </resource>
    <resource href="data/supplements33/unnamed-chunk-5-1.png" identifier="1544" type="webcontent">
      <file href="data/supplements33/unnamed-chunk-5-1.png"/>
    </resource>
    <resource href="data/supplements33/unnamed-chunk-7-1.png" identifier="1545" type="webcontent">
      <file href="data/supplements33/unnamed-chunk-7-1.png"/>
    </resource>
    <resource href="data/supplements34/unnamed-chunk-1-1.png" identifier="1546" type="webcontent">
      <file href="data/supplements34/unnamed-chunk-1-1.png"/>
    </resource>
    <resource href="data/supplements34/unnamed-chunk-5-1.png" identifier="1547" type="webcontent">
      <file href="data/supplements34/unnamed-chunk-5-1.png"/>
    </resource>
    <resource href="data/supplements34/unnamed-chunk-7-1.png" identifier="1548" type="webcontent">
      <file href="data/supplements34/unnamed-chunk-7-1.png"/>
    </resource>
    <resource href="data/supplements35/unnamed-chunk-1-1.png" identifier="1549" type="webcontent">
      <file href="data/supplements35/unnamed-chunk-1-1.png"/>
    </resource>
    <resource href="data/supplements35/unnamed-chunk-5-1.png" identifier="1550" type="webcontent">
      <file href="data/supplements35/unnamed-chunk-5-1.png"/>
    </resource>
    <resource href="data/supplements35/unnamed-chunk-7-1.png" identifier="1551" type="webcontent">
      <file href="data/supplements35/unnamed-chunk-7-1.png"/>
    </resource>
    <resource href="data/supplements36/unnamed-chunk-1-1.png" identifier="1552" type="webcontent">
      <file href="data/supplements36/unnamed-chunk-1-1.png"/>
    </resource>
    <resource href="data/supplements36/unnamed-chunk-5-1.png" identifier="1553" type="webcontent">
      <file href="data/supplements36/unnamed-chunk-5-1.png"/>
    </resource>
    <resource href="data/supplements36/unnamed-chunk-7-1.png" identifier="1554" type="webcontent">
      <file href="data/supplements36/unnamed-chunk-7-1.png"/>
    </resource>
    <resource href="data/supplements37/unnamed-chunk-1-1.png" identifier="1555" type="webcontent">
      <file href="data/supplements37/unnamed-chunk-1-1.png"/>
    </resource>
    <resource href="data/supplements37/unnamed-chunk-5-1.png" identifier="1556" type="webcontent">
      <file href="data/supplements37/unnamed-chunk-5-1.png"/>
    </resource>
    <resource href="data/supplements37/unnamed-chunk-7-1.png" identifier="1557" type="webcontent">
      <file href="data/supplements37/unnamed-chunk-7-1.png"/>
    </resource>
    <resource href="data/supplements38/unnamed-chunk-1-1.png" identifier="1558" type="webcontent">
      <file href="data/supplements38/unnamed-chunk-1-1.png"/>
    </resource>
    <resource href="data/supplements38/unnamed-chunk-5-1.png" identifier="1559" type="webcontent">
      <file href="data/supplements38/unnamed-chunk-5-1.png"/>
    </resource>
    <resource href="data/supplements38/unnamed-chunk-7-1.png" identifier="1560" type="webcontent">
      <file href="data/supplements38/unnamed-chunk-7-1.png"/>
    </resource>
    <resource href="data/supplements39/unnamed-chunk-1-1.png" identifier="1561" type="webcontent">
      <file href="data/supplements39/unnamed-chunk-1-1.png"/>
    </resource>
    <resource href="data/supplements39/unnamed-chunk-5-1.png" identifier="1562" type="webcontent">
      <file href="data/supplements39/unnamed-chunk-5-1.png"/>
    </resource>
    <resource href="data/supplements39/unnamed-chunk-7-1.png" identifier="1563" type="webcontent">
      <file href="data/supplements39/unnamed-chunk-7-1.png"/>
    </resource>
    <resource href="data/supplements4/unnamed-chunk-1-1.png" identifier="1564" type="webcontent">
      <file href="data/supplements4/unnamed-chunk-1-1.png"/>
    </resource>
    <resource href="data/supplements4/unnamed-chunk-2-1.png" identifier="1565" type="webcontent">
      <file href="data/supplements4/unnamed-chunk-2-1.png"/>
    </resource>
    <resource href="data/supplements4/unnamed-chunk-3-1.png" identifier="1566" type="webcontent">
      <file href="data/supplements4/unnamed-chunk-3-1.png"/>
    </resource>
    <resource href="data/supplements40/unnamed-chunk-1-1.png" identifier="1567" type="webcontent">
      <file href="data/supplements40/unnamed-chunk-1-1.png"/>
    </resource>
    <resource href="data/supplements40/unnamed-chunk-5-1.png" identifier="1568" type="webcontent">
      <file href="data/supplements40/unnamed-chunk-5-1.png"/>
    </resource>
    <resource href="data/supplements40/unnamed-chunk-7-1.png" identifier="1569" type="webcontent">
      <file href="data/supplements40/unnamed-chunk-7-1.png"/>
    </resource>
    <resource href="data/supplements41/unnamed-chunk-1-1.png" identifier="1570" type="webcontent">
      <file href="data/supplements41/unnamed-chunk-1-1.png"/>
    </resource>
    <resource href="data/supplements41/unnamed-chunk-5-1.png" identifier="1571" type="webcontent">
      <file href="data/supplements41/unnamed-chunk-5-1.png"/>
    </resource>
    <resource href="data/supplements41/unnamed-chunk-7-1.png" identifier="1572" type="webcontent">
      <file href="data/supplements41/unnamed-chunk-7-1.png"/>
    </resource>
    <resource href="data/supplements42/unnamed-chunk-1-1.png" identifier="1573" type="webcontent">
      <file href="data/supplements42/unnamed-chunk-1-1.png"/>
    </resource>
    <resource href="data/supplements42/unnamed-chunk-5-1.png" identifier="1574" type="webcontent">
      <file href="data/supplements42/unnamed-chunk-5-1.png"/>
    </resource>
    <resource href="data/supplements42/unnamed-chunk-7-1.png" identifier="1575" type="webcontent">
      <file href="data/supplements42/unnamed-chunk-7-1.png"/>
    </resource>
    <resource href="data/supplements43/unnamed-chunk-1-1.png" identifier="1576" type="webcontent">
      <file href="data/supplements43/unnamed-chunk-1-1.png"/>
    </resource>
    <resource href="data/supplements43/unnamed-chunk-5-1.png" identifier="1577" type="webcontent">
      <file href="data/supplements43/unnamed-chunk-5-1.png"/>
    </resource>
    <resource href="data/supplements43/unnamed-chunk-7-1.png" identifier="1578" type="webcontent">
      <file href="data/supplements43/unnamed-chunk-7-1.png"/>
    </resource>
    <resource href="data/supplements44/unnamed-chunk-1-1.png" identifier="1579" type="webcontent">
      <file href="data/supplements44/unnamed-chunk-1-1.png"/>
    </resource>
    <resource href="data/supplements44/unnamed-chunk-5-1.png" identifier="1580" type="webcontent">
      <file href="data/supplements44/unnamed-chunk-5-1.png"/>
    </resource>
    <resource href="data/supplements44/unnamed-chunk-7-1.png" identifier="1581" type="webcontent">
      <file href="data/supplements44/unnamed-chunk-7-1.png"/>
    </resource>
    <resource href="data/supplements45/unnamed-chunk-1-1.png" identifier="1582" type="webcontent">
      <file href="data/supplements45/unnamed-chunk-1-1.png"/>
    </resource>
    <resource href="data/supplements45/unnamed-chunk-5-1.png" identifier="1583" type="webcontent">
      <file href="data/supplements45/unnamed-chunk-5-1.png"/>
    </resource>
    <resource href="data/supplements45/unnamed-chunk-7-1.png" identifier="1584" type="webcontent">
      <file href="data/supplements45/unnamed-chunk-7-1.png"/>
    </resource>
    <resource href="data/supplements46/unnamed-chunk-1-1.png" identifier="1585" type="webcontent">
      <file href="data/supplements46/unnamed-chunk-1-1.png"/>
    </resource>
    <resource href="data/supplements46/unnamed-chunk-5-1.png" identifier="1586" type="webcontent">
      <file href="data/supplements46/unnamed-chunk-5-1.png"/>
    </resource>
    <resource href="data/supplements46/unnamed-chunk-7-1.png" identifier="1587" type="webcontent">
      <file href="data/supplements46/unnamed-chunk-7-1.png"/>
    </resource>
    <resource href="data/supplements47/unnamed-chunk-1-1.png" identifier="1588" type="webcontent">
      <file href="data/supplements47/unnamed-chunk-1-1.png"/>
    </resource>
    <resource href="data/supplements47/unnamed-chunk-5-1.png" identifier="1589" type="webcontent">
      <file href="data/supplements47/unnamed-chunk-5-1.png"/>
    </resource>
    <resource href="data/supplements47/unnamed-chunk-7-1.png" identifier="1590" type="webcontent">
      <file href="data/supplements47/unnamed-chunk-7-1.png"/>
    </resource>
    <resource href="data/supplements48/unnamed-chunk-1-1.png" identifier="1591" type="webcontent">
      <file href="data/supplements48/unnamed-chunk-1-1.png"/>
    </resource>
    <resource href="data/supplements48/unnamed-chunk-5-1.png" identifier="1592" type="webcontent">
      <file href="data/supplements48/unnamed-chunk-5-1.png"/>
    </resource>
    <resource href="data/supplements48/unnamed-chunk-7-1.png" identifier="1593" type="webcontent">
      <file href="data/supplements48/unnamed-chunk-7-1.png"/>
    </resource>
    <resource href="data/supplements49/unnamed-chunk-1-1.png" identifier="1594" type="webcontent">
      <file href="data/supplements49/unnamed-chunk-1-1.png"/>
    </resource>
    <resource href="data/supplements49/unnamed-chunk-5-1.png" identifier="1595" type="webcontent">
      <file href="data/supplements49/unnamed-chunk-5-1.png"/>
    </resource>
    <resource href="data/supplements49/unnamed-chunk-7-1.png" identifier="1596" type="webcontent">
      <file href="data/supplements49/unnamed-chunk-7-1.png"/>
    </resource>
    <resource href="data/supplements5/unnamed-chunk-1-1.png" identifier="1597" type="webcontent">
      <file href="data/supplements5/unnamed-chunk-1-1.png"/>
    </resource>
    <resource href="data/supplements5/unnamed-chunk-2-1.png" identifier="1598" type="webcontent">
      <file href="data/supplements5/unnamed-chunk-2-1.png"/>
    </resource>
    <resource href="data/supplements5/unnamed-chunk-3-1.png" identifier="1599" type="webcontent">
      <file href="data/supplements5/unnamed-chunk-3-1.png"/>
    </resource>
    <resource href="data/supplements50/unnamed-chunk-1-1.png" identifier="1600" type="webcontent">
      <file href="data/supplements50/unnamed-chunk-1-1.png"/>
    </resource>
    <resource href="data/supplements50/unnamed-chunk-5-1.png" identifier="1601" type="webcontent">
      <file href="data/supplements50/unnamed-chunk-5-1.png"/>
    </resource>
    <resource href="data/supplements50/unnamed-chunk-7-1.png" identifier="1602" type="webcontent">
      <file href="data/supplements50/unnamed-chunk-7-1.png"/>
    </resource>
    <resource href="data/supplements51/unnamed-chunk-1-1.png" identifier="1603" type="webcontent">
      <file href="data/supplements51/unnamed-chunk-1-1.png"/>
    </resource>
    <resource href="data/supplements51/unnamed-chunk-5-1.png" identifier="1604" type="webcontent">
      <file href="data/supplements51/unnamed-chunk-5-1.png"/>
    </resource>
    <resource href="data/supplements51/unnamed-chunk-7-1.png" identifier="1605" type="webcontent">
      <file href="data/supplements51/unnamed-chunk-7-1.png"/>
    </resource>
    <resource href="data/supplements52/unnamed-chunk-1-1.png" identifier="1606" type="webcontent">
      <file href="data/supplements52/unnamed-chunk-1-1.png"/>
    </resource>
    <resource href="data/supplements52/unnamed-chunk-5-1.png" identifier="1607" type="webcontent">
      <file href="data/supplements52/unnamed-chunk-5-1.png"/>
    </resource>
    <resource href="data/supplements52/unnamed-chunk-7-1.png" identifier="1608" type="webcontent">
      <file href="data/supplements52/unnamed-chunk-7-1.png"/>
    </resource>
    <resource href="data/supplements53/unnamed-chunk-1-1.png" identifier="1609" type="webcontent">
      <file href="data/supplements53/unnamed-chunk-1-1.png"/>
    </resource>
    <resource href="data/supplements53/unnamed-chunk-5-1.png" identifier="1610" type="webcontent">
      <file href="data/supplements53/unnamed-chunk-5-1.png"/>
    </resource>
    <resource href="data/supplements53/unnamed-chunk-7-1.png" identifier="1611" type="webcontent">
      <file href="data/supplements53/unnamed-chunk-7-1.png"/>
    </resource>
    <resource href="data/supplements54/unnamed-chunk-1-1.png" identifier="1612" type="webcontent">
      <file href="data/supplements54/unnamed-chunk-1-1.png"/>
    </resource>
    <resource href="data/supplements54/unnamed-chunk-5-1.png" identifier="1613" type="webcontent">
      <file href="data/supplements54/unnamed-chunk-5-1.png"/>
    </resource>
    <resource href="data/supplements54/unnamed-chunk-7-1.png" identifier="1614" type="webcontent">
      <file href="data/supplements54/unnamed-chunk-7-1.png"/>
    </resource>
    <resource href="data/supplements55/unnamed-chunk-1-1.png" identifier="1615" type="webcontent">
      <file href="data/supplements55/unnamed-chunk-1-1.png"/>
    </resource>
    <resource href="data/supplements55/unnamed-chunk-5-1.png" identifier="1616" type="webcontent">
      <file href="data/supplements55/unnamed-chunk-5-1.png"/>
    </resource>
    <resource href="data/supplements55/unnamed-chunk-7-1.png" identifier="1617" type="webcontent">
      <file href="data/supplements55/unnamed-chunk-7-1.png"/>
    </resource>
    <resource href="data/supplements56/unnamed-chunk-1-1.png" identifier="1618" type="webcontent">
      <file href="data/supplements56/unnamed-chunk-1-1.png"/>
    </resource>
    <resource href="data/supplements56/unnamed-chunk-5-1.png" identifier="1619" type="webcontent">
      <file href="data/supplements56/unnamed-chunk-5-1.png"/>
    </resource>
    <resource href="data/supplements56/unnamed-chunk-7-1.png" identifier="1620" type="webcontent">
      <file href="data/supplements56/unnamed-chunk-7-1.png"/>
    </resource>
    <resource href="data/supplements57/unnamed-chunk-1-1.png" identifier="1621" type="webcontent">
      <file href="data/supplements57/unnamed-chunk-1-1.png"/>
    </resource>
    <resource href="data/supplements57/unnamed-chunk-5-1.png" identifier="1622" type="webcontent">
      <file href="data/supplements57/unnamed-chunk-5-1.png"/>
    </resource>
    <resource href="data/supplements57/unnamed-chunk-7-1.png" identifier="1623" type="webcontent">
      <file href="data/supplements57/unnamed-chunk-7-1.png"/>
    </resource>
    <resource href="data/supplements58/unnamed-chunk-1-1.png" identifier="1624" type="webcontent">
      <file href="data/supplements58/unnamed-chunk-1-1.png"/>
    </resource>
    <resource href="data/supplements58/unnamed-chunk-5-1.png" identifier="1625" type="webcontent">
      <file href="data/supplements58/unnamed-chunk-5-1.png"/>
    </resource>
    <resource href="data/supplements58/unnamed-chunk-7-1.png" identifier="1626" type="webcontent">
      <file href="data/supplements58/unnamed-chunk-7-1.png"/>
    </resource>
    <resource href="data/supplements59/unnamed-chunk-1-1.png" identifier="1627" type="webcontent">
      <file href="data/supplements59/unnamed-chunk-1-1.png"/>
    </resource>
    <resource href="data/supplements59/unnamed-chunk-5-1.png" identifier="1628" type="webcontent">
      <file href="data/supplements59/unnamed-chunk-5-1.png"/>
    </resource>
    <resource href="data/supplements59/unnamed-chunk-7-1.png" identifier="1629" type="webcontent">
      <file href="data/supplements59/unnamed-chunk-7-1.png"/>
    </resource>
    <resource href="data/supplements6/unnamed-chunk-1-1.png" identifier="1630" type="webcontent">
      <file href="data/supplements6/unnamed-chunk-1-1.png"/>
    </resource>
    <resource href="data/supplements6/unnamed-chunk-2-1.png" identifier="1631" type="webcontent">
      <file href="data/supplements6/unnamed-chunk-2-1.png"/>
    </resource>
    <resource href="data/supplements6/unnamed-chunk-3-1.png" identifier="1632" type="webcontent">
      <file href="data/supplements6/unnamed-chunk-3-1.png"/>
    </resource>
    <resource href="data/supplements60/unnamed-chunk-1-1.png" identifier="1633" type="webcontent">
      <file href="data/supplements60/unnamed-chunk-1-1.png"/>
    </resource>
    <resource href="data/supplements60/unnamed-chunk-5-1.png" identifier="1634" type="webcontent">
      <file href="data/supplements60/unnamed-chunk-5-1.png"/>
    </resource>
    <resource href="data/supplements60/unnamed-chunk-7-1.png" identifier="1635" type="webcontent">
      <file href="data/supplements60/unnamed-chunk-7-1.png"/>
    </resource>
    <resource href="data/supplements61/unnamed-chunk-2-1.png" identifier="1636" type="webcontent">
      <file href="data/supplements61/unnamed-chunk-2-1.png"/>
    </resource>
    <resource href="data/supplements61/unnamed-chunk-3-1.png" identifier="1637" type="webcontent">
      <file href="data/supplements61/unnamed-chunk-3-1.png"/>
    </resource>
    <resource href="data/supplements62/unnamed-chunk-2-1.png" identifier="1638" type="webcontent">
      <file href="data/supplements62/unnamed-chunk-2-1.png"/>
    </resource>
    <resource href="data/supplements62/unnamed-chunk-3-1.png" identifier="1639" type="webcontent">
      <file href="data/supplements62/unnamed-chunk-3-1.png"/>
    </resource>
    <resource href="data/supplements63/unnamed-chunk-2-1.png" identifier="1640" type="webcontent">
      <file href="data/supplements63/unnamed-chunk-2-1.png"/>
    </resource>
    <resource href="data/supplements63/unnamed-chunk-3-1.png" identifier="1641" type="webcontent">
      <file href="data/supplements63/unnamed-chunk-3-1.png"/>
    </resource>
    <resource href="data/supplements64/unnamed-chunk-2-1.png" identifier="1642" type="webcontent">
      <file href="data/supplements64/unnamed-chunk-2-1.png"/>
    </resource>
    <resource href="data/supplements64/unnamed-chunk-3-1.png" identifier="1643" type="webcontent">
      <file href="data/supplements64/unnamed-chunk-3-1.png"/>
    </resource>
    <resource href="data/supplements65/unnamed-chunk-2-1.png" identifier="1644" type="webcontent">
      <file href="data/supplements65/unnamed-chunk-2-1.png"/>
    </resource>
    <resource href="data/supplements65/unnamed-chunk-3-1.png" identifier="1645" type="webcontent">
      <file href="data/supplements65/unnamed-chunk-3-1.png"/>
    </resource>
    <resource href="data/supplements66/unnamed-chunk-2-1.png" identifier="1646" type="webcontent">
      <file href="data/supplements66/unnamed-chunk-2-1.png"/>
    </resource>
    <resource href="data/supplements66/unnamed-chunk-3-1.png" identifier="1647" type="webcontent">
      <file href="data/supplements66/unnamed-chunk-3-1.png"/>
    </resource>
    <resource href="data/supplements67/unnamed-chunk-2-1.png" identifier="1648" type="webcontent">
      <file href="data/supplements67/unnamed-chunk-2-1.png"/>
    </resource>
    <resource href="data/supplements67/unnamed-chunk-3-1.png" identifier="1649" type="webcontent">
      <file href="data/supplements67/unnamed-chunk-3-1.png"/>
    </resource>
    <resource href="data/supplements68/unnamed-chunk-2-1.png" identifier="1650" type="webcontent">
      <file href="data/supplements68/unnamed-chunk-2-1.png"/>
    </resource>
    <resource href="data/supplements68/unnamed-chunk-3-1.png" identifier="1651" type="webcontent">
      <file href="data/supplements68/unnamed-chunk-3-1.png"/>
    </resource>
    <resource href="data/supplements69/unnamed-chunk-2-1.png" identifier="1652" type="webcontent">
      <file href="data/supplements69/unnamed-chunk-2-1.png"/>
    </resource>
    <resource href="data/supplements69/unnamed-chunk-3-1.png" identifier="1653" type="webcontent">
      <file href="data/supplements69/unnamed-chunk-3-1.png"/>
    </resource>
    <resource href="data/supplements7/unnamed-chunk-1-1.png" identifier="1654" type="webcontent">
      <file href="data/supplements7/unnamed-chunk-1-1.png"/>
    </resource>
    <resource href="data/supplements7/unnamed-chunk-2-1.png" identifier="1655" type="webcontent">
      <file href="data/supplements7/unnamed-chunk-2-1.png"/>
    </resource>
    <resource href="data/supplements7/unnamed-chunk-3-1.png" identifier="1656" type="webcontent">
      <file href="data/supplements7/unnamed-chunk-3-1.png"/>
    </resource>
    <resource href="data/supplements70/unnamed-chunk-2-1.png" identifier="1657" type="webcontent">
      <file href="data/supplements70/unnamed-chunk-2-1.png"/>
    </resource>
    <resource href="data/supplements70/unnamed-chunk-3-1.png" identifier="1658" type="webcontent">
      <file href="data/supplements70/unnamed-chunk-3-1.png"/>
    </resource>
    <resource href="data/supplements71/unnamed-chunk-2-1.png" identifier="1659" type="webcontent">
      <file href="data/supplements71/unnamed-chunk-2-1.png"/>
    </resource>
    <resource href="data/supplements71/unnamed-chunk-3-1.png" identifier="1660" type="webcontent">
      <file href="data/supplements71/unnamed-chunk-3-1.png"/>
    </resource>
    <resource href="data/supplements72/unnamed-chunk-2-1.png" identifier="1661" type="webcontent">
      <file href="data/supplements72/unnamed-chunk-2-1.png"/>
    </resource>
    <resource href="data/supplements72/unnamed-chunk-3-1.png" identifier="1662" type="webcontent">
      <file href="data/supplements72/unnamed-chunk-3-1.png"/>
    </resource>
    <resource href="data/supplements73/unnamed-chunk-2-1.png" identifier="1663" type="webcontent">
      <file href="data/supplements73/unnamed-chunk-2-1.png"/>
    </resource>
    <resource href="data/supplements73/unnamed-chunk-3-1.png" identifier="1664" type="webcontent">
      <file href="data/supplements73/unnamed-chunk-3-1.png"/>
    </resource>
    <resource href="data/supplements74/unnamed-chunk-2-1.png" identifier="1665" type="webcontent">
      <file href="data/supplements74/unnamed-chunk-2-1.png"/>
    </resource>
    <resource href="data/supplements74/unnamed-chunk-3-1.png" identifier="1666" type="webcontent">
      <file href="data/supplements74/unnamed-chunk-3-1.png"/>
    </resource>
    <resource href="data/supplements75/unnamed-chunk-2-1.png" identifier="1667" type="webcontent">
      <file href="data/supplements75/unnamed-chunk-2-1.png"/>
    </resource>
    <resource href="data/supplements75/unnamed-chunk-3-1.png" identifier="1668" type="webcontent">
      <file href="data/supplements75/unnamed-chunk-3-1.png"/>
    </resource>
    <resource href="data/supplements76/unnamed-chunk-2-1.png" identifier="1669" type="webcontent">
      <file href="data/supplements76/unnamed-chunk-2-1.png"/>
    </resource>
    <resource href="data/supplements76/unnamed-chunk-3-1.png" identifier="1670" type="webcontent">
      <file href="data/supplements76/unnamed-chunk-3-1.png"/>
    </resource>
    <resource href="data/supplements77/unnamed-chunk-2-1.png" identifier="1671" type="webcontent">
      <file href="data/supplements77/unnamed-chunk-2-1.png"/>
    </resource>
    <resource href="data/supplements77/unnamed-chunk-3-1.png" identifier="1672" type="webcontent">
      <file href="data/supplements77/unnamed-chunk-3-1.png"/>
    </resource>
    <resource href="data/supplements78/unnamed-chunk-2-1.png" identifier="1673" type="webcontent">
      <file href="data/supplements78/unnamed-chunk-2-1.png"/>
    </resource>
    <resource href="data/supplements78/unnamed-chunk-3-1.png" identifier="1674" type="webcontent">
      <file href="data/supplements78/unnamed-chunk-3-1.png"/>
    </resource>
    <resource href="data/supplements79/unnamed-chunk-2-1.png" identifier="1675" type="webcontent">
      <file href="data/supplements79/unnamed-chunk-2-1.png"/>
    </resource>
    <resource href="data/supplements79/unnamed-chunk-3-1.png" identifier="1676" type="webcontent">
      <file href="data/supplements79/unnamed-chunk-3-1.png"/>
    </resource>
    <resource href="data/supplements8/unnamed-chunk-1-1.png" identifier="1677" type="webcontent">
      <file href="data/supplements8/unnamed-chunk-1-1.png"/>
    </resource>
    <resource href="data/supplements8/unnamed-chunk-2-1.png" identifier="1678" type="webcontent">
      <file href="data/supplements8/unnamed-chunk-2-1.png"/>
    </resource>
    <resource href="data/supplements8/unnamed-chunk-3-1.png" identifier="1679" type="webcontent">
      <file href="data/supplements8/unnamed-chunk-3-1.png"/>
    </resource>
    <resource href="data/supplements80/unnamed-chunk-2-1.png" identifier="1680" type="webcontent">
      <file href="data/supplements80/unnamed-chunk-2-1.png"/>
    </resource>
    <resource href="data/supplements80/unnamed-chunk-3-1.png" identifier="1681" type="webcontent">
      <file href="data/supplements80/unnamed-chunk-3-1.png"/>
    </resource>
    <resource href="data/supplements81/unnamed-chunk-2-1.png" identifier="1682" type="webcontent">
      <file href="data/supplements81/unnamed-chunk-2-1.png"/>
    </resource>
    <resource href="data/supplements81/unnamed-chunk-3-1.png" identifier="1683" type="webcontent">
      <file href="data/supplements81/unnamed-chunk-3-1.png"/>
    </resource>
    <resource href="data/supplements82/unnamed-chunk-2-1.png" identifier="1684" type="webcontent">
      <file href="data/supplements82/unnamed-chunk-2-1.png"/>
    </resource>
    <resource href="data/supplements82/unnamed-chunk-3-1.png" identifier="1685" type="webcontent">
      <file href="data/supplements82/unnamed-chunk-3-1.png"/>
    </resource>
    <resource href="data/supplements83/unnamed-chunk-2-1.png" identifier="1686" type="webcontent">
      <file href="data/supplements83/unnamed-chunk-2-1.png"/>
    </resource>
    <resource href="data/supplements83/unnamed-chunk-3-1.png" identifier="1687" type="webcontent">
      <file href="data/supplements83/unnamed-chunk-3-1.png"/>
    </resource>
    <resource href="data/supplements84/unnamed-chunk-2-1.png" identifier="1688" type="webcontent">
      <file href="data/supplements84/unnamed-chunk-2-1.png"/>
    </resource>
    <resource href="data/supplements84/unnamed-chunk-3-1.png" identifier="1689" type="webcontent">
      <file href="data/supplements84/unnamed-chunk-3-1.png"/>
    </resource>
    <resource href="data/supplements85/unnamed-chunk-2-1.png" identifier="1690" type="webcontent">
      <file href="data/supplements85/unnamed-chunk-2-1.png"/>
    </resource>
    <resource href="data/supplements85/unnamed-chunk-3-1.png" identifier="1691" type="webcontent">
      <file href="data/supplements85/unnamed-chunk-3-1.png"/>
    </resource>
    <resource href="data/supplements86/unnamed-chunk-2-1.png" identifier="1692" type="webcontent">
      <file href="data/supplements86/unnamed-chunk-2-1.png"/>
    </resource>
    <resource href="data/supplements86/unnamed-chunk-3-1.png" identifier="1693" type="webcontent">
      <file href="data/supplements86/unnamed-chunk-3-1.png"/>
    </resource>
    <resource href="data/supplements87/unnamed-chunk-2-1.png" identifier="1694" type="webcontent">
      <file href="data/supplements87/unnamed-chunk-2-1.png"/>
    </resource>
    <resource href="data/supplements87/unnamed-chunk-3-1.png" identifier="1695" type="webcontent">
      <file href="data/supplements87/unnamed-chunk-3-1.png"/>
    </resource>
    <resource href="data/supplements88/unnamed-chunk-2-1.png" identifier="1696" type="webcontent">
      <file href="data/supplements88/unnamed-chunk-2-1.png"/>
    </resource>
    <resource href="data/supplements88/unnamed-chunk-3-1.png" identifier="1697" type="webcontent">
      <file href="data/supplements88/unnamed-chunk-3-1.png"/>
    </resource>
    <resource href="data/supplements89/unnamed-chunk-2-1.png" identifier="1698" type="webcontent">
      <file href="data/supplements89/unnamed-chunk-2-1.png"/>
    </resource>
    <resource href="data/supplements89/unnamed-chunk-3-1.png" identifier="1699" type="webcontent">
      <file href="data/supplements89/unnamed-chunk-3-1.png"/>
    </resource>
    <resource href="data/supplements9/unnamed-chunk-1-1.png" identifier="1700" type="webcontent">
      <file href="data/supplements9/unnamed-chunk-1-1.png"/>
    </resource>
    <resource href="data/supplements9/unnamed-chunk-2-1.png" identifier="1701" type="webcontent">
      <file href="data/supplements9/unnamed-chunk-2-1.png"/>
    </resource>
    <resource href="data/supplements9/unnamed-chunk-3-1.png" identifier="1702" type="webcontent">
      <file href="data/supplements9/unnamed-chunk-3-1.png"/>
    </resource>
    <resource href="data/supplements90/unnamed-chunk-2-1.png" identifier="1703" type="webcontent">
      <file href="data/supplements90/unnamed-chunk-2-1.png"/>
    </resource>
    <resource href="data/supplements90/unnamed-chunk-3-1.png" identifier="1704" type="webcontent">
      <file href="data/supplements90/unnamed-chunk-3-1.png"/>
    </resource>
    <resource href="data/supplements91/unnamed-chunk-1-1.png" identifier="1705" type="webcontent">
      <file href="data/supplements91/unnamed-chunk-1-1.png"/>
    </resource>
    <resource href="data/supplements92/unnamed-chunk-1-1.png" identifier="1706" type="webcontent">
      <file href="data/supplements92/unnamed-chunk-1-1.png"/>
    </resource>
    <resource href="data/supplements93/unnamed-chunk-1-1.png" identifier="1707" type="webcontent">
      <file href="data/supplements93/unnamed-chunk-1-1.png"/>
    </resource>
    <resource href="data/supplements94/unnamed-chunk-1-1.png" identifier="1708" type="webcontent">
      <file href="data/supplements94/unnamed-chunk-1-1.png"/>
    </resource>
    <resource href="data/supplements95/unnamed-chunk-1-1.png" identifier="1709" type="webcontent">
      <file href="data/supplements95/unnamed-chunk-1-1.png"/>
    </resource>
    <resource href="data/supplements96/unnamed-chunk-1-1.png" identifier="1710" type="webcontent">
      <file href="data/supplements96/unnamed-chunk-1-1.png"/>
    </resource>
    <resource href="data/supplements97/unnamed-chunk-1-1.png" identifier="1711" type="webcontent">
      <file href="data/supplements97/unnamed-chunk-1-1.png"/>
    </resource>
    <resource href="data/supplements98/unnamed-chunk-1-1.png" identifier="1712" type="webcontent">
      <file href="data/supplements98/unnamed-chunk-1-1.png"/>
    </resource>
    <resource href="data/supplements99/unnamed-chunk-1-1.png" identifier="1713" type="webcontent">
      <file href="data/supplements99/unnamed-chunk-1-1.png"/>
    </resource>
  </resources>
</manifest>
