<?xml version="1.0" encoding="UTF-8"?>
<manifest identifier="MID_u06_28_match_graph_poly_eq_870042639" xmlns="http://www.imsglobal.org/xsd/imsccv1p1/imscp_v1p1" xmlns:lom="http://ltsc.ieee.org/xsd/imsccv1p1/LOM/resource" xmlns:imsmd="http://www.imsglobal.org/xsd/imsmd_v1p2" xmlns:xsi="http://www.w3.org/2001/XMLSchema-instance" xsi:schemaLocation="http://www.imsglobal.org/xsd/imsccv1p1/imscp_v1p1 http://www.imsglobal.org/xsd/imscp_v1p1.xsd http://ltsc.ieee.org/xsd/imsccv1p1/LOM/resource http://www.imsglobal.org/profile/cc/ccv1p1/LOM/ccv1p1_lomresource_v1p0.xsd http://www.imsglobal.org/xsd/imsmd_v1p2 http://www.imsglobal.org/xsd/imsmd_v1p2p2.xsd">
  <metadata>
    <schema>IMS Content</schema>
    <schemaversion>1.1.3</schemaversion>
    <imsmd:lom>
      <imsmd:general>
        <imsmd:title>
          <imsmd:string>u06_28_match_graph_poly_eq</imsmd:string>
        </imsmd:title>
      </imsmd:general>
      <imsmd:lifeCycle>
        <imsmd:contribute>
          <imsmd:date>
            <imsmd:dateTime>2024-10-30</imsmd:dateTime>
          </imsmd:date>
        </imsmd:contribute>
      </imsmd:lifeCycle>
      <imsmd:rights>
        <imsmd:copyrightAndOtherRestrictions>
          <imsmd:value>yes</imsmd:value>
        </imsmd:copyrightAndOtherRestrictions>
        <imsmd:description>
          <imsmd:string>Private (Copyrighted) - http://en.wikipedia.org/wiki/Copyright</imsmd:string>
        </imsmd:description>
      </imsmd:rights>
    </imsmd:lom>
  </metadata>
  <organizations/>
  <resources>
    <resource identifier="u06_28_match_graph_poly_eq_743300638" type="imsqti_xmlv1p2">
      <file href="u06_28_match_graph_poly_eq_743300638/u06_28_match_graph_poly_eq_743300638.xml"/>
      <dependency identifierref="MID_REF_u06_28_match_graph_poly_eq_870042639"/>
    </resource>
    <resource identifier="MID_REF_u06_28_match_graph_poly_eq_870042639" type="associatedcontent/imscc_xmlv1p1/learning-application-resource" href="u06_28_match_graph_poly_eq_743300638/assessment_meta.xml">
      <file href="u06_28_match_graph_poly_eq_743300638/assessment_meta.xml"/>
    </resource>
    <resource href="data/supplements1/unnamed-chunk-2-1.png" identifier="1234" type="webcontent">
      <file href="data/supplements1/unnamed-chunk-2-1.png"/>
    </resource>
    <resource href="data/supplements1/unnamed-chunk-2-2.png" identifier="1235" type="webcontent">
      <file href="data/supplements1/unnamed-chunk-2-2.png"/>
    </resource>
    <resource href="data/supplements1/unnamed-chunk-2-3.png" identifier="1236" type="webcontent">
      <file href="data/supplements1/unnamed-chunk-2-3.png"/>
    </resource>
    <resource href="data/supplements1/unnamed-chunk-2-4.png" identifier="1237" type="webcontent">
      <file href="data/supplements1/unnamed-chunk-2-4.png"/>
    </resource>
    <resource href="data/supplements10/unnamed-chunk-2-1.png" identifier="1238" type="webcontent">
      <file href="data/supplements10/unnamed-chunk-2-1.png"/>
    </resource>
    <resource href="data/supplements10/unnamed-chunk-2-2.png" identifier="1239" type="webcontent">
      <file href="data/supplements10/unnamed-chunk-2-2.png"/>
    </resource>
    <resource href="data/supplements10/unnamed-chunk-2-3.png" identifier="1240" type="webcontent">
      <file href="data/supplements10/unnamed-chunk-2-3.png"/>
    </resource>
    <resource href="data/supplements10/unnamed-chunk-2-4.png" identifier="1241" type="webcontent">
      <file href="data/supplements10/unnamed-chunk-2-4.png"/>
    </resource>
    <resource href="data/supplements11/unnamed-chunk-2-1.png" identifier="1242" type="webcontent">
      <file href="data/supplements11/unnamed-chunk-2-1.png"/>
    </resource>
    <resource href="data/supplements11/unnamed-chunk-2-2.png" identifier="1243" type="webcontent">
      <file href="data/supplements11/unnamed-chunk-2-2.png"/>
    </resource>
    <resource href="data/supplements11/unnamed-chunk-2-3.png" identifier="1244" type="webcontent">
      <file href="data/supplements11/unnamed-chunk-2-3.png"/>
    </resource>
    <resource href="data/supplements11/unnamed-chunk-2-4.png" identifier="1245" type="webcontent">
      <file href="data/supplements11/unnamed-chunk-2-4.png"/>
    </resource>
    <resource href="data/supplements12/unnamed-chunk-2-1.png" identifier="1246" type="webcontent">
      <file href="data/supplements12/unnamed-chunk-2-1.png"/>
    </resource>
    <resource href="data/supplements12/unnamed-chunk-2-2.png" identifier="1247" type="webcontent">
      <file href="data/supplements12/unnamed-chunk-2-2.png"/>
    </resource>
    <resource href="data/supplements12/unnamed-chunk-2-3.png" identifier="1248" type="webcontent">
      <file href="data/supplements12/unnamed-chunk-2-3.png"/>
    </resource>
    <resource href="data/supplements12/unnamed-chunk-2-4.png" identifier="1249" type="webcontent">
      <file href="data/supplements12/unnamed-chunk-2-4.png"/>
    </resource>
    <resource href="data/supplements13/unnamed-chunk-2-1.png" identifier="1250" type="webcontent">
      <file href="data/supplements13/unnamed-chunk-2-1.png"/>
    </resource>
    <resource href="data/supplements13/unnamed-chunk-2-2.png" identifier="1251" type="webcontent">
      <file href="data/supplements13/unnamed-chunk-2-2.png"/>
    </resource>
    <resource href="data/supplements13/unnamed-chunk-2-3.png" identifier="1252" type="webcontent">
      <file href="data/supplements13/unnamed-chunk-2-3.png"/>
    </resource>
    <resource href="data/supplements13/unnamed-chunk-2-4.png" identifier="1253" type="webcontent">
      <file href="data/supplements13/unnamed-chunk-2-4.png"/>
    </resource>
    <resource href="data/supplements14/unnamed-chunk-2-1.png" identifier="1254" type="webcontent">
      <file href="data/supplements14/unnamed-chunk-2-1.png"/>
    </resource>
    <resource href="data/supplements14/unnamed-chunk-2-2.png" identifier="1255" type="webcontent">
      <file href="data/supplements14/unnamed-chunk-2-2.png"/>
    </resource>
    <resource href="data/supplements14/unnamed-chunk-2-3.png" identifier="1256" type="webcontent">
      <file href="data/supplements14/unnamed-chunk-2-3.png"/>
    </resource>
    <resource href="data/supplements14/unnamed-chunk-2-4.png" identifier="1257" type="webcontent">
      <file href="data/supplements14/unnamed-chunk-2-4.png"/>
    </resource>
    <resource href="data/supplements15/unnamed-chunk-2-1.png" identifier="1258" type="webcontent">
      <file href="data/supplements15/unnamed-chunk-2-1.png"/>
    </resource>
    <resource href="data/supplements15/unnamed-chunk-2-2.png" identifier="1259" type="webcontent">
      <file href="data/supplements15/unnamed-chunk-2-2.png"/>
    </resource>
    <resource href="data/supplements15/unnamed-chunk-2-3.png" identifier="1260" type="webcontent">
      <file href="data/supplements15/unnamed-chunk-2-3.png"/>
    </resource>
    <resource href="data/supplements15/unnamed-chunk-2-4.png" identifier="1261" type="webcontent">
      <file href="data/supplements15/unnamed-chunk-2-4.png"/>
    </resource>
    <resource href="data/supplements16/unnamed-chunk-2-1.png" identifier="1262" type="webcontent">
      <file href="data/supplements16/unnamed-chunk-2-1.png"/>
    </resource>
    <resource href="data/supplements16/unnamed-chunk-2-2.png" identifier="1263" type="webcontent">
      <file href="data/supplements16/unnamed-chunk-2-2.png"/>
    </resource>
    <resource href="data/supplements16/unnamed-chunk-2-3.png" identifier="1264" type="webcontent">
      <file href="data/supplements16/unnamed-chunk-2-3.png"/>
    </resource>
    <resource href="data/supplements16/unnamed-chunk-2-4.png" identifier="1265" type="webcontent">
      <file href="data/supplements16/unnamed-chunk-2-4.png"/>
    </resource>
    <resource href="data/supplements17/unnamed-chunk-2-1.png" identifier="1266" type="webcontent">
      <file href="data/supplements17/unnamed-chunk-2-1.png"/>
    </resource>
    <resource href="data/supplements17/unnamed-chunk-2-2.png" identifier="1267" type="webcontent">
      <file href="data/supplements17/unnamed-chunk-2-2.png"/>
    </resource>
    <resource href="data/supplements17/unnamed-chunk-2-3.png" identifier="1268" type="webcontent">
      <file href="data/supplements17/unnamed-chunk-2-3.png"/>
    </resource>
    <resource href="data/supplements17/unnamed-chunk-2-4.png" identifier="1269" type="webcontent">
      <file href="data/supplements17/unnamed-chunk-2-4.png"/>
    </resource>
    <resource href="data/supplements18/unnamed-chunk-2-1.png" identifier="1270" type="webcontent">
      <file href="data/supplements18/unnamed-chunk-2-1.png"/>
    </resource>
    <resource href="data/supplements18/unnamed-chunk-2-2.png" identifier="1271" type="webcontent">
      <file href="data/supplements18/unnamed-chunk-2-2.png"/>
    </resource>
    <resource href="data/supplements18/unnamed-chunk-2-3.png" identifier="1272" type="webcontent">
      <file href="data/supplements18/unnamed-chunk-2-3.png"/>
    </resource>
    <resource href="data/supplements18/unnamed-chunk-2-4.png" identifier="1273" type="webcontent">
      <file href="data/supplements18/unnamed-chunk-2-4.png"/>
    </resource>
    <resource href="data/supplements19/unnamed-chunk-2-1.png" identifier="1274" type="webcontent">
      <file href="data/supplements19/unnamed-chunk-2-1.png"/>
    </resource>
    <resource href="data/supplements19/unnamed-chunk-2-2.png" identifier="1275" type="webcontent">
      <file href="data/supplements19/unnamed-chunk-2-2.png"/>
    </resource>
    <resource href="data/supplements19/unnamed-chunk-2-3.png" identifier="1276" type="webcontent">
      <file href="data/supplements19/unnamed-chunk-2-3.png"/>
    </resource>
    <resource href="data/supplements19/unnamed-chunk-2-4.png" identifier="1277" type="webcontent">
      <file href="data/supplements19/unnamed-chunk-2-4.png"/>
    </resource>
    <resource href="data/supplements2/unnamed-chunk-2-1.png" identifier="1278" type="webcontent">
      <file href="data/supplements2/unnamed-chunk-2-1.png"/>
    </resource>
    <resource href="data/supplements2/unnamed-chunk-2-2.png" identifier="1279" type="webcontent">
      <file href="data/supplements2/unnamed-chunk-2-2.png"/>
    </resource>
    <resource href="data/supplements2/unnamed-chunk-2-3.png" identifier="1280" type="webcontent">
      <file href="data/supplements2/unnamed-chunk-2-3.png"/>
    </resource>
    <resource href="data/supplements2/unnamed-chunk-2-4.png" identifier="1281" type="webcontent">
      <file href="data/supplements2/unnamed-chunk-2-4.png"/>
    </resource>
    <resource href="data/supplements20/unnamed-chunk-2-1.png" identifier="1282" type="webcontent">
      <file href="data/supplements20/unnamed-chunk-2-1.png"/>
    </resource>
    <resource href="data/supplements20/unnamed-chunk-2-2.png" identifier="1283" type="webcontent">
      <file href="data/supplements20/unnamed-chunk-2-2.png"/>
    </resource>
    <resource href="data/supplements20/unnamed-chunk-2-3.png" identifier="1284" type="webcontent">
      <file href="data/supplements20/unnamed-chunk-2-3.png"/>
    </resource>
    <resource href="data/supplements20/unnamed-chunk-2-4.png" identifier="1285" type="webcontent">
      <file href="data/supplements20/unnamed-chunk-2-4.png"/>
    </resource>
    <resource href="data/supplements21/unnamed-chunk-2-1.png" identifier="1286" type="webcontent">
      <file href="data/supplements21/unnamed-chunk-2-1.png"/>
    </resource>
    <resource href="data/supplements21/unnamed-chunk-2-2.png" identifier="1287" type="webcontent">
      <file href="data/supplements21/unnamed-chunk-2-2.png"/>
    </resource>
    <resource href="data/supplements21/unnamed-chunk-2-3.png" identifier="1288" type="webcontent">
      <file href="data/supplements21/unnamed-chunk-2-3.png"/>
    </resource>
    <resource href="data/supplements21/unnamed-chunk-2-4.png" identifier="1289" type="webcontent">
      <file href="data/supplements21/unnamed-chunk-2-4.png"/>
    </resource>
    <resource href="data/supplements22/unnamed-chunk-2-1.png" identifier="1290" type="webcontent">
      <file href="data/supplements22/unnamed-chunk-2-1.png"/>
    </resource>
    <resource href="data/supplements22/unnamed-chunk-2-2.png" identifier="1291" type="webcontent">
      <file href="data/supplements22/unnamed-chunk-2-2.png"/>
    </resource>
    <resource href="data/supplements22/unnamed-chunk-2-3.png" identifier="1292" type="webcontent">
      <file href="data/supplements22/unnamed-chunk-2-3.png"/>
    </resource>
    <resource href="data/supplements22/unnamed-chunk-2-4.png" identifier="1293" type="webcontent">
      <file href="data/supplements22/unnamed-chunk-2-4.png"/>
    </resource>
    <resource href="data/supplements23/unnamed-chunk-2-1.png" identifier="1294" type="webcontent">
      <file href="data/supplements23/unnamed-chunk-2-1.png"/>
    </resource>
    <resource href="data/supplements23/unnamed-chunk-2-2.png" identifier="1295" type="webcontent">
      <file href="data/supplements23/unnamed-chunk-2-2.png"/>
    </resource>
    <resource href="data/supplements23/unnamed-chunk-2-3.png" identifier="1296" type="webcontent">
      <file href="data/supplements23/unnamed-chunk-2-3.png"/>
    </resource>
    <resource href="data/supplements23/unnamed-chunk-2-4.png" identifier="1297" type="webcontent">
      <file href="data/supplements23/unnamed-chunk-2-4.png"/>
    </resource>
    <resource href="data/supplements24/unnamed-chunk-2-1.png" identifier="1298" type="webcontent">
      <file href="data/supplements24/unnamed-chunk-2-1.png"/>
    </resource>
    <resource href="data/supplements24/unnamed-chunk-2-2.png" identifier="1299" type="webcontent">
      <file href="data/supplements24/unnamed-chunk-2-2.png"/>
    </resource>
    <resource href="data/supplements24/unnamed-chunk-2-3.png" identifier="1300" type="webcontent">
      <file href="data/supplements24/unnamed-chunk-2-3.png"/>
    </resource>
    <resource href="data/supplements24/unnamed-chunk-2-4.png" identifier="1301" type="webcontent">
      <file href="data/supplements24/unnamed-chunk-2-4.png"/>
    </resource>
    <resource href="data/supplements25/unnamed-chunk-2-1.png" identifier="1302" type="webcontent">
      <file href="data/supplements25/unnamed-chunk-2-1.png"/>
    </resource>
    <resource href="data/supplements25/unnamed-chunk-2-2.png" identifier="1303" type="webcontent">
      <file href="data/supplements25/unnamed-chunk-2-2.png"/>
    </resource>
    <resource href="data/supplements25/unnamed-chunk-2-3.png" identifier="1304" type="webcontent">
      <file href="data/supplements25/unnamed-chunk-2-3.png"/>
    </resource>
    <resource href="data/supplements25/unnamed-chunk-2-4.png" identifier="1305" type="webcontent">
      <file href="data/supplements25/unnamed-chunk-2-4.png"/>
    </resource>
    <resource href="data/supplements26/unnamed-chunk-2-1.png" identifier="1306" type="webcontent">
      <file href="data/supplements26/unnamed-chunk-2-1.png"/>
    </resource>
    <resource href="data/supplements26/unnamed-chunk-2-2.png" identifier="1307" type="webcontent">
      <file href="data/supplements26/unnamed-chunk-2-2.png"/>
    </resource>
    <resource href="data/supplements26/unnamed-chunk-2-3.png" identifier="1308" type="webcontent">
      <file href="data/supplements26/unnamed-chunk-2-3.png"/>
    </resource>
    <resource href="data/supplements26/unnamed-chunk-2-4.png" identifier="1309" type="webcontent">
      <file href="data/supplements26/unnamed-chunk-2-4.png"/>
    </resource>
    <resource href="data/supplements27/unnamed-chunk-2-1.png" identifier="1310" type="webcontent">
      <file href="data/supplements27/unnamed-chunk-2-1.png"/>
    </resource>
    <resource href="data/supplements27/unnamed-chunk-2-2.png" identifier="1311" type="webcontent">
      <file href="data/supplements27/unnamed-chunk-2-2.png"/>
    </resource>
    <resource href="data/supplements27/unnamed-chunk-2-3.png" identifier="1312" type="webcontent">
      <file href="data/supplements27/unnamed-chunk-2-3.png"/>
    </resource>
    <resource href="data/supplements27/unnamed-chunk-2-4.png" identifier="1313" type="webcontent">
      <file href="data/supplements27/unnamed-chunk-2-4.png"/>
    </resource>
    <resource href="data/supplements28/unnamed-chunk-2-1.png" identifier="1314" type="webcontent">
      <file href="data/supplements28/unnamed-chunk-2-1.png"/>
    </resource>
    <resource href="data/supplements28/unnamed-chunk-2-2.png" identifier="1315" type="webcontent">
      <file href="data/supplements28/unnamed-chunk-2-2.png"/>
    </resource>
    <resource href="data/supplements28/unnamed-chunk-2-3.png" identifier="1316" type="webcontent">
      <file href="data/supplements28/unnamed-chunk-2-3.png"/>
    </resource>
    <resource href="data/supplements28/unnamed-chunk-2-4.png" identifier="1317" type="webcontent">
      <file href="data/supplements28/unnamed-chunk-2-4.png"/>
    </resource>
    <resource href="data/supplements29/unnamed-chunk-2-1.png" identifier="1318" type="webcontent">
      <file href="data/supplements29/unnamed-chunk-2-1.png"/>
    </resource>
    <resource href="data/supplements29/unnamed-chunk-2-2.png" identifier="1319" type="webcontent">
      <file href="data/supplements29/unnamed-chunk-2-2.png"/>
    </resource>
    <resource href="data/supplements29/unnamed-chunk-2-3.png" identifier="1320" type="webcontent">
      <file href="data/supplements29/unnamed-chunk-2-3.png"/>
    </resource>
    <resource href="data/supplements29/unnamed-chunk-2-4.png" identifier="1321" type="webcontent">
      <file href="data/supplements29/unnamed-chunk-2-4.png"/>
    </resource>
    <resource href="data/supplements3/unnamed-chunk-2-1.png" identifier="1322" type="webcontent">
      <file href="data/supplements3/unnamed-chunk-2-1.png"/>
    </resource>
    <resource href="data/supplements3/unnamed-chunk-2-2.png" identifier="1323" type="webcontent">
      <file href="data/supplements3/unnamed-chunk-2-2.png"/>
    </resource>
    <resource href="data/supplements3/unnamed-chunk-2-3.png" identifier="1324" type="webcontent">
      <file href="data/supplements3/unnamed-chunk-2-3.png"/>
    </resource>
    <resource href="data/supplements3/unnamed-chunk-2-4.png" identifier="1325" type="webcontent">
      <file href="data/supplements3/unnamed-chunk-2-4.png"/>
    </resource>
    <resource href="data/supplements30/unnamed-chunk-2-1.png" identifier="1326" type="webcontent">
      <file href="data/supplements30/unnamed-chunk-2-1.png"/>
    </resource>
    <resource href="data/supplements30/unnamed-chunk-2-2.png" identifier="1327" type="webcontent">
      <file href="data/supplements30/unnamed-chunk-2-2.png"/>
    </resource>
    <resource href="data/supplements30/unnamed-chunk-2-3.png" identifier="1328" type="webcontent">
      <file href="data/supplements30/unnamed-chunk-2-3.png"/>
    </resource>
    <resource href="data/supplements30/unnamed-chunk-2-4.png" identifier="1329" type="webcontent">
      <file href="data/supplements30/unnamed-chunk-2-4.png"/>
    </resource>
    <resource href="data/supplements4/unnamed-chunk-2-1.png" identifier="1330" type="webcontent">
      <file href="data/supplements4/unnamed-chunk-2-1.png"/>
    </resource>
    <resource href="data/supplements4/unnamed-chunk-2-2.png" identifier="1331" type="webcontent">
      <file href="data/supplements4/unnamed-chunk-2-2.png"/>
    </resource>
    <resource href="data/supplements4/unnamed-chunk-2-3.png" identifier="1332" type="webcontent">
      <file href="data/supplements4/unnamed-chunk-2-3.png"/>
    </resource>
    <resource href="data/supplements4/unnamed-chunk-2-4.png" identifier="1333" type="webcontent">
      <file href="data/supplements4/unnamed-chunk-2-4.png"/>
    </resource>
    <resource href="data/supplements5/unnamed-chunk-2-1.png" identifier="1334" type="webcontent">
      <file href="data/supplements5/unnamed-chunk-2-1.png"/>
    </resource>
    <resource href="data/supplements5/unnamed-chunk-2-2.png" identifier="1335" type="webcontent">
      <file href="data/supplements5/unnamed-chunk-2-2.png"/>
    </resource>
    <resource href="data/supplements5/unnamed-chunk-2-3.png" identifier="1336" type="webcontent">
      <file href="data/supplements5/unnamed-chunk-2-3.png"/>
    </resource>
    <resource href="data/supplements5/unnamed-chunk-2-4.png" identifier="1337" type="webcontent">
      <file href="data/supplements5/unnamed-chunk-2-4.png"/>
    </resource>
    <resource href="data/supplements6/unnamed-chunk-2-1.png" identifier="1338" type="webcontent">
      <file href="data/supplements6/unnamed-chunk-2-1.png"/>
    </resource>
    <resource href="data/supplements6/unnamed-chunk-2-2.png" identifier="1339" type="webcontent">
      <file href="data/supplements6/unnamed-chunk-2-2.png"/>
    </resource>
    <resource href="data/supplements6/unnamed-chunk-2-3.png" identifier="1340" type="webcontent">
      <file href="data/supplements6/unnamed-chunk-2-3.png"/>
    </resource>
    <resource href="data/supplements6/unnamed-chunk-2-4.png" identifier="1341" type="webcontent">
      <file href="data/supplements6/unnamed-chunk-2-4.png"/>
    </resource>
    <resource href="data/supplements7/unnamed-chunk-2-1.png" identifier="1342" type="webcontent">
      <file href="data/supplements7/unnamed-chunk-2-1.png"/>
    </resource>
    <resource href="data/supplements7/unnamed-chunk-2-2.png" identifier="1343" type="webcontent">
      <file href="data/supplements7/unnamed-chunk-2-2.png"/>
    </resource>
    <resource href="data/supplements7/unnamed-chunk-2-3.png" identifier="1344" type="webcontent">
      <file href="data/supplements7/unnamed-chunk-2-3.png"/>
    </resource>
    <resource href="data/supplements7/unnamed-chunk-2-4.png" identifier="1345" type="webcontent">
      <file href="data/supplements7/unnamed-chunk-2-4.png"/>
    </resource>
    <resource href="data/supplements8/unnamed-chunk-2-1.png" identifier="1346" type="webcontent">
      <file href="data/supplements8/unnamed-chunk-2-1.png"/>
    </resource>
    <resource href="data/supplements8/unnamed-chunk-2-2.png" identifier="1347" type="webcontent">
      <file href="data/supplements8/unnamed-chunk-2-2.png"/>
    </resource>
    <resource href="data/supplements8/unnamed-chunk-2-3.png" identifier="1348" type="webcontent">
      <file href="data/supplements8/unnamed-chunk-2-3.png"/>
    </resource>
    <resource href="data/supplements8/unnamed-chunk-2-4.png" identifier="1349" type="webcontent">
      <file href="data/supplements8/unnamed-chunk-2-4.png"/>
    </resource>
    <resource href="data/supplements9/unnamed-chunk-2-1.png" identifier="1350" type="webcontent">
      <file href="data/supplements9/unnamed-chunk-2-1.png"/>
    </resource>
    <resource href="data/supplements9/unnamed-chunk-2-2.png" identifier="1351" type="webcontent">
      <file href="data/supplements9/unnamed-chunk-2-2.png"/>
    </resource>
    <resource href="data/supplements9/unnamed-chunk-2-3.png" identifier="1352" type="webcontent">
      <file href="data/supplements9/unnamed-chunk-2-3.png"/>
    </resource>
    <resource href="data/supplements9/unnamed-chunk-2-4.png" identifier="1353" type="webcontent">
      <file href="data/supplements9/unnamed-chunk-2-4.png"/>
    </resource>
  </resources>
</manifest>
