<?xml version="1.0" encoding="UTF-8"?>
<!DOCTYPE questestinterop SYSTEM "ims_qtiasiv1p2p1.dtd">

<questestinterop>
<assessment ident="ET_134_365609045" title="ET_134">

<qtimetadata>
<qtimetadatafield>
<fieldlabel>cc_maxattempts</fieldlabel>
<fieldentry>3</fieldentry>
</qtimetadatafield>
<qtimetadatafield>
<fieldlabel>qmd_assessmenttype</fieldlabel>
<fieldentry>Assessment</fieldentry>
</qtimetadatafield>
</qtimetadata>
<objectives>
<material>
<mattext><![CDATA[Please solve the following exercises.]]></mattext>
</material>
</objectives>
<assessmentcontrol feedbackswitch="No" hintswitch="No" solutionswitch="Yes"/>
<outcomes_processing scoremodel="SumOfScores">
<outcomes>
<decvar varname="SCORE" vartype="Decimal" cutvalue="0"/>
</outcomes>
</outcomes_processing>
<assessfeedback title="AssessmentFeedback" ident="AssessmentFeedback">
<flow_mat>
<material>
<mattext>##AssessmentFeedback##</mattext>
</material>
</flow_mat>
</assessfeedback>

<section ident="ET_134_365609045_section_1" title="Exercise">

<objectives>
<material>
<mattext><![CDATA[Please answer the following question.]]></mattext>
</material>
</objectives>
<selection_ordering>
<selection>
<selection_number>1</selection_number>
<selection_extension>
<points_per_item>1</points_per_item>
</selection_extension>
</selection>
<order order_type="Random"/>
</selection_ordering>

<item ident="ET_134_365609045_section_1_item_01_schoice" title="Question" maxattempts="3">
<itemcontrol feedbackswitch="No" hintswitch="No" solutionswitch="Yes"/>
<itemmetadata>
<qtimetadata>
<qtimetadatafield>
<fieldlabel>question_type</fieldlabel>
<fieldentry>multiple_choice_question</fieldentry>
</qtimetadatafield>
</qtimetadata>
</itemmetadata>
<presentation>
<flow>
<material>
<matbreak/>
<mattext texttype="text/html" charset="utf-8"><![CDATA[
<p>Question ID: 04_409</p>
<p><img src="data/supplements1/xx.png" /></p>
]]></mattext>
<matbreak/>
</material>
<response_lid ident="ET_134_365609045_section_1_item_01_schoice_RESPONSE_9163325" rcardinality="Single" rtiming="No">
<render_choice shuffle="No">
<flow_label class="List">
<response_label ident="ET_134_365609045_section_1_item_01_schoice_6558010629" rshuffle="No">
<material>
<mattext texttype="text/html" charset="utf-8"><![CDATA[
 A
]]></mattext>
</material>
</response_label>
</flow_label>
<flow_label class="List">
<response_label ident="ET_134_365609045_section_1_item_01_schoice_9752864069" rshuffle="No">
<material>
<mattext texttype="text/html" charset="utf-8"><![CDATA[
 B
]]></mattext>
</material>
</response_label>
</flow_label>
<flow_label class="List">
<response_label ident="ET_134_365609045_section_1_item_01_schoice_5067437438" rshuffle="No">
<material>
<mattext texttype="text/html" charset="utf-8"><![CDATA[
 C
]]></mattext>
</material>
</response_label>
</flow_label>
<flow_label class="List">
<response_label ident="ET_134_365609045_section_1_item_01_schoice_8204228473" rshuffle="No">
<material>
<mattext texttype="text/html" charset="utf-8"><![CDATA[
 D
]]></mattext>
</material>
</response_label>
</flow_label>
</render_choice>
</response_lid>
</flow>
</presentation>
<resprocessing>
<outcomes>
<decvar varname="SCORE" vartype="Decimal" defaultval="0" minvalue="0" maxvalue="1" cutvalue="1"/>
</outcomes>
<respcondition title="Mastery" continue="No">
<conditionvar>
<and>
<varequal respident="ET_134_365609045_section_1_item_01_schoice_RESPONSE_9163325" case="Yes">ET_134_365609045_section_1_item_01_schoice_9752864069</varequal>
<not> <varequal respident="ET_134_365609045_section_1_item_01_schoice_RESPONSE_9163325" case="Yes">ET_134_365609045_section_1_item_01_schoice_6558010629</varequal> </not>
<not> <varequal respident="ET_134_365609045_section_1_item_01_schoice_RESPONSE_9163325" case="Yes">ET_134_365609045_section_1_item_01_schoice_5067437438</varequal> </not>
<not> <varequal respident="ET_134_365609045_section_1_item_01_schoice_RESPONSE_9163325" case="Yes">ET_134_365609045_section_1_item_01_schoice_8204228473</varequal> </not>
</and>
</conditionvar>
<setvar varname="SCORE" action="Set">1</setvar>
<displayfeedback feedbacktype="Response" linkrefid="correct_fb"/>
</respcondition>
<respcondition continue="Yes">
<conditionvar>
<other/>
</conditionvar>
<displayfeedback feedbacktype="Response" linkrefid="general_incorrect_fb"/>
</respcondition>
</resprocessing>
<itemfeedback ident="correct_fb" view="All">
<flow_mat>
<material>
<mattext texttype="text/html"><![CDATA[
<p>The correct answer is B</p>
]]></mattext>
</material>
</flow_mat>
</itemfeedback>
<itemfeedback ident="general_incorrect_fb" view="All">
<flow_mat>
<material>
<mattext texttype="text/html"><![CDATA[
<p>The correct answer is B</p>
]]></mattext>
</material>
</flow_mat>
</itemfeedback>
</item>

<item ident="ET_134_365609045_section_1_item_02_schoice" title="Question" maxattempts="3">
<itemcontrol feedbackswitch="No" hintswitch="No" solutionswitch="Yes"/>
<itemmetadata>
<qtimetadata>
<qtimetadatafield>
<fieldlabel>question_type</fieldlabel>
<fieldentry>multiple_choice_question</fieldentry>
</qtimetadatafield>
</qtimetadata>
</itemmetadata>
<presentation>
<flow>
<material>
<matbreak/>
<mattext texttype="text/html" charset="utf-8"><![CDATA[
<p>Question ID: 14_223</p>
<p><img src="data/supplements2/xx.png" /></p>
]]></mattext>
<matbreak/>
</material>
<response_lid ident="ET_134_365609045_section_1_item_02_schoice_RESPONSE_1284607" rcardinality="Single" rtiming="No">
<render_choice shuffle="No">
<flow_label class="List">
<response_label ident="ET_134_365609045_section_1_item_02_schoice_8611791967" rshuffle="No">
<material>
<mattext texttype="text/html" charset="utf-8"><![CDATA[
 A
]]></mattext>
</material>
</response_label>
</flow_label>
<flow_label class="List">
<response_label ident="ET_134_365609045_section_1_item_02_schoice_5836427936" rshuffle="No">
<material>
<mattext texttype="text/html" charset="utf-8"><![CDATA[
 B
]]></mattext>
</material>
</response_label>
</flow_label>
<flow_label class="List">
<response_label ident="ET_134_365609045_section_1_item_02_schoice_9482212943" rshuffle="No">
<material>
<mattext texttype="text/html" charset="utf-8"><![CDATA[
 C
]]></mattext>
</material>
</response_label>
</flow_label>
<flow_label class="List">
<response_label ident="ET_134_365609045_section_1_item_02_schoice_5438072718" rshuffle="No">
<material>
<mattext texttype="text/html" charset="utf-8"><![CDATA[
 D
]]></mattext>
</material>
</response_label>
</flow_label>
</render_choice>
</response_lid>
</flow>
</presentation>
<resprocessing>
<outcomes>
<decvar varname="SCORE" vartype="Decimal" defaultval="0" minvalue="0" maxvalue="1" cutvalue="1"/>
</outcomes>
<respcondition title="Mastery" continue="No">
<conditionvar>
<and>
<varequal respident="ET_134_365609045_section_1_item_02_schoice_RESPONSE_1284607" case="Yes">ET_134_365609045_section_1_item_02_schoice_9482212943</varequal>
<not> <varequal respident="ET_134_365609045_section_1_item_02_schoice_RESPONSE_1284607" case="Yes">ET_134_365609045_section_1_item_02_schoice_8611791967</varequal> </not>
<not> <varequal respident="ET_134_365609045_section_1_item_02_schoice_RESPONSE_1284607" case="Yes">ET_134_365609045_section_1_item_02_schoice_5836427936</varequal> </not>
<not> <varequal respident="ET_134_365609045_section_1_item_02_schoice_RESPONSE_1284607" case="Yes">ET_134_365609045_section_1_item_02_schoice_5438072718</varequal> </not>
</and>
</conditionvar>
<setvar varname="SCORE" action="Set">1</setvar>
<displayfeedback feedbacktype="Response" linkrefid="correct_fb"/>
</respcondition>
<respcondition continue="Yes">
<conditionvar>
<other/>
</conditionvar>
<displayfeedback feedbacktype="Response" linkrefid="general_incorrect_fb"/>
</respcondition>
</resprocessing>
<itemfeedback ident="correct_fb" view="All">
<flow_mat>
<material>
<mattext texttype="text/html"><![CDATA[
<p>The correct answer is C</p>
]]></mattext>
</material>
</flow_mat>
</itemfeedback>
<itemfeedback ident="general_incorrect_fb" view="All">
<flow_mat>
<material>
<mattext texttype="text/html"><![CDATA[
<p>The correct answer is C</p>
]]></mattext>
</material>
</flow_mat>
</itemfeedback>
</item>

<item ident="ET_134_365609045_section_1_item_03_schoice" title="Question" maxattempts="3">
<itemcontrol feedbackswitch="No" hintswitch="No" solutionswitch="Yes"/>
<itemmetadata>
<qtimetadata>
<qtimetadatafield>
<fieldlabel>question_type</fieldlabel>
<fieldentry>multiple_choice_question</fieldentry>
</qtimetadatafield>
</qtimetadata>
</itemmetadata>
<presentation>
<flow>
<material>
<matbreak/>
<mattext texttype="text/html" charset="utf-8"><![CDATA[
<p>Question ID: 10_417</p>
<p><img src="data/supplements3/xx.png" /></p>
]]></mattext>
<matbreak/>
</material>
<response_lid ident="ET_134_365609045_section_1_item_03_schoice_RESPONSE_1655766" rcardinality="Single" rtiming="No">
<render_choice shuffle="No">
<flow_label class="List">
<response_label ident="ET_134_365609045_section_1_item_03_schoice_5799018787" rshuffle="No">
<material>
<mattext texttype="text/html" charset="utf-8"><![CDATA[
 A
]]></mattext>
</material>
</response_label>
</flow_label>
<flow_label class="List">
<response_label ident="ET_134_365609045_section_1_item_03_schoice_5855570823" rshuffle="No">
<material>
<mattext texttype="text/html" charset="utf-8"><![CDATA[
 B
]]></mattext>
</material>
</response_label>
</flow_label>
<flow_label class="List">
<response_label ident="ET_134_365609045_section_1_item_03_schoice_1084266065" rshuffle="No">
<material>
<mattext texttype="text/html" charset="utf-8"><![CDATA[
 C
]]></mattext>
</material>
</response_label>
</flow_label>
<flow_label class="List">
<response_label ident="ET_134_365609045_section_1_item_03_schoice_4509385779" rshuffle="No">
<material>
<mattext texttype="text/html" charset="utf-8"><![CDATA[
 D
]]></mattext>
</material>
</response_label>
</flow_label>
</render_choice>
</response_lid>
</flow>
</presentation>
<resprocessing>
<outcomes>
<decvar varname="SCORE" vartype="Decimal" defaultval="0" minvalue="0" maxvalue="1" cutvalue="1"/>
</outcomes>
<respcondition title="Mastery" continue="No">
<conditionvar>
<and>
<varequal respident="ET_134_365609045_section_1_item_03_schoice_RESPONSE_1655766" case="Yes">ET_134_365609045_section_1_item_03_schoice_4509385779</varequal>
<not> <varequal respident="ET_134_365609045_section_1_item_03_schoice_RESPONSE_1655766" case="Yes">ET_134_365609045_section_1_item_03_schoice_5799018787</varequal> </not>
<not> <varequal respident="ET_134_365609045_section_1_item_03_schoice_RESPONSE_1655766" case="Yes">ET_134_365609045_section_1_item_03_schoice_5855570823</varequal> </not>
<not> <varequal respident="ET_134_365609045_section_1_item_03_schoice_RESPONSE_1655766" case="Yes">ET_134_365609045_section_1_item_03_schoice_1084266065</varequal> </not>
</and>
</conditionvar>
<setvar varname="SCORE" action="Set">1</setvar>
<displayfeedback feedbacktype="Response" linkrefid="correct_fb"/>
</respcondition>
<respcondition continue="Yes">
<conditionvar>
<other/>
</conditionvar>
<displayfeedback feedbacktype="Response" linkrefid="general_incorrect_fb"/>
</respcondition>
</resprocessing>
<itemfeedback ident="correct_fb" view="All">
<flow_mat>
<material>
<mattext texttype="text/html"><![CDATA[
<p>The correct answer is D</p>
]]></mattext>
</material>
</flow_mat>
</itemfeedback>
<itemfeedback ident="general_incorrect_fb" view="All">
<flow_mat>
<material>
<mattext texttype="text/html"><![CDATA[
<p>The correct answer is D</p>
]]></mattext>
</material>
</flow_mat>
</itemfeedback>
</item>

<item ident="ET_134_365609045_section_1_item_04_schoice" title="Question" maxattempts="3">
<itemcontrol feedbackswitch="No" hintswitch="No" solutionswitch="Yes"/>
<itemmetadata>
<qtimetadata>
<qtimetadatafield>
<fieldlabel>question_type</fieldlabel>
<fieldentry>multiple_choice_question</fieldentry>
</qtimetadatafield>
</qtimetadata>
</itemmetadata>
<presentation>
<flow>
<material>
<matbreak/>
<mattext texttype="text/html" charset="utf-8"><![CDATA[
<p>Question ID: 06_429</p>
<p><img src="data/supplements4/xx.png" /></p>
]]></mattext>
<matbreak/>
</material>
<response_lid ident="ET_134_365609045_section_1_item_04_schoice_RESPONSE_1861728" rcardinality="Single" rtiming="No">
<render_choice shuffle="No">
<flow_label class="List">
<response_label ident="ET_134_365609045_section_1_item_04_schoice_1487247994" rshuffle="No">
<material>
<mattext texttype="text/html" charset="utf-8"><![CDATA[
 A
]]></mattext>
</material>
</response_label>
</flow_label>
<flow_label class="List">
<response_label ident="ET_134_365609045_section_1_item_04_schoice_1243014664" rshuffle="No">
<material>
<mattext texttype="text/html" charset="utf-8"><![CDATA[
 B
]]></mattext>
</material>
</response_label>
</flow_label>
<flow_label class="List">
<response_label ident="ET_134_365609045_section_1_item_04_schoice_6982030493" rshuffle="No">
<material>
<mattext texttype="text/html" charset="utf-8"><![CDATA[
 C
]]></mattext>
</material>
</response_label>
</flow_label>
<flow_label class="List">
<response_label ident="ET_134_365609045_section_1_item_04_schoice_1742426756" rshuffle="No">
<material>
<mattext texttype="text/html" charset="utf-8"><![CDATA[
 D
]]></mattext>
</material>
</response_label>
</flow_label>
</render_choice>
</response_lid>
</flow>
</presentation>
<resprocessing>
<outcomes>
<decvar varname="SCORE" vartype="Decimal" defaultval="0" minvalue="0" maxvalue="1" cutvalue="1"/>
</outcomes>
<respcondition title="Mastery" continue="No">
<conditionvar>
<and>
<varequal respident="ET_134_365609045_section_1_item_04_schoice_RESPONSE_1861728" case="Yes">ET_134_365609045_section_1_item_04_schoice_1243014664</varequal>
<not> <varequal respident="ET_134_365609045_section_1_item_04_schoice_RESPONSE_1861728" case="Yes">ET_134_365609045_section_1_item_04_schoice_1487247994</varequal> </not>
<not> <varequal respident="ET_134_365609045_section_1_item_04_schoice_RESPONSE_1861728" case="Yes">ET_134_365609045_section_1_item_04_schoice_6982030493</varequal> </not>
<not> <varequal respident="ET_134_365609045_section_1_item_04_schoice_RESPONSE_1861728" case="Yes">ET_134_365609045_section_1_item_04_schoice_1742426756</varequal> </not>
</and>
</conditionvar>
<setvar varname="SCORE" action="Set">1</setvar>
<displayfeedback feedbacktype="Response" linkrefid="correct_fb"/>
</respcondition>
<respcondition continue="Yes">
<conditionvar>
<other/>
</conditionvar>
<displayfeedback feedbacktype="Response" linkrefid="general_incorrect_fb"/>
</respcondition>
</resprocessing>
<itemfeedback ident="correct_fb" view="All">
<flow_mat>
<material>
<mattext texttype="text/html"><![CDATA[
<p>The correct answer is B</p>
]]></mattext>
</material>
</flow_mat>
</itemfeedback>
<itemfeedback ident="general_incorrect_fb" view="All">
<flow_mat>
<material>
<mattext texttype="text/html"><![CDATA[
<p>The correct answer is B</p>
]]></mattext>
</material>
</flow_mat>
</itemfeedback>
</item>

<item ident="ET_134_365609045_section_1_item_05_schoice" title="Question" maxattempts="3">
<itemcontrol feedbackswitch="No" hintswitch="No" solutionswitch="Yes"/>
<itemmetadata>
<qtimetadata>
<qtimetadatafield>
<fieldlabel>question_type</fieldlabel>
<fieldentry>multiple_choice_question</fieldentry>
</qtimetadatafield>
</qtimetadata>
</itemmetadata>
<presentation>
<flow>
<material>
<matbreak/>
<mattext texttype="text/html" charset="utf-8"><![CDATA[
<p>Question ID: 11_122</p>
<p><img src="data/supplements5/xx.png" /></p>
]]></mattext>
<matbreak/>
</material>
<response_lid ident="ET_134_365609045_section_1_item_05_schoice_RESPONSE_9213456" rcardinality="Single" rtiming="No">
<render_choice shuffle="No">
<flow_label class="List">
<response_label ident="ET_134_365609045_section_1_item_05_schoice_3607678171" rshuffle="No">
<material>
<mattext texttype="text/html" charset="utf-8"><![CDATA[
 A
]]></mattext>
</material>
</response_label>
</flow_label>
<flow_label class="List">
<response_label ident="ET_134_365609045_section_1_item_05_schoice_4158800571" rshuffle="No">
<material>
<mattext texttype="text/html" charset="utf-8"><![CDATA[
 B
]]></mattext>
</material>
</response_label>
</flow_label>
<flow_label class="List">
<response_label ident="ET_134_365609045_section_1_item_05_schoice_3366574546" rshuffle="No">
<material>
<mattext texttype="text/html" charset="utf-8"><![CDATA[
 C
]]></mattext>
</material>
</response_label>
</flow_label>
<flow_label class="List">
<response_label ident="ET_134_365609045_section_1_item_05_schoice_2959030773" rshuffle="No">
<material>
<mattext texttype="text/html" charset="utf-8"><![CDATA[
 D
]]></mattext>
</material>
</response_label>
</flow_label>
</render_choice>
</response_lid>
</flow>
</presentation>
<resprocessing>
<outcomes>
<decvar varname="SCORE" vartype="Decimal" defaultval="0" minvalue="0" maxvalue="1" cutvalue="1"/>
</outcomes>
<respcondition title="Mastery" continue="No">
<conditionvar>
<and>
<varequal respident="ET_134_365609045_section_1_item_05_schoice_RESPONSE_9213456" case="Yes">ET_134_365609045_section_1_item_05_schoice_3366574546</varequal>
<not> <varequal respident="ET_134_365609045_section_1_item_05_schoice_RESPONSE_9213456" case="Yes">ET_134_365609045_section_1_item_05_schoice_3607678171</varequal> </not>
<not> <varequal respident="ET_134_365609045_section_1_item_05_schoice_RESPONSE_9213456" case="Yes">ET_134_365609045_section_1_item_05_schoice_4158800571</varequal> </not>
<not> <varequal respident="ET_134_365609045_section_1_item_05_schoice_RESPONSE_9213456" case="Yes">ET_134_365609045_section_1_item_05_schoice_2959030773</varequal> </not>
</and>
</conditionvar>
<setvar varname="SCORE" action="Set">1</setvar>
<displayfeedback feedbacktype="Response" linkrefid="correct_fb"/>
</respcondition>
<respcondition continue="Yes">
<conditionvar>
<other/>
</conditionvar>
<displayfeedback feedbacktype="Response" linkrefid="general_incorrect_fb"/>
</respcondition>
</resprocessing>
<itemfeedback ident="correct_fb" view="All">
<flow_mat>
<material>
<mattext texttype="text/html"><![CDATA[
<p>The correct answer is C</p>
]]></mattext>
</material>
</flow_mat>
</itemfeedback>
<itemfeedback ident="general_incorrect_fb" view="All">
<flow_mat>
<material>
<mattext texttype="text/html"><![CDATA[
<p>The correct answer is C</p>
]]></mattext>
</material>
</flow_mat>
</itemfeedback>
</item>

<item ident="ET_134_365609045_section_1_item_06_schoice" title="Question" maxattempts="3">
<itemcontrol feedbackswitch="No" hintswitch="No" solutionswitch="Yes"/>
<itemmetadata>
<qtimetadata>
<qtimetadatafield>
<fieldlabel>question_type</fieldlabel>
<fieldentry>multiple_choice_question</fieldentry>
</qtimetadatafield>
</qtimetadata>
</itemmetadata>
<presentation>
<flow>
<material>
<matbreak/>
<mattext texttype="text/html" charset="utf-8"><![CDATA[
<p>Question ID: 08_421</p>
<p><img src="data/supplements6/xx.png" /></p>
]]></mattext>
<matbreak/>
</material>
<response_lid ident="ET_134_365609045_section_1_item_06_schoice_RESPONSE_3491229" rcardinality="Single" rtiming="No">
<render_choice shuffle="No">
<flow_label class="List">
<response_label ident="ET_134_365609045_section_1_item_06_schoice_2679601470" rshuffle="No">
<material>
<mattext texttype="text/html" charset="utf-8"><![CDATA[
 A
]]></mattext>
</material>
</response_label>
</flow_label>
<flow_label class="List">
<response_label ident="ET_134_365609045_section_1_item_06_schoice_3715357273" rshuffle="No">
<material>
<mattext texttype="text/html" charset="utf-8"><![CDATA[
 B
]]></mattext>
</material>
</response_label>
</flow_label>
<flow_label class="List">
<response_label ident="ET_134_365609045_section_1_item_06_schoice_1900198979" rshuffle="No">
<material>
<mattext texttype="text/html" charset="utf-8"><![CDATA[
 C
]]></mattext>
</material>
</response_label>
</flow_label>
<flow_label class="List">
<response_label ident="ET_134_365609045_section_1_item_06_schoice_7525621769" rshuffle="No">
<material>
<mattext texttype="text/html" charset="utf-8"><![CDATA[
 D
]]></mattext>
</material>
</response_label>
</flow_label>
</render_choice>
</response_lid>
</flow>
</presentation>
<resprocessing>
<outcomes>
<decvar varname="SCORE" vartype="Decimal" defaultval="0" minvalue="0" maxvalue="1" cutvalue="1"/>
</outcomes>
<respcondition title="Mastery" continue="No">
<conditionvar>
<and>
<varequal respident="ET_134_365609045_section_1_item_06_schoice_RESPONSE_3491229" case="Yes">ET_134_365609045_section_1_item_06_schoice_7525621769</varequal>
<not> <varequal respident="ET_134_365609045_section_1_item_06_schoice_RESPONSE_3491229" case="Yes">ET_134_365609045_section_1_item_06_schoice_2679601470</varequal> </not>
<not> <varequal respident="ET_134_365609045_section_1_item_06_schoice_RESPONSE_3491229" case="Yes">ET_134_365609045_section_1_item_06_schoice_3715357273</varequal> </not>
<not> <varequal respident="ET_134_365609045_section_1_item_06_schoice_RESPONSE_3491229" case="Yes">ET_134_365609045_section_1_item_06_schoice_1900198979</varequal> </not>
</and>
</conditionvar>
<setvar varname="SCORE" action="Set">1</setvar>
<displayfeedback feedbacktype="Response" linkrefid="correct_fb"/>
</respcondition>
<respcondition continue="Yes">
<conditionvar>
<other/>
</conditionvar>
<displayfeedback feedbacktype="Response" linkrefid="general_incorrect_fb"/>
</respcondition>
</resprocessing>
<itemfeedback ident="correct_fb" view="All">
<flow_mat>
<material>
<mattext texttype="text/html"><![CDATA[
<p>The correct answer is D</p>
]]></mattext>
</material>
</flow_mat>
</itemfeedback>
<itemfeedback ident="general_incorrect_fb" view="All">
<flow_mat>
<material>
<mattext texttype="text/html"><![CDATA[
<p>The correct answer is D</p>
]]></mattext>
</material>
</flow_mat>
</itemfeedback>
</item>

<item ident="ET_134_365609045_section_1_item_07_schoice" title="Question" maxattempts="3">
<itemcontrol feedbackswitch="No" hintswitch="No" solutionswitch="Yes"/>
<itemmetadata>
<qtimetadata>
<qtimetadatafield>
<fieldlabel>question_type</fieldlabel>
<fieldentry>multiple_choice_question</fieldentry>
</qtimetadatafield>
</qtimetadata>
</itemmetadata>
<presentation>
<flow>
<material>
<matbreak/>
<mattext texttype="text/html" charset="utf-8"><![CDATA[
<p>Question ID: 04_425</p>
<p><img src="data/supplements7/xx.png" /></p>
]]></mattext>
<matbreak/>
</material>
<response_lid ident="ET_134_365609045_section_1_item_07_schoice_RESPONSE_2116707" rcardinality="Single" rtiming="No">
<render_choice shuffle="No">
<flow_label class="List">
<response_label ident="ET_134_365609045_section_1_item_07_schoice_4469661318" rshuffle="No">
<material>
<mattext texttype="text/html" charset="utf-8"><![CDATA[
 A
]]></mattext>
</material>
</response_label>
</flow_label>
<flow_label class="List">
<response_label ident="ET_134_365609045_section_1_item_07_schoice_3032335129" rshuffle="No">
<material>
<mattext texttype="text/html" charset="utf-8"><![CDATA[
 B
]]></mattext>
</material>
</response_label>
</flow_label>
<flow_label class="List">
<response_label ident="ET_134_365609045_section_1_item_07_schoice_6319702089" rshuffle="No">
<material>
<mattext texttype="text/html" charset="utf-8"><![CDATA[
 C
]]></mattext>
</material>
</response_label>
</flow_label>
<flow_label class="List">
<response_label ident="ET_134_365609045_section_1_item_07_schoice_5651188463" rshuffle="No">
<material>
<mattext texttype="text/html" charset="utf-8"><![CDATA[
 D
]]></mattext>
</material>
</response_label>
</flow_label>
</render_choice>
</response_lid>
</flow>
</presentation>
<resprocessing>
<outcomes>
<decvar varname="SCORE" vartype="Decimal" defaultval="0" minvalue="0" maxvalue="1" cutvalue="1"/>
</outcomes>
<respcondition title="Mastery" continue="No">
<conditionvar>
<and>
<varequal respident="ET_134_365609045_section_1_item_07_schoice_RESPONSE_2116707" case="Yes">ET_134_365609045_section_1_item_07_schoice_3032335129</varequal>
<not> <varequal respident="ET_134_365609045_section_1_item_07_schoice_RESPONSE_2116707" case="Yes">ET_134_365609045_section_1_item_07_schoice_4469661318</varequal> </not>
<not> <varequal respident="ET_134_365609045_section_1_item_07_schoice_RESPONSE_2116707" case="Yes">ET_134_365609045_section_1_item_07_schoice_6319702089</varequal> </not>
<not> <varequal respident="ET_134_365609045_section_1_item_07_schoice_RESPONSE_2116707" case="Yes">ET_134_365609045_section_1_item_07_schoice_5651188463</varequal> </not>
</and>
</conditionvar>
<setvar varname="SCORE" action="Set">1</setvar>
<displayfeedback feedbacktype="Response" linkrefid="correct_fb"/>
</respcondition>
<respcondition continue="Yes">
<conditionvar>
<other/>
</conditionvar>
<displayfeedback feedbacktype="Response" linkrefid="general_incorrect_fb"/>
</respcondition>
</resprocessing>
<itemfeedback ident="correct_fb" view="All">
<flow_mat>
<material>
<mattext texttype="text/html"><![CDATA[
<p>The correct answer is B</p>
]]></mattext>
</material>
</flow_mat>
</itemfeedback>
<itemfeedback ident="general_incorrect_fb" view="All">
<flow_mat>
<material>
<mattext texttype="text/html"><![CDATA[
<p>The correct answer is B</p>
]]></mattext>
</material>
</flow_mat>
</itemfeedback>
</item>

<item ident="ET_134_365609045_section_1_item_08_num" title="Question" maxattempts="3">
<itemcontrol feedbackswitch="No" hintswitch="No" solutionswitch="Yes"/>
<itemmetadata>
<qtimetadata>
<qtimetadatafield>
<fieldlabel>question_type</fieldlabel>
<fieldentry>numerical_question</fieldentry>
</qtimetadatafield>
</qtimetadata>
</itemmetadata>
<presentation>
<flow>
<material>
<matbreak/>
<mattext texttype="text/html" charset="utf-8"><![CDATA[
<p>Question ID: 02_432</p>
<p><img src="data/supplements8/xx.png" /></p>
]]></mattext>
<matbreak/>
</material>
<response_num ident="ET_134_365609045_section_1_item_08_num_RESPONSE_4043880" rcardinality="Single" numtype="Decimal">
<render_fib fibtype="Decimal" maxchars="12">
<flow_label class="Block">
<response_label ident="ET_134_365609045_section_1_item_08_num_RESPONSE_4043880" rshuffle="No"/>
</flow_label>
</render_fib>
</response_num>
<material>
<matbreak/>
</material>
</flow>
</presentation>
<resprocessing>
<outcomes>
<decvar varname="SCORE" vartype="Decimal" defaultval="0" minvalue="0" maxvalue="1" cutvalue="1"/>
</outcomes>
<respcondition title="Mastery" continue="No">
<conditionvar>

<or>
<varequal respident="ET_134_365609045_section_1_item_08_num_RESPONSE_4043880" case="No"><![CDATA[7]]></varequal>
<and>
<vargte respident="ET_134_365609045_section_1_item_08_num_RESPONSE_4043880"><![CDATA[6.99999]]></vargte>
<varlte respident="ET_134_365609045_section_1_item_08_num_RESPONSE_4043880"><![CDATA[7.00001]]></varlte>
</and>
</or>
</conditionvar>
<setvar varname="SCORE" action="Set">1</setvar>
<displayfeedback feedbacktype="Response" linkrefid="correct_fb"/>
</respcondition>
<respcondition continue="Yes">
<conditionvar>
<other/>
</conditionvar>
<displayfeedback feedbacktype="Response" linkrefid="general_incorrect_fb"/>
</respcondition>
</resprocessing>
<itemfeedback ident="correct_fb" view="All">
<flow_mat>
<material>
<mattext texttype="text/html"><![CDATA[
<p>The correct answer is 7.</p>
]]></mattext>
</material>
</flow_mat>
</itemfeedback>
<itemfeedback ident="general_incorrect_fb" view="All">
<flow_mat>
<material>
<mattext texttype="text/html"><![CDATA[
<p>The correct answer is 7.</p>
]]></mattext>
</material>
</flow_mat>
</itemfeedback>
</item>

<item ident="ET_134_365609045_section_1_item_09_num" title="Question" maxattempts="3">
<itemcontrol feedbackswitch="No" hintswitch="No" solutionswitch="Yes"/>
<itemmetadata>
<qtimetadata>
<qtimetadatafield>
<fieldlabel>question_type</fieldlabel>
<fieldentry>numerical_question</fieldentry>
</qtimetadatafield>
</qtimetadata>
</itemmetadata>
<presentation>
<flow>
<material>
<matbreak/>
<mattext texttype="text/html" charset="utf-8"><![CDATA[
<p>Question ID: 07_437</p>
<p><img src="data/supplements9/xx.png" /></p>
]]></mattext>
<matbreak/>
</material>
<response_num ident="ET_134_365609045_section_1_item_09_num_RESPONSE_3033215" rcardinality="Single" numtype="Decimal">
<render_fib fibtype="Decimal" maxchars="12">
<flow_label class="Block">
<response_label ident="ET_134_365609045_section_1_item_09_num_RESPONSE_3033215" rshuffle="No"/>
</flow_label>
</render_fib>
</response_num>
<material>
<matbreak/>
</material>
</flow>
</presentation>
<resprocessing>
<outcomes>
<decvar varname="SCORE" vartype="Decimal" defaultval="0" minvalue="0" maxvalue="1" cutvalue="1"/>
</outcomes>
<respcondition title="Mastery" continue="No">
<conditionvar>

<or>
<varequal respident="ET_134_365609045_section_1_item_09_num_RESPONSE_3033215" case="No"><![CDATA[2.4]]></varequal>
<and>
<vargte respident="ET_134_365609045_section_1_item_09_num_RESPONSE_3033215"><![CDATA[2.39999]]></vargte>
<varlte respident="ET_134_365609045_section_1_item_09_num_RESPONSE_3033215"><![CDATA[2.40001]]></varlte>
</and>
</or>
</conditionvar>
<setvar varname="SCORE" action="Set">1</setvar>
<displayfeedback feedbacktype="Response" linkrefid="correct_fb"/>
</respcondition>
<respcondition continue="Yes">
<conditionvar>
<other/>
</conditionvar>
<displayfeedback feedbacktype="Response" linkrefid="general_incorrect_fb"/>
</respcondition>
</resprocessing>
<itemfeedback ident="correct_fb" view="All">
<flow_mat>
<material>
<mattext texttype="text/html"><![CDATA[
<p>The correct answer is 2.4.</p>
]]></mattext>
</material>
</flow_mat>
</itemfeedback>
<itemfeedback ident="general_incorrect_fb" view="All">
<flow_mat>
<material>
<mattext texttype="text/html"><![CDATA[
<p>The correct answer is 2.4.</p>
]]></mattext>
</material>
</flow_mat>
</itemfeedback>
</item>

<item ident="ET_134_365609045_section_1_item_10_schoice" title="Question" maxattempts="3">
<itemcontrol feedbackswitch="No" hintswitch="No" solutionswitch="Yes"/>
<itemmetadata>
<qtimetadata>
<qtimetadatafield>
<fieldlabel>question_type</fieldlabel>
<fieldentry>multiple_choice_question</fieldentry>
</qtimetadatafield>
</qtimetadata>
</itemmetadata>
<presentation>
<flow>
<material>
<matbreak/>
<mattext texttype="text/html" charset="utf-8"><![CDATA[
<p>Question ID: 11_117</p>
<p><img src="data/supplements10/xx.png" /></p>
]]></mattext>
<matbreak/>
</material>
<response_lid ident="ET_134_365609045_section_1_item_10_schoice_RESPONSE_3328604" rcardinality="Single" rtiming="No">
<render_choice shuffle="No">
<flow_label class="List">
<response_label ident="ET_134_365609045_section_1_item_10_schoice_9977061940" rshuffle="No">
<material>
<mattext texttype="text/html" charset="utf-8"><![CDATA[
 A
]]></mattext>
</material>
</response_label>
</flow_label>
<flow_label class="List">
<response_label ident="ET_134_365609045_section_1_item_10_schoice_7733664737" rshuffle="No">
<material>
<mattext texttype="text/html" charset="utf-8"><![CDATA[
 B
]]></mattext>
</material>
</response_label>
</flow_label>
<flow_label class="List">
<response_label ident="ET_134_365609045_section_1_item_10_schoice_9678968543" rshuffle="No">
<material>
<mattext texttype="text/html" charset="utf-8"><![CDATA[
 C
]]></mattext>
</material>
</response_label>
</flow_label>
<flow_label class="List">
<response_label ident="ET_134_365609045_section_1_item_10_schoice_1361039694" rshuffle="No">
<material>
<mattext texttype="text/html" charset="utf-8"><![CDATA[
 D
]]></mattext>
</material>
</response_label>
</flow_label>
</render_choice>
</response_lid>
</flow>
</presentation>
<resprocessing>
<outcomes>
<decvar varname="SCORE" vartype="Decimal" defaultval="0" minvalue="0" maxvalue="1" cutvalue="1"/>
</outcomes>
<respcondition title="Mastery" continue="No">
<conditionvar>
<and>
<varequal respident="ET_134_365609045_section_1_item_10_schoice_RESPONSE_3328604" case="Yes">ET_134_365609045_section_1_item_10_schoice_9977061940</varequal>
<not> <varequal respident="ET_134_365609045_section_1_item_10_schoice_RESPONSE_3328604" case="Yes">ET_134_365609045_section_1_item_10_schoice_7733664737</varequal> </not>
<not> <varequal respident="ET_134_365609045_section_1_item_10_schoice_RESPONSE_3328604" case="Yes">ET_134_365609045_section_1_item_10_schoice_9678968543</varequal> </not>
<not> <varequal respident="ET_134_365609045_section_1_item_10_schoice_RESPONSE_3328604" case="Yes">ET_134_365609045_section_1_item_10_schoice_1361039694</varequal> </not>
</and>
</conditionvar>
<setvar varname="SCORE" action="Set">1</setvar>
<displayfeedback feedbacktype="Response" linkrefid="correct_fb"/>
</respcondition>
<respcondition continue="Yes">
<conditionvar>
<other/>
</conditionvar>
<displayfeedback feedbacktype="Response" linkrefid="general_incorrect_fb"/>
</respcondition>
</resprocessing>
<itemfeedback ident="correct_fb" view="All">
<flow_mat>
<material>
<mattext texttype="text/html"><![CDATA[
<p>The correct answer is A</p>
]]></mattext>
</material>
</flow_mat>
</itemfeedback>
<itemfeedback ident="general_incorrect_fb" view="All">
<flow_mat>
<material>
<mattext texttype="text/html"><![CDATA[
<p>The correct answer is A</p>
]]></mattext>
</material>
</flow_mat>
</itemfeedback>
</item>

<item ident="ET_134_365609045_section_1_item_11_schoice" title="Question" maxattempts="3">
<itemcontrol feedbackswitch="No" hintswitch="No" solutionswitch="Yes"/>
<itemmetadata>
<qtimetadata>
<qtimetadatafield>
<fieldlabel>question_type</fieldlabel>
<fieldentry>multiple_choice_question</fieldentry>
</qtimetadatafield>
</qtimetadata>
</itemmetadata>
<presentation>
<flow>
<material>
<matbreak/>
<mattext texttype="text/html" charset="utf-8"><![CDATA[
<p>Question ID: 01_420</p>
<p><img src="data/supplements11/xx.png" /></p>
]]></mattext>
<matbreak/>
</material>
<response_lid ident="ET_134_365609045_section_1_item_11_schoice_RESPONSE_6727638" rcardinality="Single" rtiming="No">
<render_choice shuffle="No">
<flow_label class="List">
<response_label ident="ET_134_365609045_section_1_item_11_schoice_8619610788" rshuffle="No">
<material>
<mattext texttype="text/html" charset="utf-8"><![CDATA[
 A
]]></mattext>
</material>
</response_label>
</flow_label>
<flow_label class="List">
<response_label ident="ET_134_365609045_section_1_item_11_schoice_5481106021" rshuffle="No">
<material>
<mattext texttype="text/html" charset="utf-8"><![CDATA[
 B
]]></mattext>
</material>
</response_label>
</flow_label>
<flow_label class="List">
<response_label ident="ET_134_365609045_section_1_item_11_schoice_6247200943" rshuffle="No">
<material>
<mattext texttype="text/html" charset="utf-8"><![CDATA[
 C
]]></mattext>
</material>
</response_label>
</flow_label>
<flow_label class="List">
<response_label ident="ET_134_365609045_section_1_item_11_schoice_6534894111" rshuffle="No">
<material>
<mattext texttype="text/html" charset="utf-8"><![CDATA[
 D
]]></mattext>
</material>
</response_label>
</flow_label>
</render_choice>
</response_lid>
</flow>
</presentation>
<resprocessing>
<outcomes>
<decvar varname="SCORE" vartype="Decimal" defaultval="0" minvalue="0" maxvalue="1" cutvalue="1"/>
</outcomes>
<respcondition title="Mastery" continue="No">
<conditionvar>
<and>
<varequal respident="ET_134_365609045_section_1_item_11_schoice_RESPONSE_6727638" case="Yes">ET_134_365609045_section_1_item_11_schoice_6534894111</varequal>
<not> <varequal respident="ET_134_365609045_section_1_item_11_schoice_RESPONSE_6727638" case="Yes">ET_134_365609045_section_1_item_11_schoice_8619610788</varequal> </not>
<not> <varequal respident="ET_134_365609045_section_1_item_11_schoice_RESPONSE_6727638" case="Yes">ET_134_365609045_section_1_item_11_schoice_5481106021</varequal> </not>
<not> <varequal respident="ET_134_365609045_section_1_item_11_schoice_RESPONSE_6727638" case="Yes">ET_134_365609045_section_1_item_11_schoice_6247200943</varequal> </not>
</and>
</conditionvar>
<setvar varname="SCORE" action="Set">1</setvar>
<displayfeedback feedbacktype="Response" linkrefid="correct_fb"/>
</respcondition>
<respcondition continue="Yes">
<conditionvar>
<other/>
</conditionvar>
<displayfeedback feedbacktype="Response" linkrefid="general_incorrect_fb"/>
</respcondition>
</resprocessing>
<itemfeedback ident="correct_fb" view="All">
<flow_mat>
<material>
<mattext texttype="text/html"><![CDATA[
<p>The correct answer is D</p>
]]></mattext>
</material>
</flow_mat>
</itemfeedback>
<itemfeedback ident="general_incorrect_fb" view="All">
<flow_mat>
<material>
<mattext texttype="text/html"><![CDATA[
<p>The correct answer is D</p>
]]></mattext>
</material>
</flow_mat>
</itemfeedback>
</item>

<item ident="ET_134_365609045_section_1_item_12_num" title="Question" maxattempts="3">
<itemcontrol feedbackswitch="No" hintswitch="No" solutionswitch="Yes"/>
<itemmetadata>
<qtimetadata>
<qtimetadatafield>
<fieldlabel>question_type</fieldlabel>
<fieldentry>numerical_question</fieldentry>
</qtimetadatafield>
</qtimetadata>
</itemmetadata>
<presentation>
<flow>
<material>
<matbreak/>
<mattext texttype="text/html" charset="utf-8"><![CDATA[
<p>Question ID: 04_433</p>
<p><img src="data/supplements12/xx.png" /></p>
]]></mattext>
<matbreak/>
</material>
<response_num ident="ET_134_365609045_section_1_item_12_num_RESPONSE_2410810" rcardinality="Single" numtype="Decimal">
<render_fib fibtype="Decimal" maxchars="12">
<flow_label class="Block">
<response_label ident="ET_134_365609045_section_1_item_12_num_RESPONSE_2410810" rshuffle="No"/>
</flow_label>
</render_fib>
</response_num>
<material>
<matbreak/>
</material>
</flow>
</presentation>
<resprocessing>
<outcomes>
<decvar varname="SCORE" vartype="Decimal" defaultval="0" minvalue="0" maxvalue="1" cutvalue="1"/>
</outcomes>
<respcondition title="Mastery" continue="No">
<conditionvar>

<or>
<varequal respident="ET_134_365609045_section_1_item_12_num_RESPONSE_2410810" case="No"><![CDATA[4.55]]></varequal>
<and>
<vargte respident="ET_134_365609045_section_1_item_12_num_RESPONSE_2410810"><![CDATA[4.54999]]></vargte>
<varlte respident="ET_134_365609045_section_1_item_12_num_RESPONSE_2410810"><![CDATA[4.55001]]></varlte>
</and>
</or>
</conditionvar>
<setvar varname="SCORE" action="Set">1</setvar>
<displayfeedback feedbacktype="Response" linkrefid="correct_fb"/>
</respcondition>
<respcondition continue="Yes">
<conditionvar>
<other/>
</conditionvar>
<displayfeedback feedbacktype="Response" linkrefid="general_incorrect_fb"/>
</respcondition>
</resprocessing>
<itemfeedback ident="correct_fb" view="All">
<flow_mat>
<material>
<mattext texttype="text/html"><![CDATA[
<p>The correct answer is 4.55.</p>
]]></mattext>
</material>
</flow_mat>
</itemfeedback>
<itemfeedback ident="general_incorrect_fb" view="All">
<flow_mat>
<material>
<mattext texttype="text/html"><![CDATA[
<p>The correct answer is 4.55.</p>
]]></mattext>
</material>
</flow_mat>
</itemfeedback>
</item>

<item ident="ET_134_365609045_section_1_item_13_num" title="Question" maxattempts="3">
<itemcontrol feedbackswitch="No" hintswitch="No" solutionswitch="Yes"/>
<itemmetadata>
<qtimetadata>
<qtimetadatafield>
<fieldlabel>question_type</fieldlabel>
<fieldentry>numerical_question</fieldentry>
</qtimetadatafield>
</qtimetadata>
</itemmetadata>
<presentation>
<flow>
<material>
<matbreak/>
<mattext texttype="text/html" charset="utf-8"><![CDATA[
<p>Question ID: 10_435</p>
<p><img src="data/supplements13/xx.png" /></p>
]]></mattext>
<matbreak/>
</material>
<response_num ident="ET_134_365609045_section_1_item_13_num_RESPONSE_5034137" rcardinality="Single" numtype="Decimal">
<render_fib fibtype="Decimal" maxchars="12">
<flow_label class="Block">
<response_label ident="ET_134_365609045_section_1_item_13_num_RESPONSE_5034137" rshuffle="No"/>
</flow_label>
</render_fib>
</response_num>
<material>
<matbreak/>
</material>
</flow>
</presentation>
<resprocessing>
<outcomes>
<decvar varname="SCORE" vartype="Decimal" defaultval="0" minvalue="0" maxvalue="1" cutvalue="1"/>
</outcomes>
<respcondition title="Mastery" continue="No">
<conditionvar>

<or>
<varequal respident="ET_134_365609045_section_1_item_13_num_RESPONSE_5034137" case="No"><![CDATA[2.5]]></varequal>
<and>
<vargte respident="ET_134_365609045_section_1_item_13_num_RESPONSE_5034137"><![CDATA[2.49999]]></vargte>
<varlte respident="ET_134_365609045_section_1_item_13_num_RESPONSE_5034137"><![CDATA[2.50001]]></varlte>
</and>
</or>
</conditionvar>
<setvar varname="SCORE" action="Set">1</setvar>
<displayfeedback feedbacktype="Response" linkrefid="correct_fb"/>
</respcondition>
<respcondition continue="Yes">
<conditionvar>
<other/>
</conditionvar>
<displayfeedback feedbacktype="Response" linkrefid="general_incorrect_fb"/>
</respcondition>
</resprocessing>
<itemfeedback ident="correct_fb" view="All">
<flow_mat>
<material>
<mattext texttype="text/html"><![CDATA[
<p>The correct answer is 2.5.</p>
]]></mattext>
</material>
</flow_mat>
</itemfeedback>
<itemfeedback ident="general_incorrect_fb" view="All">
<flow_mat>
<material>
<mattext texttype="text/html"><![CDATA[
<p>The correct answer is 2.5.</p>
]]></mattext>
</material>
</flow_mat>
</itemfeedback>
</item>

<item ident="ET_134_365609045_section_1_item_14_num" title="Question" maxattempts="3">
<itemcontrol feedbackswitch="No" hintswitch="No" solutionswitch="Yes"/>
<itemmetadata>
<qtimetadata>
<qtimetadatafield>
<fieldlabel>question_type</fieldlabel>
<fieldentry>numerical_question</fieldentry>
</qtimetadatafield>
</qtimetadata>
</itemmetadata>
<presentation>
<flow>
<material>
<matbreak/>
<mattext texttype="text/html" charset="utf-8"><![CDATA[
<p>Question ID: 06_437</p>
<p><img src="data/supplements14/xx.png" /></p>
]]></mattext>
<matbreak/>
</material>
<response_num ident="ET_134_365609045_section_1_item_14_num_RESPONSE_7057349" rcardinality="Single" numtype="Decimal">
<render_fib fibtype="Decimal" maxchars="12">
<flow_label class="Block">
<response_label ident="ET_134_365609045_section_1_item_14_num_RESPONSE_7057349" rshuffle="No"/>
</flow_label>
</render_fib>
</response_num>
<material>
<matbreak/>
</material>
</flow>
</presentation>
<resprocessing>
<outcomes>
<decvar varname="SCORE" vartype="Decimal" defaultval="0" minvalue="0" maxvalue="1" cutvalue="1"/>
</outcomes>
<respcondition title="Mastery" continue="No">
<conditionvar>

<or>
<varequal respident="ET_134_365609045_section_1_item_14_num_RESPONSE_7057349" case="No"><![CDATA[30]]></varequal>
<and>
<vargte respident="ET_134_365609045_section_1_item_14_num_RESPONSE_7057349"><![CDATA[29.99999]]></vargte>
<varlte respident="ET_134_365609045_section_1_item_14_num_RESPONSE_7057349"><![CDATA[30.00001]]></varlte>
</and>
</or>
</conditionvar>
<setvar varname="SCORE" action="Set">1</setvar>
<displayfeedback feedbacktype="Response" linkrefid="correct_fb"/>
</respcondition>
<respcondition continue="Yes">
<conditionvar>
<other/>
</conditionvar>
<displayfeedback feedbacktype="Response" linkrefid="general_incorrect_fb"/>
</respcondition>
</resprocessing>
<itemfeedback ident="correct_fb" view="All">
<flow_mat>
<material>
<mattext texttype="text/html"><![CDATA[
<p>The correct answer is 30.</p>
]]></mattext>
</material>
</flow_mat>
</itemfeedback>
<itemfeedback ident="general_incorrect_fb" view="All">
<flow_mat>
<material>
<mattext texttype="text/html"><![CDATA[
<p>The correct answer is 30.</p>
]]></mattext>
</material>
</flow_mat>
</itemfeedback>
</item>

<item ident="ET_134_365609045_section_1_item_15_schoice" title="Question" maxattempts="3">
<itemcontrol feedbackswitch="No" hintswitch="No" solutionswitch="Yes"/>
<itemmetadata>
<qtimetadata>
<qtimetadatafield>
<fieldlabel>question_type</fieldlabel>
<fieldentry>multiple_choice_question</fieldentry>
</qtimetadatafield>
</qtimetadata>
</itemmetadata>
<presentation>
<flow>
<material>
<matbreak/>
<mattext texttype="text/html" charset="utf-8"><![CDATA[
<p>Question ID: 10_422</p>
<p><img src="data/supplements15/xx.png" /></p>
]]></mattext>
<matbreak/>
</material>
<response_lid ident="ET_134_365609045_section_1_item_15_schoice_RESPONSE_4057013" rcardinality="Single" rtiming="No">
<render_choice shuffle="No">
<flow_label class="List">
<response_label ident="ET_134_365609045_section_1_item_15_schoice_1756165841" rshuffle="No">
<material>
<mattext texttype="text/html" charset="utf-8"><![CDATA[
 A
]]></mattext>
</material>
</response_label>
</flow_label>
<flow_label class="List">
<response_label ident="ET_134_365609045_section_1_item_15_schoice_1082302103" rshuffle="No">
<material>
<mattext texttype="text/html" charset="utf-8"><![CDATA[
 B
]]></mattext>
</material>
</response_label>
</flow_label>
<flow_label class="List">
<response_label ident="ET_134_365609045_section_1_item_15_schoice_9378935075" rshuffle="No">
<material>
<mattext texttype="text/html" charset="utf-8"><![CDATA[
 C
]]></mattext>
</material>
</response_label>
</flow_label>
<flow_label class="List">
<response_label ident="ET_134_365609045_section_1_item_15_schoice_2831347809" rshuffle="No">
<material>
<mattext texttype="text/html" charset="utf-8"><![CDATA[
 D
]]></mattext>
</material>
</response_label>
</flow_label>
</render_choice>
</response_lid>
</flow>
</presentation>
<resprocessing>
<outcomes>
<decvar varname="SCORE" vartype="Decimal" defaultval="0" minvalue="0" maxvalue="1" cutvalue="1"/>
</outcomes>
<respcondition title="Mastery" continue="No">
<conditionvar>
<and>
<varequal respident="ET_134_365609045_section_1_item_15_schoice_RESPONSE_4057013" case="Yes">ET_134_365609045_section_1_item_15_schoice_2831347809</varequal>
<not> <varequal respident="ET_134_365609045_section_1_item_15_schoice_RESPONSE_4057013" case="Yes">ET_134_365609045_section_1_item_15_schoice_1756165841</varequal> </not>
<not> <varequal respident="ET_134_365609045_section_1_item_15_schoice_RESPONSE_4057013" case="Yes">ET_134_365609045_section_1_item_15_schoice_1082302103</varequal> </not>
<not> <varequal respident="ET_134_365609045_section_1_item_15_schoice_RESPONSE_4057013" case="Yes">ET_134_365609045_section_1_item_15_schoice_9378935075</varequal> </not>
</and>
</conditionvar>
<setvar varname="SCORE" action="Set">1</setvar>
<displayfeedback feedbacktype="Response" linkrefid="correct_fb"/>
</respcondition>
<respcondition continue="Yes">
<conditionvar>
<other/>
</conditionvar>
<displayfeedback feedbacktype="Response" linkrefid="general_incorrect_fb"/>
</respcondition>
</resprocessing>
<itemfeedback ident="correct_fb" view="All">
<flow_mat>
<material>
<mattext texttype="text/html"><![CDATA[
<p>The correct answer is D</p>
]]></mattext>
</material>
</flow_mat>
</itemfeedback>
<itemfeedback ident="general_incorrect_fb" view="All">
<flow_mat>
<material>
<mattext texttype="text/html"><![CDATA[
<p>The correct answer is D</p>
]]></mattext>
</material>
</flow_mat>
</itemfeedback>
</item>


</section>
<section ident="ET_134_365609045_section_2" title="Exercise">

<objectives>
<material>
<mattext><![CDATA[Please answer the following question.]]></mattext>
</material>
</objectives>
<selection_ordering>
<selection>
<selection_number>1</selection_number>
<selection_extension>
<points_per_item>1</points_per_item>
</selection_extension>
</selection>
<order order_type="Random"/>
</selection_ordering>

<item ident="ET_134_365609045_section_2_item_01_schoice" title="Question" maxattempts="3">
<itemcontrol feedbackswitch="No" hintswitch="No" solutionswitch="Yes"/>
<itemmetadata>
<qtimetadata>
<qtimetadatafield>
<fieldlabel>question_type</fieldlabel>
<fieldentry>multiple_choice_question</fieldentry>
</qtimetadatafield>
</qtimetadata>
</itemmetadata>
<presentation>
<flow>
<material>
<matbreak/>
<mattext texttype="text/html" charset="utf-8"><![CDATA[
<p>Question ID: 03_301</p>
<p><img src="data/supplements16/xx.png" /></p>
]]></mattext>
<matbreak/>
</material>
<response_lid ident="ET_134_365609045_section_2_item_01_schoice_RESPONSE_1441279" rcardinality="Single" rtiming="No">
<render_choice shuffle="No">
<flow_label class="List">
<response_label ident="ET_134_365609045_section_2_item_01_schoice_6125157197" rshuffle="No">
<material>
<mattext texttype="text/html" charset="utf-8"><![CDATA[
 A
]]></mattext>
</material>
</response_label>
</flow_label>
<flow_label class="List">
<response_label ident="ET_134_365609045_section_2_item_01_schoice_5928291933" rshuffle="No">
<material>
<mattext texttype="text/html" charset="utf-8"><![CDATA[
 B
]]></mattext>
</material>
</response_label>
</flow_label>
<flow_label class="List">
<response_label ident="ET_134_365609045_section_2_item_01_schoice_5289370384" rshuffle="No">
<material>
<mattext texttype="text/html" charset="utf-8"><![CDATA[
 C
]]></mattext>
</material>
</response_label>
</flow_label>
<flow_label class="List">
<response_label ident="ET_134_365609045_section_2_item_01_schoice_2414721474" rshuffle="No">
<material>
<mattext texttype="text/html" charset="utf-8"><![CDATA[
 D
]]></mattext>
</material>
</response_label>
</flow_label>
</render_choice>
</response_lid>
</flow>
</presentation>
<resprocessing>
<outcomes>
<decvar varname="SCORE" vartype="Decimal" defaultval="0" minvalue="0" maxvalue="1" cutvalue="1"/>
</outcomes>
<respcondition title="Mastery" continue="No">
<conditionvar>
<and>
<varequal respident="ET_134_365609045_section_2_item_01_schoice_RESPONSE_1441279" case="Yes">ET_134_365609045_section_2_item_01_schoice_5289370384</varequal>
<not> <varequal respident="ET_134_365609045_section_2_item_01_schoice_RESPONSE_1441279" case="Yes">ET_134_365609045_section_2_item_01_schoice_6125157197</varequal> </not>
<not> <varequal respident="ET_134_365609045_section_2_item_01_schoice_RESPONSE_1441279" case="Yes">ET_134_365609045_section_2_item_01_schoice_5928291933</varequal> </not>
<not> <varequal respident="ET_134_365609045_section_2_item_01_schoice_RESPONSE_1441279" case="Yes">ET_134_365609045_section_2_item_01_schoice_2414721474</varequal> </not>
</and>
</conditionvar>
<setvar varname="SCORE" action="Set">1</setvar>
<displayfeedback feedbacktype="Response" linkrefid="correct_fb"/>
</respcondition>
<respcondition continue="Yes">
<conditionvar>
<other/>
</conditionvar>
<displayfeedback feedbacktype="Response" linkrefid="general_incorrect_fb"/>
</respcondition>
</resprocessing>
<itemfeedback ident="correct_fb" view="All">
<flow_mat>
<material>
<mattext texttype="text/html"><![CDATA[
<p>The correct answer is C</p>
]]></mattext>
</material>
</flow_mat>
</itemfeedback>
<itemfeedback ident="general_incorrect_fb" view="All">
<flow_mat>
<material>
<mattext texttype="text/html"><![CDATA[
<p>The correct answer is C</p>
]]></mattext>
</material>
</flow_mat>
</itemfeedback>
</item>

<item ident="ET_134_365609045_section_2_item_02_schoice" title="Question" maxattempts="3">
<itemcontrol feedbackswitch="No" hintswitch="No" solutionswitch="Yes"/>
<itemmetadata>
<qtimetadata>
<qtimetadatafield>
<fieldlabel>question_type</fieldlabel>
<fieldentry>multiple_choice_question</fieldentry>
</qtimetadatafield>
</qtimetadata>
</itemmetadata>
<presentation>
<flow>
<material>
<matbreak/>
<mattext texttype="text/html" charset="utf-8"><![CDATA[
<p>Question ID: 08_408</p>
<p><img src="data/supplements17/xx.png" /></p>
]]></mattext>
<matbreak/>
</material>
<response_lid ident="ET_134_365609045_section_2_item_02_schoice_RESPONSE_6074657" rcardinality="Single" rtiming="No">
<render_choice shuffle="No">
<flow_label class="List">
<response_label ident="ET_134_365609045_section_2_item_02_schoice_8096135411" rshuffle="No">
<material>
<mattext texttype="text/html" charset="utf-8"><![CDATA[
 A
]]></mattext>
</material>
</response_label>
</flow_label>
<flow_label class="List">
<response_label ident="ET_134_365609045_section_2_item_02_schoice_5744813027" rshuffle="No">
<material>
<mattext texttype="text/html" charset="utf-8"><![CDATA[
 B
]]></mattext>
</material>
</response_label>
</flow_label>
<flow_label class="List">
<response_label ident="ET_134_365609045_section_2_item_02_schoice_5625491617" rshuffle="No">
<material>
<mattext texttype="text/html" charset="utf-8"><![CDATA[
 C
]]></mattext>
</material>
</response_label>
</flow_label>
<flow_label class="List">
<response_label ident="ET_134_365609045_section_2_item_02_schoice_2142066078" rshuffle="No">
<material>
<mattext texttype="text/html" charset="utf-8"><![CDATA[
 D
]]></mattext>
</material>
</response_label>
</flow_label>
</render_choice>
</response_lid>
</flow>
</presentation>
<resprocessing>
<outcomes>
<decvar varname="SCORE" vartype="Decimal" defaultval="0" minvalue="0" maxvalue="1" cutvalue="1"/>
</outcomes>
<respcondition title="Mastery" continue="No">
<conditionvar>
<and>
<varequal respident="ET_134_365609045_section_2_item_02_schoice_RESPONSE_6074657" case="Yes">ET_134_365609045_section_2_item_02_schoice_5744813027</varequal>
<not> <varequal respident="ET_134_365609045_section_2_item_02_schoice_RESPONSE_6074657" case="Yes">ET_134_365609045_section_2_item_02_schoice_8096135411</varequal> </not>
<not> <varequal respident="ET_134_365609045_section_2_item_02_schoice_RESPONSE_6074657" case="Yes">ET_134_365609045_section_2_item_02_schoice_5625491617</varequal> </not>
<not> <varequal respident="ET_134_365609045_section_2_item_02_schoice_RESPONSE_6074657" case="Yes">ET_134_365609045_section_2_item_02_schoice_2142066078</varequal> </not>
</and>
</conditionvar>
<setvar varname="SCORE" action="Set">1</setvar>
<displayfeedback feedbacktype="Response" linkrefid="correct_fb"/>
</respcondition>
<respcondition continue="Yes">
<conditionvar>
<other/>
</conditionvar>
<displayfeedback feedbacktype="Response" linkrefid="general_incorrect_fb"/>
</respcondition>
</resprocessing>
<itemfeedback ident="correct_fb" view="All">
<flow_mat>
<material>
<mattext texttype="text/html"><![CDATA[
<p>The correct answer is B</p>
]]></mattext>
</material>
</flow_mat>
</itemfeedback>
<itemfeedback ident="general_incorrect_fb" view="All">
<flow_mat>
<material>
<mattext texttype="text/html"><![CDATA[
<p>The correct answer is B</p>
]]></mattext>
</material>
</flow_mat>
</itemfeedback>
</item>

<item ident="ET_134_365609045_section_2_item_03_schoice" title="Question" maxattempts="3">
<itemcontrol feedbackswitch="No" hintswitch="No" solutionswitch="Yes"/>
<itemmetadata>
<qtimetadata>
<qtimetadatafield>
<fieldlabel>question_type</fieldlabel>
<fieldentry>multiple_choice_question</fieldentry>
</qtimetadatafield>
</qtimetadata>
</itemmetadata>
<presentation>
<flow>
<material>
<matbreak/>
<mattext texttype="text/html" charset="utf-8"><![CDATA[
<p>Question ID: 13_210</p>
<p><img src="data/supplements18/xx.png" /></p>
]]></mattext>
<matbreak/>
</material>
<response_lid ident="ET_134_365609045_section_2_item_03_schoice_RESPONSE_5703539" rcardinality="Single" rtiming="No">
<render_choice shuffle="No">
<flow_label class="List">
<response_label ident="ET_134_365609045_section_2_item_03_schoice_8593851718" rshuffle="No">
<material>
<mattext texttype="text/html" charset="utf-8"><![CDATA[
 A
]]></mattext>
</material>
</response_label>
</flow_label>
<flow_label class="List">
<response_label ident="ET_134_365609045_section_2_item_03_schoice_2348775743" rshuffle="No">
<material>
<mattext texttype="text/html" charset="utf-8"><![CDATA[
 B
]]></mattext>
</material>
</response_label>
</flow_label>
<flow_label class="List">
<response_label ident="ET_134_365609045_section_2_item_03_schoice_7531705422" rshuffle="No">
<material>
<mattext texttype="text/html" charset="utf-8"><![CDATA[
 C
]]></mattext>
</material>
</response_label>
</flow_label>
<flow_label class="List">
<response_label ident="ET_134_365609045_section_2_item_03_schoice_1744524454" rshuffle="No">
<material>
<mattext texttype="text/html" charset="utf-8"><![CDATA[
 D
]]></mattext>
</material>
</response_label>
</flow_label>
</render_choice>
</response_lid>
</flow>
</presentation>
<resprocessing>
<outcomes>
<decvar varname="SCORE" vartype="Decimal" defaultval="0" minvalue="0" maxvalue="1" cutvalue="1"/>
</outcomes>
<respcondition title="Mastery" continue="No">
<conditionvar>
<and>
<varequal respident="ET_134_365609045_section_2_item_03_schoice_RESPONSE_5703539" case="Yes">ET_134_365609045_section_2_item_03_schoice_1744524454</varequal>
<not> <varequal respident="ET_134_365609045_section_2_item_03_schoice_RESPONSE_5703539" case="Yes">ET_134_365609045_section_2_item_03_schoice_8593851718</varequal> </not>
<not> <varequal respident="ET_134_365609045_section_2_item_03_schoice_RESPONSE_5703539" case="Yes">ET_134_365609045_section_2_item_03_schoice_2348775743</varequal> </not>
<not> <varequal respident="ET_134_365609045_section_2_item_03_schoice_RESPONSE_5703539" case="Yes">ET_134_365609045_section_2_item_03_schoice_7531705422</varequal> </not>
</and>
</conditionvar>
<setvar varname="SCORE" action="Set">1</setvar>
<displayfeedback feedbacktype="Response" linkrefid="correct_fb"/>
</respcondition>
<respcondition continue="Yes">
<conditionvar>
<other/>
</conditionvar>
<displayfeedback feedbacktype="Response" linkrefid="general_incorrect_fb"/>
</respcondition>
</resprocessing>
<itemfeedback ident="correct_fb" view="All">
<flow_mat>
<material>
<mattext texttype="text/html"><![CDATA[
<p>The correct answer is D</p>
]]></mattext>
</material>
</flow_mat>
</itemfeedback>
<itemfeedback ident="general_incorrect_fb" view="All">
<flow_mat>
<material>
<mattext texttype="text/html"><![CDATA[
<p>The correct answer is D</p>
]]></mattext>
</material>
</flow_mat>
</itemfeedback>
</item>

<item ident="ET_134_365609045_section_2_item_04_schoice" title="Question" maxattempts="3">
<itemcontrol feedbackswitch="No" hintswitch="No" solutionswitch="Yes"/>
<itemmetadata>
<qtimetadata>
<qtimetadatafield>
<fieldlabel>question_type</fieldlabel>
<fieldentry>multiple_choice_question</fieldentry>
</qtimetadatafield>
</qtimetadata>
</itemmetadata>
<presentation>
<flow>
<material>
<matbreak/>
<mattext texttype="text/html" charset="utf-8"><![CDATA[
<p>Question ID: 10_427</p>
<p><img src="data/supplements19/xx.png" /></p>
]]></mattext>
<matbreak/>
</material>
<response_lid ident="ET_134_365609045_section_2_item_04_schoice_RESPONSE_5200381" rcardinality="Single" rtiming="No">
<render_choice shuffle="No">
<flow_label class="List">
<response_label ident="ET_134_365609045_section_2_item_04_schoice_6197519145" rshuffle="No">
<material>
<mattext texttype="text/html" charset="utf-8"><![CDATA[
 A
]]></mattext>
</material>
</response_label>
</flow_label>
<flow_label class="List">
<response_label ident="ET_134_365609045_section_2_item_04_schoice_3809934425" rshuffle="No">
<material>
<mattext texttype="text/html" charset="utf-8"><![CDATA[
 B
]]></mattext>
</material>
</response_label>
</flow_label>
<flow_label class="List">
<response_label ident="ET_134_365609045_section_2_item_04_schoice_5069026101" rshuffle="No">
<material>
<mattext texttype="text/html" charset="utf-8"><![CDATA[
 C
]]></mattext>
</material>
</response_label>
</flow_label>
<flow_label class="List">
<response_label ident="ET_134_365609045_section_2_item_04_schoice_1732048898" rshuffle="No">
<material>
<mattext texttype="text/html" charset="utf-8"><![CDATA[
 D
]]></mattext>
</material>
</response_label>
</flow_label>
</render_choice>
</response_lid>
</flow>
</presentation>
<resprocessing>
<outcomes>
<decvar varname="SCORE" vartype="Decimal" defaultval="0" minvalue="0" maxvalue="1" cutvalue="1"/>
</outcomes>
<respcondition title="Mastery" continue="No">
<conditionvar>
<and>
<varequal respident="ET_134_365609045_section_2_item_04_schoice_RESPONSE_5200381" case="Yes">ET_134_365609045_section_2_item_04_schoice_6197519145</varequal>
<not> <varequal respident="ET_134_365609045_section_2_item_04_schoice_RESPONSE_5200381" case="Yes">ET_134_365609045_section_2_item_04_schoice_3809934425</varequal> </not>
<not> <varequal respident="ET_134_365609045_section_2_item_04_schoice_RESPONSE_5200381" case="Yes">ET_134_365609045_section_2_item_04_schoice_5069026101</varequal> </not>
<not> <varequal respident="ET_134_365609045_section_2_item_04_schoice_RESPONSE_5200381" case="Yes">ET_134_365609045_section_2_item_04_schoice_1732048898</varequal> </not>
</and>
</conditionvar>
<setvar varname="SCORE" action="Set">1</setvar>
<displayfeedback feedbacktype="Response" linkrefid="correct_fb"/>
</respcondition>
<respcondition continue="Yes">
<conditionvar>
<other/>
</conditionvar>
<displayfeedback feedbacktype="Response" linkrefid="general_incorrect_fb"/>
</respcondition>
</resprocessing>
<itemfeedback ident="correct_fb" view="All">
<flow_mat>
<material>
<mattext texttype="text/html"><![CDATA[
<p>The correct answer is A</p>
]]></mattext>
</material>
</flow_mat>
</itemfeedback>
<itemfeedback ident="general_incorrect_fb" view="All">
<flow_mat>
<material>
<mattext texttype="text/html"><![CDATA[
<p>The correct answer is A</p>
]]></mattext>
</material>
</flow_mat>
</itemfeedback>
</item>

<item ident="ET_134_365609045_section_2_item_05_schoice" title="Question" maxattempts="3">
<itemcontrol feedbackswitch="No" hintswitch="No" solutionswitch="Yes"/>
<itemmetadata>
<qtimetadata>
<qtimetadatafield>
<fieldlabel>question_type</fieldlabel>
<fieldentry>multiple_choice_question</fieldentry>
</qtimetadatafield>
</qtimetadata>
</itemmetadata>
<presentation>
<flow>
<material>
<matbreak/>
<mattext texttype="text/html" charset="utf-8"><![CDATA[
<p>Question ID: 01_418</p>
<p><img src="data/supplements20/xx.png" /></p>
]]></mattext>
<matbreak/>
</material>
<response_lid ident="ET_134_365609045_section_2_item_05_schoice_RESPONSE_2874077" rcardinality="Single" rtiming="No">
<render_choice shuffle="No">
<flow_label class="List">
<response_label ident="ET_134_365609045_section_2_item_05_schoice_6336370724" rshuffle="No">
<material>
<mattext texttype="text/html" charset="utf-8"><![CDATA[
 A
]]></mattext>
</material>
</response_label>
</flow_label>
<flow_label class="List">
<response_label ident="ET_134_365609045_section_2_item_05_schoice_5446002901" rshuffle="No">
<material>
<mattext texttype="text/html" charset="utf-8"><![CDATA[
 B
]]></mattext>
</material>
</response_label>
</flow_label>
<flow_label class="List">
<response_label ident="ET_134_365609045_section_2_item_05_schoice_6421425690" rshuffle="No">
<material>
<mattext texttype="text/html" charset="utf-8"><![CDATA[
 C
]]></mattext>
</material>
</response_label>
</flow_label>
<flow_label class="List">
<response_label ident="ET_134_365609045_section_2_item_05_schoice_8899942565" rshuffle="No">
<material>
<mattext texttype="text/html" charset="utf-8"><![CDATA[
 D
]]></mattext>
</material>
</response_label>
</flow_label>
</render_choice>
</response_lid>
</flow>
</presentation>
<resprocessing>
<outcomes>
<decvar varname="SCORE" vartype="Decimal" defaultval="0" minvalue="0" maxvalue="1" cutvalue="1"/>
</outcomes>
<respcondition title="Mastery" continue="No">
<conditionvar>
<and>
<varequal respident="ET_134_365609045_section_2_item_05_schoice_RESPONSE_2874077" case="Yes">ET_134_365609045_section_2_item_05_schoice_6336370724</varequal>
<not> <varequal respident="ET_134_365609045_section_2_item_05_schoice_RESPONSE_2874077" case="Yes">ET_134_365609045_section_2_item_05_schoice_5446002901</varequal> </not>
<not> <varequal respident="ET_134_365609045_section_2_item_05_schoice_RESPONSE_2874077" case="Yes">ET_134_365609045_section_2_item_05_schoice_6421425690</varequal> </not>
<not> <varequal respident="ET_134_365609045_section_2_item_05_schoice_RESPONSE_2874077" case="Yes">ET_134_365609045_section_2_item_05_schoice_8899942565</varequal> </not>
</and>
</conditionvar>
<setvar varname="SCORE" action="Set">1</setvar>
<displayfeedback feedbacktype="Response" linkrefid="correct_fb"/>
</respcondition>
<respcondition continue="Yes">
<conditionvar>
<other/>
</conditionvar>
<displayfeedback feedbacktype="Response" linkrefid="general_incorrect_fb"/>
</respcondition>
</resprocessing>
<itemfeedback ident="correct_fb" view="All">
<flow_mat>
<material>
<mattext texttype="text/html"><![CDATA[
<p>The correct answer is A</p>
]]></mattext>
</material>
</flow_mat>
</itemfeedback>
<itemfeedback ident="general_incorrect_fb" view="All">
<flow_mat>
<material>
<mattext texttype="text/html"><![CDATA[
<p>The correct answer is A</p>
]]></mattext>
</material>
</flow_mat>
</itemfeedback>
</item>

<item ident="ET_134_365609045_section_2_item_06_schoice" title="Question" maxattempts="3">
<itemcontrol feedbackswitch="No" hintswitch="No" solutionswitch="Yes"/>
<itemmetadata>
<qtimetadata>
<qtimetadatafield>
<fieldlabel>question_type</fieldlabel>
<fieldentry>multiple_choice_question</fieldentry>
</qtimetadatafield>
</qtimetadata>
</itemmetadata>
<presentation>
<flow>
<material>
<matbreak/>
<mattext texttype="text/html" charset="utf-8"><![CDATA[
<p>Question ID: 02_312</p>
<p><img src="data/supplements21/xx.png" /></p>
]]></mattext>
<matbreak/>
</material>
<response_lid ident="ET_134_365609045_section_2_item_06_schoice_RESPONSE_3650420" rcardinality="Single" rtiming="No">
<render_choice shuffle="No">
<flow_label class="List">
<response_label ident="ET_134_365609045_section_2_item_06_schoice_5652835475" rshuffle="No">
<material>
<mattext texttype="text/html" charset="utf-8"><![CDATA[
 A
]]></mattext>
</material>
</response_label>
</flow_label>
<flow_label class="List">
<response_label ident="ET_134_365609045_section_2_item_06_schoice_4289615056" rshuffle="No">
<material>
<mattext texttype="text/html" charset="utf-8"><![CDATA[
 B
]]></mattext>
</material>
</response_label>
</flow_label>
<flow_label class="List">
<response_label ident="ET_134_365609045_section_2_item_06_schoice_8673314876" rshuffle="No">
<material>
<mattext texttype="text/html" charset="utf-8"><![CDATA[
 C
]]></mattext>
</material>
</response_label>
</flow_label>
<flow_label class="List">
<response_label ident="ET_134_365609045_section_2_item_06_schoice_1758883908" rshuffle="No">
<material>
<mattext texttype="text/html" charset="utf-8"><![CDATA[
 D
]]></mattext>
</material>
</response_label>
</flow_label>
</render_choice>
</response_lid>
</flow>
</presentation>
<resprocessing>
<outcomes>
<decvar varname="SCORE" vartype="Decimal" defaultval="0" minvalue="0" maxvalue="1" cutvalue="1"/>
</outcomes>
<respcondition title="Mastery" continue="No">
<conditionvar>
<and>
<varequal respident="ET_134_365609045_section_2_item_06_schoice_RESPONSE_3650420" case="Yes">ET_134_365609045_section_2_item_06_schoice_4289615056</varequal>
<not> <varequal respident="ET_134_365609045_section_2_item_06_schoice_RESPONSE_3650420" case="Yes">ET_134_365609045_section_2_item_06_schoice_5652835475</varequal> </not>
<not> <varequal respident="ET_134_365609045_section_2_item_06_schoice_RESPONSE_3650420" case="Yes">ET_134_365609045_section_2_item_06_schoice_8673314876</varequal> </not>
<not> <varequal respident="ET_134_365609045_section_2_item_06_schoice_RESPONSE_3650420" case="Yes">ET_134_365609045_section_2_item_06_schoice_1758883908</varequal> </not>
</and>
</conditionvar>
<setvar varname="SCORE" action="Set">1</setvar>
<displayfeedback feedbacktype="Response" linkrefid="correct_fb"/>
</respcondition>
<respcondition continue="Yes">
<conditionvar>
<other/>
</conditionvar>
<displayfeedback feedbacktype="Response" linkrefid="general_incorrect_fb"/>
</respcondition>
</resprocessing>
<itemfeedback ident="correct_fb" view="All">
<flow_mat>
<material>
<mattext texttype="text/html"><![CDATA[
<p>The correct answer is B</p>
]]></mattext>
</material>
</flow_mat>
</itemfeedback>
<itemfeedback ident="general_incorrect_fb" view="All">
<flow_mat>
<material>
<mattext texttype="text/html"><![CDATA[
<p>The correct answer is B</p>
]]></mattext>
</material>
</flow_mat>
</itemfeedback>
</item>

<item ident="ET_134_365609045_section_2_item_07_schoice" title="Question" maxattempts="3">
<itemcontrol feedbackswitch="No" hintswitch="No" solutionswitch="Yes"/>
<itemmetadata>
<qtimetadata>
<qtimetadatafield>
<fieldlabel>question_type</fieldlabel>
<fieldentry>multiple_choice_question</fieldentry>
</qtimetadatafield>
</qtimetadata>
</itemmetadata>
<presentation>
<flow>
<material>
<matbreak/>
<mattext texttype="text/html" charset="utf-8"><![CDATA[
<p>Question ID: 11_111</p>
<p><img src="data/supplements22/xx.png" /></p>
]]></mattext>
<matbreak/>
</material>
<response_lid ident="ET_134_365609045_section_2_item_07_schoice_RESPONSE_3254207" rcardinality="Single" rtiming="No">
<render_choice shuffle="No">
<flow_label class="List">
<response_label ident="ET_134_365609045_section_2_item_07_schoice_8913232527" rshuffle="No">
<material>
<mattext texttype="text/html" charset="utf-8"><![CDATA[
 A
]]></mattext>
</material>
</response_label>
</flow_label>
<flow_label class="List">
<response_label ident="ET_134_365609045_section_2_item_07_schoice_5062690869" rshuffle="No">
<material>
<mattext texttype="text/html" charset="utf-8"><![CDATA[
 B
]]></mattext>
</material>
</response_label>
</flow_label>
<flow_label class="List">
<response_label ident="ET_134_365609045_section_2_item_07_schoice_3171974514" rshuffle="No">
<material>
<mattext texttype="text/html" charset="utf-8"><![CDATA[
 C
]]></mattext>
</material>
</response_label>
</flow_label>
<flow_label class="List">
<response_label ident="ET_134_365609045_section_2_item_07_schoice_4081840159" rshuffle="No">
<material>
<mattext texttype="text/html" charset="utf-8"><![CDATA[
 D
]]></mattext>
</material>
</response_label>
</flow_label>
</render_choice>
</response_lid>
</flow>
</presentation>
<resprocessing>
<outcomes>
<decvar varname="SCORE" vartype="Decimal" defaultval="0" minvalue="0" maxvalue="1" cutvalue="1"/>
</outcomes>
<respcondition title="Mastery" continue="No">
<conditionvar>
<and>
<varequal respident="ET_134_365609045_section_2_item_07_schoice_RESPONSE_3254207" case="Yes">ET_134_365609045_section_2_item_07_schoice_5062690869</varequal>
<not> <varequal respident="ET_134_365609045_section_2_item_07_schoice_RESPONSE_3254207" case="Yes">ET_134_365609045_section_2_item_07_schoice_8913232527</varequal> </not>
<not> <varequal respident="ET_134_365609045_section_2_item_07_schoice_RESPONSE_3254207" case="Yes">ET_134_365609045_section_2_item_07_schoice_3171974514</varequal> </not>
<not> <varequal respident="ET_134_365609045_section_2_item_07_schoice_RESPONSE_3254207" case="Yes">ET_134_365609045_section_2_item_07_schoice_4081840159</varequal> </not>
</and>
</conditionvar>
<setvar varname="SCORE" action="Set">1</setvar>
<displayfeedback feedbacktype="Response" linkrefid="correct_fb"/>
</respcondition>
<respcondition continue="Yes">
<conditionvar>
<other/>
</conditionvar>
<displayfeedback feedbacktype="Response" linkrefid="general_incorrect_fb"/>
</respcondition>
</resprocessing>
<itemfeedback ident="correct_fb" view="All">
<flow_mat>
<material>
<mattext texttype="text/html"><![CDATA[
<p>The correct answer is B</p>
]]></mattext>
</material>
</flow_mat>
</itemfeedback>
<itemfeedback ident="general_incorrect_fb" view="All">
<flow_mat>
<material>
<mattext texttype="text/html"><![CDATA[
<p>The correct answer is B</p>
]]></mattext>
</material>
</flow_mat>
</itemfeedback>
</item>

<item ident="ET_134_365609045_section_2_item_08_num" title="Question" maxattempts="3">
<itemcontrol feedbackswitch="No" hintswitch="No" solutionswitch="Yes"/>
<itemmetadata>
<qtimetadata>
<qtimetadatafield>
<fieldlabel>question_type</fieldlabel>
<fieldentry>numerical_question</fieldentry>
</qtimetadatafield>
</qtimetadata>
</itemmetadata>
<presentation>
<flow>
<material>
<matbreak/>
<mattext texttype="text/html" charset="utf-8"><![CDATA[
<p>Question ID: 02_318</p>
<p><img src="data/supplements23/xx.png" /></p>
]]></mattext>
<matbreak/>
</material>
<response_num ident="ET_134_365609045_section_2_item_08_num_RESPONSE_9732384" rcardinality="Single" numtype="Decimal">
<render_fib fibtype="Decimal" maxchars="12">
<flow_label class="Block">
<response_label ident="ET_134_365609045_section_2_item_08_num_RESPONSE_9732384" rshuffle="No"/>
</flow_label>
</render_fib>
</response_num>
<material>
<matbreak/>
</material>
</flow>
</presentation>
<resprocessing>
<outcomes>
<decvar varname="SCORE" vartype="Decimal" defaultval="0" minvalue="0" maxvalue="1" cutvalue="1"/>
</outcomes>
<respcondition title="Mastery" continue="No">
<conditionvar>

<or>
<varequal respident="ET_134_365609045_section_2_item_08_num_RESPONSE_9732384" case="No"><![CDATA[12]]></varequal>
<and>
<vargte respident="ET_134_365609045_section_2_item_08_num_RESPONSE_9732384"><![CDATA[11.99999]]></vargte>
<varlte respident="ET_134_365609045_section_2_item_08_num_RESPONSE_9732384"><![CDATA[12.00001]]></varlte>
</and>
</or>
</conditionvar>
<setvar varname="SCORE" action="Set">1</setvar>
<displayfeedback feedbacktype="Response" linkrefid="correct_fb"/>
</respcondition>
<respcondition continue="Yes">
<conditionvar>
<other/>
</conditionvar>
<displayfeedback feedbacktype="Response" linkrefid="general_incorrect_fb"/>
</respcondition>
</resprocessing>
<itemfeedback ident="correct_fb" view="All">
<flow_mat>
<material>
<mattext texttype="text/html"><![CDATA[
<p>The correct answer is 12.</p>
]]></mattext>
</material>
</flow_mat>
</itemfeedback>
<itemfeedback ident="general_incorrect_fb" view="All">
<flow_mat>
<material>
<mattext texttype="text/html"><![CDATA[
<p>The correct answer is 12.</p>
]]></mattext>
</material>
</flow_mat>
</itemfeedback>
</item>

<item ident="ET_134_365609045_section_2_item_09_schoice" title="Question" maxattempts="3">
<itemcontrol feedbackswitch="No" hintswitch="No" solutionswitch="Yes"/>
<itemmetadata>
<qtimetadata>
<qtimetadatafield>
<fieldlabel>question_type</fieldlabel>
<fieldentry>multiple_choice_question</fieldentry>
</qtimetadatafield>
</qtimetadata>
</itemmetadata>
<presentation>
<flow>
<material>
<matbreak/>
<mattext texttype="text/html" charset="utf-8"><![CDATA[
<p>Question ID: 08_305</p>
<p><img src="data/supplements24/xx.png" /></p>
]]></mattext>
<matbreak/>
</material>
<response_lid ident="ET_134_365609045_section_2_item_09_schoice_RESPONSE_6097511" rcardinality="Single" rtiming="No">
<render_choice shuffle="No">
<flow_label class="List">
<response_label ident="ET_134_365609045_section_2_item_09_schoice_9407318456" rshuffle="No">
<material>
<mattext texttype="text/html" charset="utf-8"><![CDATA[
 A
]]></mattext>
</material>
</response_label>
</flow_label>
<flow_label class="List">
<response_label ident="ET_134_365609045_section_2_item_09_schoice_8156901754" rshuffle="No">
<material>
<mattext texttype="text/html" charset="utf-8"><![CDATA[
 B
]]></mattext>
</material>
</response_label>
</flow_label>
<flow_label class="List">
<response_label ident="ET_134_365609045_section_2_item_09_schoice_9137540985" rshuffle="No">
<material>
<mattext texttype="text/html" charset="utf-8"><![CDATA[
 C
]]></mattext>
</material>
</response_label>
</flow_label>
<flow_label class="List">
<response_label ident="ET_134_365609045_section_2_item_09_schoice_7485337667" rshuffle="No">
<material>
<mattext texttype="text/html" charset="utf-8"><![CDATA[
 D
]]></mattext>
</material>
</response_label>
</flow_label>
</render_choice>
</response_lid>
</flow>
</presentation>
<resprocessing>
<outcomes>
<decvar varname="SCORE" vartype="Decimal" defaultval="0" minvalue="0" maxvalue="1" cutvalue="1"/>
</outcomes>
<respcondition title="Mastery" continue="No">
<conditionvar>
<and>
<varequal respident="ET_134_365609045_section_2_item_09_schoice_RESPONSE_6097511" case="Yes">ET_134_365609045_section_2_item_09_schoice_8156901754</varequal>
<not> <varequal respident="ET_134_365609045_section_2_item_09_schoice_RESPONSE_6097511" case="Yes">ET_134_365609045_section_2_item_09_schoice_9407318456</varequal> </not>
<not> <varequal respident="ET_134_365609045_section_2_item_09_schoice_RESPONSE_6097511" case="Yes">ET_134_365609045_section_2_item_09_schoice_9137540985</varequal> </not>
<not> <varequal respident="ET_134_365609045_section_2_item_09_schoice_RESPONSE_6097511" case="Yes">ET_134_365609045_section_2_item_09_schoice_7485337667</varequal> </not>
</and>
</conditionvar>
<setvar varname="SCORE" action="Set">1</setvar>
<displayfeedback feedbacktype="Response" linkrefid="correct_fb"/>
</respcondition>
<respcondition continue="Yes">
<conditionvar>
<other/>
</conditionvar>
<displayfeedback feedbacktype="Response" linkrefid="general_incorrect_fb"/>
</respcondition>
</resprocessing>
<itemfeedback ident="correct_fb" view="All">
<flow_mat>
<material>
<mattext texttype="text/html"><![CDATA[
<p>The correct answer is B</p>
]]></mattext>
</material>
</flow_mat>
</itemfeedback>
<itemfeedback ident="general_incorrect_fb" view="All">
<flow_mat>
<material>
<mattext texttype="text/html"><![CDATA[
<p>The correct answer is B</p>
]]></mattext>
</material>
</flow_mat>
</itemfeedback>
</item>

<item ident="ET_134_365609045_section_2_item_10_num" title="Question" maxattempts="3">
<itemcontrol feedbackswitch="No" hintswitch="No" solutionswitch="Yes"/>
<itemmetadata>
<qtimetadata>
<qtimetadatafield>
<fieldlabel>question_type</fieldlabel>
<fieldentry>numerical_question</fieldentry>
</qtimetadatafield>
</qtimetadata>
</itemmetadata>
<presentation>
<flow>
<material>
<matbreak/>
<mattext texttype="text/html" charset="utf-8"><![CDATA[
<p>Question ID: 03_316</p>
<p><img src="data/supplements25/xx.png" /></p>
]]></mattext>
<matbreak/>
</material>
<response_num ident="ET_134_365609045_section_2_item_10_num_RESPONSE_8183966" rcardinality="Single" numtype="Decimal">
<render_fib fibtype="Decimal" maxchars="12">
<flow_label class="Block">
<response_label ident="ET_134_365609045_section_2_item_10_num_RESPONSE_8183966" rshuffle="No"/>
</flow_label>
</render_fib>
</response_num>
<material>
<matbreak/>
</material>
</flow>
</presentation>
<resprocessing>
<outcomes>
<decvar varname="SCORE" vartype="Decimal" defaultval="0" minvalue="0" maxvalue="1" cutvalue="1"/>
</outcomes>
<respcondition title="Mastery" continue="No">
<conditionvar>

<or>
<varequal respident="ET_134_365609045_section_2_item_10_num_RESPONSE_8183966" case="No"><![CDATA[1.5]]></varequal>
<and>
<vargte respident="ET_134_365609045_section_2_item_10_num_RESPONSE_8183966"><![CDATA[0.99999]]></vargte>
<varlte respident="ET_134_365609045_section_2_item_10_num_RESPONSE_8183966"><![CDATA[2.00001]]></varlte>
</and>
</or>
</conditionvar>
<setvar varname="SCORE" action="Set">1</setvar>
<displayfeedback feedbacktype="Response" linkrefid="correct_fb"/>
</respcondition>
<respcondition continue="Yes">
<conditionvar>
<other/>
</conditionvar>
<displayfeedback feedbacktype="Response" linkrefid="general_incorrect_fb"/>
</respcondition>
</resprocessing>
<itemfeedback ident="correct_fb" view="All">
<flow_mat>
<material>
<mattext texttype="text/html"><![CDATA[
<p>Technically, only the following are correct: 1, 2
But, you may have gotten credit for an incorrect answer if it was between 1 and2.</p>
]]></mattext>
</material>
</flow_mat>
</itemfeedback>
<itemfeedback ident="general_incorrect_fb" view="All">
<flow_mat>
<material>
<mattext texttype="text/html"><![CDATA[
<p>Technically, only the following are correct: 1, 2
But, you may have gotten credit for an incorrect answer if it was between 1 and2.</p>
]]></mattext>
</material>
</flow_mat>
</itemfeedback>
</item>

<item ident="ET_134_365609045_section_2_item_11_num" title="Question" maxattempts="3">
<itemcontrol feedbackswitch="No" hintswitch="No" solutionswitch="Yes"/>
<itemmetadata>
<qtimetadata>
<qtimetadatafield>
<fieldlabel>question_type</fieldlabel>
<fieldentry>numerical_question</fieldentry>
</qtimetadatafield>
</qtimetadata>
</itemmetadata>
<presentation>
<flow>
<material>
<matbreak/>
<mattext texttype="text/html" charset="utf-8"><![CDATA[
<p>Question ID: 10_319</p>
<p><img src="data/supplements26/xx.png" /></p>
]]></mattext>
<matbreak/>
</material>
<response_num ident="ET_134_365609045_section_2_item_11_num_RESPONSE_3820273" rcardinality="Single" numtype="Decimal">
<render_fib fibtype="Decimal" maxchars="12">
<flow_label class="Block">
<response_label ident="ET_134_365609045_section_2_item_11_num_RESPONSE_3820273" rshuffle="No"/>
</flow_label>
</render_fib>
</response_num>
<material>
<matbreak/>
</material>
</flow>
</presentation>
<resprocessing>
<outcomes>
<decvar varname="SCORE" vartype="Decimal" defaultval="0" minvalue="0" maxvalue="1" cutvalue="1"/>
</outcomes>
<respcondition title="Mastery" continue="No">
<conditionvar>

<or>
<varequal respident="ET_134_365609045_section_2_item_11_num_RESPONSE_3820273" case="No"><![CDATA[2500]]></varequal>
<and>
<vargte respident="ET_134_365609045_section_2_item_11_num_RESPONSE_3820273"><![CDATA[2499.99999]]></vargte>
<varlte respident="ET_134_365609045_section_2_item_11_num_RESPONSE_3820273"><![CDATA[2500.00001]]></varlte>
</and>
</or>
</conditionvar>
<setvar varname="SCORE" action="Set">1</setvar>
<displayfeedback feedbacktype="Response" linkrefid="correct_fb"/>
</respcondition>
<respcondition continue="Yes">
<conditionvar>
<other/>
</conditionvar>
<displayfeedback feedbacktype="Response" linkrefid="general_incorrect_fb"/>
</respcondition>
</resprocessing>
<itemfeedback ident="correct_fb" view="All">
<flow_mat>
<material>
<mattext texttype="text/html"><![CDATA[
<p>The correct answer is 2500.</p>
]]></mattext>
</material>
</flow_mat>
</itemfeedback>
<itemfeedback ident="general_incorrect_fb" view="All">
<flow_mat>
<material>
<mattext texttype="text/html"><![CDATA[
<p>The correct answer is 2500.</p>
]]></mattext>
</material>
</flow_mat>
</itemfeedback>
</item>

<item ident="ET_134_365609045_section_2_item_12_schoice" title="Question" maxattempts="3">
<itemcontrol feedbackswitch="No" hintswitch="No" solutionswitch="Yes"/>
<itemmetadata>
<qtimetadata>
<qtimetadatafield>
<fieldlabel>question_type</fieldlabel>
<fieldentry>multiple_choice_question</fieldentry>
</qtimetadatafield>
</qtimetadata>
</itemmetadata>
<presentation>
<flow>
<material>
<matbreak/>
<mattext texttype="text/html" charset="utf-8"><![CDATA[
<p>Question ID: 12_205</p>
<p><img src="data/supplements27/xx.png" /></p>
]]></mattext>
<matbreak/>
</material>
<response_lid ident="ET_134_365609045_section_2_item_12_schoice_RESPONSE_1224532" rcardinality="Single" rtiming="No">
<render_choice shuffle="No">
<flow_label class="List">
<response_label ident="ET_134_365609045_section_2_item_12_schoice_7904472216" rshuffle="No">
<material>
<mattext texttype="text/html" charset="utf-8"><![CDATA[
 A
]]></mattext>
</material>
</response_label>
</flow_label>
<flow_label class="List">
<response_label ident="ET_134_365609045_section_2_item_12_schoice_4079844368" rshuffle="No">
<material>
<mattext texttype="text/html" charset="utf-8"><![CDATA[
 B
]]></mattext>
</material>
</response_label>
</flow_label>
<flow_label class="List">
<response_label ident="ET_134_365609045_section_2_item_12_schoice_1963014107" rshuffle="No">
<material>
<mattext texttype="text/html" charset="utf-8"><![CDATA[
 C
]]></mattext>
</material>
</response_label>
</flow_label>
<flow_label class="List">
<response_label ident="ET_134_365609045_section_2_item_12_schoice_7376510850" rshuffle="No">
<material>
<mattext texttype="text/html" charset="utf-8"><![CDATA[
 D
]]></mattext>
</material>
</response_label>
</flow_label>
</render_choice>
</response_lid>
</flow>
</presentation>
<resprocessing>
<outcomes>
<decvar varname="SCORE" vartype="Decimal" defaultval="0" minvalue="0" maxvalue="1" cutvalue="1"/>
</outcomes>
<respcondition title="Mastery" continue="No">
<conditionvar>
<and>
<varequal respident="ET_134_365609045_section_2_item_12_schoice_RESPONSE_1224532" case="Yes">ET_134_365609045_section_2_item_12_schoice_4079844368</varequal>
<not> <varequal respident="ET_134_365609045_section_2_item_12_schoice_RESPONSE_1224532" case="Yes">ET_134_365609045_section_2_item_12_schoice_7904472216</varequal> </not>
<not> <varequal respident="ET_134_365609045_section_2_item_12_schoice_RESPONSE_1224532" case="Yes">ET_134_365609045_section_2_item_12_schoice_1963014107</varequal> </not>
<not> <varequal respident="ET_134_365609045_section_2_item_12_schoice_RESPONSE_1224532" case="Yes">ET_134_365609045_section_2_item_12_schoice_7376510850</varequal> </not>
</and>
</conditionvar>
<setvar varname="SCORE" action="Set">1</setvar>
<displayfeedback feedbacktype="Response" linkrefid="correct_fb"/>
</respcondition>
<respcondition continue="Yes">
<conditionvar>
<other/>
</conditionvar>
<displayfeedback feedbacktype="Response" linkrefid="general_incorrect_fb"/>
</respcondition>
</resprocessing>
<itemfeedback ident="correct_fb" view="All">
<flow_mat>
<material>
<mattext texttype="text/html"><![CDATA[
<p>The correct answer is B</p>
]]></mattext>
</material>
</flow_mat>
</itemfeedback>
<itemfeedback ident="general_incorrect_fb" view="All">
<flow_mat>
<material>
<mattext texttype="text/html"><![CDATA[
<p>The correct answer is B</p>
]]></mattext>
</material>
</flow_mat>
</itemfeedback>
</item>

<item ident="ET_134_365609045_section_2_item_13_schoice" title="Question" maxattempts="3">
<itemcontrol feedbackswitch="No" hintswitch="No" solutionswitch="Yes"/>
<itemmetadata>
<qtimetadata>
<qtimetadatafield>
<fieldlabel>question_type</fieldlabel>
<fieldentry>multiple_choice_question</fieldentry>
</qtimetadatafield>
</qtimetadata>
</itemmetadata>
<presentation>
<flow>
<material>
<matbreak/>
<mattext texttype="text/html" charset="utf-8"><![CDATA[
<p>Question ID: 02_422</p>
<p><img src="data/supplements28/xx.png" /></p>
]]></mattext>
<matbreak/>
</material>
<response_lid ident="ET_134_365609045_section_2_item_13_schoice_RESPONSE_1322989" rcardinality="Single" rtiming="No">
<render_choice shuffle="No">
<flow_label class="List">
<response_label ident="ET_134_365609045_section_2_item_13_schoice_2679581824" rshuffle="No">
<material>
<mattext texttype="text/html" charset="utf-8"><![CDATA[
 A
]]></mattext>
</material>
</response_label>
</flow_label>
<flow_label class="List">
<response_label ident="ET_134_365609045_section_2_item_13_schoice_9417168728" rshuffle="No">
<material>
<mattext texttype="text/html" charset="utf-8"><![CDATA[
 B
]]></mattext>
</material>
</response_label>
</flow_label>
<flow_label class="List">
<response_label ident="ET_134_365609045_section_2_item_13_schoice_2193915448" rshuffle="No">
<material>
<mattext texttype="text/html" charset="utf-8"><![CDATA[
 C
]]></mattext>
</material>
</response_label>
</flow_label>
<flow_label class="List">
<response_label ident="ET_134_365609045_section_2_item_13_schoice_5294375103" rshuffle="No">
<material>
<mattext texttype="text/html" charset="utf-8"><![CDATA[
 D
]]></mattext>
</material>
</response_label>
</flow_label>
</render_choice>
</response_lid>
</flow>
</presentation>
<resprocessing>
<outcomes>
<decvar varname="SCORE" vartype="Decimal" defaultval="0" minvalue="0" maxvalue="1" cutvalue="1"/>
</outcomes>
<respcondition title="Mastery" continue="No">
<conditionvar>
<and>
<varequal respident="ET_134_365609045_section_2_item_13_schoice_RESPONSE_1322989" case="Yes">ET_134_365609045_section_2_item_13_schoice_9417168728</varequal>
<not> <varequal respident="ET_134_365609045_section_2_item_13_schoice_RESPONSE_1322989" case="Yes">ET_134_365609045_section_2_item_13_schoice_2679581824</varequal> </not>
<not> <varequal respident="ET_134_365609045_section_2_item_13_schoice_RESPONSE_1322989" case="Yes">ET_134_365609045_section_2_item_13_schoice_2193915448</varequal> </not>
<not> <varequal respident="ET_134_365609045_section_2_item_13_schoice_RESPONSE_1322989" case="Yes">ET_134_365609045_section_2_item_13_schoice_5294375103</varequal> </not>
</and>
</conditionvar>
<setvar varname="SCORE" action="Set">1</setvar>
<displayfeedback feedbacktype="Response" linkrefid="correct_fb"/>
</respcondition>
<respcondition continue="Yes">
<conditionvar>
<other/>
</conditionvar>
<displayfeedback feedbacktype="Response" linkrefid="general_incorrect_fb"/>
</respcondition>
</resprocessing>
<itemfeedback ident="correct_fb" view="All">
<flow_mat>
<material>
<mattext texttype="text/html"><![CDATA[
<p>The correct answer is B</p>
]]></mattext>
</material>
</flow_mat>
</itemfeedback>
<itemfeedback ident="general_incorrect_fb" view="All">
<flow_mat>
<material>
<mattext texttype="text/html"><![CDATA[
<p>The correct answer is B</p>
]]></mattext>
</material>
</flow_mat>
</itemfeedback>
</item>

<item ident="ET_134_365609045_section_2_item_14_schoice" title="Question" maxattempts="3">
<itemcontrol feedbackswitch="No" hintswitch="No" solutionswitch="Yes"/>
<itemmetadata>
<qtimetadata>
<qtimetadatafield>
<fieldlabel>question_type</fieldlabel>
<fieldentry>multiple_choice_question</fieldentry>
</qtimetadatafield>
</qtimetadata>
</itemmetadata>
<presentation>
<flow>
<material>
<matbreak/>
<mattext texttype="text/html" charset="utf-8"><![CDATA[
<p>Question ID: 06_423</p>
<p><img src="data/supplements29/xx.png" /></p>
]]></mattext>
<matbreak/>
</material>
<response_lid ident="ET_134_365609045_section_2_item_14_schoice_RESPONSE_4667456" rcardinality="Single" rtiming="No">
<render_choice shuffle="No">
<flow_label class="List">
<response_label ident="ET_134_365609045_section_2_item_14_schoice_7898635672" rshuffle="No">
<material>
<mattext texttype="text/html" charset="utf-8"><![CDATA[
 A
]]></mattext>
</material>
</response_label>
</flow_label>
<flow_label class="List">
<response_label ident="ET_134_365609045_section_2_item_14_schoice_2419611858" rshuffle="No">
<material>
<mattext texttype="text/html" charset="utf-8"><![CDATA[
 B
]]></mattext>
</material>
</response_label>
</flow_label>
<flow_label class="List">
<response_label ident="ET_134_365609045_section_2_item_14_schoice_1639867716" rshuffle="No">
<material>
<mattext texttype="text/html" charset="utf-8"><![CDATA[
 C
]]></mattext>
</material>
</response_label>
</flow_label>
<flow_label class="List">
<response_label ident="ET_134_365609045_section_2_item_14_schoice_9615788897" rshuffle="No">
<material>
<mattext texttype="text/html" charset="utf-8"><![CDATA[
 D
]]></mattext>
</material>
</response_label>
</flow_label>
</render_choice>
</response_lid>
</flow>
</presentation>
<resprocessing>
<outcomes>
<decvar varname="SCORE" vartype="Decimal" defaultval="0" minvalue="0" maxvalue="1" cutvalue="1"/>
</outcomes>
<respcondition title="Mastery" continue="No">
<conditionvar>
<and>
<varequal respident="ET_134_365609045_section_2_item_14_schoice_RESPONSE_4667456" case="Yes">ET_134_365609045_section_2_item_14_schoice_1639867716</varequal>
<not> <varequal respident="ET_134_365609045_section_2_item_14_schoice_RESPONSE_4667456" case="Yes">ET_134_365609045_section_2_item_14_schoice_7898635672</varequal> </not>
<not> <varequal respident="ET_134_365609045_section_2_item_14_schoice_RESPONSE_4667456" case="Yes">ET_134_365609045_section_2_item_14_schoice_2419611858</varequal> </not>
<not> <varequal respident="ET_134_365609045_section_2_item_14_schoice_RESPONSE_4667456" case="Yes">ET_134_365609045_section_2_item_14_schoice_9615788897</varequal> </not>
</and>
</conditionvar>
<setvar varname="SCORE" action="Set">1</setvar>
<displayfeedback feedbacktype="Response" linkrefid="correct_fb"/>
</respcondition>
<respcondition continue="Yes">
<conditionvar>
<other/>
</conditionvar>
<displayfeedback feedbacktype="Response" linkrefid="general_incorrect_fb"/>
</respcondition>
</resprocessing>
<itemfeedback ident="correct_fb" view="All">
<flow_mat>
<material>
<mattext texttype="text/html"><![CDATA[
<p>The correct answer is C</p>
]]></mattext>
</material>
</flow_mat>
</itemfeedback>
<itemfeedback ident="general_incorrect_fb" view="All">
<flow_mat>
<material>
<mattext texttype="text/html"><![CDATA[
<p>The correct answer is C</p>
]]></mattext>
</material>
</flow_mat>
</itemfeedback>
</item>

<item ident="ET_134_365609045_section_2_item_15_schoice" title="Question" maxattempts="3">
<itemcontrol feedbackswitch="No" hintswitch="No" solutionswitch="Yes"/>
<itemmetadata>
<qtimetadata>
<qtimetadatafield>
<fieldlabel>question_type</fieldlabel>
<fieldentry>multiple_choice_question</fieldentry>
</qtimetadatafield>
</qtimetadata>
</itemmetadata>
<presentation>
<flow>
<material>
<matbreak/>
<mattext texttype="text/html" charset="utf-8"><![CDATA[
<p>Question ID: 11_211</p>
<p><img src="data/supplements30/xx.png" /></p>
]]></mattext>
<matbreak/>
</material>
<response_lid ident="ET_134_365609045_section_2_item_15_schoice_RESPONSE_4476803" rcardinality="Single" rtiming="No">
<render_choice shuffle="No">
<flow_label class="List">
<response_label ident="ET_134_365609045_section_2_item_15_schoice_1801371637" rshuffle="No">
<material>
<mattext texttype="text/html" charset="utf-8"><![CDATA[
 A
]]></mattext>
</material>
</response_label>
</flow_label>
<flow_label class="List">
<response_label ident="ET_134_365609045_section_2_item_15_schoice_2751140399" rshuffle="No">
<material>
<mattext texttype="text/html" charset="utf-8"><![CDATA[
 B
]]></mattext>
</material>
</response_label>
</flow_label>
<flow_label class="List">
<response_label ident="ET_134_365609045_section_2_item_15_schoice_9581213336" rshuffle="No">
<material>
<mattext texttype="text/html" charset="utf-8"><![CDATA[
 C
]]></mattext>
</material>
</response_label>
</flow_label>
<flow_label class="List">
<response_label ident="ET_134_365609045_section_2_item_15_schoice_8587775384" rshuffle="No">
<material>
<mattext texttype="text/html" charset="utf-8"><![CDATA[
 D
]]></mattext>
</material>
</response_label>
</flow_label>
</render_choice>
</response_lid>
</flow>
</presentation>
<resprocessing>
<outcomes>
<decvar varname="SCORE" vartype="Decimal" defaultval="0" minvalue="0" maxvalue="1" cutvalue="1"/>
</outcomes>
<respcondition title="Mastery" continue="No">
<conditionvar>
<and>
<varequal respident="ET_134_365609045_section_2_item_15_schoice_RESPONSE_4476803" case="Yes">ET_134_365609045_section_2_item_15_schoice_1801371637</varequal>
<not> <varequal respident="ET_134_365609045_section_2_item_15_schoice_RESPONSE_4476803" case="Yes">ET_134_365609045_section_2_item_15_schoice_2751140399</varequal> </not>
<not> <varequal respident="ET_134_365609045_section_2_item_15_schoice_RESPONSE_4476803" case="Yes">ET_134_365609045_section_2_item_15_schoice_9581213336</varequal> </not>
<not> <varequal respident="ET_134_365609045_section_2_item_15_schoice_RESPONSE_4476803" case="Yes">ET_134_365609045_section_2_item_15_schoice_8587775384</varequal> </not>
</and>
</conditionvar>
<setvar varname="SCORE" action="Set">1</setvar>
<displayfeedback feedbacktype="Response" linkrefid="correct_fb"/>
</respcondition>
<respcondition continue="Yes">
<conditionvar>
<other/>
</conditionvar>
<displayfeedback feedbacktype="Response" linkrefid="general_incorrect_fb"/>
</respcondition>
</resprocessing>
<itemfeedback ident="correct_fb" view="All">
<flow_mat>
<material>
<mattext texttype="text/html"><![CDATA[
<p>The correct answer is A</p>
]]></mattext>
</material>
</flow_mat>
</itemfeedback>
<itemfeedback ident="general_incorrect_fb" view="All">
<flow_mat>
<material>
<mattext texttype="text/html"><![CDATA[
<p>The correct answer is A</p>
]]></mattext>
</material>
</flow_mat>
</itemfeedback>
</item>


</section>

</assessment>
</questestinterop>
